2026-09-15 08:27:46,275 [INFO] env_runner: EnvRunner.start()
2026-09-15 08:27:46,278 [INFO] mininet: *** Creating network

2026-09-15 08:27:46,279 [INFO] mininet: *** Adding hosts:

2026-09-15 08:27:46,287 [INFO] mininet: h1 
2026-09-15 08:27:46,293 [INFO] mininet: h2 
2026-09-15 08:27:46,299 [INFO] mininet: h3 
2026-09-15 08:27:46,305 [INFO] mininet: srv1 
2026-09-15 08:27:46,311 [INFO] mininet: srv2 
2026-09-15 08:27:46,311 [INFO] mininet: 
*** Adding switches:

2026-09-15 08:27:46,323 [INFO] mininet: s1 
2026-09-15 08:27:46,330 [INFO] mininet: s2 
2026-09-15 08:27:46,336 [INFO] mininet: s3 
2026-09-15 08:27:46,336 [INFO] mininet: 
*** Adding links:

2026-09-15 08:27:46,343 [INFO] mininet: (20.00Mbit 2ms delay 0.00000% loss) 
2026-09-15 08:27:46,353 [INFO] mininet: (20.00Mbit 2ms delay 0.00000% loss) 
2026-09-15 08:27:46,358 [INFO] mininet: (h1, s1) 
2026-09-15 08:27:46,365 [INFO] mininet: (20.00Mbit 2ms delay 0.00000% loss) 
2026-09-15 08:27:46,375 [INFO] mininet: (20.00Mbit 2ms delay 0.00000% loss) 
2026-09-15 08:27:46,380 [INFO] mininet: (h2, s1) 
2026-09-15 08:27:46,386 [INFO] mininet: (20.00Mbit 2ms delay 0.00000% loss) 
2026-09-15 08:27:46,395 [INFO] mininet: (20.00Mbit 2ms delay 0.00000% loss) 
2026-09-15 08:27:46,400 [INFO] mininet: (h3, s1) 
2026-09-15 08:27:46,407 [INFO] mininet: (20.00Mbit 2ms delay) 
2026-09-15 08:27:46,419 [INFO] mininet: (20.00Mbit 2ms delay) 
2026-09-15 08:27:46,423 [INFO] mininet: (s1, s2) 
2026-09-15 08:27:46,432 [INFO] mininet: (20.00Mbit 2ms delay) 
2026-09-15 08:27:46,443 [INFO] mininet: (20.00Mbit 2ms delay) 
2026-09-15 08:27:46,448 [INFO] mininet: (s1, s3) 
2026-09-15 08:27:46,455 [INFO] mininet: (5.00Mbit 2ms delay) 
2026-09-15 08:27:46,467 [INFO] mininet: (5.00Mbit 2ms delay) 
2026-09-15 08:27:46,472 [INFO] mininet: (s2, s3) 
2026-09-15 08:27:46,478 [INFO] mininet: (20.00Mbit 2ms delay) 
2026-09-15 08:27:46,488 [INFO] mininet: (20.00Mbit 2ms delay) 
2026-09-15 08:27:46,492 [INFO] mininet: (srv1, s2) 
2026-09-15 08:27:46,499 [INFO] mininet: (20.00Mbit 2ms delay) 
2026-09-15 08:27:46,508 [INFO] mininet: (20.00Mbit 2ms delay) 
2026-09-15 08:27:46,513 [INFO] mininet: (srv2, s3) 
2026-09-15 08:27:46,513 [INFO] mininet: 

2026-09-15 08:27:46,513 [INFO] mininet: *** Configuring hosts

2026-09-15 08:27:46,513 [INFO] mininet: h1 
2026-09-15 08:27:46,519 [INFO] mininet: h2 
2026-09-15 08:27:46,524 [INFO] mininet: h3 
2026-09-15 08:27:46,530 [INFO] mininet: srv1 
2026-09-15 08:27:46,536 [INFO] mininet: srv2 
2026-09-15 08:27:46,542 [INFO] mininet: 

2026-09-15 08:27:46,551 [INFO] mininet: *** Bật mạng (tạo namespace, dựng switch, nối link)

2026-09-15 08:27:46,551 [INFO] mininet: *** Starting controller

2026-09-15 08:27:46,551 [INFO] mininet: c0 
2026-09-15 08:27:46,551 [INFO] mininet: 

2026-09-15 08:27:46,551 [INFO] mininet: *** Starting 3 switches

2026-09-15 08:27:46,551 [INFO] mininet: s1 
2026-09-15 08:27:46,552 [INFO] mininet: s2 
2026-09-15 08:27:46,552 [INFO] mininet: s3 
2026-09-15 08:27:46,552 [INFO] mininet: ...
2026-09-15 08:27:46,598 [INFO] mininet: (20.00Mbit 2ms delay 0.00000% loss) 
2026-09-15 08:27:46,607 [INFO] mininet: (20.00Mbit 2ms delay 0.00000% loss) 
2026-09-15 08:27:46,615 [INFO] mininet: (20.00Mbit 2ms delay 0.00000% loss) 
2026-09-15 08:27:46,623 [INFO] mininet: (20.00Mbit 2ms delay) 
2026-09-15 08:27:46,632 [INFO] mininet: (20.00Mbit 2ms delay) 
2026-09-15 08:27:46,640 [INFO] mininet: (20.00Mbit 2ms delay) 
2026-09-15 08:27:46,648 [INFO] mininet: (5.00Mbit 2ms delay) 
2026-09-15 08:27:46,656 [INFO] mininet: (20.00Mbit 2ms delay) 
2026-09-15 08:27:46,665 [INFO] mininet: (20.00Mbit 2ms delay) 
2026-09-15 08:27:46,673 [INFO] mininet: (5.00Mbit 2ms delay) 
2026-09-15 08:27:46,681 [INFO] mininet: (20.00Mbit 2ms delay) 
2026-09-15 08:27:46,686 [INFO] mininet: 

2026-09-15 08:27:46,686 [INFO] mininet: *** Waiting for switches to connect

2026-09-15 08:27:51,801 [INFO] mininet: s1 
2026-09-15 08:27:51,804 [INFO] mininet: s2 
2026-09-15 08:27:51,807 [INFO] mininet: s3 
2026-09-15 08:27:51,807 [INFO] mininet: 

2026-09-15 08:27:51,807 [INFO] mininet: *** Ghi port map runtime -> ditto/port_map.json

2026-09-15 08:27:51,859 [INFO] mininet: *** Controller static hội tụ sau 0.05s

2026-09-15 08:27:51,859 [INFO] mininet: *** Node: c0, h1, h2, h3, s1, s2, s3, srv1, srv2

2026-09-15 08:27:51,859 [INFO] mininet: *** pingAll kiểm tra thông mạng

2026-09-15 08:27:51,859 [Level 25] mininet: *** Ping: testing ping reachability

2026-09-15 08:27:51,859 [Level 25] mininet: h1 -> 
2026-09-15 08:27:51,879 [Level 25] mininet: h2 
2026-09-15 08:27:51,898 [Level 25] mininet: h3 
2026-09-15 08:27:51,912 [Level 25] mininet: srv1 
2026-09-15 08:27:51,926 [Level 25] mininet: srv2 
2026-09-15 08:27:51,926 [Level 25] mininet: 

2026-09-15 08:27:51,926 [Level 25] mininet: h2 -> 
2026-09-15 08:27:51,936 [Level 25] mininet: h1 
2026-09-15 08:27:51,955 [Level 25] mininet: h3 
2026-09-15 08:27:51,979 [Level 25] mininet: srv1 
2026-09-15 08:27:52,003 [Level 25] mininet: srv2 
2026-09-15 08:27:52,003 [Level 25] mininet: 

2026-09-15 08:27:52,003 [Level 25] mininet: h3 -> 
2026-09-15 08:27:52,013 [Level 25] mininet: h1 
2026-09-15 08:27:52,022 [Level 25] mininet: h2 
2026-09-15 08:27:52,046 [Level 25] mininet: srv1 
2026-09-15 08:27:52,069 [Level 25] mininet: srv2 
2026-09-15 08:27:52,069 [Level 25] mininet: 

2026-09-15 08:27:52,069 [Level 25] mininet: srv1 -> 
2026-09-15 08:27:52,083 [Level 25] mininet: h1 
2026-09-15 08:27:52,097 [Level 25] mininet: h2 
2026-09-15 08:27:52,110 [Level 25] mininet: h3 
2026-09-15 08:27:52,134 [Level 25] mininet: srv2 
2026-09-15 08:27:52,134 [Level 25] mininet: 

2026-09-15 08:27:52,134 [Level 25] mininet: srv2 -> 
2026-09-15 08:27:52,148 [Level 25] mininet: h1 
2026-09-15 08:27:52,161 [Level 25] mininet: h2 
2026-09-15 08:27:52,175 [Level 25] mininet: h3 
2026-09-15 08:27:52,189 [Level 25] mininet: srv1 
2026-09-15 08:27:52,189 [Level 25] mininet: 

2026-09-15 08:27:52,189 [Level 25] mininet: *** Results: 0% dropped (20/20 received)

2026-09-15 08:27:52,189 [INFO] mininet: *** pingAll packet loss = 0%

2026-09-15 08:27:52,189 [INFO] mininet: *** Bootstrap Things lên Ditto

2026-09-15 08:27:52,293 [INFO] mininet: *** Khởi động Sync Agent (thread nền)

2026-09-15 08:27:52,293 [INFO] sync_agent: Sync Agent start: period=1.000s, tol=0.500, ping_every=20, reconcile_every=30, mode=None
2026-09-15 08:27:52,293 [INFO] mininet: *** Khởi động Command Agent (thread nền) — nghe lệnh chiều xuống

2026-09-15 08:27:52,293 [INFO] command_agent: Command Agent start (bản 4.4: nghe + thực thi + response). controller=org.dt4n.core:controller
2026-09-15 08:27:52,297 [INFO] command_agent: SSE kết nối OK, đang nghe lệnh tại http://localhost:8080/api/2/things/org.dt4n.core:controller/inbox/messages
2026-09-15 08:27:52,423 [INFO] sync_agent: Cycle #1 [RECONCILE]: 16/16 patch, elapsed=130ms
2026-09-15 08:27:53,371 [INFO] sync_agent: Cycle #2 [delta]: 6/6 patch, elapsed=77ms
2026-09-15 08:27:54,368 [INFO] sync_agent: Cycle #3 [delta]: 6/6 patch, elapsed=74ms
2026-09-15 08:27:55,303 [INFO] env_runner: EnvRunner started in 9.0s, startup iperf=0; episode iperf baseline pending
2026-09-15 08:27:56,367 [INFO] sync_agent: Cycle #5 [delta]: 5/5 patch, elapsed=73ms
2026-09-15 08:27:57,363 [INFO] sync_agent: Cycle #6 [delta]: 5/5 patch, elapsed=69ms
2026-09-15 08:27:58,362 [INFO] sync_agent: Cycle #7 [delta]: 5/5 patch, elapsed=67ms
2026-09-15 08:27:58,818 [INFO] verify: === 1. Completeness ===
2026-09-15 08:27:58,842 [INFO] verify: === 2. Accuracy ===
2026-09-15 08:27:58,881 [INFO] verify: === 5. Event Fidelity ===
2026-09-15 08:27:59,380 [INFO] sync_agent: Cycle #8 [delta]: 7/7 patch, elapsed=86ms
2026-09-15 08:28:00,409 [INFO] sync_agent: Cycle #9 [delta]: 13/13 patch, elapsed=115ms
2026-09-15 08:28:01,417 [INFO] sync_agent: Cycle #10 [delta]: 13/13 patch, elapsed=122ms
2026-09-15 08:28:02,400 [INFO] sync_agent: Cycle #11 [delta]: 11/11 patch, elapsed=105ms
2026-09-15 08:28:03,383 [INFO] sync_agent: Cycle #12 [delta]: 7/7 patch, elapsed=88ms
2026-09-15 08:28:04,375 [INFO] sync_agent: Cycle #13 [delta]: 7/7 patch, elapsed=79ms
2026-09-15 08:28:05,376 [INFO] sync_agent: Cycle #14 [delta]: 7/7 patch, elapsed=80ms
2026-09-15 08:28:06,376 [INFO] sync_agent: Cycle #15 [delta]: 7/7 patch, elapsed=80ms
2026-09-15 08:28:07,375 [INFO] sync_agent: Cycle #16 [delta]: 7/7 patch, elapsed=78ms
2026-09-15 08:28:08,380 [INFO] sync_agent: Cycle #17 [delta]: 7/7 patch, elapsed=84ms
2026-09-15 08:28:09,375 [INFO] sync_agent: Cycle #18 [delta]: 7/7 patch, elapsed=78ms
2026-09-15 08:28:10,374 [INFO] sync_agent: Cycle #19 [delta]: 7/7 patch, elapsed=77ms
2026-09-15 08:28:11,363 [INFO] sync_agent: Cycle #20 [delta]: 5/5 patch, elapsed=66ms
2026-09-15 08:28:12,377 [INFO] sync_agent: Cycle #21 [delta]: 7/7 patch, elapsed=79ms
2026-09-15 08:28:13,391 [INFO] sync_agent: Cycle #22 [delta]: 9/9 patch, elapsed=93ms
2026-09-15 08:28:14,392 [INFO] sync_agent: Cycle #23 [delta]: 9/9 patch, elapsed=94ms
2026-09-15 08:28:15,385 [INFO] sync_agent: Cycle #24 [delta]: 9/9 patch, elapsed=87ms
2026-09-15 08:28:16,394 [INFO] sync_agent: Cycle #25 [delta]: 10/10 patch, elapsed=95ms
2026-09-15 08:28:17,414 [INFO] sync_agent: Cycle #26 [delta]: 13/13 patch, elapsed=115ms
2026-09-15 08:28:18,413 [INFO] sync_agent: Cycle #27 [delta]: 12/12 patch, elapsed=115ms
2026-09-15 08:28:19,390 [INFO] sync_agent: Cycle #28 [delta]: 9/9 patch, elapsed=92ms
2026-09-15 08:28:20,381 [INFO] sync_agent: Cycle #29 [delta]: 8/8 patch, elapsed=82ms
2026-09-15 08:28:21,378 [INFO] sync_agent: Cycle #30 [delta]: 7/7 patch, elapsed=79ms
2026-09-15 08:28:22,430 [INFO] sync_agent: Cycle #31 [RECONCILE]: 16/16 patch, elapsed=130ms
2026-09-15 08:28:23,384 [INFO] sync_agent: Cycle #32 [delta]: 7/7 patch, elapsed=84ms
2026-09-15 08:28:24,376 [INFO] sync_agent: Cycle #33 [delta]: 7/7 patch, elapsed=76ms
2026-09-15 08:28:25,380 [INFO] sync_agent: Cycle #34 [delta]: 7/7 patch, elapsed=80ms
2026-09-15 08:28:26,379 [INFO] sync_agent: Cycle #35 [delta]: 7/7 patch, elapsed=79ms
2026-09-15 08:28:27,380 [INFO] sync_agent: Cycle #36 [delta]: 7/7 patch, elapsed=79ms
2026-09-15 08:28:28,378 [INFO] sync_agent: Cycle #37 [delta]: 7/7 patch, elapsed=77ms
2026-09-15 08:28:29,381 [INFO] sync_agent: Cycle #38 [delta]: 7/7 patch, elapsed=79ms
2026-09-15 08:28:30,379 [INFO] sync_agent: Cycle #39 [delta]: 7/7 patch, elapsed=78ms
2026-09-15 08:28:31,380 [INFO] sync_agent: Cycle #40 [delta]: 7/7 patch, elapsed=78ms
2026-09-15 08:28:32,382 [INFO] sync_agent: Cycle #41 [delta]: 7/7 patch, elapsed=80ms
2026-09-15 08:28:33,383 [INFO] sync_agent: Cycle #42 [delta]: 7/7 patch, elapsed=81ms
2026-09-15 08:28:34,381 [INFO] sync_agent: Cycle #43 [delta]: 7/7 patch, elapsed=79ms
2026-09-15 08:28:35,386 [INFO] sync_agent: Cycle #44 [delta]: 7/7 patch, elapsed=83ms
2026-09-15 08:28:36,381 [INFO] sync_agent: Cycle #45 [delta]: 7/7 patch, elapsed=79ms
2026-09-15 08:28:37,381 [INFO] sync_agent: Cycle #46 [delta]: 7/7 patch, elapsed=78ms
2026-09-15 08:28:38,385 [INFO] sync_agent: Cycle #47 [delta]: 7/7 patch, elapsed=82ms
2026-09-15 08:28:39,383 [INFO] sync_agent: Cycle #48 [delta]: 7/7 patch, elapsed=80ms
2026-09-15 08:28:40,381 [INFO] sync_agent: Cycle #49 [delta]: 7/7 patch, elapsed=78ms
2026-09-15 08:28:41,408 [INFO] sync_agent: Cycle #50 [delta]: 9/9 patch, elapsed=105ms
2026-09-15 08:28:42,399 [INFO] sync_agent: Cycle #51 [delta]: 9/9 patch, elapsed=95ms
2026-09-15 08:28:43,389 [INFO] sync_agent: Cycle #52 [delta]: 7/7 patch, elapsed=85ms
2026-09-15 08:28:44,387 [INFO] sync_agent: Cycle #53 [delta]: 7/7 patch, elapsed=83ms
2026-09-15 08:28:45,400 [INFO] sync_agent: Cycle #54 [delta]: 9/9 patch, elapsed=95ms
2026-09-15 08:28:46,393 [INFO] sync_agent: Cycle #55 [delta]: 9/9 patch, elapsed=88ms
2026-09-15 08:28:47,390 [INFO] sync_agent: Cycle #56 [delta]: 8/8 patch, elapsed=85ms
2026-09-15 08:28:48,401 [INFO] sync_agent: Cycle #57 [delta]: 10/10 patch, elapsed=95ms
2026-09-15 08:28:49,397 [INFO] sync_agent: Cycle #58 [delta]: 9/9 patch, elapsed=92ms
2026-09-15 08:28:50,392 [INFO] sync_agent: Cycle #59 [delta]: 9/9 patch, elapsed=86ms
2026-09-15 08:28:51,404 [INFO] sync_agent: Cycle #60 [delta]: 9/9 patch, elapsed=98ms
2026-09-15 08:28:52,438 [INFO] sync_agent: Cycle #61 [RECONCILE]: 16/16 patch, elapsed=132ms
2026-09-15 08:28:53,391 [INFO] sync_agent: Cycle #62 [delta]: 7/7 patch, elapsed=84ms
2026-09-15 08:28:54,393 [INFO] sync_agent: Cycle #63 [delta]: 9/9 patch, elapsed=87ms
2026-09-15 08:28:55,404 [INFO] sync_agent: Cycle #64 [delta]: 9/9 patch, elapsed=97ms
2026-09-15 08:28:56,383 [INFO] sync_agent: Cycle #65 [delta]: 7/7 patch, elapsed=76ms
2026-09-15 08:28:57,384 [INFO] sync_agent: Cycle #66 [delta]: 7/7 patch, elapsed=77ms
2026-09-15 08:28:58,384 [INFO] sync_agent: Cycle #67 [delta]: 7/7 patch, elapsed=77ms
2026-09-15 08:28:59,387 [INFO] sync_agent: Cycle #68 [delta]: 7/7 patch, elapsed=79ms
2026-09-15 08:29:00,385 [INFO] sync_agent: Cycle #69 [delta]: 7/7 patch, elapsed=77ms
2026-09-15 08:29:01,387 [INFO] sync_agent: Cycle #70 [delta]: 7/7 patch, elapsed=78ms
2026-09-15 08:29:02,388 [INFO] sync_agent: Cycle #71 [delta]: 7/7 patch, elapsed=80ms
2026-09-15 08:29:03,389 [INFO] sync_agent: Cycle #72 [delta]: 7/7 patch, elapsed=81ms
2026-09-15 08:29:04,386 [INFO] sync_agent: Cycle #73 [delta]: 7/7 patch, elapsed=77ms
2026-09-15 08:29:05,389 [INFO] sync_agent: Cycle #74 [delta]: 7/7 patch, elapsed=80ms
2026-09-15 08:29:06,391 [INFO] sync_agent: Cycle #75 [delta]: 7/7 patch, elapsed=82ms
2026-09-15 08:29:07,385 [INFO] sync_agent: Cycle #76 [delta]: 7/7 patch, elapsed=76ms
2026-09-15 08:29:08,389 [INFO] sync_agent: Cycle #77 [delta]: 7/7 patch, elapsed=79ms
2026-09-15 08:29:09,387 [INFO] sync_agent: Cycle #78 [delta]: 7/7 patch, elapsed=77ms
2026-09-15 08:29:10,391 [INFO] sync_agent: Cycle #79 [delta]: 7/7 patch, elapsed=81ms
2026-09-15 08:29:11,387 [INFO] sync_agent: Cycle #80 [delta]: 7/7 patch, elapsed=76ms
2026-09-15 08:29:12,394 [INFO] sync_agent: Cycle #81 [delta]: 7/7 patch, elapsed=84ms
2026-09-15 08:29:13,393 [INFO] sync_agent: Cycle #82 [delta]: 7/7 patch, elapsed=83ms
2026-09-15 08:29:14,390 [INFO] sync_agent: Cycle #83 [delta]: 7/7 patch, elapsed=79ms
2026-09-15 08:29:15,390 [INFO] sync_agent: Cycle #84 [delta]: 7/7 patch, elapsed=78ms
2026-09-15 08:29:16,381 [INFO] sync_agent: Cycle #85 [delta]: 5/5 patch, elapsed=69ms
2026-09-15 08:29:17,387 [INFO] sync_agent: Cycle #86 [delta]: 7/7 patch, elapsed=76ms
2026-09-15 08:29:18,391 [INFO] sync_agent: Cycle #87 [delta]: 7/7 patch, elapsed=79ms
2026-09-15 08:29:19,388 [INFO] sync_agent: Cycle #88 [delta]: 7/7 patch, elapsed=76ms
2026-09-15 08:29:20,389 [INFO] sync_agent: Cycle #89 [delta]: 7/7 patch, elapsed=77ms
2026-09-15 08:29:21,393 [INFO] sync_agent: Cycle #90 [delta]: 7/7 patch, elapsed=80ms
2026-09-15 08:29:22,443 [INFO] sync_agent: Cycle #91 [RECONCILE]: 16/16 patch, elapsed=130ms
2026-09-15 08:29:23,396 [INFO] sync_agent: Cycle #92 [delta]: 7/7 patch, elapsed=83ms
2026-09-15 08:29:24,391 [INFO] sync_agent: Cycle #93 [delta]: 7/7 patch, elapsed=78ms
2026-09-15 08:29:25,391 [INFO] sync_agent: Cycle #94 [delta]: 7/7 patch, elapsed=77ms
2026-09-15 08:29:26,392 [INFO] sync_agent: Cycle #95 [delta]: 7/7 patch, elapsed=78ms
2026-09-15 08:29:27,397 [INFO] sync_agent: Cycle #96 [delta]: 7/7 patch, elapsed=83ms
2026-09-15 08:29:28,393 [INFO] sync_agent: Cycle #97 [delta]: 7/7 patch, elapsed=80ms
2026-09-15 08:29:29,391 [INFO] sync_agent: Cycle #98 [delta]: 7/7 patch, elapsed=77ms
2026-09-15 08:29:30,391 [INFO] sync_agent: Cycle #99 [delta]: 7/7 patch, elapsed=76ms
2026-09-15 08:29:31,393 [INFO] sync_agent: Cycle #100 [delta]: 7/7 patch, elapsed=78ms
2026-09-15 08:29:32,390 [INFO] sync_agent: Cycle #101 [delta]: 7/7 patch, elapsed=75ms
2026-09-15 08:29:33,395 [INFO] sync_agent: Cycle #102 [delta]: 7/7 patch, elapsed=80ms
2026-09-15 08:29:34,398 [INFO] sync_agent: Cycle #103 [delta]: 7/7 patch, elapsed=83ms
2026-09-15 08:29:35,393 [INFO] sync_agent: Cycle #104 [delta]: 7/7 patch, elapsed=78ms
2026-09-15 08:29:36,391 [INFO] sync_agent: Cycle #105 [delta]: 7/7 patch, elapsed=75ms
2026-09-15 08:29:37,386 [INFO] verify: Luu bao cao -> docs/phase-2/verify_report.json
2026-09-15 08:29:37,399 [INFO] sync_agent: Cycle #106 [delta]: 7/7 patch, elapsed=83ms
2026-09-15 08:29:37,609 [INFO] command_agent: NHẬN LỆNH [59dcdcd5-db27-41fb-adba-c9c03b55483e] rebootEverything target=org.dt4n.core:link-h1-s1 params={}
2026-09-15 08:29:37,609 [WARNING] command_agent: TỪ CHỐI [59dcdcd5-db27-41fb-adba-c9c03b55483e]: unknown command: rebootEverything
2026-09-15 08:29:37,638 [INFO] command_agent: NHẬN LỆNH [2a3ae19c-af39-4baf-b0eb-7cd499492e94] setBandwidth target=org.dt4n.core:link-s2-s3 params={'bw': '$(rm -rf /)'}
2026-09-15 08:29:37,638 [INFO] command_agent: LOCK_WAIT [2a3ae19c-af39-4baf-b0eb-7cd499492e94] setBandwidth target=org.dt4n.core:link-s2-s3 0ms
2026-09-15 08:29:37,638 [INFO] command_agent: TỪ CHỐI [2a3ae19c-af39-4baf-b0eb-7cd499492e94] setBandwidth target=org.dt4n.core:link-s2-s3 -> bw must be a number, got '$(rm -rf /)'
2026-09-15 08:29:37,664 [INFO] command_agent: NHẬN LỆNH [b2facced-354c-49be-9670-ff21f51890d2] disableLink target=org.dt4n.core:link-xx-yy params={}
2026-09-15 08:29:37,665 [INFO] command_agent: LOCK_WAIT [b2facced-354c-49be-9670-ff21f51890d2] disableLink target=org.dt4n.core:link-xx-yy 0ms
2026-09-15 08:29:37,665 [INFO] command_agent: TỪ CHỐI [b2facced-354c-49be-9670-ff21f51890d2] disableLink target=org.dt4n.core:link-xx-yy -> target not found: org.dt4n.core:link-xx-yy
2026-09-15 08:29:37,694 [INFO] command_agent: NHẬN LỆNH [7657d805-5a13-4213-9193-2f05798bdd3c] disableLink target=org.dt4n.core:link-h1-s1 params={}
2026-09-15 08:29:37,694 [INFO] command_agent: LOCK_WAIT [7657d805-5a13-4213-9193-2f05798bdd3c] disableLink target=org.dt4n.core:link-h1-s1 0ms
2026-09-15 08:29:37,699 [INFO] command_agent: THỰC THI [7657d805-5a13-4213-9193-2f05798bdd3c] disableLink target=org.dt4n.core:link-h1-s1 -> link h1-s1 -> down
2026-09-15 08:29:37,724 [INFO] command_agent: NHẬN LỆNH [963c896d-5cb4-493d-9b0d-033ed51c29c4] disableLink target=org.dt4n.core:link-h1-s1 params={}
2026-09-15 08:29:37,725 [INFO] command_agent: LOCK_WAIT [963c896d-5cb4-493d-9b0d-033ed51c29c4] disableLink target=org.dt4n.core:link-h1-s1 0ms
2026-09-15 08:29:37,727 [INFO] command_agent: THỰC THI [963c896d-5cb4-493d-9b0d-033ed51c29c4] disableLink target=org.dt4n.core:link-h1-s1 -> link h1-s1 -> down
2026-09-15 08:29:37,755 [INFO] command_agent: NHẬN LỆNH [b46b6753-ccb3-4f72-b480-4e9ad24e5cbd] disableLink target=org.dt4n.core:link-h1-s1 params={}
2026-09-15 08:29:37,755 [INFO] command_agent: LOCK_WAIT [b46b6753-ccb3-4f72-b480-4e9ad24e5cbd] disableLink target=org.dt4n.core:link-h1-s1 0ms
2026-09-15 08:29:37,757 [INFO] command_agent: THỰC THI [b46b6753-ccb3-4f72-b480-4e9ad24e5cbd] disableLink target=org.dt4n.core:link-h1-s1 -> link h1-s1 -> down
2026-09-15 08:29:37,785 [INFO] command_agent: NHẬN LỆNH [bf20e9d5-af2c-44ca-88c3-863b8e0656aa] enableLink target=org.dt4n.core:link-h1-s1 params={}
2026-09-15 08:29:37,785 [INFO] command_agent: LOCK_WAIT [bf20e9d5-af2c-44ca-88c3-863b8e0656aa] enableLink target=org.dt4n.core:link-h1-s1 0ms
2026-09-15 08:29:37,788 [INFO] command_agent: THỰC THI [bf20e9d5-af2c-44ca-88c3-863b8e0656aa] enableLink target=org.dt4n.core:link-h1-s1 -> link h1-s1 -> up
2026-09-15 08:29:38,401 [INFO] sync_agent: Cycle #107 [delta]: 7/7 patch, elapsed=85ms
2026-09-15 08:29:39,394 [INFO] sync_agent: Cycle #108 [delta]: 7/7 patch, elapsed=78ms
2026-09-15 08:29:40,422 [INFO] sync_agent: Cycle #109 [delta]: 7/7 patch, elapsed=105ms
2026-09-15 08:29:41,417 [INFO] sync_agent: Cycle #110 [delta]: 7/7 patch, elapsed=100ms
2026-09-15 08:29:42,394 [INFO] sync_agent: Cycle #111 [delta]: 5/5 patch, elapsed=77ms
2026-09-15 08:29:43,414 [INFO] sync_agent: Cycle #112 [delta]: 7/7 patch, elapsed=96ms
2026-09-15 08:29:44,395 [INFO] command_agent: NHẬN LỆNH [3a4e850a-39c7-46b2-8ef7-e4d632263fc6] disableLink target=org.dt4n.core:link-h1-s1 params={}
2026-09-15 08:29:44,395 [INFO] command_agent: LOCK_WAIT [3a4e850a-39c7-46b2-8ef7-e4d632263fc6] disableLink target=org.dt4n.core:link-h1-s1 0ms
2026-09-15 08:29:44,404 [INFO] command_agent: THỰC THI [3a4e850a-39c7-46b2-8ef7-e4d632263fc6] disableLink target=org.dt4n.core:link-h1-s1 -> link h1-s1 -> down
2026-09-15 08:29:44,481 [INFO] sync_agent: Cycle #113 [delta]: 11/11 patch, elapsed=164ms
2026-09-15 08:29:45,445 [INFO] sync_agent: Cycle #114 [delta]: 11/11 patch, elapsed=128ms
2026-09-15 08:29:46,397 [INFO] sync_agent: Cycle #115 [delta]: 5/5 patch, elapsed=79ms
2026-09-15 08:29:46,595 [INFO] command_agent: NHẬN LỆNH [48df5257-ce13-446d-be9b-48502b2eee4c] enableLink target=org.dt4n.core:link-h1-s1 params={}
2026-09-15 08:29:46,596 [INFO] command_agent: LOCK_WAIT [48df5257-ce13-446d-be9b-48502b2eee4c] enableLink target=org.dt4n.core:link-h1-s1 0ms
2026-09-15 08:29:46,600 [INFO] command_agent: THỰC THI [48df5257-ce13-446d-be9b-48502b2eee4c] enableLink target=org.dt4n.core:link-h1-s1 -> link h1-s1 -> up
2026-09-15 08:29:47,440 [INFO] sync_agent: Cycle #116 [delta]: 7/7 patch, elapsed=122ms
2026-09-15 08:29:48,406 [INFO] sync_agent: Cycle #117 [delta]: 7/7 patch, elapsed=87ms
2026-09-15 08:29:48,498 [INFO] command_agent: NHẬN LỆNH [8ab6ee69-109e-4816-bae1-620ee5a79640] disableLink target=org.dt4n.core:link-h1-s1 params={}
2026-09-15 08:29:48,498 [INFO] command_agent: LOCK_WAIT [8ab6ee69-109e-4816-bae1-620ee5a79640] disableLink target=org.dt4n.core:link-h1-s1 0ms
2026-09-15 08:29:48,504 [INFO] command_agent: THỰC THI [8ab6ee69-109e-4816-bae1-620ee5a79640] disableLink target=org.dt4n.core:link-h1-s1 -> link h1-s1 -> down
2026-09-15 08:29:49,412 [INFO] sync_agent: Cycle #118 [delta]: 7/7 patch, elapsed=94ms
2026-09-15 08:29:50,414 [INFO] sync_agent: Cycle #119 [delta]: 7/7 patch, elapsed=95ms
2026-09-15 08:29:50,456 [INFO] command_agent: NHẬN LỆNH [e2f557cc-cf89-4d3f-9689-73150db76ccf] enableLink target=org.dt4n.core:link-h1-s1 params={}
2026-09-15 08:29:50,456 [INFO] command_agent: LOCK_WAIT [e2f557cc-cf89-4d3f-9689-73150db76ccf] enableLink target=org.dt4n.core:link-h1-s1 0ms
2026-09-15 08:29:50,460 [INFO] command_agent: THỰC THI [e2f557cc-cf89-4d3f-9689-73150db76ccf] enableLink target=org.dt4n.core:link-h1-s1 -> link h1-s1 -> up
2026-09-15 08:29:51,425 [INFO] sync_agent: Cycle #120 [delta]: 7/7 patch, elapsed=105ms
2026-09-15 08:29:52,477 [INFO] sync_agent: Cycle #121 [RECONCILE]: 16/16 patch, elapsed=158ms
2026-09-15 08:29:52,520 [INFO] command_agent: NHẬN LỆNH [4fa6e875-97f5-41a5-92a7-4a16ca537006] disableLink target=org.dt4n.core:link-h1-s1 params={}
2026-09-15 08:29:52,520 [INFO] command_agent: LOCK_WAIT [4fa6e875-97f5-41a5-92a7-4a16ca537006] disableLink target=org.dt4n.core:link-h1-s1 0ms
2026-09-15 08:29:52,524 [INFO] command_agent: THỰC THI [4fa6e875-97f5-41a5-92a7-4a16ca537006] disableLink target=org.dt4n.core:link-h1-s1 -> link h1-s1 -> down
2026-09-15 08:29:53,442 [INFO] sync_agent: Cycle #122 [delta]: 10/10 patch, elapsed=122ms
2026-09-15 08:29:54,412 [INFO] sync_agent: Cycle #123 [delta]: 7/7 patch, elapsed=92ms
2026-09-15 08:29:54,484 [INFO] command_agent: NHẬN LỆNH [24d8ea86-e295-40c8-a4dc-5e1d1343f1b5] enableLink target=org.dt4n.core:link-h1-s1 params={}
2026-09-15 08:29:54,484 [INFO] command_agent: LOCK_WAIT [24d8ea86-e295-40c8-a4dc-5e1d1343f1b5] enableLink target=org.dt4n.core:link-h1-s1 0ms
2026-09-15 08:29:54,487 [INFO] command_agent: THỰC THI [24d8ea86-e295-40c8-a4dc-5e1d1343f1b5] enableLink target=org.dt4n.core:link-h1-s1 -> link h1-s1 -> up
2026-09-15 08:29:55,409 [INFO] sync_agent: Cycle #124 [delta]: 7/7 patch, elapsed=89ms
2026-09-15 08:29:56,426 [INFO] sync_agent: Cycle #125 [delta]: 9/9 patch, elapsed=106ms
2026-09-15 08:29:56,468 [INFO] command_agent: NHẬN LỆNH [7673a032-6bf5-42a9-9d4d-6f0d8ff2857c] disableLink target=org.dt4n.core:link-h1-s1 params={}
2026-09-15 08:29:56,468 [INFO] command_agent: LOCK_WAIT [7673a032-6bf5-42a9-9d4d-6f0d8ff2857c] disableLink target=org.dt4n.core:link-h1-s1 0ms
2026-09-15 08:29:56,475 [INFO] command_agent: THỰC THI [7673a032-6bf5-42a9-9d4d-6f0d8ff2857c] disableLink target=org.dt4n.core:link-h1-s1 -> link h1-s1 -> down
2026-09-15 08:29:57,423 [INFO] sync_agent: Cycle #126 [delta]: 9/9 patch, elapsed=103ms
2026-09-15 08:29:58,395 [INFO] sync_agent: Cycle #127 [delta]: 5/5 patch, elapsed=74ms
2026-09-15 08:29:58,454 [INFO] command_agent: NHẬN LỆNH [6fc331c4-f36c-4cd0-96f6-d3ee87b499c1] enableLink target=org.dt4n.core:link-h1-s1 params={}
2026-09-15 08:29:58,454 [INFO] command_agent: LOCK_WAIT [6fc331c4-f36c-4cd0-96f6-d3ee87b499c1] enableLink target=org.dt4n.core:link-h1-s1 0ms
2026-09-15 08:29:58,457 [INFO] command_agent: THỰC THI [6fc331c4-f36c-4cd0-96f6-d3ee87b499c1] enableLink target=org.dt4n.core:link-h1-s1 -> link h1-s1 -> up
2026-09-15 08:29:59,414 [INFO] sync_agent: Cycle #128 [delta]: 7/7 patch, elapsed=93ms
2026-09-15 08:30:00,429 [INFO] sync_agent: Cycle #129 [delta]: 8/8 patch, elapsed=107ms
2026-09-15 08:30:00,474 [INFO] command_agent: NHẬN LỆNH [91fee893-cb24-463f-91ff-9fdb46789aac] disableLink target=org.dt4n.core:link-h1-s1 params={}
2026-09-15 08:30:00,474 [INFO] command_agent: LOCK_WAIT [91fee893-cb24-463f-91ff-9fdb46789aac] disableLink target=org.dt4n.core:link-h1-s1 0ms
2026-09-15 08:30:00,479 [INFO] command_agent: THỰC THI [91fee893-cb24-463f-91ff-9fdb46789aac] disableLink target=org.dt4n.core:link-h1-s1 -> link h1-s1 -> down
2026-09-15 08:30:01,421 [INFO] sync_agent: Cycle #130 [delta]: 8/8 patch, elapsed=100ms
2026-09-15 08:30:02,416 [INFO] sync_agent: Cycle #131 [delta]: 7/7 patch, elapsed=94ms
2026-09-15 08:30:02,493 [INFO] command_agent: NHẬN LỆNH [caa35bbb-b67f-4d1b-aab2-cbb5ca0b2b32] enableLink target=org.dt4n.core:link-h1-s1 params={}
2026-09-15 08:30:02,493 [INFO] command_agent: LOCK_WAIT [caa35bbb-b67f-4d1b-aab2-cbb5ca0b2b32] enableLink target=org.dt4n.core:link-h1-s1 0ms
2026-09-15 08:30:02,496 [INFO] command_agent: THỰC THI [caa35bbb-b67f-4d1b-aab2-cbb5ca0b2b32] enableLink target=org.dt4n.core:link-h1-s1 -> link h1-s1 -> up
2026-09-15 08:30:03,418 [INFO] sync_agent: Cycle #132 [delta]: 7/7 patch, elapsed=96ms
2026-09-15 08:30:04,434 [INFO] sync_agent: Cycle #133 [delta]: 9/9 patch, elapsed=112ms
2026-09-15 08:30:04,482 [INFO] command_agent: NHẬN LỆNH [8fe3ee72-bf4a-4e9e-bb14-3df98af23540] disableLink target=org.dt4n.core:link-h1-s1 params={}
2026-09-15 08:30:04,483 [INFO] command_agent: LOCK_WAIT [8fe3ee72-bf4a-4e9e-bb14-3df98af23540] disableLink target=org.dt4n.core:link-h1-s1 0ms
2026-09-15 08:30:04,489 [INFO] command_agent: THỰC THI [8fe3ee72-bf4a-4e9e-bb14-3df98af23540] disableLink target=org.dt4n.core:link-h1-s1 -> link h1-s1 -> down
2026-09-15 08:30:05,424 [INFO] sync_agent: Cycle #134 [delta]: 9/9 patch, elapsed=102ms
2026-09-15 08:30:06,414 [INFO] sync_agent: Cycle #135 [delta]: 7/7 patch, elapsed=91ms
2026-09-15 08:30:06,470 [INFO] command_agent: NHẬN LỆNH [f4745140-a2e9-448a-8bd3-e75bb3030587] enableLink target=org.dt4n.core:link-h1-s1 params={}
2026-09-15 08:30:06,470 [INFO] command_agent: LOCK_WAIT [f4745140-a2e9-448a-8bd3-e75bb3030587] enableLink target=org.dt4n.core:link-h1-s1 0ms
2026-09-15 08:30:06,473 [INFO] command_agent: THỰC THI [f4745140-a2e9-448a-8bd3-e75bb3030587] enableLink target=org.dt4n.core:link-h1-s1 -> link h1-s1 -> up
2026-09-15 08:30:07,417 [INFO] sync_agent: Cycle #136 [delta]: 7/7 patch, elapsed=94ms
2026-09-15 08:30:08,413 [INFO] sync_agent: Cycle #137 [delta]: 7/7 patch, elapsed=89ms
2026-09-15 08:30:08,475 [INFO] command_agent: NHẬN LỆNH [fea1a464-6509-4d3f-a853-a7b6be3d7e8c] disableLink target=org.dt4n.core:link-h1-s1 params={}
2026-09-15 08:30:08,475 [INFO] command_agent: LOCK_WAIT [fea1a464-6509-4d3f-a853-a7b6be3d7e8c] disableLink target=org.dt4n.core:link-h1-s1 0ms
2026-09-15 08:30:08,481 [INFO] command_agent: THỰC THI [fea1a464-6509-4d3f-a853-a7b6be3d7e8c] disableLink target=org.dt4n.core:link-h1-s1 -> link h1-s1 -> down
2026-09-15 08:30:09,410 [INFO] sync_agent: Cycle #138 [delta]: 7/7 patch, elapsed=86ms
2026-09-15 08:30:10,399 [INFO] sync_agent: Cycle #139 [delta]: 5/5 patch, elapsed=75ms
2026-09-15 08:30:10,473 [INFO] command_agent: NHẬN LỆNH [2afba42f-0d83-406a-bba2-517645de4025] enableLink target=org.dt4n.core:link-h1-s1 params={}
2026-09-15 08:30:10,473 [INFO] command_agent: LOCK_WAIT [2afba42f-0d83-406a-bba2-517645de4025] enableLink target=org.dt4n.core:link-h1-s1 0ms
2026-09-15 08:30:10,476 [INFO] command_agent: THỰC THI [2afba42f-0d83-406a-bba2-517645de4025] enableLink target=org.dt4n.core:link-h1-s1 -> link h1-s1 -> up
2026-09-15 08:30:11,416 [INFO] sync_agent: Cycle #140 [delta]: 7/7 patch, elapsed=92ms
2026-09-15 08:30:12,417 [INFO] sync_agent: Cycle #141 [delta]: 7/7 patch, elapsed=93ms
2026-09-15 08:30:12,478 [INFO] command_agent: NHẬN LỆNH [292ba8c9-0ca9-46cd-9154-a5b8e92181ac] disableLink target=org.dt4n.core:link-h1-s1 params={}
2026-09-15 08:30:12,478 [INFO] command_agent: LOCK_WAIT [292ba8c9-0ca9-46cd-9154-a5b8e92181ac] disableLink target=org.dt4n.core:link-h1-s1 0ms
2026-09-15 08:30:12,484 [INFO] command_agent: THỰC THI [292ba8c9-0ca9-46cd-9154-a5b8e92181ac] disableLink target=org.dt4n.core:link-h1-s1 -> link h1-s1 -> down
2026-09-15 08:30:13,413 [INFO] sync_agent: Cycle #142 [delta]: 7/7 patch, elapsed=88ms
2026-09-15 08:30:14,401 [INFO] sync_agent: Cycle #143 [delta]: 5/5 patch, elapsed=76ms
2026-09-15 08:30:14,471 [INFO] command_agent: NHẬN LỆNH [30ddb892-5329-4217-8143-08b11aef1b8a] enableLink target=org.dt4n.core:link-h1-s1 params={}
2026-09-15 08:30:14,472 [INFO] command_agent: LOCK_WAIT [30ddb892-5329-4217-8143-08b11aef1b8a] enableLink target=org.dt4n.core:link-h1-s1 0ms
2026-09-15 08:30:14,475 [INFO] command_agent: THỰC THI [30ddb892-5329-4217-8143-08b11aef1b8a] enableLink target=org.dt4n.core:link-h1-s1 -> link h1-s1 -> up
2026-09-15 08:30:15,415 [INFO] sync_agent: Cycle #144 [delta]: 7/7 patch, elapsed=90ms
2026-09-15 08:30:16,417 [INFO] sync_agent: Cycle #145 [delta]: 7/7 patch, elapsed=92ms
2026-09-15 08:30:16,482 [INFO] command_agent: NHẬN LỆNH [1b7b8cdf-fc61-492b-8834-adef20801280] disableLink target=org.dt4n.core:link-h1-s1 params={}
2026-09-15 08:30:16,482 [INFO] command_agent: LOCK_WAIT [1b7b8cdf-fc61-492b-8834-adef20801280] disableLink target=org.dt4n.core:link-h1-s1 0ms
2026-09-15 08:30:16,488 [INFO] command_agent: THỰC THI [1b7b8cdf-fc61-492b-8834-adef20801280] disableLink target=org.dt4n.core:link-h1-s1 -> link h1-s1 -> down
2026-09-15 08:30:17,413 [INFO] sync_agent: Cycle #146 [delta]: 7/7 patch, elapsed=88ms
2026-09-15 08:30:18,410 [INFO] sync_agent: Cycle #147 [delta]: 5/5 patch, elapsed=84ms
2026-09-15 08:30:18,484 [INFO] command_agent: NHẬN LỆNH [473571f2-f17c-4989-a60d-ca63ba6b961e] enableLink target=org.dt4n.core:link-h1-s1 params={}
2026-09-15 08:30:18,484 [INFO] command_agent: LOCK_WAIT [473571f2-f17c-4989-a60d-ca63ba6b961e] enableLink target=org.dt4n.core:link-h1-s1 0ms
2026-09-15 08:30:18,487 [INFO] command_agent: THỰC THI [473571f2-f17c-4989-a60d-ca63ba6b961e] enableLink target=org.dt4n.core:link-h1-s1 -> link h1-s1 -> up
2026-09-15 08:30:19,431 [INFO] sync_agent: Cycle #148 [delta]: 7/7 patch, elapsed=105ms
2026-09-15 08:30:20,413 [INFO] sync_agent: Cycle #149 [delta]: 7/7 patch, elapsed=86ms
2026-09-15 08:30:20,478 [INFO] command_agent: NHẬN LỆNH [72013ab9-e715-4ccc-85f7-b87c9b3af5d3] disableLink target=org.dt4n.core:link-h1-s1 params={}
2026-09-15 08:30:20,478 [INFO] command_agent: LOCK_WAIT [72013ab9-e715-4ccc-85f7-b87c9b3af5d3] disableLink target=org.dt4n.core:link-h1-s1 0ms
2026-09-15 08:30:20,482 [INFO] command_agent: THỰC THI [72013ab9-e715-4ccc-85f7-b87c9b3af5d3] disableLink target=org.dt4n.core:link-h1-s1 -> link h1-s1 -> down
2026-09-15 08:30:21,435 [INFO] sync_agent: Cycle #150 [delta]: 7/7 patch, elapsed=109ms
2026-09-15 08:30:22,490 [INFO] sync_agent: Cycle #151 [RECONCILE]: 16/16 patch, elapsed=163ms
2026-09-15 08:30:22,504 [INFO] command_agent: NHẬN LỆNH [fbf30237-7bf9-4fbf-b668-57c54d1b5aa4] enableLink target=org.dt4n.core:link-h1-s1 params={}
2026-09-15 08:30:22,504 [INFO] command_agent: LOCK_WAIT [fbf30237-7bf9-4fbf-b668-57c54d1b5aa4] enableLink target=org.dt4n.core:link-h1-s1 0ms
2026-09-15 08:30:22,509 [INFO] command_agent: THỰC THI [fbf30237-7bf9-4fbf-b668-57c54d1b5aa4] enableLink target=org.dt4n.core:link-h1-s1 -> link h1-s1 -> up
2026-09-15 08:30:23,422 [INFO] sync_agent: Cycle #152 [delta]: 7/7 patch, elapsed=95ms
2026-09-15 08:30:24,418 [INFO] sync_agent: Cycle #153 [delta]: 7/7 patch, elapsed=90ms
2026-09-15 08:30:24,487 [INFO] command_agent: NHẬN LỆNH [acb21c51-e96e-4e3f-aabd-6730e3a885e8] disableLink target=org.dt4n.core:link-h1-s1 params={}
2026-09-15 08:30:24,487 [INFO] command_agent: LOCK_WAIT [acb21c51-e96e-4e3f-aabd-6730e3a885e8] disableLink target=org.dt4n.core:link-h1-s1 0ms
2026-09-15 08:30:24,491 [INFO] command_agent: THỰC THI [acb21c51-e96e-4e3f-aabd-6730e3a885e8] disableLink target=org.dt4n.core:link-h1-s1 -> link h1-s1 -> down
2026-09-15 08:30:25,419 [INFO] sync_agent: Cycle #154 [delta]: 7/7 patch, elapsed=92ms
2026-09-15 08:30:26,414 [INFO] sync_agent: Cycle #155 [delta]: 7/7 patch, elapsed=86ms
2026-09-15 08:30:26,479 [INFO] command_agent: NHẬN LỆNH [7c080967-90e2-42d3-ba0c-24df33b445e5] enableLink target=org.dt4n.core:link-h1-s1 params={}
2026-09-15 08:30:26,479 [INFO] command_agent: LOCK_WAIT [7c080967-90e2-42d3-ba0c-24df33b445e5] enableLink target=org.dt4n.core:link-h1-s1 0ms
2026-09-15 08:30:26,482 [INFO] command_agent: THỰC THI [7c080967-90e2-42d3-ba0c-24df33b445e5] enableLink target=org.dt4n.core:link-h1-s1 -> link h1-s1 -> up
2026-09-15 08:30:27,414 [INFO] sync_agent: Cycle #156 [delta]: 7/7 patch, elapsed=86ms
2026-09-15 08:30:28,415 [INFO] sync_agent: Cycle #157 [delta]: 7/7 patch, elapsed=87ms
2026-09-15 08:30:28,476 [INFO] command_agent: NHẬN LỆNH [d619f6f7-a05d-4781-9db7-8ddda2289ff2] disableLink target=org.dt4n.core:link-h1-s1 params={}
2026-09-15 08:30:28,476 [INFO] command_agent: LOCK_WAIT [d619f6f7-a05d-4781-9db7-8ddda2289ff2] disableLink target=org.dt4n.core:link-h1-s1 0ms
2026-09-15 08:30:28,479 [INFO] command_agent: THỰC THI [d619f6f7-a05d-4781-9db7-8ddda2289ff2] disableLink target=org.dt4n.core:link-h1-s1 -> link h1-s1 -> down
2026-09-15 08:30:29,417 [INFO] sync_agent: Cycle #158 [delta]: 7/7 patch, elapsed=89ms
2026-09-15 08:30:30,402 [INFO] sync_agent: Cycle #159 [delta]: 5/5 patch, elapsed=74ms
2026-09-15 08:30:30,480 [INFO] command_agent: NHẬN LỆNH [49b79b31-943c-4479-8da7-ab9939e2720a] enableLink target=org.dt4n.core:link-h1-s1 params={}
2026-09-15 08:30:30,480 [INFO] command_agent: LOCK_WAIT [49b79b31-943c-4479-8da7-ab9939e2720a] enableLink target=org.dt4n.core:link-h1-s1 0ms
2026-09-15 08:30:30,483 [INFO] command_agent: THỰC THI [49b79b31-943c-4479-8da7-ab9939e2720a] enableLink target=org.dt4n.core:link-h1-s1 -> link h1-s1 -> up
2026-09-15 08:30:31,416 [INFO] sync_agent: Cycle #160 [delta]: 7/7 patch, elapsed=87ms
2026-09-15 08:30:32,423 [INFO] sync_agent: Cycle #161 [delta]: 7/7 patch, elapsed=94ms
2026-09-15 08:30:32,467 [INFO] command_agent: NHẬN LỆNH [9566d2ef-9dca-4072-8cf5-7b5a1aa462b6] disableLink target=org.dt4n.core:link-h1-s1 params={}
2026-09-15 08:30:32,468 [INFO] command_agent: LOCK_WAIT [9566d2ef-9dca-4072-8cf5-7b5a1aa462b6] disableLink target=org.dt4n.core:link-h1-s1 0ms
2026-09-15 08:30:32,473 [INFO] command_agent: THỰC THI [9566d2ef-9dca-4072-8cf5-7b5a1aa462b6] disableLink target=org.dt4n.core:link-h1-s1 -> link h1-s1 -> down
2026-09-15 08:30:33,417 [INFO] sync_agent: Cycle #162 [delta]: 7/7 patch, elapsed=87ms
2026-09-15 08:30:34,405 [INFO] sync_agent: Cycle #163 [delta]: 5/5 patch, elapsed=75ms
2026-09-15 08:30:34,485 [INFO] command_agent: NHẬN LỆNH [b12a953c-77ba-4a30-a098-1599ebc56a9f] enableLink target=org.dt4n.core:link-h1-s1 params={}
2026-09-15 08:30:34,485 [INFO] command_agent: LOCK_WAIT [b12a953c-77ba-4a30-a098-1599ebc56a9f] enableLink target=org.dt4n.core:link-h1-s1 0ms
2026-09-15 08:30:34,491 [INFO] command_agent: THỰC THI [b12a953c-77ba-4a30-a098-1599ebc56a9f] enableLink target=org.dt4n.core:link-h1-s1 -> link h1-s1 -> up
2026-09-15 08:30:35,421 [INFO] sync_agent: Cycle #164 [delta]: 7/7 patch, elapsed=91ms
2026-09-15 08:30:36,421 [INFO] sync_agent: Cycle #165 [delta]: 7/7 patch, elapsed=91ms
2026-09-15 08:30:36,464 [INFO] command_agent: NHẬN LỆNH [cd35f74d-b7f9-4cb1-b8b2-4d8f624c1f22] disableLink target=org.dt4n.core:link-h1-s1 params={}
2026-09-15 08:30:36,464 [INFO] command_agent: LOCK_WAIT [cd35f74d-b7f9-4cb1-b8b2-4d8f624c1f22] disableLink target=org.dt4n.core:link-h1-s1 0ms
2026-09-15 08:30:36,473 [INFO] command_agent: THỰC THI [cd35f74d-b7f9-4cb1-b8b2-4d8f624c1f22] disableLink target=org.dt4n.core:link-h1-s1 -> link h1-s1 -> down
2026-09-15 08:30:37,417 [INFO] sync_agent: Cycle #166 [delta]: 7/7 patch, elapsed=86ms
2026-09-15 08:30:38,404 [INFO] sync_agent: Cycle #167 [delta]: 5/5 patch, elapsed=73ms
2026-09-15 08:30:38,468 [INFO] command_agent: NHẬN LỆNH [85a05b97-0488-4b85-b12b-5abb9f2f9cf1] enableLink target=org.dt4n.core:link-h1-s1 params={}
2026-09-15 08:30:38,468 [INFO] command_agent: LOCK_WAIT [85a05b97-0488-4b85-b12b-5abb9f2f9cf1] enableLink target=org.dt4n.core:link-h1-s1 0ms
2026-09-15 08:30:38,471 [INFO] command_agent: THỰC THI [85a05b97-0488-4b85-b12b-5abb9f2f9cf1] enableLink target=org.dt4n.core:link-h1-s1 -> link h1-s1 -> up
2026-09-15 08:30:39,419 [INFO] sync_agent: Cycle #168 [delta]: 7/7 patch, elapsed=88ms
2026-09-15 08:30:40,417 [INFO] sync_agent: Cycle #169 [delta]: 7/7 patch, elapsed=85ms
2026-09-15 08:30:40,483 [INFO] command_agent: NHẬN LỆNH [043c43f9-86be-4208-abc0-6ff5d85b17a1] disableLink target=org.dt4n.core:link-h1-s1 params={}
2026-09-15 08:30:40,484 [INFO] command_agent: LOCK_WAIT [043c43f9-86be-4208-abc0-6ff5d85b17a1] disableLink target=org.dt4n.core:link-h1-s1 0ms
2026-09-15 08:30:40,487 [INFO] command_agent: THỰC THI [043c43f9-86be-4208-abc0-6ff5d85b17a1] disableLink target=org.dt4n.core:link-h1-s1 -> link h1-s1 -> down
2026-09-15 08:30:41,419 [INFO] sync_agent: Cycle #170 [delta]: 7/7 patch, elapsed=88ms
2026-09-15 08:30:42,420 [INFO] sync_agent: Cycle #171 [delta]: 7/7 patch, elapsed=88ms
2026-09-15 08:30:42,473 [INFO] command_agent: NHẬN LỆNH [4c630e88-06f2-4d62-bcf2-7688be5ef2c3] enableLink target=org.dt4n.core:link-h1-s1 params={}
2026-09-15 08:30:42,473 [INFO] command_agent: LOCK_WAIT [4c630e88-06f2-4d62-bcf2-7688be5ef2c3] enableLink target=org.dt4n.core:link-h1-s1 0ms
2026-09-15 08:30:42,476 [INFO] command_agent: THỰC THI [4c630e88-06f2-4d62-bcf2-7688be5ef2c3] enableLink target=org.dt4n.core:link-h1-s1 -> link h1-s1 -> up
2026-09-15 08:30:43,421 [INFO] sync_agent: Cycle #172 [delta]: 7/7 patch, elapsed=89ms
2026-09-15 08:30:44,433 [INFO] sync_agent: Cycle #173 [delta]: 7/7 patch, elapsed=101ms
2026-09-15 08:30:44,471 [INFO] command_agent: NHẬN LỆNH [4d39f491-4555-46af-8304-3adb521e6119] disableLink target=org.dt4n.core:link-h1-s1 params={}
2026-09-15 08:30:44,471 [INFO] command_agent: LOCK_WAIT [4d39f491-4555-46af-8304-3adb521e6119] disableLink target=org.dt4n.core:link-h1-s1 0ms
2026-09-15 08:30:44,475 [INFO] command_agent: THỰC THI [4d39f491-4555-46af-8304-3adb521e6119] disableLink target=org.dt4n.core:link-h1-s1 -> link h1-s1 -> down
2026-09-15 08:30:45,421 [INFO] sync_agent: Cycle #174 [delta]: 7/7 patch, elapsed=88ms
2026-09-15 08:30:46,422 [INFO] sync_agent: Cycle #175 [delta]: 7/7 patch, elapsed=89ms
2026-09-15 08:30:46,474 [INFO] command_agent: NHẬN LỆNH [afde91c1-6a1d-491f-9cff-b81c984bbce4] enableLink target=org.dt4n.core:link-h1-s1 params={}
2026-09-15 08:30:46,474 [INFO] command_agent: LOCK_WAIT [afde91c1-6a1d-491f-9cff-b81c984bbce4] enableLink target=org.dt4n.core:link-h1-s1 0ms
2026-09-15 08:30:46,477 [INFO] command_agent: THỰC THI [afde91c1-6a1d-491f-9cff-b81c984bbce4] enableLink target=org.dt4n.core:link-h1-s1 -> link h1-s1 -> up
2026-09-15 08:30:47,423 [INFO] sync_agent: Cycle #176 [delta]: 7/7 patch, elapsed=90ms
2026-09-15 08:30:48,420 [INFO] sync_agent: Cycle #177 [delta]: 7/7 patch, elapsed=88ms
2026-09-15 08:30:48,476 [INFO] command_agent: NHẬN LỆNH [e8f7123c-4740-4ef2-844b-9611f69cedd2] disableLink target=org.dt4n.core:link-h1-s1 params={}
2026-09-15 08:30:48,476 [INFO] command_agent: LOCK_WAIT [e8f7123c-4740-4ef2-844b-9611f69cedd2] disableLink target=org.dt4n.core:link-h1-s1 0ms
2026-09-15 08:30:48,485 [INFO] command_agent: THỰC THI [e8f7123c-4740-4ef2-844b-9611f69cedd2] disableLink target=org.dt4n.core:link-h1-s1 -> link h1-s1 -> down
2026-09-15 08:30:49,424 [INFO] sync_agent: Cycle #178 [delta]: 7/7 patch, elapsed=91ms
2026-09-15 08:30:50,425 [INFO] sync_agent: Cycle #179 [delta]: 5/5 patch, elapsed=92ms
2026-09-15 08:30:50,477 [INFO] command_agent: NHẬN LỆNH [bd8f7755-bf9c-431d-82ed-e4fc8574505a] enableLink target=org.dt4n.core:link-h1-s1 params={}
2026-09-15 08:30:50,477 [INFO] command_agent: LOCK_WAIT [bd8f7755-bf9c-431d-82ed-e4fc8574505a] enableLink target=org.dt4n.core:link-h1-s1 0ms
2026-09-15 08:30:50,483 [INFO] command_agent: THỰC THI [bd8f7755-bf9c-431d-82ed-e4fc8574505a] enableLink target=org.dt4n.core:link-h1-s1 -> link h1-s1 -> up
2026-09-15 08:30:51,447 [INFO] sync_agent: Cycle #180 [delta]: 7/7 patch, elapsed=114ms
2026-09-15 08:30:52,500 [INFO] sync_agent: Cycle #181 [RECONCILE]: 16/16 patch, elapsed=166ms
2026-09-15 08:30:52,544 [INFO] command_agent: NHẬN LỆNH [74f84d38-c758-4321-ae5f-1ae6a020b291] disableLink target=org.dt4n.core:link-h1-s1 params={}
2026-09-15 08:30:52,544 [INFO] command_agent: LOCK_WAIT [74f84d38-c758-4321-ae5f-1ae6a020b291] disableLink target=org.dt4n.core:link-h1-s1 0ms
2026-09-15 08:30:52,547 [INFO] command_agent: THỰC THI [74f84d38-c758-4321-ae5f-1ae6a020b291] disableLink target=org.dt4n.core:link-h1-s1 -> link h1-s1 -> down
2026-09-15 08:30:53,427 [INFO] sync_agent: Cycle #182 [delta]: 7/7 patch, elapsed=93ms
2026-09-15 08:30:54,407 [INFO] sync_agent: Cycle #183 [delta]: 5/5 patch, elapsed=72ms
2026-09-15 08:30:54,488 [INFO] command_agent: NHẬN LỆNH [2ef8992b-9e33-4c72-826b-7b5b1d6dec1e] enableLink target=org.dt4n.core:link-h1-s1 params={}
2026-09-15 08:30:54,488 [INFO] command_agent: LOCK_WAIT [2ef8992b-9e33-4c72-826b-7b5b1d6dec1e] enableLink target=org.dt4n.core:link-h1-s1 0ms
2026-09-15 08:30:54,491 [INFO] command_agent: THỰC THI [2ef8992b-9e33-4c72-826b-7b5b1d6dec1e] enableLink target=org.dt4n.core:link-h1-s1 -> link h1-s1 -> up
2026-09-15 08:30:55,423 [INFO] sync_agent: Cycle #184 [delta]: 7/7 patch, elapsed=89ms
2026-09-15 08:30:56,421 [INFO] sync_agent: Cycle #185 [delta]: 7/7 patch, elapsed=86ms
2026-09-15 08:30:56,488 [INFO] command_agent: NHẬN LỆNH [90c1f344-220a-41c9-b649-ff558327fde5] disableLink target=org.dt4n.core:link-h1-s1 params={}
2026-09-15 08:30:56,488 [INFO] command_agent: LOCK_WAIT [90c1f344-220a-41c9-b649-ff558327fde5] disableLink target=org.dt4n.core:link-h1-s1 0ms
2026-09-15 08:30:56,492 [INFO] command_agent: THỰC THI [90c1f344-220a-41c9-b649-ff558327fde5] disableLink target=org.dt4n.core:link-h1-s1 -> link h1-s1 -> down
2026-09-15 08:30:57,424 [INFO] sync_agent: Cycle #186 [delta]: 7/7 patch, elapsed=89ms
2026-09-15 08:30:58,424 [INFO] sync_agent: Cycle #187 [delta]: 7/7 patch, elapsed=88ms
2026-09-15 08:30:58,474 [INFO] command_agent: NHẬN LỆNH [7a8ba6ed-49a5-472f-b45f-12dd8ac7cc01] enableLink target=org.dt4n.core:link-h1-s1 params={}
2026-09-15 08:30:58,475 [INFO] command_agent: LOCK_WAIT [7a8ba6ed-49a5-472f-b45f-12dd8ac7cc01] enableLink target=org.dt4n.core:link-h1-s1 0ms
2026-09-15 08:30:58,479 [INFO] command_agent: THỰC THI [7a8ba6ed-49a5-472f-b45f-12dd8ac7cc01] enableLink target=org.dt4n.core:link-h1-s1 -> link h1-s1 -> up
2026-09-15 08:30:59,422 [INFO] sync_agent: Cycle #188 [delta]: 7/7 patch, elapsed=87ms
2026-09-15 08:31:00,423 [INFO] sync_agent: Cycle #189 [delta]: 7/7 patch, elapsed=87ms
2026-09-15 08:31:00,487 [INFO] command_agent: NHẬN LỆNH [1dae9f9d-3b1a-4566-ad85-9aeccea19a9c] disableLink target=org.dt4n.core:link-h1-s1 params={}
2026-09-15 08:31:00,488 [INFO] command_agent: LOCK_WAIT [1dae9f9d-3b1a-4566-ad85-9aeccea19a9c] disableLink target=org.dt4n.core:link-h1-s1 0ms
2026-09-15 08:31:00,491 [INFO] command_agent: THỰC THI [1dae9f9d-3b1a-4566-ad85-9aeccea19a9c] disableLink target=org.dt4n.core:link-h1-s1 -> link h1-s1 -> down
2026-09-15 08:31:01,425 [INFO] sync_agent: Cycle #190 [delta]: 7/7 patch, elapsed=89ms
2026-09-15 08:31:02,410 [INFO] sync_agent: Cycle #191 [delta]: 5/5 patch, elapsed=74ms
2026-09-15 08:31:02,480 [INFO] command_agent: NHẬN LỆNH [ed6aae79-f2ea-4eb8-ae9c-70d7ff6b2f7c] enableLink target=org.dt4n.core:link-h1-s1 params={}
2026-09-15 08:31:02,480 [INFO] command_agent: LOCK_WAIT [ed6aae79-f2ea-4eb8-ae9c-70d7ff6b2f7c] enableLink target=org.dt4n.core:link-h1-s1 0ms
2026-09-15 08:31:02,483 [INFO] command_agent: THỰC THI [ed6aae79-f2ea-4eb8-ae9c-70d7ff6b2f7c] enableLink target=org.dt4n.core:link-h1-s1 -> link h1-s1 -> up
2026-09-15 08:31:03,426 [INFO] sync_agent: Cycle #192 [delta]: 7/7 patch, elapsed=89ms
2026-09-15 08:31:04,426 [INFO] sync_agent: Cycle #193 [delta]: 7/7 patch, elapsed=90ms
2026-09-15 08:31:04,467 [INFO] command_agent: NHẬN LỆNH [0f377daa-4f83-406f-80cd-966bee796660] disableLink target=org.dt4n.core:link-h1-s1 params={}
2026-09-15 08:31:04,468 [INFO] command_agent: LOCK_WAIT [0f377daa-4f83-406f-80cd-966bee796660] disableLink target=org.dt4n.core:link-h1-s1 0ms
2026-09-15 08:31:04,471 [INFO] command_agent: THỰC THI [0f377daa-4f83-406f-80cd-966bee796660] disableLink target=org.dt4n.core:link-h1-s1 -> link h1-s1 -> down
2026-09-15 08:31:05,437 [INFO] sync_agent: Cycle #194 [delta]: 7/7 patch, elapsed=100ms
2026-09-15 08:31:06,417 [INFO] sync_agent: Cycle #195 [delta]: 5/5 patch, elapsed=79ms
2026-09-15 08:31:06,482 [INFO] command_agent: NHẬN LỆNH [068d7002-335a-4d2b-973c-a0081b2ec641] enableLink target=org.dt4n.core:link-h1-s1 params={}
2026-09-15 08:31:06,482 [INFO] command_agent: LOCK_WAIT [068d7002-335a-4d2b-973c-a0081b2ec641] enableLink target=org.dt4n.core:link-h1-s1 0ms
2026-09-15 08:31:06,485 [INFO] command_agent: THỰC THI [068d7002-335a-4d2b-973c-a0081b2ec641] enableLink target=org.dt4n.core:link-h1-s1 -> link h1-s1 -> up
2026-09-15 08:31:07,425 [INFO] sync_agent: Cycle #196 [delta]: 7/7 patch, elapsed=88ms
2026-09-15 08:31:08,427 [INFO] sync_agent: Cycle #197 [delta]: 7/7 patch, elapsed=89ms
2026-09-15 08:31:08,480 [INFO] command_agent: NHẬN LỆNH [d995044e-0ae8-43bf-923d-f5350b9264b1] disableLink target=org.dt4n.core:link-h1-s1 params={}
2026-09-15 08:31:08,480 [INFO] command_agent: LOCK_WAIT [d995044e-0ae8-43bf-923d-f5350b9264b1] disableLink target=org.dt4n.core:link-h1-s1 0ms
2026-09-15 08:31:08,484 [INFO] command_agent: THỰC THI [d995044e-0ae8-43bf-923d-f5350b9264b1] disableLink target=org.dt4n.core:link-h1-s1 -> link h1-s1 -> down
2026-09-15 08:31:09,424 [INFO] sync_agent: Cycle #198 [delta]: 7/7 patch, elapsed=86ms
2026-09-15 08:31:10,413 [INFO] sync_agent: Cycle #199 [delta]: 5/5 patch, elapsed=75ms
2026-09-15 08:31:10,507 [INFO] command_agent: NHẬN LỆNH [2ad4bd8d-a66b-440d-a82f-61b89e9ad957] enableLink target=org.dt4n.core:link-h1-s1 params={}
2026-09-15 08:31:10,507 [INFO] command_agent: LOCK_WAIT [2ad4bd8d-a66b-440d-a82f-61b89e9ad957] enableLink target=org.dt4n.core:link-h1-s1 0ms
2026-09-15 08:31:10,513 [INFO] command_agent: THỰC THI [2ad4bd8d-a66b-440d-a82f-61b89e9ad957] enableLink target=org.dt4n.core:link-h1-s1 -> link h1-s1 -> up
2026-09-15 08:31:11,425 [INFO] sync_agent: Cycle #200 [delta]: 7/7 patch, elapsed=86ms
2026-09-15 08:31:12,426 [INFO] sync_agent: Cycle #201 [delta]: 7/7 patch, elapsed=88ms
2026-09-15 08:31:12,493 [INFO] command_agent: NHẬN LỆNH [0e1e2bbd-cc72-469b-a43f-7e0af5ee7b21] disableLink target=org.dt4n.core:link-h1-s1 params={}
2026-09-15 08:31:12,494 [INFO] command_agent: LOCK_WAIT [0e1e2bbd-cc72-469b-a43f-7e0af5ee7b21] disableLink target=org.dt4n.core:link-h1-s1 0ms
2026-09-15 08:31:12,498 [INFO] command_agent: THỰC THI [0e1e2bbd-cc72-469b-a43f-7e0af5ee7b21] disableLink target=org.dt4n.core:link-h1-s1 -> link h1-s1 -> down
2026-09-15 08:31:13,430 [INFO] sync_agent: Cycle #202 [delta]: 7/7 patch, elapsed=91ms
2026-09-15 08:31:14,429 [INFO] sync_agent: Cycle #203 [delta]: 7/7 patch, elapsed=90ms
2026-09-15 08:31:14,493 [INFO] command_agent: NHẬN LỆNH [34c675a1-af3a-45ee-ba98-7a253b80a6b6] enableLink target=org.dt4n.core:link-h1-s1 params={}
2026-09-15 08:31:14,493 [INFO] command_agent: LOCK_WAIT [34c675a1-af3a-45ee-ba98-7a253b80a6b6] enableLink target=org.dt4n.core:link-h1-s1 0ms
2026-09-15 08:31:14,497 [INFO] command_agent: THỰC THI [34c675a1-af3a-45ee-ba98-7a253b80a6b6] enableLink target=org.dt4n.core:link-h1-s1 -> link h1-s1 -> up
2026-09-15 08:31:15,429 [INFO] sync_agent: Cycle #204 [delta]: 7/7 patch, elapsed=90ms
2026-09-15 08:31:16,441 [INFO] sync_agent: Cycle #205 [delta]: 7/7 patch, elapsed=101ms
2026-09-15 08:31:16,479 [INFO] command_agent: NHẬN LỆNH [2c420238-197c-409e-8579-32127e61b5a6] disableLink target=org.dt4n.core:link-h1-s1 params={}
2026-09-15 08:31:16,479 [INFO] command_agent: LOCK_WAIT [2c420238-197c-409e-8579-32127e61b5a6] disableLink target=org.dt4n.core:link-h1-s1 0ms
2026-09-15 08:31:16,482 [INFO] command_agent: THỰC THI [2c420238-197c-409e-8579-32127e61b5a6] disableLink target=org.dt4n.core:link-h1-s1 -> link h1-s1 -> down
2026-09-15 08:31:17,431 [INFO] sync_agent: Cycle #206 [delta]: 7/7 patch, elapsed=91ms
2026-09-15 08:31:18,412 [INFO] sync_agent: Cycle #207 [delta]: 5/5 patch, elapsed=72ms
2026-09-15 08:31:18,503 [INFO] command_agent: NHẬN LỆNH [4c0355f8-b95e-4bef-8dab-e5afdef74755] enableLink target=org.dt4n.core:link-h1-s1 params={}
2026-09-15 08:31:18,504 [INFO] command_agent: LOCK_WAIT [4c0355f8-b95e-4bef-8dab-e5afdef74755] enableLink target=org.dt4n.core:link-h1-s1 0ms
2026-09-15 08:31:18,506 [INFO] command_agent: THỰC THI [4c0355f8-b95e-4bef-8dab-e5afdef74755] enableLink target=org.dt4n.core:link-h1-s1 -> link h1-s1 -> up
2026-09-15 08:31:19,429 [INFO] sync_agent: Cycle #208 [delta]: 7/7 patch, elapsed=89ms
2026-09-15 08:31:20,432 [INFO] sync_agent: Cycle #209 [delta]: 7/7 patch, elapsed=91ms
2026-09-15 08:31:20,475 [INFO] command_agent: NHẬN LỆNH [f5d3cb4b-b818-48af-965a-82052a2d3cc5] disableLink target=org.dt4n.core:link-h1-s1 params={}
2026-09-15 08:31:20,475 [INFO] command_agent: LOCK_WAIT [f5d3cb4b-b818-48af-965a-82052a2d3cc5] disableLink target=org.dt4n.core:link-h1-s1 0ms
2026-09-15 08:31:20,478 [INFO] command_agent: THỰC THI [f5d3cb4b-b818-48af-965a-82052a2d3cc5] disableLink target=org.dt4n.core:link-h1-s1 -> link h1-s1 -> down
2026-09-15 08:31:21,434 [INFO] sync_agent: Cycle #210 [delta]: 7/7 patch, elapsed=93ms
2026-09-15 08:31:22,502 [INFO] command_agent: NHẬN LỆNH [928a455b-6a00-459a-b8b2-3aeb9352325e] enableLink target=org.dt4n.core:link-h1-s1 params={}
2026-09-15 08:31:22,503 [INFO] command_agent: LOCK_WAIT [928a455b-6a00-459a-b8b2-3aeb9352325e] enableLink target=org.dt4n.core:link-h1-s1 0ms
2026-09-15 08:31:22,507 [INFO] command_agent: THỰC THI [928a455b-6a00-459a-b8b2-3aeb9352325e] enableLink target=org.dt4n.core:link-h1-s1 -> link h1-s1 -> up
2026-09-15 08:31:22,512 [INFO] sync_agent: Cycle #211 [RECONCILE]: 16/16 patch, elapsed=171ms
2026-09-15 08:31:23,431 [INFO] sync_agent: Cycle #212 [delta]: 7/7 patch, elapsed=90ms
2026-09-15 08:31:24,431 [INFO] sync_agent: Cycle #213 [delta]: 7/7 patch, elapsed=89ms
2026-09-15 08:31:24,492 [INFO] command_agent: NHẬN LỆNH [802f319d-1e7c-4ad3-b2ef-d0f4ba41a6c9] disableLink target=org.dt4n.core:link-h1-s1 params={}
2026-09-15 08:31:24,492 [INFO] command_agent: LOCK_WAIT [802f319d-1e7c-4ad3-b2ef-d0f4ba41a6c9] disableLink target=org.dt4n.core:link-h1-s1 0ms
2026-09-15 08:31:24,496 [INFO] command_agent: THỰC THI [802f319d-1e7c-4ad3-b2ef-d0f4ba41a6c9] disableLink target=org.dt4n.core:link-h1-s1 -> link h1-s1 -> down
2026-09-15 08:31:25,429 [INFO] sync_agent: Cycle #214 [delta]: 7/7 patch, elapsed=87ms
2026-09-15 08:31:26,432 [INFO] sync_agent: Cycle #215 [delta]: 7/7 patch, elapsed=90ms
2026-09-15 08:31:26,485 [INFO] command_agent: NHẬN LỆNH [614da15c-e121-4bd1-a519-f911f7f43b2e] enableLink target=org.dt4n.core:link-h1-s1 params={}
2026-09-15 08:31:26,486 [INFO] command_agent: LOCK_WAIT [614da15c-e121-4bd1-a519-f911f7f43b2e] enableLink target=org.dt4n.core:link-h1-s1 0ms
2026-09-15 08:31:26,491 [INFO] command_agent: THỰC THI [614da15c-e121-4bd1-a519-f911f7f43b2e] enableLink target=org.dt4n.core:link-h1-s1 -> link h1-s1 -> up
2026-09-15 08:31:27,433 [INFO] sync_agent: Cycle #216 [delta]: 7/7 patch, elapsed=90ms
2026-09-15 08:31:28,432 [INFO] sync_agent: Cycle #217 [delta]: 7/7 patch, elapsed=89ms
2026-09-15 08:31:28,488 [INFO] command_agent: NHẬN LỆNH [0ab63853-6fb5-48d2-8dba-2fe6319ee661] disableLink target=org.dt4n.core:link-h1-s1 params={}
2026-09-15 08:31:28,488 [INFO] command_agent: LOCK_WAIT [0ab63853-6fb5-48d2-8dba-2fe6319ee661] disableLink target=org.dt4n.core:link-h1-s1 0ms
2026-09-15 08:31:28,491 [INFO] command_agent: THỰC THI [0ab63853-6fb5-48d2-8dba-2fe6319ee661] disableLink target=org.dt4n.core:link-h1-s1 -> link h1-s1 -> down
2026-09-15 08:31:29,433 [INFO] sync_agent: Cycle #218 [delta]: 7/7 patch, elapsed=90ms
2026-09-15 08:31:30,433 [INFO] sync_agent: Cycle #219 [delta]: 7/7 patch, elapsed=90ms
2026-09-15 08:31:30,487 [INFO] command_agent: NHẬN LỆNH [2af36f18-0507-4547-81f2-cd148fc777c9] enableLink target=org.dt4n.core:link-h1-s1 params={}
2026-09-15 08:31:30,487 [INFO] command_agent: LOCK_WAIT [2af36f18-0507-4547-81f2-cd148fc777c9] enableLink target=org.dt4n.core:link-h1-s1 0ms
2026-09-15 08:31:30,490 [INFO] command_agent: THỰC THI [2af36f18-0507-4547-81f2-cd148fc777c9] enableLink target=org.dt4n.core:link-h1-s1 -> link h1-s1 -> up
2026-09-15 08:31:31,432 [INFO] sync_agent: Cycle #220 [delta]: 7/7 patch, elapsed=89ms
2026-09-15 08:31:32,432 [INFO] sync_agent: Cycle #221 [delta]: 7/7 patch, elapsed=88ms
2026-09-15 08:31:32,469 [INFO] command_agent: NHẬN LỆNH [51f7a37b-a0d1-4133-85d5-ae91747af58b] disableLink target=org.dt4n.core:link-h1-s1 params={}
2026-09-15 08:31:32,469 [INFO] command_agent: LOCK_WAIT [51f7a37b-a0d1-4133-85d5-ae91747af58b] disableLink target=org.dt4n.core:link-h1-s1 0ms
2026-09-15 08:31:32,472 [INFO] command_agent: THỰC THI [51f7a37b-a0d1-4133-85d5-ae91747af58b] disableLink target=org.dt4n.core:link-h1-s1 -> link h1-s1 -> down
2026-09-15 08:31:33,433 [INFO] sync_agent: Cycle #222 [delta]: 7/7 patch, elapsed=89ms
2026-09-15 08:31:34,421 [INFO] sync_agent: Cycle #223 [delta]: 5/5 patch, elapsed=77ms
2026-09-15 08:31:34,504 [INFO] command_agent: NHẬN LỆNH [8976b4ba-8da9-4993-9d28-da25bcf3240d] enableLink target=org.dt4n.core:link-h1-s1 params={}
2026-09-15 08:31:34,504 [INFO] command_agent: LOCK_WAIT [8976b4ba-8da9-4993-9d28-da25bcf3240d] enableLink target=org.dt4n.core:link-h1-s1 0ms
2026-09-15 08:31:34,508 [INFO] command_agent: THỰC THI [8976b4ba-8da9-4993-9d28-da25bcf3240d] enableLink target=org.dt4n.core:link-h1-s1 -> link h1-s1 -> up
2026-09-15 08:31:35,432 [INFO] sync_agent: Cycle #224 [delta]: 7/7 patch, elapsed=87ms
2026-09-15 08:31:36,430 [INFO] sync_agent: Cycle #225 [delta]: 7/7 patch, elapsed=86ms
2026-09-15 08:31:36,486 [INFO] command_agent: NHẬN LỆNH [c7adddfd-df3a-4c29-8161-a75f69fa9606] disableLink target=org.dt4n.core:link-h1-s1 params={}
2026-09-15 08:31:36,486 [INFO] command_agent: LOCK_WAIT [c7adddfd-df3a-4c29-8161-a75f69fa9606] disableLink target=org.dt4n.core:link-h1-s1 0ms
2026-09-15 08:31:36,490 [INFO] command_agent: THỰC THI [c7adddfd-df3a-4c29-8161-a75f69fa9606] disableLink target=org.dt4n.core:link-h1-s1 -> link h1-s1 -> down
2026-09-15 08:31:37,431 [INFO] sync_agent: Cycle #226 [delta]: 7/7 patch, elapsed=86ms
2026-09-15 08:31:38,444 [INFO] sync_agent: Cycle #227 [delta]: 9/9 patch, elapsed=99ms
2026-09-15 08:31:38,486 [INFO] command_agent: NHẬN LỆNH [5e275018-9cf9-42d1-b88c-78411cb67de5] enableLink target=org.dt4n.core:link-h1-s1 params={}
2026-09-15 08:31:38,486 [INFO] command_agent: LOCK_WAIT [5e275018-9cf9-42d1-b88c-78411cb67de5] enableLink target=org.dt4n.core:link-h1-s1 0ms
2026-09-15 08:31:38,489 [INFO] command_agent: THỰC THI [5e275018-9cf9-42d1-b88c-78411cb67de5] enableLink target=org.dt4n.core:link-h1-s1 -> link h1-s1 -> up
2026-09-15 08:31:39,445 [INFO] sync_agent: Cycle #228 [delta]: 9/9 patch, elapsed=99ms
2026-09-15 08:31:40,432 [INFO] sync_agent: Cycle #229 [delta]: 7/7 patch, elapsed=86ms
2026-09-15 08:31:40,500 [INFO] command_agent: NHẬN LỆNH [dfdf78d6-0095-403a-89c7-9bcc2b43ae66] disableLink target=org.dt4n.core:link-h1-s1 params={}
2026-09-15 08:31:40,500 [INFO] command_agent: LOCK_WAIT [dfdf78d6-0095-403a-89c7-9bcc2b43ae66] disableLink target=org.dt4n.core:link-h1-s1 0ms
2026-09-15 08:31:40,504 [INFO] command_agent: THỰC THI [dfdf78d6-0095-403a-89c7-9bcc2b43ae66] disableLink target=org.dt4n.core:link-h1-s1 -> link h1-s1 -> down
2026-09-15 08:31:41,443 [INFO] sync_agent: Cycle #230 [delta]: 7/7 patch, elapsed=98ms
2026-09-15 08:31:42,431 [INFO] sync_agent: Cycle #231 [delta]: 7/7 patch, elapsed=85ms
2026-09-15 08:31:42,485 [INFO] command_agent: NHẬN LỆNH [cacdc5f2-3a50-4eef-984d-c1f4c51556b5] enableLink target=org.dt4n.core:link-h1-s1 params={}
2026-09-15 08:31:42,485 [INFO] command_agent: LOCK_WAIT [cacdc5f2-3a50-4eef-984d-c1f4c51556b5] enableLink target=org.dt4n.core:link-h1-s1 0ms
2026-09-15 08:31:42,488 [INFO] command_agent: THỰC THI [cacdc5f2-3a50-4eef-984d-c1f4c51556b5] enableLink target=org.dt4n.core:link-h1-s1 -> link h1-s1 -> up
2026-09-15 08:31:43,447 [INFO] sync_agent: Cycle #232 [delta]: 9/9 patch, elapsed=101ms
2026-09-15 08:31:44,436 [INFO] sync_agent: Cycle #233 [delta]: 7/7 patch, elapsed=90ms
2026-09-15 08:31:45,423 [INFO] sync_agent: Cycle #234 [delta]: 7/7 patch, elapsed=76ms
2026-09-15 08:31:46,431 [INFO] sync_agent: Cycle #235 [delta]: 7/7 patch, elapsed=84ms
2026-09-15 08:31:47,423 [INFO] sync_agent: Cycle #236 [delta]: 5/5 patch, elapsed=76ms
2026-09-15 08:31:48,434 [INFO] sync_agent: Cycle #237 [delta]: 7/7 patch, elapsed=87ms
2026-09-15 08:31:49,425 [INFO] sync_agent: Cycle #238 [delta]: 7/7 patch, elapsed=77ms
2026-09-15 08:31:50,424 [INFO] sync_agent: Cycle #239 [delta]: 7/7 patch, elapsed=76ms
2026-09-15 08:31:51,422 [INFO] sync_agent: Cycle #240 [delta]: 5/5 patch, elapsed=74ms
2026-09-15 08:31:52,473 [INFO] sync_agent: Cycle #241 [RECONCILE]: 16/16 patch, elapsed=125ms
2026-09-15 08:31:53,417 [INFO] sync_agent: Cycle #242 [delta]: 5/5 patch, elapsed=68ms
2026-09-15 08:31:54,415 [INFO] sync_agent: Cycle #243 [delta]: 5/5 patch, elapsed=66ms
2026-09-15 08:31:55,412 [INFO] sync_agent: Cycle #244 [delta]: 5/5 patch, elapsed=63ms
2026-09-15 08:31:56,423 [INFO] sync_agent: Cycle #245 [delta]: 7/7 patch, elapsed=74ms
2026-09-15 08:31:57,425 [INFO] sync_agent: Cycle #246 [delta]: 7/7 patch, elapsed=76ms
2026-09-15 08:31:58,423 [INFO] sync_agent: Cycle #247 [delta]: 7/7 patch, elapsed=74ms
2026-09-15 08:31:59,446 [INFO] sync_agent: Cycle #248 [delta]: 11/11 patch, elapsed=96ms
2026-09-15 08:32:00,440 [INFO] sync_agent: Cycle #249 [delta]: 9/9 patch, elapsed=90ms
2026-09-15 08:32:01,415 [INFO] sync_agent: Cycle #250 [delta]: 5/5 patch, elapsed=65ms
2026-09-15 08:32:02,414 [INFO] sync_agent: Cycle #251 [delta]: 5/5 patch, elapsed=63ms
2026-09-15 08:32:03,422 [INFO] sync_agent: Cycle #252 [delta]: 6/6 patch, elapsed=72ms
2026-09-15 08:32:04,420 [INFO] sync_agent: Cycle #253 [delta]: 6/6 patch, elapsed=69ms
2026-09-15 08:32:05,414 [INFO] sync_agent: Cycle #254 [delta]: 5/5 patch, elapsed=63ms
2026-09-15 08:32:06,416 [INFO] sync_agent: Cycle #255 [delta]: 5/5 patch, elapsed=65ms
2026-09-15 08:32:07,417 [INFO] sync_agent: Cycle #256 [delta]: 5/5 patch, elapsed=65ms
2026-09-15 08:32:08,418 [INFO] sync_agent: Cycle #257 [delta]: 5/5 patch, elapsed=66ms
2026-09-15 08:32:09,416 [INFO] sync_agent: Cycle #258 [delta]: 5/5 patch, elapsed=64ms
2026-09-15 08:32:10,416 [INFO] sync_agent: Cycle #259 [delta]: 5/5 patch, elapsed=64ms
2026-09-15 08:32:11,443 [INFO] sync_agent: Cycle #260 [delta]: 7/7 patch, elapsed=90ms
2026-09-15 08:32:12,433 [INFO] sync_agent: Cycle #261 [delta]: 7/7 patch, elapsed=80ms
2026-09-15 08:32:13,420 [INFO] sync_agent: Cycle #262 [delta]: 5/5 patch, elapsed=67ms
2026-09-15 08:32:14,420 [INFO] sync_agent: Cycle #263 [delta]: 5/5 patch, elapsed=67ms
2026-09-15 08:32:15,441 [INFO] sync_agent: Cycle #264 [delta]: 9/9 patch, elapsed=88ms
2026-09-15 08:32:16,439 [INFO] sync_agent: Cycle #265 [delta]: 9/9 patch, elapsed=86ms
2026-09-15 08:32:17,420 [INFO] sync_agent: Cycle #266 [delta]: 5/5 patch, elapsed=66ms
2026-09-15 08:32:18,432 [INFO] sync_agent: Cycle #267 [delta]: 5/5 patch, elapsed=77ms
2026-09-15 08:32:19,419 [INFO] sync_agent: Cycle #268 [delta]: 5/5 patch, elapsed=65ms
2026-09-15 08:32:20,424 [INFO] sync_agent: Cycle #269 [delta]: 5/5 patch, elapsed=70ms
2026-09-15 08:32:21,421 [INFO] sync_agent: Cycle #270 [delta]: 5/5 patch, elapsed=66ms
2026-09-15 08:32:22,482 [INFO] sync_agent: Cycle #271 [RECONCILE]: 16/16 patch, elapsed=126ms
2026-09-15 08:32:23,426 [INFO] sync_agent: Cycle #272 [delta]: 6/6 patch, elapsed=71ms
2026-09-15 08:32:24,427 [INFO] sync_agent: Cycle #273 [delta]: 6/6 patch, elapsed=71ms
2026-09-15 08:32:25,419 [INFO] sync_agent: Cycle #274 [delta]: 5/5 patch, elapsed=63ms
2026-09-15 08:32:26,419 [INFO] sync_agent: Cycle #275 [delta]: 5/5 patch, elapsed=63ms
2026-09-15 08:32:27,421 [INFO] sync_agent: Cycle #276 [delta]: 5/5 patch, elapsed=65ms
2026-09-15 08:32:28,422 [INFO] sync_agent: Cycle #277 [delta]: 5/5 patch, elapsed=66ms
2026-09-15 08:32:29,421 [INFO] sync_agent: Cycle #278 [delta]: 5/5 patch, elapsed=65ms
2026-09-15 08:32:30,425 [INFO] sync_agent: Cycle #279 [delta]: 5/5 patch, elapsed=68ms
2026-09-15 08:32:31,421 [INFO] sync_agent: Cycle #280 [delta]: 5/5 patch, elapsed=64ms
2026-09-15 08:32:32,423 [INFO] sync_agent: Cycle #281 [delta]: 5/5 patch, elapsed=66ms
2026-09-15 08:32:33,423 [INFO] sync_agent: Cycle #282 [delta]: 5/5 patch, elapsed=66ms
2026-09-15 08:32:34,422 [INFO] sync_agent: Cycle #283 [delta]: 5/5 patch, elapsed=64ms
2026-09-15 08:32:35,424 [INFO] sync_agent: Cycle #284 [delta]: 5/5 patch, elapsed=67ms
2026-09-15 08:32:36,424 [INFO] sync_agent: Cycle #285 [delta]: 5/5 patch, elapsed=66ms
2026-09-15 08:32:37,424 [INFO] sync_agent: Cycle #286 [delta]: 5/5 patch, elapsed=66ms
2026-09-15 08:32:38,423 [INFO] sync_agent: Cycle #287 [delta]: 5/5 patch, elapsed=65ms
2026-09-15 08:32:39,422 [INFO] sync_agent: Cycle #288 [delta]: 5/5 patch, elapsed=63ms
2026-09-15 08:32:40,422 [INFO] sync_agent: Cycle #289 [delta]: 5/5 patch, elapsed=63ms
2026-09-15 08:32:41,433 [INFO] sync_agent: Cycle #290 [delta]: 7/7 patch, elapsed=74ms
2026-09-15 08:32:42,438 [INFO] sync_agent: Cycle #291 [delta]: 7/7 patch, elapsed=79ms
2026-09-15 08:32:43,423 [INFO] sync_agent: Cycle #292 [delta]: 5/5 patch, elapsed=64ms
2026-09-15 08:32:44,427 [INFO] sync_agent: Cycle #293 [delta]: 5/5 patch, elapsed=67ms
2026-09-15 08:32:45,425 [INFO] sync_agent: Cycle #294 [delta]: 5/5 patch, elapsed=65ms
2026-09-15 08:32:46,424 [INFO] sync_agent: Cycle #295 [delta]: 5/5 patch, elapsed=64ms
2026-09-15 08:32:47,425 [INFO] sync_agent: Cycle #296 [delta]: 5/5 patch, elapsed=65ms
2026-09-15 08:32:48,425 [INFO] sync_agent: Cycle #297 [delta]: 5/5 patch, elapsed=64ms
2026-09-15 08:32:49,424 [INFO] sync_agent: Cycle #298 [delta]: 5/5 patch, elapsed=63ms
2026-09-15 08:32:50,426 [INFO] sync_agent: Cycle #299 [delta]: 5/5 patch, elapsed=65ms
2026-09-15 08:32:51,429 [INFO] sync_agent: Cycle #300 [delta]: 5/5 patch, elapsed=68ms
2026-09-15 08:32:52,481 [INFO] sync_agent: Cycle #301 [RECONCILE]: 16/16 patch, elapsed=120ms
2026-09-15 08:32:53,440 [INFO] sync_agent: Cycle #302 [delta]: 7/7 patch, elapsed=78ms
2026-09-15 08:32:54,426 [INFO] sync_agent: Cycle #303 [delta]: 5/5 patch, elapsed=64ms
2026-09-15 08:32:55,427 [INFO] sync_agent: Cycle #304 [delta]: 5/5 patch, elapsed=65ms
2026-09-15 08:32:56,425 [INFO] sync_agent: Cycle #305 [delta]: 5/5 patch, elapsed=63ms
2026-09-15 08:32:57,428 [INFO] sync_agent: Cycle #306 [delta]: 5/5 patch, elapsed=66ms
2026-09-15 08:32:58,426 [INFO] sync_agent: Cycle #307 [delta]: 5/5 patch, elapsed=64ms
2026-09-15 08:32:59,426 [INFO] sync_agent: Cycle #308 [delta]: 5/5 patch, elapsed=63ms
2026-09-15 08:33:00,426 [INFO] sync_agent: Cycle #309 [delta]: 5/5 patch, elapsed=63ms
2026-09-15 08:33:01,426 [INFO] sync_agent: Cycle #310 [delta]: 5/5 patch, elapsed=63ms
2026-09-15 08:33:02,438 [INFO] sync_agent: Cycle #311 [delta]: 5/5 patch, elapsed=74ms
2026-09-15 08:33:03,431 [INFO] sync_agent: Cycle #312 [delta]: 5/5 patch, elapsed=67ms
2026-09-15 08:33:04,444 [INFO] sync_agent: Cycle #313 [delta]: 5/5 patch, elapsed=80ms
2026-09-15 08:33:05,428 [INFO] sync_agent: Cycle #314 [delta]: 5/5 patch, elapsed=64ms
2026-09-15 08:33:06,428 [INFO] sync_agent: Cycle #315 [delta]: 5/5 patch, elapsed=64ms
2026-09-15 08:33:07,429 [INFO] sync_agent: Cycle #316 [delta]: 5/5 patch, elapsed=65ms
2026-09-15 08:33:08,429 [INFO] sync_agent: Cycle #317 [delta]: 5/5 patch, elapsed=64ms
2026-09-15 08:33:09,431 [INFO] sync_agent: Cycle #318 [delta]: 5/5 patch, elapsed=66ms
2026-09-15 08:33:10,431 [INFO] sync_agent: Cycle #319 [delta]: 5/5 patch, elapsed=66ms
2026-09-15 08:33:11,429 [INFO] sync_agent: Cycle #320 [delta]: 5/5 patch, elapsed=63ms
2026-09-15 08:33:12,428 [INFO] sync_agent: Cycle #321 [delta]: 5/5 patch, elapsed=63ms
2026-09-15 08:33:13,431 [INFO] sync_agent: Cycle #322 [delta]: 5/5 patch, elapsed=65ms
2026-09-15 08:33:14,433 [INFO] sync_agent: Cycle #323 [delta]: 5/5 patch, elapsed=67ms
2026-09-15 08:33:15,432 [INFO] sync_agent: Cycle #324 [delta]: 5/5 patch, elapsed=66ms
2026-09-15 08:33:16,430 [INFO] sync_agent: Cycle #325 [delta]: 5/5 patch, elapsed=63ms
2026-09-15 08:33:17,430 [INFO] sync_agent: Cycle #326 [delta]: 5/5 patch, elapsed=63ms
2026-09-15 08:33:18,440 [INFO] sync_agent: Cycle #327 [delta]: 5/5 patch, elapsed=73ms
2026-09-15 08:33:19,431 [INFO] sync_agent: Cycle #328 [delta]: 5/5 patch, elapsed=64ms
2026-09-15 08:33:20,431 [INFO] sync_agent: Cycle #329 [delta]: 5/5 patch, elapsed=64ms
2026-09-15 08:33:21,431 [INFO] sync_agent: Cycle #330 [delta]: 5/5 patch, elapsed=63ms
2026-09-15 08:33:22,489 [INFO] sync_agent: Cycle #331 [RECONCILE]: 16/16 patch, elapsed=121ms
2026-09-15 08:33:23,433 [INFO] sync_agent: Cycle #332 [delta]: 5/5 patch, elapsed=65ms
2026-09-15 08:33:24,432 [INFO] sync_agent: Cycle #333 [delta]: 5/5 patch, elapsed=64ms
2026-09-15 08:33:25,431 [INFO] sync_agent: Cycle #334 [delta]: 5/5 patch, elapsed=63ms
2026-09-15 08:33:26,431 [INFO] sync_agent: Cycle #335 [delta]: 5/5 patch, elapsed=63ms
2026-09-15 08:33:27,433 [INFO] sync_agent: Cycle #336 [delta]: 5/5 patch, elapsed=64ms
2026-09-15 08:33:28,433 [INFO] sync_agent: Cycle #337 [delta]: 5/5 patch, elapsed=64ms
2026-09-15 08:33:29,432 [INFO] sync_agent: Cycle #338 [delta]: 5/5 patch, elapsed=63ms
2026-09-15 08:33:30,434 [INFO] sync_agent: Cycle #339 [delta]: 5/5 patch, elapsed=64ms
2026-09-15 08:33:31,433 [INFO] sync_agent: Cycle #340 [delta]: 5/5 patch, elapsed=64ms
2026-09-15 08:33:32,436 [INFO] sync_agent: Cycle #341 [delta]: 5/5 patch, elapsed=66ms
2026-09-15 08:33:33,434 [INFO] sync_agent: Cycle #342 [delta]: 5/5 patch, elapsed=64ms
2026-09-15 08:33:34,435 [INFO] sync_agent: Cycle #343 [delta]: 5/5 patch, elapsed=64ms
2026-09-15 08:33:35,435 [INFO] sync_agent: Cycle #344 [delta]: 5/5 patch, elapsed=64ms
2026-09-15 08:33:36,448 [INFO] sync_agent: Cycle #345 [delta]: 5/5 patch, elapsed=77ms
2026-09-15 08:33:37,439 [INFO] sync_agent: Cycle #346 [delta]: 5/5 patch, elapsed=69ms
2026-09-15 08:33:38,434 [INFO] sync_agent: Cycle #347 [delta]: 5/5 patch, elapsed=63ms
2026-09-15 08:33:39,434 [INFO] sync_agent: Cycle #348 [delta]: 5/5 patch, elapsed=63ms
2026-09-15 08:33:40,434 [INFO] sync_agent: Cycle #349 [delta]: 5/5 patch, elapsed=63ms
2026-09-15 08:33:41,446 [INFO] sync_agent: Cycle #350 [delta]: 7/7 patch, elapsed=74ms
2026-09-15 08:33:42,446 [INFO] sync_agent: Cycle #351 [delta]: 7/7 patch, elapsed=74ms
2026-09-15 08:33:43,436 [INFO] sync_agent: Cycle #352 [delta]: 5/5 patch, elapsed=63ms
2026-09-15 08:33:44,438 [INFO] sync_agent: Cycle #353 [delta]: 5/5 patch, elapsed=66ms
2026-09-15 08:33:45,437 [INFO] sync_agent: Cycle #354 [delta]: 5/5 patch, elapsed=64ms
2026-09-15 08:33:46,438 [INFO] sync_agent: Cycle #355 [delta]: 5/5 patch, elapsed=65ms
2026-09-15 08:33:47,439 [INFO] sync_agent: Cycle #356 [delta]: 5/5 patch, elapsed=66ms
2026-09-15 08:33:48,437 [INFO] sync_agent: Cycle #357 [delta]: 5/5 patch, elapsed=64ms
2026-09-15 08:33:49,438 [INFO] sync_agent: Cycle #358 [delta]: 5/5 patch, elapsed=64ms
2026-09-15 08:33:50,443 [INFO] sync_agent: Cycle #359 [delta]: 5/5 patch, elapsed=69ms
2026-09-15 08:33:51,438 [INFO] sync_agent: Cycle #360 [delta]: 5/5 patch, elapsed=64ms
2026-09-15 08:33:52,496 [INFO] sync_agent: Cycle #361 [RECONCILE]: 16/16 patch, elapsed=122ms
2026-09-15 08:33:53,440 [INFO] sync_agent: Cycle #362 [delta]: 5/5 patch, elapsed=65ms
2026-09-15 08:33:54,438 [INFO] sync_agent: Cycle #363 [delta]: 5/5 patch, elapsed=63ms
2026-09-15 08:33:55,440 [INFO] sync_agent: Cycle #364 [delta]: 5/5 patch, elapsed=65ms
2026-09-15 08:33:56,438 [INFO] sync_agent: Cycle #365 [delta]: 5/5 patch, elapsed=63ms
2026-09-15 08:33:57,440 [INFO] sync_agent: Cycle #366 [delta]: 5/5 patch, elapsed=65ms
2026-09-15 08:33:58,440 [INFO] sync_agent: Cycle #367 [delta]: 5/5 patch, elapsed=64ms
2026-09-15 08:33:59,439 [INFO] sync_agent: Cycle #368 [delta]: 5/5 patch, elapsed=63ms
2026-09-15 08:34:00,439 [INFO] sync_agent: Cycle #369 [delta]: 5/5 patch, elapsed=64ms
2026-09-15 08:34:01,440 [INFO] sync_agent: Cycle #370 [delta]: 5/5 patch, elapsed=64ms
2026-09-15 08:34:02,444 [INFO] sync_agent: Cycle #371 [delta]: 5/5 patch, elapsed=68ms
2026-09-15 08:34:03,445 [INFO] sync_agent: Cycle #372 [delta]: 5/5 patch, elapsed=69ms
2026-09-15 08:34:04,444 [INFO] sync_agent: Cycle #373 [delta]: 5/5 patch, elapsed=67ms
2026-09-15 08:34:05,444 [INFO] sync_agent: Cycle #374 [delta]: 5/5 patch, elapsed=67ms
2026-09-15 08:34:06,449 [INFO] sync_agent: Cycle #375 [delta]: 7/7 patch, elapsed=72ms
2026-09-15 08:34:07,453 [INFO] sync_agent: Cycle #376 [delta]: 7/7 patch, elapsed=76ms
2026-09-15 08:34:08,446 [INFO] sync_agent: Cycle #377 [delta]: 5/5 patch, elapsed=68ms
2026-09-15 08:34:09,441 [INFO] sync_agent: Cycle #378 [delta]: 5/5 patch, elapsed=64ms
2026-09-15 08:34:10,442 [INFO] sync_agent: Cycle #379 [delta]: 5/5 patch, elapsed=65ms
2026-09-15 08:34:11,443 [INFO] sync_agent: Cycle #380 [delta]: 5/5 patch, elapsed=65ms
2026-09-15 08:34:12,441 [INFO] sync_agent: Cycle #381 [delta]: 5/5 patch, elapsed=63ms
2026-09-15 08:34:13,444 [INFO] sync_agent: Cycle #382 [delta]: 5/5 patch, elapsed=65ms
2026-09-15 08:34:14,444 [INFO] sync_agent: Cycle #383 [delta]: 5/5 patch, elapsed=65ms
2026-09-15 08:34:15,444 [INFO] sync_agent: Cycle #384 [delta]: 5/5 patch, elapsed=65ms
2026-09-15 08:34:16,442 [INFO] sync_agent: Cycle #385 [delta]: 5/5 patch, elapsed=63ms
2026-09-15 08:34:17,443 [INFO] sync_agent: Cycle #386 [delta]: 5/5 patch, elapsed=64ms
2026-09-15 08:34:18,444 [INFO] sync_agent: Cycle #387 [delta]: 5/5 patch, elapsed=64ms
2026-09-15 08:34:19,443 [INFO] sync_agent: Cycle #388 [delta]: 5/5 patch, elapsed=63ms
2026-09-15 08:34:20,443 [INFO] sync_agent: Cycle #389 [delta]: 5/5 patch, elapsed=63ms
2026-09-15 08:34:21,446 [INFO] sync_agent: Cycle #390 [delta]: 5/5 patch, elapsed=66ms
2026-09-15 08:34:22,507 [INFO] sync_agent: Cycle #391 [RECONCILE]: 16/16 patch, elapsed=127ms
2026-09-15 08:34:23,445 [INFO] sync_agent: Cycle #392 [delta]: 5/5 patch, elapsed=64ms
2026-09-15 08:34:24,446 [INFO] sync_agent: Cycle #393 [delta]: 5/5 patch, elapsed=65ms
2026-09-15 08:34:25,445 [INFO] sync_agent: Cycle #394 [delta]: 5/5 patch, elapsed=64ms
2026-09-15 08:34:26,446 [INFO] sync_agent: Cycle #395 [delta]: 5/5 patch, elapsed=65ms
2026-09-15 08:34:27,445 [INFO] sync_agent: Cycle #396 [delta]: 5/5 patch, elapsed=63ms
2026-09-15 08:34:28,445 [INFO] sync_agent: Cycle #397 [delta]: 5/5 patch, elapsed=63ms
2026-09-15 08:34:29,447 [INFO] sync_agent: Cycle #398 [delta]: 5/5 patch, elapsed=65ms
2026-09-15 08:34:30,445 [INFO] sync_agent: Cycle #399 [delta]: 5/5 patch, elapsed=63ms
2026-09-15 08:34:31,446 [INFO] sync_agent: Cycle #400 [delta]: 5/5 patch, elapsed=63ms
2026-09-15 08:34:32,446 [INFO] sync_agent: Cycle #401 [delta]: 5/5 patch, elapsed=63ms
2026-09-15 08:34:33,448 [INFO] sync_agent: Cycle #402 [delta]: 5/5 patch, elapsed=65ms
2026-09-15 08:34:34,446 [INFO] sync_agent: Cycle #403 [delta]: 5/5 patch, elapsed=63ms
2026-09-15 08:34:35,448 [INFO] sync_agent: Cycle #404 [delta]: 5/5 patch, elapsed=64ms
2026-09-15 08:34:36,447 [INFO] sync_agent: Cycle #405 [delta]: 5/5 patch, elapsed=64ms
2026-09-15 08:34:37,449 [INFO] sync_agent: Cycle #406 [delta]: 5/5 patch, elapsed=65ms
2026-09-15 08:34:38,459 [INFO] sync_agent: Cycle #407 [delta]: 5/5 patch, elapsed=75ms
2026-09-15 08:34:39,447 [INFO] sync_agent: Cycle #408 [delta]: 5/5 patch, elapsed=62ms
2026-09-15 08:34:40,449 [INFO] sync_agent: Cycle #409 [delta]: 5/5 patch, elapsed=64ms
2026-09-15 08:34:41,448 [INFO] sync_agent: Cycle #410 [delta]: 5/5 patch, elapsed=64ms
2026-09-15 08:34:42,449 [INFO] sync_agent: Cycle #411 [delta]: 5/5 patch, elapsed=64ms
2026-09-15 08:34:43,449 [INFO] sync_agent: Cycle #412 [delta]: 5/5 patch, elapsed=64ms
2026-09-15 08:34:44,452 [INFO] sync_agent: Cycle #413 [delta]: 5/5 patch, elapsed=67ms
2026-09-15 08:34:45,449 [INFO] sync_agent: Cycle #414 [delta]: 5/5 patch, elapsed=64ms
2026-09-15 08:34:46,450 [INFO] sync_agent: Cycle #415 [delta]: 5/5 patch, elapsed=64ms
2026-09-15 08:34:47,454 [INFO] sync_agent: Cycle #416 [delta]: 5/5 patch, elapsed=68ms
2026-09-15 08:34:48,451 [INFO] sync_agent: Cycle #417 [delta]: 5/5 patch, elapsed=65ms
2026-09-15 08:34:49,449 [INFO] sync_agent: Cycle #418 [delta]: 5/5 patch, elapsed=63ms
2026-09-15 08:34:50,451 [INFO] sync_agent: Cycle #419 [delta]: 5/5 patch, elapsed=64ms
2026-09-15 08:34:51,452 [INFO] sync_agent: Cycle #420 [delta]: 5/5 patch, elapsed=65ms
2026-09-15 08:34:52,514 [INFO] sync_agent: Cycle #421 [RECONCILE]: 16/16 patch, elapsed=127ms
2026-09-15 08:34:53,452 [INFO] sync_agent: Cycle #422 [delta]: 5/5 patch, elapsed=65ms
2026-09-15 08:34:54,455 [INFO] sync_agent: Cycle #423 [delta]: 5/5 patch, elapsed=67ms
2026-09-15 08:34:55,451 [INFO] sync_agent: Cycle #424 [delta]: 5/5 patch, elapsed=64ms
2026-09-15 08:34:56,452 [INFO] sync_agent: Cycle #425 [delta]: 5/5 patch, elapsed=64ms
2026-09-15 08:34:57,453 [INFO] sync_agent: Cycle #426 [delta]: 5/5 patch, elapsed=64ms
2026-09-15 08:34:58,450 [INFO] sync_agent: Cycle #427 [delta]: 5/5 patch, elapsed=61ms
2026-09-15 08:34:59,452 [INFO] sync_agent: Cycle #428 [delta]: 5/5 patch, elapsed=64ms
2026-09-15 08:35:00,452 [INFO] sync_agent: Cycle #429 [delta]: 5/5 patch, elapsed=63ms
2026-09-15 08:35:01,454 [INFO] sync_agent: Cycle #430 [delta]: 5/5 patch, elapsed=65ms
2026-09-15 08:35:02,453 [INFO] sync_agent: Cycle #431 [delta]: 5/5 patch, elapsed=63ms
2026-09-15 08:35:03,457 [INFO] sync_agent: Cycle #432 [delta]: 5/5 patch, elapsed=68ms
2026-09-15 08:35:04,454 [INFO] sync_agent: Cycle #433 [delta]: 5/5 patch, elapsed=64ms
2026-09-15 08:35:05,453 [INFO] sync_agent: Cycle #434 [delta]: 5/5 patch, elapsed=63ms
2026-09-15 08:35:06,453 [INFO] sync_agent: Cycle #435 [delta]: 5/5 patch, elapsed=63ms
2026-09-15 08:35:07,454 [INFO] sync_agent: Cycle #436 [delta]: 5/5 patch, elapsed=64ms
2026-09-15 08:35:08,454 [INFO] sync_agent: Cycle #437 [delta]: 5/5 patch, elapsed=63ms
2026-09-15 08:35:09,454 [INFO] sync_agent: Cycle #438 [delta]: 5/5 patch, elapsed=63ms
2026-09-15 08:35:10,455 [INFO] sync_agent: Cycle #439 [delta]: 5/5 patch, elapsed=64ms
2026-09-15 08:35:11,455 [INFO] sync_agent: Cycle #440 [delta]: 5/5 patch, elapsed=63ms
2026-09-15 08:35:12,455 [INFO] sync_agent: Cycle #441 [delta]: 5/5 patch, elapsed=64ms
2026-09-15 08:35:13,469 [INFO] sync_agent: Cycle #442 [delta]: 5/5 patch, elapsed=77ms
2026-09-15 08:35:14,463 [INFO] sync_agent: Cycle #443 [delta]: 5/5 patch, elapsed=71ms
2026-09-15 08:35:15,456 [INFO] sync_agent: Cycle #444 [delta]: 5/5 patch, elapsed=64ms
2026-09-15 08:35:16,457 [INFO] sync_agent: Cycle #445 [delta]: 5/5 patch, elapsed=64ms
2026-09-15 08:35:17,460 [INFO] sync_agent: Cycle #446 [delta]: 5/5 patch, elapsed=67ms
2026-09-15 08:35:18,458 [INFO] sync_agent: Cycle #447 [delta]: 5/5 patch, elapsed=66ms
2026-09-15 08:35:19,456 [INFO] sync_agent: Cycle #448 [delta]: 5/5 patch, elapsed=63ms
2026-09-15 08:35:20,457 [INFO] sync_agent: Cycle #449 [delta]: 5/5 patch, elapsed=64ms
2026-09-15 08:35:21,457 [INFO] sync_agent: Cycle #450 [delta]: 5/5 patch, elapsed=64ms
2026-09-15 08:35:22,511 [INFO] sync_agent: Cycle #451 [RECONCILE]: 16/16 patch, elapsed=118ms
2026-09-15 08:35:23,458 [INFO] sync_agent: Cycle #452 [delta]: 5/5 patch, elapsed=64ms
2026-09-15 08:35:24,457 [INFO] sync_agent: Cycle #453 [delta]: 5/5 patch, elapsed=63ms
2026-09-15 08:35:25,461 [INFO] sync_agent: Cycle #454 [delta]: 5/5 patch, elapsed=66ms
2026-09-15 08:35:26,459 [INFO] sync_agent: Cycle #455 [delta]: 5/5 patch, elapsed=64ms
2026-09-15 08:35:27,463 [INFO] sync_agent: Cycle #456 [delta]: 5/5 patch, elapsed=68ms
2026-09-15 08:35:28,459 [INFO] sync_agent: Cycle #457 [delta]: 5/5 patch, elapsed=64ms
2026-09-15 08:35:29,459 [INFO] sync_agent: Cycle #458 [delta]: 5/5 patch, elapsed=64ms
2026-09-15 08:35:30,459 [INFO] sync_agent: Cycle #459 [delta]: 5/5 patch, elapsed=64ms
2026-09-15 08:35:31,463 [INFO] sync_agent: Cycle #460 [delta]: 5/5 patch, elapsed=68ms
2026-09-15 08:35:32,461 [INFO] sync_agent: Cycle #461 [delta]: 5/5 patch, elapsed=65ms
2026-09-15 08:35:33,460 [INFO] sync_agent: Cycle #462 [delta]: 5/5 patch, elapsed=64ms
2026-09-15 08:35:34,460 [INFO] sync_agent: Cycle #463 [delta]: 5/5 patch, elapsed=64ms
2026-09-15 08:35:35,461 [INFO] sync_agent: Cycle #464 [delta]: 5/5 patch, elapsed=65ms
2026-09-15 08:35:36,469 [INFO] sync_agent: Cycle #465 [delta]: 7/7 patch, elapsed=72ms
2026-09-15 08:35:37,472 [INFO] sync_agent: Cycle #466 [delta]: 7/7 patch, elapsed=75ms
2026-09-15 08:35:38,461 [INFO] sync_agent: Cycle #467 [delta]: 5/5 patch, elapsed=64ms
2026-09-15 08:35:39,464 [INFO] sync_agent: Cycle #468 [delta]: 5/5 patch, elapsed=66ms
2026-09-15 08:35:40,462 [INFO] sync_agent: Cycle #469 [delta]: 5/5 patch, elapsed=65ms
2026-09-15 08:35:41,462 [INFO] sync_agent: Cycle #470 [delta]: 5/5 patch, elapsed=65ms
2026-09-15 08:35:42,463 [INFO] sync_agent: Cycle #471 [delta]: 5/5 patch, elapsed=66ms
2026-09-15 08:35:43,466 [INFO] sync_agent: Cycle #472 [delta]: 5/5 patch, elapsed=68ms
2026-09-15 08:35:44,487 [INFO] sync_agent: Cycle #473 [delta]: 9/9 patch, elapsed=89ms
2026-09-15 08:35:45,485 [INFO] sync_agent: Cycle #474 [delta]: 9/9 patch, elapsed=87ms
2026-09-15 08:35:46,461 [INFO] sync_agent: Cycle #475 [delta]: 5/5 patch, elapsed=62ms
2026-09-15 08:35:47,464 [INFO] sync_agent: Cycle #476 [delta]: 5/5 patch, elapsed=65ms
2026-09-15 08:35:48,464 [INFO] sync_agent: Cycle #477 [delta]: 5/5 patch, elapsed=64ms
2026-09-15 08:35:49,463 [INFO] sync_agent: Cycle #478 [delta]: 5/5 patch, elapsed=64ms
2026-09-15 08:35:50,464 [INFO] sync_agent: Cycle #479 [delta]: 5/5 patch, elapsed=64ms
2026-09-15 08:35:51,464 [INFO] sync_agent: Cycle #480 [delta]: 5/5 patch, elapsed=64ms
2026-09-15 08:35:52,524 [INFO] sync_agent: Cycle #481 [RECONCILE]: 16/16 patch, elapsed=124ms
2026-09-15 08:35:53,474 [INFO] sync_agent: Cycle #482 [delta]: 7/7 patch, elapsed=74ms
2026-09-15 08:35:54,466 [INFO] sync_agent: Cycle #483 [delta]: 5/5 patch, elapsed=65ms
2026-09-15 08:35:55,465 [INFO] sync_agent: Cycle #484 [delta]: 5/5 patch, elapsed=64ms
2026-09-15 08:35:56,464 [INFO] sync_agent: Cycle #485 [delta]: 5/5 patch, elapsed=63ms
2026-09-15 08:35:57,466 [INFO] sync_agent: Cycle #486 [delta]: 5/5 patch, elapsed=65ms
2026-09-15 08:35:58,466 [INFO] sync_agent: Cycle #487 [delta]: 5/5 patch, elapsed=64ms
2026-09-15 08:35:59,466 [INFO] sync_agent: Cycle #488 [delta]: 5/5 patch, elapsed=64ms
2026-09-15 08:36:00,474 [INFO] sync_agent: Cycle #489 [delta]: 7/7 patch, elapsed=73ms
2026-09-15 08:36:01,483 [INFO] sync_agent: Cycle #490 [delta]: 7/7 patch, elapsed=81ms
2026-09-15 08:36:02,467 [INFO] sync_agent: Cycle #491 [delta]: 5/5 patch, elapsed=64ms
2026-09-15 08:36:03,477 [INFO] sync_agent: Cycle #492 [delta]: 5/5 patch, elapsed=74ms
2026-09-15 08:36:04,466 [INFO] sync_agent: Cycle #493 [delta]: 5/5 patch, elapsed=64ms
2026-09-15 08:36:05,468 [INFO] sync_agent: Cycle #494 [delta]: 5/5 patch, elapsed=65ms
2026-09-15 08:36:06,467 [INFO] sync_agent: Cycle #495 [delta]: 5/5 patch, elapsed=64ms
2026-09-15 08:36:07,468 [INFO] sync_agent: Cycle #496 [delta]: 5/5 patch, elapsed=64ms
2026-09-15 08:36:08,466 [INFO] sync_agent: Cycle #497 [delta]: 5/5 patch, elapsed=62ms
2026-09-15 08:36:09,467 [INFO] sync_agent: Cycle #498 [delta]: 5/5 patch, elapsed=63ms
2026-09-15 08:36:10,468 [INFO] sync_agent: Cycle #499 [delta]: 5/5 patch, elapsed=64ms
2026-09-15 08:36:11,467 [INFO] sync_agent: Cycle #500 [delta]: 5/5 patch, elapsed=63ms
2026-09-15 08:36:12,468 [INFO] sync_agent: Cycle #501 [delta]: 5/5 patch, elapsed=64ms
2026-09-15 08:36:13,469 [INFO] sync_agent: Cycle #502 [delta]: 5/5 patch, elapsed=64ms
2026-09-15 08:36:14,470 [INFO] sync_agent: Cycle #503 [delta]: 5/5 patch, elapsed=65ms
2026-09-15 08:36:15,467 [INFO] sync_agent: Cycle #504 [delta]: 5/5 patch, elapsed=62ms
2026-09-15 08:36:16,469 [INFO] sync_agent: Cycle #505 [delta]: 5/5 patch, elapsed=64ms
2026-09-15 08:36:17,470 [INFO] sync_agent: Cycle #506 [delta]: 5/5 patch, elapsed=65ms
2026-09-15 08:36:18,469 [INFO] sync_agent: Cycle #507 [delta]: 5/5 patch, elapsed=63ms
2026-09-15 08:36:19,471 [INFO] sync_agent: Cycle #508 [delta]: 5/5 patch, elapsed=65ms
2026-09-15 08:36:20,469 [INFO] sync_agent: Cycle #509 [delta]: 5/5 patch, elapsed=63ms
2026-09-15 08:36:21,471 [INFO] sync_agent: Cycle #510 [delta]: 5/5 patch, elapsed=64ms
2026-09-15 08:36:22,524 [INFO] sync_agent: Cycle #511 [RECONCILE]: 16/16 patch, elapsed=117ms
2026-09-15 08:36:23,472 [INFO] sync_agent: Cycle #512 [delta]: 5/5 patch, elapsed=65ms
2026-09-15 08:36:24,472 [INFO] sync_agent: Cycle #513 [delta]: 5/5 patch, elapsed=65ms
2026-09-15 08:36:25,471 [INFO] sync_agent: Cycle #514 [delta]: 5/5 patch, elapsed=63ms
2026-09-15 08:36:26,472 [INFO] sync_agent: Cycle #515 [delta]: 5/5 patch, elapsed=64ms
2026-09-15 08:36:27,489 [INFO] sync_agent: Cycle #516 [delta]: 5/5 patch, elapsed=82ms
2026-09-15 08:36:28,472 [INFO] sync_agent: Cycle #517 [delta]: 5/5 patch, elapsed=64ms
2026-09-15 08:36:29,478 [INFO] sync_agent: Cycle #518 [delta]: 6/6 patch, elapsed=69ms
2026-09-15 08:36:30,479 [INFO] sync_agent: Cycle #519 [delta]: 6/6 patch, elapsed=71ms
2026-09-15 08:36:31,472 [INFO] sync_agent: Cycle #520 [delta]: 5/5 patch, elapsed=64ms
2026-09-15 08:36:32,474 [INFO] sync_agent: Cycle #521 [delta]: 5/5 patch, elapsed=66ms
2026-09-15 08:36:33,473 [INFO] sync_agent: Cycle #522 [delta]: 5/5 patch, elapsed=65ms
2026-09-15 08:36:34,473 [INFO] sync_agent: Cycle #523 [delta]: 5/5 patch, elapsed=64ms
2026-09-15 08:36:35,474 [INFO] sync_agent: Cycle #524 [delta]: 5/5 patch, elapsed=65ms
2026-09-15 08:36:36,478 [INFO] sync_agent: Cycle #525 [delta]: 5/5 patch, elapsed=69ms
2026-09-15 08:36:37,485 [INFO] sync_agent: Cycle #526 [delta]: 7/7 patch, elapsed=75ms
2026-09-15 08:36:38,483 [INFO] sync_agent: Cycle #527 [delta]: 7/7 patch, elapsed=73ms
2026-09-15 08:36:39,472 [INFO] sync_agent: Cycle #528 [delta]: 5/5 patch, elapsed=62ms
2026-09-15 08:36:40,472 [INFO] sync_agent: Cycle #529 [delta]: 5/5 patch, elapsed=61ms
2026-09-15 08:36:41,480 [INFO] sync_agent: Cycle #530 [delta]: 6/6 patch, elapsed=69ms
2026-09-15 08:36:42,478 [INFO] sync_agent: Cycle #531 [delta]: 6/6 patch, elapsed=67ms
2026-09-15 08:36:43,476 [INFO] sync_agent: Cycle #532 [delta]: 5/5 patch, elapsed=65ms
2026-09-15 08:36:44,480 [INFO] sync_agent: Cycle #533 [delta]: 5/5 patch, elapsed=69ms
2026-09-15 08:36:45,474 [INFO] sync_agent: Cycle #534 [delta]: 5/5 patch, elapsed=63ms
2026-09-15 08:36:46,482 [INFO] sync_agent: Cycle #535 [delta]: 5/5 patch, elapsed=71ms
2026-09-15 08:36:47,483 [INFO] sync_agent: Cycle #536 [delta]: 5/5 patch, elapsed=71ms
2026-09-15 08:36:48,477 [INFO] sync_agent: Cycle #537 [delta]: 5/5 patch, elapsed=65ms
2026-09-15 08:36:49,478 [INFO] sync_agent: Cycle #538 [delta]: 5/5 patch, elapsed=65ms
2026-09-15 08:36:50,476 [INFO] sync_agent: Cycle #539 [delta]: 5/5 patch, elapsed=63ms
2026-09-15 08:36:51,476 [INFO] sync_agent: Cycle #540 [delta]: 5/5 patch, elapsed=63ms
2026-09-15 08:36:52,533 [INFO] sync_agent: Cycle #541 [RECONCILE]: 16/16 patch, elapsed=120ms
2026-09-15 08:36:53,479 [INFO] sync_agent: Cycle #542 [delta]: 5/5 patch, elapsed=66ms
2026-09-15 08:36:54,487 [INFO] sync_agent: Cycle #543 [delta]: 7/7 patch, elapsed=73ms
2026-09-15 08:36:55,489 [INFO] sync_agent: Cycle #544 [delta]: 7/7 patch, elapsed=75ms
2026-09-15 08:36:56,477 [INFO] sync_agent: Cycle #545 [delta]: 5/5 patch, elapsed=63ms
2026-09-15 08:36:57,478 [INFO] sync_agent: Cycle #546 [delta]: 5/5 patch, elapsed=64ms
2026-09-15 08:36:58,478 [INFO] sync_agent: Cycle #547 [delta]: 5/5 patch, elapsed=63ms
2026-09-15 08:36:59,477 [INFO] sync_agent: Cycle #548 [delta]: 5/5 patch, elapsed=62ms
2026-09-15 08:37:00,477 [INFO] sync_agent: Cycle #549 [delta]: 5/5 patch, elapsed=62ms
2026-09-15 08:37:01,479 [INFO] sync_agent: Cycle #550 [delta]: 5/5 patch, elapsed=64ms
2026-09-15 08:37:02,482 [INFO] sync_agent: Cycle #551 [delta]: 5/5 patch, elapsed=66ms
2026-09-15 08:37:03,481 [INFO] sync_agent: Cycle #552 [delta]: 5/5 patch, elapsed=65ms
2026-09-15 08:37:04,481 [INFO] sync_agent: Cycle #553 [delta]: 5/5 patch, elapsed=66ms
2026-09-15 08:37:05,478 [INFO] sync_agent: Cycle #554 [delta]: 5/5 patch, elapsed=63ms
2026-09-15 08:37:06,482 [INFO] sync_agent: Cycle #555 [delta]: 5/5 patch, elapsed=66ms
2026-09-15 08:37:07,481 [INFO] sync_agent: Cycle #556 [delta]: 5/5 patch, elapsed=64ms
2026-09-15 08:37:08,480 [INFO] sync_agent: Cycle #557 [delta]: 5/5 patch, elapsed=64ms
2026-09-15 08:37:09,480 [INFO] sync_agent: Cycle #558 [delta]: 5/5 patch, elapsed=63ms
2026-09-15 08:37:10,485 [INFO] sync_agent: Cycle #559 [delta]: 5/5 patch, elapsed=68ms
2026-09-15 08:37:11,482 [INFO] sync_agent: Cycle #560 [delta]: 5/5 patch, elapsed=64ms
2026-09-15 08:37:12,482 [INFO] sync_agent: Cycle #561 [delta]: 5/5 patch, elapsed=64ms
2026-09-15 08:37:13,483 [INFO] sync_agent: Cycle #562 [delta]: 5/5 patch, elapsed=66ms
2026-09-15 08:37:14,481 [INFO] sync_agent: Cycle #563 [delta]: 5/5 patch, elapsed=64ms
2026-09-15 08:37:15,481 [INFO] sync_agent: Cycle #564 [delta]: 5/5 patch, elapsed=63ms
2026-09-15 08:37:16,480 [INFO] sync_agent: Cycle #565 [delta]: 5/5 patch, elapsed=62ms
2026-09-15 08:37:17,482 [INFO] sync_agent: Cycle #566 [delta]: 5/5 patch, elapsed=64ms
2026-09-15 08:37:18,483 [INFO] sync_agent: Cycle #567 [delta]: 5/5 patch, elapsed=64ms
2026-09-15 08:37:19,484 [INFO] sync_agent: Cycle #568 [delta]: 5/5 patch, elapsed=65ms
2026-09-15 08:37:20,482 [INFO] sync_agent: Cycle #569 [delta]: 5/5 patch, elapsed=63ms
2026-09-15 08:37:21,482 [INFO] sync_agent: Cycle #570 [delta]: 5/5 patch, elapsed=63ms
2026-09-15 08:37:22,538 [INFO] sync_agent: Cycle #571 [RECONCILE]: 16/16 patch, elapsed=119ms
2026-09-15 08:37:23,484 [INFO] sync_agent: Cycle #572 [delta]: 5/5 patch, elapsed=64ms
2026-09-15 08:37:24,485 [INFO] sync_agent: Cycle #573 [delta]: 5/5 patch, elapsed=65ms
2026-09-15 08:37:25,487 [INFO] sync_agent: Cycle #574 [delta]: 5/5 patch, elapsed=66ms
2026-09-15 08:37:26,486 [INFO] sync_agent: Cycle #575 [delta]: 5/5 patch, elapsed=65ms
2026-09-15 08:37:27,485 [INFO] sync_agent: Cycle #576 [delta]: 5/5 patch, elapsed=65ms
2026-09-15 08:37:28,484 [INFO] sync_agent: Cycle #577 [delta]: 5/5 patch, elapsed=63ms
2026-09-15 08:37:29,485 [INFO] sync_agent: Cycle #578 [delta]: 5/5 patch, elapsed=64ms
2026-09-15 08:37:30,485 [INFO] sync_agent: Cycle #579 [delta]: 5/5 patch, elapsed=64ms
2026-09-15 08:37:31,484 [INFO] sync_agent: Cycle #580 [delta]: 5/5 patch, elapsed=63ms
2026-09-15 08:37:32,485 [INFO] sync_agent: Cycle #581 [delta]: 5/5 patch, elapsed=63ms
2026-09-15 08:37:33,487 [INFO] sync_agent: Cycle #582 [delta]: 5/5 patch, elapsed=65ms
2026-09-15 08:37:34,486 [INFO] sync_agent: Cycle #583 [delta]: 5/5 patch, elapsed=64ms
2026-09-15 08:37:35,485 [INFO] sync_agent: Cycle #584 [delta]: 5/5 patch, elapsed=63ms
2026-09-15 08:37:36,486 [INFO] sync_agent: Cycle #585 [delta]: 5/5 patch, elapsed=64ms
2026-09-15 08:37:37,488 [INFO] sync_agent: Cycle #586 [delta]: 5/5 patch, elapsed=65ms
2026-09-15 08:37:38,485 [INFO] sync_agent: Cycle #587 [delta]: 5/5 patch, elapsed=63ms
2026-09-15 08:37:39,486 [INFO] sync_agent: Cycle #588 [delta]: 5/5 patch, elapsed=63ms
2026-09-15 08:37:40,486 [INFO] sync_agent: Cycle #589 [delta]: 5/5 patch, elapsed=62ms
2026-09-15 08:37:41,490 [INFO] sync_agent: Cycle #590 [delta]: 5/5 patch, elapsed=67ms
2026-09-15 08:37:42,493 [INFO] sync_agent: Cycle #591 [delta]: 5/5 patch, elapsed=69ms
2026-09-15 08:37:43,490 [INFO] sync_agent: Cycle #592 [delta]: 5/5 patch, elapsed=66ms
2026-09-15 08:37:44,490 [INFO] sync_agent: Cycle #593 [delta]: 5/5 patch, elapsed=66ms
2026-09-15 08:37:45,490 [INFO] sync_agent: Cycle #594 [delta]: 5/5 patch, elapsed=65ms
2026-09-15 08:37:46,489 [INFO] sync_agent: Cycle #595 [delta]: 5/5 patch, elapsed=65ms
2026-09-15 08:37:47,490 [INFO] sync_agent: Cycle #596 [delta]: 5/5 patch, elapsed=66ms
2026-09-15 08:37:48,488 [INFO] sync_agent: Cycle #597 [delta]: 5/5 patch, elapsed=63ms
2026-09-15 08:37:49,490 [INFO] sync_agent: Cycle #598 [delta]: 5/5 patch, elapsed=65ms
2026-09-15 08:37:50,489 [INFO] sync_agent: Cycle #599 [delta]: 5/5 patch, elapsed=64ms
2026-09-15 08:37:51,497 [INFO] sync_agent: Cycle #600 [delta]: 5/5 patch, elapsed=72ms
2026-09-15 08:37:52,551 [INFO] sync_agent: Cycle #601 [RECONCILE]: 16/16 patch, elapsed=125ms
2026-09-15 08:37:53,492 [INFO] sync_agent: Cycle #602 [delta]: 5/5 patch, elapsed=66ms
2026-09-15 08:37:54,492 [INFO] sync_agent: Cycle #603 [delta]: 5/5 patch, elapsed=66ms
2026-09-15 08:37:55,492 [INFO] sync_agent: Cycle #604 [delta]: 5/5 patch, elapsed=65ms
2026-09-15 08:37:56,493 [INFO] sync_agent: Cycle #605 [delta]: 5/5 patch, elapsed=66ms
2026-09-15 08:37:57,491 [INFO] sync_agent: Cycle #606 [delta]: 5/5 patch, elapsed=64ms
2026-09-15 08:37:58,491 [INFO] sync_agent: Cycle #607 [delta]: 5/5 patch, elapsed=64ms
2026-09-15 08:37:59,491 [INFO] sync_agent: Cycle #608 [delta]: 5/5 patch, elapsed=64ms
2026-09-15 08:38:00,492 [INFO] sync_agent: Cycle #609 [delta]: 5/5 patch, elapsed=64ms
2026-09-15 08:38:01,488 [INFO] sync_agent: Cycle #610 [delta]: 4/4 patch, elapsed=60ms
2026-09-15 08:38:02,492 [INFO] sync_agent: Cycle #611 [delta]: 5/5 patch, elapsed=64ms
2026-09-15 08:38:03,494 [INFO] sync_agent: Cycle #612 [delta]: 5/5 patch, elapsed=66ms
2026-09-15 08:38:04,493 [INFO] sync_agent: Cycle #613 [delta]: 5/5 patch, elapsed=65ms
2026-09-15 08:38:05,494 [INFO] sync_agent: Cycle #614 [delta]: 5/5 patch, elapsed=66ms
2026-09-15 08:38:06,492 [INFO] sync_agent: Cycle #615 [delta]: 5/5 patch, elapsed=63ms
2026-09-15 08:38:07,497 [INFO] sync_agent: Cycle #616 [delta]: 5/5 patch, elapsed=68ms
2026-09-15 08:38:08,495 [INFO] sync_agent: Cycle #617 [delta]: 5/5 patch, elapsed=66ms
2026-09-15 08:38:09,493 [INFO] sync_agent: Cycle #618 [delta]: 5/5 patch, elapsed=64ms
2026-09-15 08:38:10,493 [INFO] sync_agent: Cycle #619 [delta]: 5/5 patch, elapsed=63ms
2026-09-15 08:38:11,495 [INFO] sync_agent: Cycle #620 [delta]: 5/5 patch, elapsed=65ms
2026-09-15 08:38:12,494 [INFO] sync_agent: Cycle #621 [delta]: 5/5 patch, elapsed=64ms
2026-09-15 08:38:13,498 [INFO] sync_agent: Cycle #622 [delta]: 5/5 patch, elapsed=67ms
2026-09-15 08:38:14,497 [INFO] sync_agent: Cycle #623 [delta]: 5/5 patch, elapsed=67ms
2026-09-15 08:38:15,495 [INFO] sync_agent: Cycle #624 [delta]: 5/5 patch, elapsed=64ms
2026-09-15 08:38:16,496 [INFO] sync_agent: Cycle #625 [delta]: 5/5 patch, elapsed=65ms
2026-09-15 08:38:17,497 [INFO] sync_agent: Cycle #626 [delta]: 5/5 patch, elapsed=66ms
2026-09-15 08:38:18,499 [INFO] sync_agent: Cycle #627 [delta]: 5/5 patch, elapsed=68ms
2026-09-15 08:38:19,497 [INFO] sync_agent: Cycle #628 [delta]: 5/5 patch, elapsed=65ms
2026-09-15 08:38:20,498 [INFO] sync_agent: Cycle #629 [delta]: 5/5 patch, elapsed=66ms
2026-09-15 08:38:21,497 [INFO] sync_agent: Cycle #630 [delta]: 5/5 patch, elapsed=65ms
2026-09-15 08:38:22,555 [INFO] sync_agent: Cycle #631 [RECONCILE]: 16/16 patch, elapsed=123ms
2026-09-15 08:38:23,498 [INFO] sync_agent: Cycle #632 [delta]: 5/5 patch, elapsed=65ms
2026-09-15 08:38:24,502 [INFO] sync_agent: Cycle #633 [delta]: 5/5 patch, elapsed=69ms
2026-09-15 08:38:25,496 [INFO] sync_agent: Cycle #634 [delta]: 5/5 patch, elapsed=63ms
2026-09-15 08:38:26,496 [INFO] sync_agent: Cycle #635 [delta]: 5/5 patch, elapsed=63ms
2026-09-15 08:38:27,497 [INFO] sync_agent: Cycle #636 [delta]: 5/5 patch, elapsed=64ms
2026-09-15 08:38:28,496 [INFO] sync_agent: Cycle #637 [delta]: 5/5 patch, elapsed=62ms
2026-09-15 08:38:29,499 [INFO] sync_agent: Cycle #638 [delta]: 5/5 patch, elapsed=65ms
2026-09-15 08:38:30,497 [INFO] sync_agent: Cycle #639 [delta]: 5/5 patch, elapsed=63ms
2026-09-15 08:38:31,499 [INFO] sync_agent: Cycle #640 [delta]: 5/5 patch, elapsed=65ms
2026-09-15 08:38:32,499 [INFO] sync_agent: Cycle #641 [delta]: 5/5 patch, elapsed=64ms
2026-09-15 08:38:33,500 [INFO] sync_agent: Cycle #642 [delta]: 5/5 patch, elapsed=65ms
2026-09-15 08:38:34,499 [INFO] sync_agent: Cycle #643 [delta]: 5/5 patch, elapsed=64ms
2026-09-15 08:38:35,498 [INFO] sync_agent: Cycle #644 [delta]: 5/5 patch, elapsed=63ms
2026-09-15 08:38:36,500 [INFO] sync_agent: Cycle #645 [delta]: 5/5 patch, elapsed=65ms
2026-09-15 08:38:37,500 [INFO] sync_agent: Cycle #646 [delta]: 5/5 patch, elapsed=65ms
2026-09-15 08:38:38,499 [INFO] sync_agent: Cycle #647 [delta]: 5/5 patch, elapsed=63ms
2026-09-15 08:38:39,499 [INFO] sync_agent: Cycle #648 [delta]: 5/5 patch, elapsed=63ms
2026-09-15 08:38:40,499 [INFO] sync_agent: Cycle #649 [delta]: 5/5 patch, elapsed=63ms
2026-09-15 08:38:41,500 [INFO] sync_agent: Cycle #650 [delta]: 5/5 patch, elapsed=64ms
2026-09-15 08:38:42,500 [INFO] sync_agent: Cycle #651 [delta]: 5/5 patch, elapsed=63ms
2026-09-15 08:38:43,502 [INFO] sync_agent: Cycle #652 [delta]: 5/5 patch, elapsed=65ms
2026-09-15 08:38:44,505 [INFO] sync_agent: Cycle #653 [delta]: 5/5 patch, elapsed=68ms
2026-09-15 08:38:45,503 [INFO] sync_agent: Cycle #654 [delta]: 5/5 patch, elapsed=66ms
2026-09-15 08:38:46,502 [INFO] sync_agent: Cycle #655 [delta]: 5/5 patch, elapsed=65ms
2026-09-15 08:38:47,502 [INFO] sync_agent: Cycle #656 [delta]: 5/5 patch, elapsed=64ms
2026-09-15 08:38:48,502 [INFO] sync_agent: Cycle #657 [delta]: 5/5 patch, elapsed=64ms
2026-09-15 08:38:49,503 [INFO] sync_agent: Cycle #658 [delta]: 5/5 patch, elapsed=65ms
2026-09-15 08:38:50,514 [INFO] sync_agent: Cycle #659 [delta]: 5/5 patch, elapsed=76ms
2026-09-15 08:38:51,509 [INFO] sync_agent: Cycle #660 [delta]: 5/5 patch, elapsed=71ms
2026-09-15 08:38:52,560 [INFO] sync_agent: Cycle #661 [RECONCILE]: 16/16 patch, elapsed=121ms
2026-09-15 08:38:53,509 [INFO] sync_agent: Cycle #662 [delta]: 5/5 patch, elapsed=70ms
2026-09-15 08:38:54,505 [INFO] sync_agent: Cycle #663 [delta]: 5/5 patch, elapsed=66ms
2026-09-15 08:38:55,504 [INFO] sync_agent: Cycle #664 [delta]: 5/5 patch, elapsed=65ms
2026-09-15 08:38:56,507 [INFO] sync_agent: Cycle #665 [delta]: 5/5 patch, elapsed=67ms
2026-09-15 08:38:57,504 [INFO] sync_agent: Cycle #666 [delta]: 5/5 patch, elapsed=64ms
2026-09-15 08:38:58,503 [INFO] sync_agent: Cycle #667 [delta]: 5/5 patch, elapsed=63ms
2026-09-15 08:38:59,506 [INFO] sync_agent: Cycle #668 [delta]: 5/5 patch, elapsed=65ms
2026-09-15 08:39:00,504 [INFO] sync_agent: Cycle #669 [delta]: 5/5 patch, elapsed=64ms
2026-09-15 08:39:01,506 [INFO] sync_agent: Cycle #670 [delta]: 5/5 patch, elapsed=65ms
2026-09-15 08:39:02,504 [INFO] sync_agent: Cycle #671 [delta]: 5/5 patch, elapsed=63ms
2026-09-15 08:39:03,507 [INFO] sync_agent: Cycle #672 [delta]: 5/5 patch, elapsed=66ms
2026-09-15 08:39:04,505 [INFO] sync_agent: Cycle #673 [delta]: 5/5 patch, elapsed=64ms
2026-09-15 08:39:05,506 [INFO] sync_agent: Cycle #674 [delta]: 5/5 patch, elapsed=65ms
2026-09-15 08:39:06,505 [INFO] sync_agent: Cycle #675 [delta]: 5/5 patch, elapsed=64ms
2026-09-15 08:39:07,505 [INFO] sync_agent: Cycle #676 [delta]: 5/5 patch, elapsed=64ms
2026-09-15 08:39:08,507 [INFO] sync_agent: Cycle #677 [delta]: 5/5 patch, elapsed=65ms
2026-09-15 08:39:09,507 [INFO] sync_agent: Cycle #678 [delta]: 5/5 patch, elapsed=64ms
2026-09-15 08:39:10,507 [INFO] sync_agent: Cycle #679 [delta]: 5/5 patch, elapsed=64ms
2026-09-15 08:39:11,507 [INFO] sync_agent: Cycle #680 [delta]: 5/5 patch, elapsed=65ms
2026-09-15 08:39:12,507 [INFO] sync_agent: Cycle #681 [delta]: 5/5 patch, elapsed=64ms
2026-09-15 08:39:13,511 [INFO] sync_agent: Cycle #682 [delta]: 5/5 patch, elapsed=68ms
2026-09-15 08:39:14,509 [INFO] sync_agent: Cycle #683 [delta]: 5/5 patch, elapsed=66ms
2026-09-15 08:39:15,507 [INFO] sync_agent: Cycle #684 [delta]: 5/5 patch, elapsed=64ms
2026-09-15 08:39:16,506 [INFO] sync_agent: Cycle #685 [delta]: 5/5 patch, elapsed=63ms
2026-09-15 08:39:17,507 [INFO] sync_agent: Cycle #686 [delta]: 5/5 patch, elapsed=63ms
2026-09-15 08:39:18,506 [INFO] sync_agent: Cycle #687 [delta]: 5/5 patch, elapsed=62ms
2026-09-15 08:39:19,503 [INFO] sync_agent: Cycle #688 [delta]: 4/4 patch, elapsed=58ms
2026-09-15 08:39:20,509 [INFO] sync_agent: Cycle #689 [delta]: 5/5 patch, elapsed=64ms
2026-09-15 08:39:21,509 [INFO] sync_agent: Cycle #690 [delta]: 5/5 patch, elapsed=64ms
2026-09-15 08:39:22,565 [INFO] sync_agent: Cycle #691 [RECONCILE]: 16/16 patch, elapsed=120ms
2026-09-15 08:39:23,511 [INFO] sync_agent: Cycle #692 [delta]: 5/5 patch, elapsed=65ms
2026-09-15 08:39:24,514 [INFO] sync_agent: Cycle #693 [delta]: 5/5 patch, elapsed=68ms
2026-09-15 08:39:25,509 [INFO] sync_agent: Cycle #694 [delta]: 5/5 patch, elapsed=63ms
2026-09-15 08:39:26,513 [INFO] sync_agent: Cycle #695 [delta]: 5/5 patch, elapsed=67ms
2026-09-15 08:39:27,510 [INFO] sync_agent: Cycle #696 [delta]: 5/5 patch, elapsed=64ms
2026-09-15 08:39:28,511 [INFO] sync_agent: Cycle #697 [delta]: 5/5 patch, elapsed=65ms
2026-09-15 08:39:29,511 [INFO] sync_agent: Cycle #698 [delta]: 5/5 patch, elapsed=65ms
2026-09-15 08:39:30,511 [INFO] sync_agent: Cycle #699 [delta]: 5/5 patch, elapsed=65ms
2026-09-15 08:39:31,508 [INFO] sync_agent: Cycle #700 [delta]: 4/4 patch, elapsed=61ms
2026-09-15 08:39:32,512 [INFO] sync_agent: Cycle #701 [delta]: 5/5 patch, elapsed=65ms
2026-09-15 08:39:33,516 [INFO] sync_agent: Cycle #702 [delta]: 5/5 patch, elapsed=68ms
2026-09-15 08:39:34,512 [INFO] sync_agent: Cycle #703 [delta]: 5/5 patch, elapsed=64ms
2026-09-15 08:39:35,515 [INFO] sync_agent: Cycle #704 [delta]: 5/5 patch, elapsed=67ms
2026-09-15 08:39:36,514 [INFO] sync_agent: Cycle #705 [delta]: 5/5 patch, elapsed=65ms
2026-09-15 08:39:37,513 [INFO] sync_agent: Cycle #706 [delta]: 5/5 patch, elapsed=65ms
2026-09-15 08:39:38,514 [INFO] sync_agent: Cycle #707 [delta]: 5/5 patch, elapsed=65ms
2026-09-15 08:39:39,513 [INFO] sync_agent: Cycle #708 [delta]: 5/5 patch, elapsed=64ms
2026-09-15 08:39:40,513 [INFO] sync_agent: Cycle #709 [delta]: 5/5 patch, elapsed=64ms
2026-09-15 08:39:41,514 [INFO] sync_agent: Cycle #710 [delta]: 5/5 patch, elapsed=64ms
2026-09-15 08:39:42,513 [INFO] sync_agent: Cycle #711 [delta]: 5/5 patch, elapsed=63ms
2026-09-15 08:39:43,515 [INFO] sync_agent: Cycle #712 [delta]: 5/5 patch, elapsed=65ms
2026-09-15 08:39:44,517 [INFO] sync_agent: Cycle #713 [delta]: 5/5 patch, elapsed=67ms
2026-09-15 08:39:45,516 [INFO] sync_agent: Cycle #714 [delta]: 5/5 patch, elapsed=65ms
2026-09-15 08:39:46,517 [INFO] sync_agent: Cycle #715 [delta]: 5/5 patch, elapsed=67ms
2026-09-15 08:39:47,516 [INFO] sync_agent: Cycle #716 [delta]: 5/5 patch, elapsed=65ms
2026-09-15 08:39:48,514 [INFO] sync_agent: Cycle #717 [delta]: 5/5 patch, elapsed=63ms
2026-09-15 08:39:49,515 [INFO] sync_agent: Cycle #718 [delta]: 5/5 patch, elapsed=64ms
2026-09-15 08:39:50,515 [INFO] sync_agent: Cycle #719 [delta]: 5/5 patch, elapsed=63ms
2026-09-15 08:39:51,515 [INFO] sync_agent: Cycle #720 [delta]: 5/5 patch, elapsed=63ms
2026-09-15 08:39:52,573 [INFO] sync_agent: Cycle #721 [RECONCILE]: 16/16 patch, elapsed=121ms
2026-09-15 08:39:53,518 [INFO] sync_agent: Cycle #722 [delta]: 5/5 patch, elapsed=66ms
2026-09-15 08:39:54,529 [INFO] sync_agent: Cycle #723 [delta]: 7/7 patch, elapsed=76ms
2026-09-15 08:39:55,528 [INFO] sync_agent: Cycle #724 [delta]: 7/7 patch, elapsed=75ms
2026-09-15 08:39:56,517 [INFO] sync_agent: Cycle #725 [delta]: 5/5 patch, elapsed=65ms
2026-09-15 08:39:57,517 [INFO] sync_agent: Cycle #726 [delta]: 5/5 patch, elapsed=64ms
2026-09-15 08:39:58,517 [INFO] sync_agent: Cycle #727 [delta]: 5/5 patch, elapsed=64ms
2026-09-15 08:39:59,516 [INFO] sync_agent: Cycle #728 [delta]: 5/5 patch, elapsed=62ms
2026-09-15 08:40:00,528 [INFO] sync_agent: Cycle #729 [delta]: 5/5 patch, elapsed=74ms
2026-09-15 08:40:01,524 [INFO] sync_agent: Cycle #730 [delta]: 5/5 patch, elapsed=70ms
2026-09-15 08:40:02,519 [INFO] sync_agent: Cycle #731 [delta]: 5/5 patch, elapsed=65ms
2026-09-15 08:40:03,521 [INFO] sync_agent: Cycle #732 [delta]: 5/5 patch, elapsed=67ms
2026-09-15 08:40:04,520 [INFO] sync_agent: Cycle #733 [delta]: 5/5 patch, elapsed=65ms
2026-09-15 08:40:05,524 [INFO] sync_agent: Cycle #734 [delta]: 5/5 patch, elapsed=69ms
2026-09-15 08:40:06,519 [INFO] sync_agent: Cycle #735 [delta]: 5/5 patch, elapsed=64ms
2026-09-15 08:40:07,519 [INFO] sync_agent: Cycle #736 [delta]: 5/5 patch, elapsed=64ms
2026-09-15 08:40:08,523 [INFO] sync_agent: Cycle #737 [delta]: 5/5 patch, elapsed=68ms
2026-09-15 08:40:09,521 [INFO] sync_agent: Cycle #738 [delta]: 5/5 patch, elapsed=66ms
2026-09-15 08:40:10,522 [INFO] sync_agent: Cycle #739 [delta]: 5/5 patch, elapsed=66ms
2026-09-15 08:40:11,520 [INFO] sync_agent: Cycle #740 [delta]: 5/5 patch, elapsed=64ms
2026-09-15 08:40:12,519 [INFO] sync_agent: Cycle #741 [delta]: 5/5 patch, elapsed=63ms
2026-09-15 08:40:13,521 [INFO] sync_agent: Cycle #742 [delta]: 5/5 patch, elapsed=65ms
2026-09-15 08:40:14,522 [INFO] sync_agent: Cycle #743 [delta]: 5/5 patch, elapsed=66ms
2026-09-15 08:40:15,521 [INFO] sync_agent: Cycle #744 [delta]: 5/5 patch, elapsed=64ms
2026-09-15 08:40:16,521 [INFO] sync_agent: Cycle #745 [delta]: 5/5 patch, elapsed=64ms
2026-09-15 08:40:17,521 [INFO] sync_agent: Cycle #746 [delta]: 5/5 patch, elapsed=63ms
2026-09-15 08:40:18,523 [INFO] sync_agent: Cycle #747 [delta]: 5/5 patch, elapsed=65ms
2026-09-15 08:40:19,521 [INFO] sync_agent: Cycle #748 [delta]: 5/5 patch, elapsed=63ms
2026-09-15 08:40:20,522 [INFO] sync_agent: Cycle #749 [delta]: 5/5 patch, elapsed=64ms
2026-09-15 08:40:21,522 [INFO] sync_agent: Cycle #750 [delta]: 5/5 patch, elapsed=64ms
2026-09-15 08:40:22,576 [INFO] sync_agent: Cycle #751 [RECONCILE]: 16/16 patch, elapsed=118ms
2026-09-15 08:40:23,523 [INFO] sync_agent: Cycle #752 [delta]: 5/5 patch, elapsed=65ms
2026-09-15 08:40:24,523 [INFO] sync_agent: Cycle #753 [delta]: 5/5 patch, elapsed=64ms
2026-09-15 08:40:25,524 [INFO] sync_agent: Cycle #754 [delta]: 5/5 patch, elapsed=64ms
2026-09-15 08:40:26,524 [INFO] sync_agent: Cycle #755 [delta]: 5/5 patch, elapsed=65ms
2026-09-15 08:40:27,523 [INFO] sync_agent: Cycle #756 [delta]: 5/5 patch, elapsed=64ms
2026-09-15 08:40:28,524 [INFO] sync_agent: Cycle #757 [delta]: 5/5 patch, elapsed=64ms
2026-09-15 08:40:29,524 [INFO] sync_agent: Cycle #758 [delta]: 5/5 patch, elapsed=64ms
2026-09-15 08:40:30,525 [INFO] sync_agent: Cycle #759 [delta]: 5/5 patch, elapsed=65ms
2026-09-15 08:40:31,526 [INFO] sync_agent: Cycle #760 [delta]: 5/5 patch, elapsed=65ms
2026-09-15 08:40:32,534 [INFO] sync_agent: Cycle #761 [delta]: 5/5 patch, elapsed=73ms
2026-09-15 08:40:33,530 [INFO] sync_agent: Cycle #762 [delta]: 5/5 patch, elapsed=69ms
2026-09-15 08:40:34,526 [INFO] sync_agent: Cycle #763 [delta]: 5/5 patch, elapsed=64ms
2026-09-15 08:40:35,533 [INFO] sync_agent: Cycle #764 [delta]: 5/5 patch, elapsed=71ms
2026-09-15 08:40:36,529 [INFO] sync_agent: Cycle #765 [delta]: 5/5 patch, elapsed=67ms
2026-09-15 08:40:37,526 [INFO] sync_agent: Cycle #766 [delta]: 5/5 patch, elapsed=64ms
2026-09-15 08:40:38,526 [INFO] sync_agent: Cycle #767 [delta]: 5/5 patch, elapsed=64ms
2026-09-15 08:40:39,525 [INFO] sync_agent: Cycle #768 [delta]: 5/5 patch, elapsed=63ms
2026-09-15 08:40:40,526 [INFO] sync_agent: Cycle #769 [delta]: 5/5 patch, elapsed=64ms
2026-09-15 08:40:41,526 [INFO] sync_agent: Cycle #770 [delta]: 5/5 patch, elapsed=63ms
2026-09-15 08:40:42,528 [INFO] sync_agent: Cycle #771 [delta]: 5/5 patch, elapsed=66ms
2026-09-15 08:40:43,528 [INFO] sync_agent: Cycle #772 [delta]: 5/5 patch, elapsed=65ms
2026-09-15 08:40:44,530 [INFO] sync_agent: Cycle #773 [delta]: 5/5 patch, elapsed=67ms
2026-09-15 08:40:45,528 [INFO] sync_agent: Cycle #774 [delta]: 5/5 patch, elapsed=64ms
2026-09-15 08:40:46,527 [INFO] sync_agent: Cycle #775 [delta]: 5/5 patch, elapsed=63ms
2026-09-15 08:40:47,526 [INFO] sync_agent: Cycle #776 [delta]: 5/5 patch, elapsed=63ms
2026-09-15 08:40:48,528 [INFO] sync_agent: Cycle #777 [delta]: 5/5 patch, elapsed=64ms
2026-09-15 08:40:49,529 [INFO] sync_agent: Cycle #778 [delta]: 5/5 patch, elapsed=65ms
2026-09-15 08:40:50,528 [INFO] sync_agent: Cycle #779 [delta]: 5/5 patch, elapsed=64ms
2026-09-15 08:40:51,528 [INFO] sync_agent: Cycle #780 [delta]: 5/5 patch, elapsed=63ms
2026-09-15 08:40:52,584 [INFO] sync_agent: Cycle #781 [RECONCILE]: 16/16 patch, elapsed=119ms
2026-09-15 08:40:53,531 [INFO] sync_agent: Cycle #782 [delta]: 5/5 patch, elapsed=66ms
2026-09-15 08:40:54,530 [INFO] sync_agent: Cycle #783 [delta]: 5/5 patch, elapsed=65ms
2026-09-15 08:40:55,529 [INFO] sync_agent: Cycle #784 [delta]: 5/5 patch, elapsed=63ms
2026-09-15 08:40:56,529 [INFO] sync_agent: Cycle #785 [delta]: 5/5 patch, elapsed=64ms
2026-09-15 08:40:57,531 [INFO] sync_agent: Cycle #786 [delta]: 5/5 patch, elapsed=65ms
2026-09-15 08:40:58,529 [INFO] sync_agent: Cycle #787 [delta]: 5/5 patch, elapsed=63ms
2026-09-15 08:40:59,529 [INFO] sync_agent: Cycle #788 [delta]: 5/5 patch, elapsed=63ms
2026-09-15 08:41:00,530 [INFO] sync_agent: Cycle #789 [delta]: 5/5 patch, elapsed=64ms
2026-09-15 08:41:01,530 [INFO] sync_agent: Cycle #790 [delta]: 5/5 patch, elapsed=63ms
2026-09-15 08:41:02,531 [INFO] sync_agent: Cycle #791 [delta]: 5/5 patch, elapsed=64ms
2026-09-15 08:41:03,532 [INFO] sync_agent: Cycle #792 [delta]: 5/5 patch, elapsed=65ms
2026-09-15 08:41:04,530 [INFO] sync_agent: Cycle #793 [delta]: 5/5 patch, elapsed=63ms
2026-09-15 08:41:05,535 [INFO] sync_agent: Cycle #794 [delta]: 5/5 patch, elapsed=68ms
2026-09-15 08:41:06,535 [INFO] sync_agent: Cycle #795 [delta]: 5/5 patch, elapsed=67ms
2026-09-15 08:41:07,538 [INFO] sync_agent: Cycle #796 [delta]: 5/5 patch, elapsed=70ms
2026-09-15 08:41:08,533 [INFO] sync_agent: Cycle #797 [delta]: 5/5 patch, elapsed=64ms
2026-09-15 08:41:09,532 [INFO] sync_agent: Cycle #798 [delta]: 5/5 patch, elapsed=64ms
2026-09-15 08:41:10,532 [INFO] sync_agent: Cycle #799 [delta]: 5/5 patch, elapsed=64ms
2026-09-15 08:41:11,531 [INFO] sync_agent: Cycle #800 [delta]: 5/5 patch, elapsed=62ms
2026-09-15 08:41:12,532 [INFO] sync_agent: Cycle #801 [delta]: 5/5 patch, elapsed=63ms
2026-09-15 08:41:13,535 [INFO] sync_agent: Cycle #802 [delta]: 5/5 patch, elapsed=65ms
2026-09-15 08:41:14,533 [INFO] sync_agent: Cycle #803 [delta]: 5/5 patch, elapsed=64ms
2026-09-15 08:41:15,534 [INFO] sync_agent: Cycle #804 [delta]: 5/5 patch, elapsed=64ms
2026-09-15 08:41:16,534 [INFO] sync_agent: Cycle #805 [delta]: 5/5 patch, elapsed=64ms
2026-09-15 08:41:17,529 [INFO] sync_agent: Cycle #806 [delta]: 4/4 patch, elapsed=59ms
2026-09-15 08:41:18,533 [INFO] sync_agent: Cycle #807 [delta]: 5/5 patch, elapsed=63ms
2026-09-15 08:41:19,538 [INFO] sync_agent: Cycle #808 [delta]: 5/5 patch, elapsed=67ms
2026-09-15 08:41:20,533 [INFO] sync_agent: Cycle #809 [delta]: 5/5 patch, elapsed=62ms
2026-09-15 08:41:21,534 [INFO] sync_agent: Cycle #810 [delta]: 5/5 patch, elapsed=63ms
2026-09-15 08:41:22,590 [INFO] sync_agent: Cycle #811 [RECONCILE]: 16/16 patch, elapsed=119ms
2026-09-15 08:41:23,534 [INFO] sync_agent: Cycle #812 [delta]: 5/5 patch, elapsed=63ms
2026-09-15 08:41:24,534 [INFO] sync_agent: Cycle #813 [delta]: 5/5 patch, elapsed=63ms
2026-09-15 08:41:25,535 [INFO] sync_agent: Cycle #814 [delta]: 5/5 patch, elapsed=64ms
2026-09-15 08:41:26,536 [INFO] sync_agent: Cycle #815 [delta]: 5/5 patch, elapsed=64ms
2026-09-15 08:41:27,537 [INFO] sync_agent: Cycle #816 [delta]: 5/5 patch, elapsed=65ms
2026-09-15 08:41:28,536 [INFO] sync_agent: Cycle #817 [delta]: 5/5 patch, elapsed=63ms
2026-09-15 08:41:29,538 [INFO] sync_agent: Cycle #818 [delta]: 5/5 patch, elapsed=65ms
2026-09-15 08:41:30,537 [INFO] sync_agent: Cycle #819 [delta]: 5/5 patch, elapsed=64ms
2026-09-15 08:41:31,537 [INFO] sync_agent: Cycle #820 [delta]: 5/5 patch, elapsed=64ms
2026-09-15 08:41:32,536 [INFO] sync_agent: Cycle #821 [delta]: 5/5 patch, elapsed=63ms
2026-09-15 08:41:33,539 [INFO] sync_agent: Cycle #822 [delta]: 5/5 patch, elapsed=66ms
2026-09-15 08:41:34,540 [INFO] sync_agent: Cycle #823 [delta]: 5/5 patch, elapsed=67ms
2026-09-15 08:41:35,539 [INFO] sync_agent: Cycle #824 [delta]: 5/5 patch, elapsed=65ms
2026-09-15 08:41:36,540 [INFO] sync_agent: Cycle #825 [delta]: 5/5 patch, elapsed=66ms
2026-09-15 08:41:37,538 [INFO] sync_agent: Cycle #826 [delta]: 5/5 patch, elapsed=64ms
2026-09-15 08:41:38,541 [INFO] sync_agent: Cycle #827 [delta]: 5/5 patch, elapsed=66ms
2026-09-15 08:41:39,538 [INFO] sync_agent: Cycle #828 [delta]: 5/5 patch, elapsed=63ms
2026-09-15 08:41:40,542 [INFO] sync_agent: Cycle #829 [delta]: 5/5 patch, elapsed=67ms
2026-09-15 08:41:41,538 [INFO] sync_agent: Cycle #830 [delta]: 5/5 patch, elapsed=63ms
2026-09-15 08:41:42,539 [INFO] sync_agent: Cycle #831 [delta]: 5/5 patch, elapsed=63ms
2026-09-15 08:41:43,541 [INFO] sync_agent: Cycle #832 [delta]: 5/5 patch, elapsed=66ms
2026-09-15 08:41:44,541 [INFO] sync_agent: Cycle #833 [delta]: 5/5 patch, elapsed=65ms
2026-09-15 08:41:45,540 [INFO] sync_agent: Cycle #834 [delta]: 5/5 patch, elapsed=64ms
2026-09-15 08:41:46,540 [INFO] sync_agent: Cycle #835 [delta]: 5/5 patch, elapsed=64ms
2026-09-15 08:41:47,541 [INFO] sync_agent: Cycle #836 [delta]: 5/5 patch, elapsed=65ms
2026-09-15 08:41:48,550 [INFO] sync_agent: Cycle #837 [delta]: 7/7 patch, elapsed=74ms
2026-09-15 08:41:49,551 [INFO] sync_agent: Cycle #838 [delta]: 7/7 patch, elapsed=74ms
2026-09-15 08:41:50,541 [INFO] sync_agent: Cycle #839 [delta]: 5/5 patch, elapsed=64ms
2026-09-15 08:41:51,541 [INFO] sync_agent: Cycle #840 [delta]: 5/5 patch, elapsed=64ms
2026-09-15 08:41:52,614 [INFO] sync_agent: Cycle #841 [RECONCILE]: 16/16 patch, elapsed=137ms
2026-09-15 08:41:53,542 [INFO] sync_agent: Cycle #842 [delta]: 5/5 patch, elapsed=65ms
2026-09-15 08:41:54,544 [INFO] sync_agent: Cycle #843 [delta]: 5/5 patch, elapsed=67ms
2026-09-15 08:41:55,545 [INFO] sync_agent: Cycle #844 [delta]: 5/5 patch, elapsed=67ms
2026-09-15 08:41:56,544 [INFO] sync_agent: Cycle #845 [delta]: 5/5 patch, elapsed=66ms
2026-09-15 08:41:57,544 [INFO] sync_agent: Cycle #846 [delta]: 5/5 patch, elapsed=66ms
2026-09-15 08:41:58,542 [INFO] sync_agent: Cycle #847 [delta]: 5/5 patch, elapsed=64ms
2026-09-15 08:41:59,541 [INFO] sync_agent: Cycle #848 [delta]: 5/5 patch, elapsed=63ms
2026-09-15 08:42:00,543 [INFO] sync_agent: Cycle #849 [delta]: 5/5 patch, elapsed=64ms
2026-09-15 08:42:01,544 [INFO] sync_agent: Cycle #850 [delta]: 5/5 patch, elapsed=65ms
2026-09-15 08:42:02,542 [INFO] sync_agent: Cycle #851 [delta]: 5/5 patch, elapsed=63ms
2026-09-15 08:42:03,546 [INFO] sync_agent: Cycle #852 [delta]: 5/5 patch, elapsed=67ms
2026-09-15 08:42:04,544 [INFO] sync_agent: Cycle #853 [delta]: 5/5 patch, elapsed=64ms
2026-09-15 08:42:05,546 [INFO] sync_agent: Cycle #854 [delta]: 5/5 patch, elapsed=66ms
2026-09-15 08:42:06,543 [INFO] sync_agent: Cycle #855 [delta]: 5/5 patch, elapsed=63ms
2026-09-15 08:42:07,544 [INFO] sync_agent: Cycle #856 [delta]: 5/5 patch, elapsed=63ms
2026-09-15 08:42:08,544 [INFO] sync_agent: Cycle #857 [delta]: 5/5 patch, elapsed=64ms
2026-09-15 08:42:09,545 [INFO] sync_agent: Cycle #858 [delta]: 5/5 patch, elapsed=65ms
2026-09-15 08:42:10,547 [INFO] sync_agent: Cycle #859 [delta]: 5/5 patch, elapsed=66ms
2026-09-15 08:42:11,550 [INFO] sync_agent: Cycle #860 [delta]: 5/5 patch, elapsed=69ms
2026-09-15 08:42:12,546 [INFO] sync_agent: Cycle #861 [delta]: 5/5 patch, elapsed=65ms
2026-09-15 08:42:13,547 [INFO] sync_agent: Cycle #862 [delta]: 5/5 patch, elapsed=65ms
2026-09-15 08:42:14,557 [INFO] sync_agent: Cycle #863 [delta]: 5/5 patch, elapsed=75ms
2026-09-15 08:42:15,551 [INFO] sync_agent: Cycle #864 [delta]: 5/5 patch, elapsed=69ms
2026-09-15 08:42:16,545 [INFO] sync_agent: Cycle #865 [delta]: 5/5 patch, elapsed=63ms
2026-09-15 08:42:17,546 [INFO] sync_agent: Cycle #866 [delta]: 5/5 patch, elapsed=64ms
2026-09-15 08:42:18,546 [INFO] sync_agent: Cycle #867 [delta]: 5/5 patch, elapsed=63ms
2026-09-15 08:42:19,547 [INFO] sync_agent: Cycle #868 [delta]: 5/5 patch, elapsed=63ms
2026-09-15 08:42:20,548 [INFO] sync_agent: Cycle #869 [delta]: 5/5 patch, elapsed=63ms
2026-09-15 08:42:21,548 [INFO] sync_agent: Cycle #870 [delta]: 5/5 patch, elapsed=64ms
2026-09-15 08:42:22,607 [INFO] sync_agent: Cycle #871 [RECONCILE]: 16/16 patch, elapsed=122ms
2026-09-15 08:42:23,552 [INFO] sync_agent: Cycle #872 [delta]: 5/5 patch, elapsed=68ms
2026-09-15 08:42:24,549 [INFO] sync_agent: Cycle #873 [delta]: 5/5 patch, elapsed=64ms
2026-09-15 08:42:25,550 [INFO] sync_agent: Cycle #874 [delta]: 5/5 patch, elapsed=65ms
2026-09-15 08:42:26,548 [INFO] sync_agent: Cycle #875 [delta]: 5/5 patch, elapsed=63ms
2026-09-15 08:42:27,548 [INFO] sync_agent: Cycle #876 [delta]: 5/5 patch, elapsed=63ms
2026-09-15 08:42:28,548 [INFO] sync_agent: Cycle #877 [delta]: 5/5 patch, elapsed=62ms
2026-09-15 08:42:29,552 [INFO] sync_agent: Cycle #878 [delta]: 5/5 patch, elapsed=66ms
2026-09-15 08:42:30,550 [INFO] sync_agent: Cycle #879 [delta]: 5/5 patch, elapsed=64ms
2026-09-15 08:42:31,552 [INFO] sync_agent: Cycle #880 [delta]: 5/5 patch, elapsed=65ms
2026-09-15 08:42:32,551 [INFO] sync_agent: Cycle #881 [delta]: 5/5 patch, elapsed=64ms
2026-09-15 08:42:33,552 [INFO] sync_agent: Cycle #882 [delta]: 5/5 patch, elapsed=65ms
2026-09-15 08:42:34,554 [INFO] sync_agent: Cycle #883 [delta]: 5/5 patch, elapsed=67ms
2026-09-15 08:42:35,560 [INFO] sync_agent: Cycle #884 [delta]: 5/5 patch, elapsed=72ms
2026-09-15 08:42:36,557 [INFO] sync_agent: Cycle #885 [delta]: 5/5 patch, elapsed=69ms
2026-09-15 08:42:37,567 [INFO] sync_agent: Cycle #886 [delta]: 5/5 patch, elapsed=80ms
2026-09-15 08:42:38,555 [INFO] sync_agent: Cycle #887 [delta]: 5/5 patch, elapsed=67ms
2026-09-15 08:42:39,555 [INFO] sync_agent: Cycle #888 [delta]: 5/5 patch, elapsed=67ms
2026-09-15 08:42:40,554 [INFO] sync_agent: Cycle #889 [delta]: 5/5 patch, elapsed=65ms
2026-09-15 08:42:41,553 [INFO] sync_agent: Cycle #890 [delta]: 5/5 patch, elapsed=64ms
2026-09-15 08:42:42,557 [INFO] sync_agent: Cycle #891 [delta]: 5/5 patch, elapsed=68ms
2026-09-15 08:42:43,556 [INFO] sync_agent: Cycle #892 [delta]: 5/5 patch, elapsed=67ms
2026-09-15 08:42:44,557 [INFO] sync_agent: Cycle #893 [delta]: 5/5 patch, elapsed=67ms
2026-09-15 08:42:45,556 [INFO] sync_agent: Cycle #894 [delta]: 5/5 patch, elapsed=67ms
2026-09-15 08:42:46,560 [INFO] sync_agent: Cycle #895 [delta]: 5/5 patch, elapsed=70ms
2026-09-15 08:42:47,561 [INFO] sync_agent: Cycle #896 [delta]: 5/5 patch, elapsed=71ms
2026-09-15 08:42:48,564 [INFO] sync_agent: Cycle #897 [delta]: 5/5 patch, elapsed=74ms
2026-09-15 08:42:49,553 [INFO] sync_agent: Cycle #898 [delta]: 5/5 patch, elapsed=62ms
2026-09-15 08:42:50,561 [INFO] sync_agent: Cycle #899 [delta]: 5/5 patch, elapsed=70ms
2026-09-15 08:42:51,556 [INFO] sync_agent: Cycle #900 [delta]: 5/5 patch, elapsed=65ms
2026-09-15 08:42:52,625 [INFO] sync_agent: Cycle #901 [RECONCILE]: 16/16 patch, elapsed=134ms
2026-09-15 08:42:53,555 [INFO] sync_agent: Cycle #902 [delta]: 5/5 patch, elapsed=64ms
2026-09-15 08:42:54,580 [INFO] sync_agent: Cycle #903 [delta]: 5/5 patch, elapsed=88ms
2026-09-15 08:42:55,555 [INFO] sync_agent: Cycle #904 [delta]: 5/5 patch, elapsed=64ms
2026-09-15 08:42:56,555 [INFO] sync_agent: Cycle #905 [delta]: 5/5 patch, elapsed=63ms
2026-09-15 08:42:57,560 [INFO] sync_agent: Cycle #906 [delta]: 5/5 patch, elapsed=68ms
2026-09-15 08:42:58,559 [INFO] sync_agent: Cycle #907 [delta]: 5/5 patch, elapsed=67ms
2026-09-15 08:42:59,557 [INFO] sync_agent: Cycle #908 [delta]: 5/5 patch, elapsed=64ms
2026-09-15 08:43:00,557 [INFO] sync_agent: Cycle #909 [delta]: 5/5 patch, elapsed=64ms
2026-09-15 08:43:01,558 [INFO] sync_agent: Cycle #910 [delta]: 5/5 patch, elapsed=65ms
2026-09-15 08:43:02,557 [INFO] sync_agent: Cycle #911 [delta]: 5/5 patch, elapsed=64ms
2026-09-15 08:43:03,560 [INFO] sync_agent: Cycle #912 [delta]: 5/5 patch, elapsed=67ms
2026-09-15 08:43:04,558 [INFO] sync_agent: Cycle #913 [delta]: 5/5 patch, elapsed=64ms
2026-09-15 08:43:05,561 [INFO] sync_agent: Cycle #914 [delta]: 5/5 patch, elapsed=66ms
2026-09-15 08:43:06,558 [INFO] sync_agent: Cycle #915 [delta]: 5/5 patch, elapsed=63ms
2026-09-15 08:43:07,559 [INFO] sync_agent: Cycle #916 [delta]: 5/5 patch, elapsed=65ms
2026-09-15 08:43:08,559 [INFO] sync_agent: Cycle #917 [delta]: 5/5 patch, elapsed=65ms
2026-09-15 08:43:09,558 [INFO] sync_agent: Cycle #918 [delta]: 5/5 patch, elapsed=63ms
2026-09-15 08:43:10,559 [INFO] sync_agent: Cycle #919 [delta]: 5/5 patch, elapsed=64ms
2026-09-15 08:43:11,560 [INFO] sync_agent: Cycle #920 [delta]: 5/5 patch, elapsed=64ms
2026-09-15 08:43:12,562 [INFO] sync_agent: Cycle #921 [delta]: 5/5 patch, elapsed=67ms
2026-09-15 08:43:13,562 [INFO] sync_agent: Cycle #922 [delta]: 5/5 patch, elapsed=67ms
2026-09-15 08:43:14,560 [INFO] sync_agent: Cycle #923 [delta]: 5/5 patch, elapsed=64ms
2026-09-15 08:43:15,566 [INFO] sync_agent: Cycle #924 [delta]: 5/5 patch, elapsed=70ms
2026-09-15 08:43:16,559 [INFO] sync_agent: Cycle #925 [delta]: 5/5 patch, elapsed=63ms
2026-09-15 08:43:17,561 [INFO] sync_agent: Cycle #926 [delta]: 5/5 patch, elapsed=64ms
2026-09-15 08:43:18,560 [INFO] sync_agent: Cycle #927 [delta]: 5/5 patch, elapsed=63ms
2026-09-15 08:43:19,561 [INFO] sync_agent: Cycle #928 [delta]: 5/5 patch, elapsed=64ms
2026-09-15 08:43:20,562 [INFO] sync_agent: Cycle #929 [delta]: 5/5 patch, elapsed=65ms
2026-09-15 08:43:21,560 [INFO] sync_agent: Cycle #930 [delta]: 5/5 patch, elapsed=62ms
2026-09-15 08:43:22,639 [INFO] sync_agent: Cycle #931 [RECONCILE]: 16/16 patch, elapsed=141ms
2026-09-15 08:43:23,567 [INFO] sync_agent: Cycle #932 [delta]: 5/5 patch, elapsed=70ms
2026-09-15 08:43:24,563 [INFO] sync_agent: Cycle #933 [delta]: 5/5 patch, elapsed=65ms
2026-09-15 08:43:25,563 [INFO] sync_agent: Cycle #934 [delta]: 5/5 patch, elapsed=64ms
2026-09-15 08:43:26,562 [INFO] sync_agent: Cycle #935 [delta]: 5/5 patch, elapsed=63ms
2026-09-15 08:43:27,585 [INFO] sync_agent: Cycle #936 [delta]: 9/9 patch, elapsed=86ms
2026-09-15 08:43:28,581 [INFO] sync_agent: Cycle #937 [delta]: 9/9 patch, elapsed=83ms
2026-09-15 08:43:29,564 [INFO] sync_agent: Cycle #938 [delta]: 5/5 patch, elapsed=65ms
2026-09-15 08:43:30,564 [INFO] sync_agent: Cycle #939 [delta]: 5/5 patch, elapsed=64ms
2026-09-15 08:43:31,563 [INFO] sync_agent: Cycle #940 [delta]: 5/5 patch, elapsed=63ms
2026-09-15 08:43:32,564 [INFO] sync_agent: Cycle #941 [delta]: 5/5 patch, elapsed=64ms
2026-09-15 08:43:33,565 [INFO] sync_agent: Cycle #942 [delta]: 5/5 patch, elapsed=65ms
2026-09-15 08:43:34,567 [INFO] sync_agent: Cycle #943 [delta]: 5/5 patch, elapsed=67ms
2026-09-15 08:43:35,565 [INFO] sync_agent: Cycle #944 [delta]: 5/5 patch, elapsed=65ms
2026-09-15 08:43:36,570 [INFO] sync_agent: Cycle #945 [delta]: 5/5 patch, elapsed=69ms
2026-09-15 08:43:37,566 [INFO] sync_agent: Cycle #946 [delta]: 5/5 patch, elapsed=65ms
2026-09-15 08:43:38,565 [INFO] sync_agent: Cycle #947 [delta]: 5/5 patch, elapsed=64ms
2026-09-15 08:43:39,564 [INFO] sync_agent: Cycle #948 [delta]: 5/5 patch, elapsed=63ms
2026-09-15 08:43:40,565 [INFO] sync_agent: Cycle #949 [delta]: 5/5 patch, elapsed=64ms
2026-09-15 08:43:41,565 [INFO] sync_agent: Cycle #950 [delta]: 5/5 patch, elapsed=63ms
2026-09-15 08:43:42,565 [INFO] sync_agent: Cycle #951 [delta]: 5/5 patch, elapsed=63ms
2026-09-15 08:43:43,568 [INFO] sync_agent: Cycle #952 [delta]: 5/5 patch, elapsed=66ms
2026-09-15 08:43:44,568 [INFO] sync_agent: Cycle #953 [delta]: 5/5 patch, elapsed=66ms
2026-09-15 08:43:45,565 [INFO] sync_agent: Cycle #954 [delta]: 5/5 patch, elapsed=63ms
2026-09-15 08:43:46,567 [INFO] sync_agent: Cycle #955 [delta]: 5/5 patch, elapsed=64ms
2026-09-15 08:43:47,568 [INFO] sync_agent: Cycle #956 [delta]: 5/5 patch, elapsed=65ms
2026-09-15 08:43:48,567 [INFO] sync_agent: Cycle #957 [delta]: 5/5 patch, elapsed=64ms
2026-09-15 08:43:49,566 [INFO] sync_agent: Cycle #958 [delta]: 5/5 patch, elapsed=63ms
2026-09-15 08:43:50,568 [INFO] sync_agent: Cycle #959 [delta]: 5/5 patch, elapsed=64ms
2026-09-15 08:43:51,568 [INFO] sync_agent: Cycle #960 [delta]: 5/5 patch, elapsed=64ms
2026-09-15 08:43:52,640 [INFO] sync_agent: Cycle #961 [RECONCILE]: 16/16 patch, elapsed=136ms
2026-09-15 08:43:53,575 [INFO] sync_agent: Cycle #962 [delta]: 5/5 patch, elapsed=70ms
2026-09-15 08:43:54,569 [INFO] sync_agent: Cycle #963 [delta]: 5/5 patch, elapsed=65ms
2026-09-15 08:43:55,572 [INFO] sync_agent: Cycle #964 [delta]: 5/5 patch, elapsed=67ms
2026-09-15 08:43:56,568 [INFO] sync_agent: Cycle #965 [delta]: 5/5 patch, elapsed=64ms
2026-09-15 08:43:57,569 [INFO] sync_agent: Cycle #966 [delta]: 5/5 patch, elapsed=64ms
2026-09-15 08:43:58,572 [INFO] sync_agent: Cycle #967 [delta]: 5/5 patch, elapsed=66ms
2026-09-15 08:43:59,579 [INFO] sync_agent: Cycle #968 [delta]: 7/7 patch, elapsed=74ms
2026-09-15 08:44:00,578 [INFO] sync_agent: Cycle #969 [delta]: 7/7 patch, elapsed=72ms
2026-09-15 08:44:01,569 [INFO] sync_agent: Cycle #970 [delta]: 5/5 patch, elapsed=63ms
2026-09-15 08:44:02,571 [INFO] sync_agent: Cycle #971 [delta]: 5/5 patch, elapsed=64ms
2026-09-15 08:44:03,573 [INFO] sync_agent: Cycle #972 [delta]: 5/5 patch, elapsed=67ms
2026-09-15 08:44:04,572 [INFO] sync_agent: Cycle #973 [delta]: 5/5 patch, elapsed=66ms
2026-09-15 08:44:05,573 [INFO] sync_agent: Cycle #974 [delta]: 5/5 patch, elapsed=66ms
2026-09-15 08:44:06,571 [INFO] sync_agent: Cycle #975 [delta]: 5/5 patch, elapsed=64ms
2026-09-15 08:44:07,571 [INFO] sync_agent: Cycle #976 [delta]: 5/5 patch, elapsed=64ms
2026-09-15 08:44:08,574 [INFO] sync_agent: Cycle #977 [delta]: 5/5 patch, elapsed=67ms
2026-09-15 08:44:09,596 [INFO] sync_agent: Cycle #978 [delta]: 5/5 patch, elapsed=87ms
2026-09-15 08:44:10,577 [INFO] sync_agent: Cycle #979 [delta]: 5/5 patch, elapsed=67ms
2026-09-15 08:44:11,578 [INFO] sync_agent: Cycle #980 [delta]: 5/5 patch, elapsed=68ms
2026-09-15 08:44:12,580 [INFO] sync_agent: Cycle #981 [delta]: 5/5 patch, elapsed=70ms
2026-09-15 08:44:13,580 [INFO] sync_agent: Cycle #982 [delta]: 5/5 patch, elapsed=70ms
2026-09-15 08:44:14,577 [INFO] sync_agent: Cycle #983 [delta]: 5/5 patch, elapsed=67ms
2026-09-15 08:44:15,576 [INFO] sync_agent: Cycle #984 [delta]: 5/5 patch, elapsed=65ms
2026-09-15 08:44:16,576 [INFO] sync_agent: Cycle #985 [delta]: 5/5 patch, elapsed=65ms
2026-09-15 08:44:17,574 [INFO] sync_agent: Cycle #986 [delta]: 5/5 patch, elapsed=63ms
2026-09-15 08:44:18,577 [INFO] sync_agent: Cycle #987 [delta]: 5/5 patch, elapsed=66ms
2026-09-15 08:44:19,582 [INFO] sync_agent: Cycle #988 [delta]: 5/5 patch, elapsed=71ms
2026-09-15 08:44:20,576 [INFO] sync_agent: Cycle #989 [delta]: 5/5 patch, elapsed=64ms
2026-09-15 08:44:21,575 [INFO] sync_agent: Cycle #990 [delta]: 5/5 patch, elapsed=63ms
2026-09-15 08:44:22,637 [INFO] sync_agent: Cycle #991 [RECONCILE]: 16/16 patch, elapsed=125ms
2026-09-15 08:44:23,577 [INFO] sync_agent: Cycle #992 [delta]: 5/5 patch, elapsed=65ms
2026-09-15 08:44:24,577 [INFO] sync_agent: Cycle #993 [delta]: 5/5 patch, elapsed=64ms
2026-09-15 08:44:25,577 [INFO] sync_agent: Cycle #994 [delta]: 5/5 patch, elapsed=64ms
2026-09-15 08:44:26,577 [INFO] sync_agent: Cycle #995 [delta]: 5/5 patch, elapsed=64ms
2026-09-15 08:44:27,579 [INFO] sync_agent: Cycle #996 [delta]: 5/5 patch, elapsed=65ms
2026-09-15 08:44:28,580 [INFO] sync_agent: Cycle #997 [delta]: 5/5 patch, elapsed=67ms
2026-09-15 08:44:29,577 [INFO] sync_agent: Cycle #998 [delta]: 5/5 patch, elapsed=63ms
2026-09-15 08:44:30,578 [INFO] sync_agent: Cycle #999 [delta]: 5/5 patch, elapsed=64ms
2026-09-15 08:44:31,580 [INFO] sync_agent: Cycle #1000 [delta]: 5/5 patch, elapsed=66ms
2026-09-15 08:44:32,587 [INFO] sync_agent: Cycle #1001 [delta]: 7/7 patch, elapsed=73ms
2026-09-15 08:44:33,591 [INFO] sync_agent: Cycle #1002 [delta]: 7/7 patch, elapsed=77ms
2026-09-15 08:44:34,579 [INFO] sync_agent: Cycle #1003 [delta]: 5/5 patch, elapsed=65ms
2026-09-15 08:44:35,582 [INFO] sync_agent: Cycle #1004 [delta]: 5/5 patch, elapsed=67ms
2026-09-15 08:44:36,585 [INFO] sync_agent: Cycle #1005 [delta]: 5/5 patch, elapsed=70ms
2026-09-15 08:44:37,583 [INFO] sync_agent: Cycle #1006 [delta]: 5/5 patch, elapsed=67ms
2026-09-15 08:44:38,584 [INFO] sync_agent: Cycle #1007 [delta]: 5/5 patch, elapsed=68ms
2026-09-15 08:44:39,581 [INFO] sync_agent: Cycle #1008 [delta]: 5/5 patch, elapsed=65ms
2026-09-15 08:44:40,584 [INFO] sync_agent: Cycle #1009 [delta]: 5/5 patch, elapsed=68ms
2026-09-15 08:44:41,581 [INFO] sync_agent: Cycle #1010 [delta]: 5/5 patch, elapsed=65ms
2026-09-15 08:44:42,584 [INFO] sync_agent: Cycle #1011 [delta]: 5/5 patch, elapsed=67ms
2026-09-15 08:44:43,585 [INFO] sync_agent: Cycle #1012 [delta]: 5/5 patch, elapsed=68ms
2026-09-15 08:44:44,584 [INFO] sync_agent: Cycle #1013 [delta]: 5/5 patch, elapsed=67ms
2026-09-15 08:44:45,583 [INFO] sync_agent: Cycle #1014 [delta]: 5/5 patch, elapsed=66ms
2026-09-15 08:44:46,583 [INFO] sync_agent: Cycle #1015 [delta]: 5/5 patch, elapsed=66ms
2026-09-15 08:44:47,592 [INFO] sync_agent: Cycle #1016 [delta]: 5/5 patch, elapsed=75ms
2026-09-15 08:44:48,582 [INFO] sync_agent: Cycle #1017 [delta]: 5/5 patch, elapsed=64ms
2026-09-15 08:44:49,583 [INFO] sync_agent: Cycle #1018 [delta]: 5/5 patch, elapsed=65ms
2026-09-15 08:44:50,585 [INFO] sync_agent: Cycle #1019 [delta]: 5/5 patch, elapsed=67ms
2026-09-15 08:44:51,583 [INFO] sync_agent: Cycle #1020 [delta]: 5/5 patch, elapsed=65ms
2026-09-15 08:44:52,646 [INFO] sync_agent: Cycle #1021 [RECONCILE]: 16/16 patch, elapsed=128ms
2026-09-15 08:44:53,587 [INFO] sync_agent: Cycle #1022 [delta]: 5/5 patch, elapsed=68ms
2026-09-15 08:44:54,585 [INFO] sync_agent: Cycle #1023 [delta]: 5/5 patch, elapsed=66ms
2026-09-15 08:44:55,588 [INFO] sync_agent: Cycle #1024 [delta]: 5/5 patch, elapsed=69ms
2026-09-15 08:44:56,583 [INFO] sync_agent: Cycle #1025 [delta]: 5/5 patch, elapsed=64ms
2026-09-15 08:44:57,585 [INFO] sync_agent: Cycle #1026 [delta]: 5/5 patch, elapsed=66ms
2026-09-15 08:44:58,585 [INFO] sync_agent: Cycle #1027 [delta]: 5/5 patch, elapsed=65ms
2026-09-15 08:44:59,584 [INFO] sync_agent: Cycle #1028 [delta]: 5/5 patch, elapsed=64ms
2026-09-15 08:45:00,584 [INFO] sync_agent: Cycle #1029 [delta]: 5/5 patch, elapsed=64ms
2026-09-15 08:45:01,585 [INFO] sync_agent: Cycle #1030 [delta]: 5/5 patch, elapsed=65ms
2026-09-15 08:45:02,587 [INFO] sync_agent: Cycle #1031 [delta]: 5/5 patch, elapsed=66ms
2026-09-15 08:45:03,587 [INFO] sync_agent: Cycle #1032 [delta]: 5/5 patch, elapsed=67ms
2026-09-15 08:45:04,587 [INFO] sync_agent: Cycle #1033 [delta]: 5/5 patch, elapsed=66ms
2026-09-15 08:45:05,591 [INFO] sync_agent: Cycle #1034 [delta]: 6/6 patch, elapsed=70ms
2026-09-15 08:45:06,592 [INFO] sync_agent: Cycle #1035 [delta]: 6/6 patch, elapsed=70ms
2026-09-15 08:45:07,587 [INFO] sync_agent: Cycle #1036 [delta]: 5/5 patch, elapsed=65ms
2026-09-15 08:45:08,585 [INFO] sync_agent: Cycle #1037 [delta]: 5/5 patch, elapsed=64ms
2026-09-15 08:45:09,586 [INFO] sync_agent: Cycle #1038 [delta]: 5/5 patch, elapsed=64ms
2026-09-15 08:45:10,587 [INFO] sync_agent: Cycle #1039 [delta]: 5/5 patch, elapsed=65ms
2026-09-15 08:45:11,587 [INFO] sync_agent: Cycle #1040 [delta]: 5/5 patch, elapsed=65ms
2026-09-15 08:45:12,590 [INFO] sync_agent: Cycle #1041 [delta]: 5/5 patch, elapsed=67ms
2026-09-15 08:45:13,591 [INFO] sync_agent: Cycle #1042 [delta]: 5/5 patch, elapsed=68ms
2026-09-15 08:45:14,589 [INFO] sync_agent: Cycle #1043 [delta]: 5/5 patch, elapsed=66ms
2026-09-15 08:45:15,603 [INFO] sync_agent: Cycle #1044 [delta]: 5/5 patch, elapsed=78ms
2026-09-15 08:45:16,615 [INFO] sync_agent: Cycle #1045 [delta]: 5/5 patch, elapsed=91ms
2026-09-15 08:45:17,593 [INFO] sync_agent: Cycle #1046 [delta]: 5/5 patch, elapsed=68ms
2026-09-15 08:45:18,591 [INFO] sync_agent: Cycle #1047 [delta]: 5/5 patch, elapsed=66ms
2026-09-15 08:45:19,592 [INFO] sync_agent: Cycle #1048 [delta]: 5/5 patch, elapsed=67ms
2026-09-15 08:45:20,600 [INFO] sync_agent: Cycle #1049 [delta]: 5/5 patch, elapsed=75ms
2026-09-15 08:45:21,592 [INFO] sync_agent: Cycle #1050 [delta]: 5/5 patch, elapsed=67ms
2026-09-15 08:45:22,661 [INFO] sync_agent: Cycle #1051 [RECONCILE]: 16/16 patch, elapsed=135ms
2026-09-15 08:45:23,591 [INFO] sync_agent: Cycle #1052 [delta]: 5/5 patch, elapsed=65ms
2026-09-15 08:45:24,591 [INFO] sync_agent: Cycle #1053 [delta]: 5/5 patch, elapsed=65ms
2026-09-15 08:45:25,592 [INFO] sync_agent: Cycle #1054 [delta]: 5/5 patch, elapsed=66ms
2026-09-15 08:45:26,592 [INFO] sync_agent: Cycle #1055 [delta]: 5/5 patch, elapsed=65ms
2026-09-15 08:45:27,598 [INFO] sync_agent: Cycle #1056 [delta]: 5/5 patch, elapsed=71ms
2026-09-15 08:45:28,592 [INFO] sync_agent: Cycle #1057 [delta]: 5/5 patch, elapsed=65ms
2026-09-15 08:45:29,591 [INFO] sync_agent: Cycle #1058 [delta]: 5/5 patch, elapsed=64ms
2026-09-15 08:45:30,592 [INFO] sync_agent: Cycle #1059 [delta]: 5/5 patch, elapsed=64ms
2026-09-15 08:45:31,595 [INFO] sync_agent: Cycle #1060 [delta]: 5/5 patch, elapsed=67ms
2026-09-15 08:45:32,590 [INFO] sync_agent: Cycle #1061 [delta]: 5/5 patch, elapsed=62ms
2026-09-15 08:45:33,595 [INFO] sync_agent: Cycle #1062 [delta]: 5/5 patch, elapsed=67ms
2026-09-15 08:45:34,594 [INFO] sync_agent: Cycle #1063 [delta]: 5/5 patch, elapsed=66ms
2026-09-15 08:45:35,594 [INFO] sync_agent: Cycle #1064 [delta]: 5/5 patch, elapsed=65ms
2026-09-15 08:45:36,594 [INFO] sync_agent: Cycle #1065 [delta]: 5/5 patch, elapsed=65ms
2026-09-15 08:45:37,594 [INFO] sync_agent: Cycle #1066 [delta]: 5/5 patch, elapsed=65ms
2026-09-15 08:45:38,602 [INFO] sync_agent: Cycle #1067 [delta]: 7/7 patch, elapsed=73ms
2026-09-15 08:45:39,603 [INFO] sync_agent: Cycle #1068 [delta]: 7/7 patch, elapsed=74ms
2026-09-15 08:45:40,593 [INFO] sync_agent: Cycle #1069 [delta]: 5/5 patch, elapsed=63ms
2026-09-15 08:45:41,593 [INFO] sync_agent: Cycle #1070 [delta]: 5/5 patch, elapsed=63ms
2026-09-15 08:45:42,596 [INFO] sync_agent: Cycle #1071 [delta]: 5/5 patch, elapsed=66ms
2026-09-15 08:45:43,597 [INFO] sync_agent: Cycle #1072 [delta]: 5/5 patch, elapsed=67ms
2026-09-15 08:45:44,597 [INFO] sync_agent: Cycle #1073 [delta]: 5/5 patch, elapsed=67ms
2026-09-15 08:45:45,596 [INFO] sync_agent: Cycle #1074 [delta]: 5/5 patch, elapsed=65ms
2026-09-15 08:45:46,596 [INFO] sync_agent: Cycle #1075 [delta]: 5/5 patch, elapsed=65ms
2026-09-15 08:45:47,599 [INFO] sync_agent: Cycle #1076 [delta]: 5/5 patch, elapsed=68ms
2026-09-15 08:45:48,595 [INFO] sync_agent: Cycle #1077 [delta]: 5/5 patch, elapsed=64ms
2026-09-15 08:45:49,598 [INFO] sync_agent: Cycle #1078 [delta]: 5/5 patch, elapsed=66ms
2026-09-15 08:45:50,607 [INFO] sync_agent: Cycle #1079 [delta]: 5/5 patch, elapsed=75ms
2026-09-15 08:45:51,596 [INFO] sync_agent: Cycle #1080 [delta]: 5/5 patch, elapsed=64ms
2026-09-15 08:45:52,672 [INFO] sync_agent: Cycle #1081 [RECONCILE]: 16/16 patch, elapsed=140ms
2026-09-15 08:45:53,600 [INFO] sync_agent: Cycle #1082 [delta]: 5/5 patch, elapsed=68ms
2026-09-15 08:45:54,600 [INFO] sync_agent: Cycle #1083 [delta]: 5/5 patch, elapsed=68ms
2026-09-15 08:45:55,599 [INFO] sync_agent: Cycle #1084 [delta]: 5/5 patch, elapsed=67ms
2026-09-15 08:45:56,597 [INFO] sync_agent: Cycle #1085 [delta]: 5/5 patch, elapsed=64ms
2026-09-15 08:45:57,599 [INFO] sync_agent: Cycle #1086 [delta]: 5/5 patch, elapsed=66ms
2026-09-15 08:45:58,597 [INFO] sync_agent: Cycle #1087 [delta]: 5/5 patch, elapsed=63ms
2026-09-15 08:45:59,600 [INFO] sync_agent: Cycle #1088 [delta]: 5/5 patch, elapsed=67ms
2026-09-15 08:46:00,598 [INFO] sync_agent: Cycle #1089 [delta]: 5/5 patch, elapsed=64ms
2026-09-15 08:46:01,601 [INFO] sync_agent: Cycle #1090 [delta]: 5/5 patch, elapsed=67ms
2026-09-15 08:46:02,599 [INFO] sync_agent: Cycle #1091 [delta]: 5/5 patch, elapsed=65ms
2026-09-15 08:46:03,602 [INFO] sync_agent: Cycle #1092 [delta]: 5/5 patch, elapsed=68ms
2026-09-15 08:46:04,600 [INFO] sync_agent: Cycle #1093 [delta]: 5/5 patch, elapsed=65ms
2026-09-15 08:46:05,600 [INFO] sync_agent: Cycle #1094 [delta]: 5/5 patch, elapsed=65ms
2026-09-15 08:46:06,599 [INFO] sync_agent: Cycle #1095 [delta]: 5/5 patch, elapsed=64ms
2026-09-15 08:46:07,603 [INFO] sync_agent: Cycle #1096 [delta]: 5/5 patch, elapsed=68ms
2026-09-15 08:46:08,599 [INFO] sync_agent: Cycle #1097 [delta]: 5/5 patch, elapsed=64ms
2026-09-15 08:46:09,601 [INFO] sync_agent: Cycle #1098 [delta]: 5/5 patch, elapsed=65ms
2026-09-15 08:46:10,631 [INFO] sync_agent: Cycle #1099 [delta]: 6/6 patch, elapsed=95ms
2026-09-15 08:46:11,607 [INFO] sync_agent: Cycle #1100 [delta]: 6/6 patch, elapsed=71ms
2026-09-15 08:46:12,602 [INFO] sync_agent: Cycle #1101 [delta]: 5/5 patch, elapsed=66ms
2026-09-15 08:46:13,602 [INFO] sync_agent: Cycle #1102 [delta]: 5/5 patch, elapsed=66ms
2026-09-15 08:46:14,604 [INFO] sync_agent: Cycle #1103 [delta]: 5/5 patch, elapsed=67ms
2026-09-15 08:46:15,601 [INFO] sync_agent: Cycle #1104 [delta]: 5/5 patch, elapsed=64ms
2026-09-15 08:46:16,603 [INFO] sync_agent: Cycle #1105 [delta]: 5/5 patch, elapsed=66ms
2026-09-15 08:46:17,606 [INFO] sync_agent: Cycle #1106 [delta]: 5/5 patch, elapsed=69ms
2026-09-15 08:46:18,608 [INFO] sync_agent: Cycle #1107 [delta]: 5/5 patch, elapsed=71ms
2026-09-15 08:46:19,602 [INFO] sync_agent: Cycle #1108 [delta]: 5/5 patch, elapsed=64ms
2026-09-15 08:46:20,603 [INFO] sync_agent: Cycle #1109 [delta]: 5/5 patch, elapsed=65ms
2026-09-15 08:46:21,603 [INFO] sync_agent: Cycle #1110 [delta]: 5/5 patch, elapsed=65ms
2026-09-15 08:46:22,665 [INFO] sync_agent: Cycle #1111 [RECONCILE]: 16/16 patch, elapsed=126ms
2026-09-15 08:46:23,604 [INFO] sync_agent: Cycle #1112 [delta]: 5/5 patch, elapsed=65ms
2026-09-15 08:46:24,604 [INFO] sync_agent: Cycle #1113 [delta]: 5/5 patch, elapsed=65ms
2026-09-15 08:46:25,608 [INFO] sync_agent: Cycle #1114 [delta]: 5/5 patch, elapsed=69ms
2026-09-15 08:46:26,614 [INFO] sync_agent: Cycle #1115 [delta]: 5/5 patch, elapsed=74ms
2026-09-15 08:46:27,608 [INFO] sync_agent: Cycle #1116 [delta]: 5/5 patch, elapsed=69ms
2026-09-15 08:46:28,603 [INFO] sync_agent: Cycle #1117 [delta]: 5/5 patch, elapsed=64ms
2026-09-15 08:46:29,604 [INFO] sync_agent: Cycle #1118 [delta]: 5/5 patch, elapsed=64ms
2026-09-15 08:46:30,606 [INFO] sync_agent: Cycle #1119 [delta]: 5/5 patch, elapsed=66ms
2026-09-15 08:46:31,605 [INFO] sync_agent: Cycle #1120 [delta]: 5/5 patch, elapsed=65ms
2026-09-15 08:46:32,610 [INFO] sync_agent: Cycle #1121 [delta]: 5/5 patch, elapsed=70ms
2026-09-15 08:46:33,608 [INFO] sync_agent: Cycle #1122 [delta]: 5/5 patch, elapsed=67ms
2026-09-15 08:46:34,606 [INFO] sync_agent: Cycle #1123 [delta]: 5/5 patch, elapsed=65ms
2026-09-15 08:46:35,607 [INFO] sync_agent: Cycle #1124 [delta]: 5/5 patch, elapsed=66ms
2026-09-15 08:46:36,606 [INFO] sync_agent: Cycle #1125 [delta]: 5/5 patch, elapsed=64ms
2026-09-15 08:46:37,607 [INFO] sync_agent: Cycle #1126 [delta]: 5/5 patch, elapsed=66ms
2026-09-15 08:46:38,605 [INFO] sync_agent: Cycle #1127 [delta]: 5/5 patch, elapsed=63ms
2026-09-15 08:46:39,606 [INFO] sync_agent: Cycle #1128 [delta]: 5/5 patch, elapsed=64ms
2026-09-15 08:46:40,616 [INFO] sync_agent: Cycle #1129 [delta]: 5/5 patch, elapsed=74ms
2026-09-15 08:46:41,610 [INFO] sync_agent: Cycle #1130 [delta]: 5/5 patch, elapsed=68ms
2026-09-15 08:46:42,606 [INFO] sync_agent: Cycle #1131 [delta]: 5/5 patch, elapsed=64ms
2026-09-15 08:46:43,610 [INFO] sync_agent: Cycle #1132 [delta]: 5/5 patch, elapsed=67ms
2026-09-15 08:46:44,609 [INFO] sync_agent: Cycle #1133 [delta]: 5/5 patch, elapsed=66ms
2026-09-15 08:46:45,608 [INFO] sync_agent: Cycle #1134 [delta]: 5/5 patch, elapsed=65ms
2026-09-15 08:46:46,610 [INFO] sync_agent: Cycle #1135 [delta]: 5/5 patch, elapsed=66ms
2026-09-15 08:46:47,609 [INFO] sync_agent: Cycle #1136 [delta]: 5/5 patch, elapsed=66ms
2026-09-15 08:46:48,612 [INFO] sync_agent: Cycle #1137 [delta]: 5/5 patch, elapsed=68ms
2026-09-15 08:46:49,610 [INFO] sync_agent: Cycle #1138 [delta]: 5/5 patch, elapsed=65ms
2026-09-15 08:46:50,609 [INFO] sync_agent: Cycle #1139 [delta]: 5/5 patch, elapsed=65ms
2026-09-15 08:46:51,610 [INFO] sync_agent: Cycle #1140 [delta]: 5/5 patch, elapsed=65ms
2026-09-15 08:46:52,667 [INFO] sync_agent: Cycle #1141 [RECONCILE]: 16/16 patch, elapsed=122ms
2026-09-15 08:46:53,611 [INFO] sync_agent: Cycle #1142 [delta]: 5/5 patch, elapsed=66ms
2026-09-15 08:46:54,613 [INFO] sync_agent: Cycle #1143 [delta]: 5/5 patch, elapsed=68ms
2026-09-15 08:46:55,610 [INFO] sync_agent: Cycle #1144 [delta]: 5/5 patch, elapsed=65ms
2026-09-15 08:46:56,610 [INFO] sync_agent: Cycle #1145 [delta]: 5/5 patch, elapsed=65ms
2026-09-15 08:46:57,610 [INFO] sync_agent: Cycle #1146 [delta]: 5/5 patch, elapsed=65ms
2026-09-15 08:46:58,616 [INFO] sync_agent: Cycle #1147 [delta]: 5/5 patch, elapsed=70ms
2026-09-15 08:46:59,611 [INFO] sync_agent: Cycle #1148 [delta]: 5/5 patch, elapsed=65ms
2026-09-15 08:47:00,610 [INFO] sync_agent: Cycle #1149 [delta]: 5/5 patch, elapsed=64ms
2026-09-15 08:47:01,612 [INFO] sync_agent: Cycle #1150 [delta]: 5/5 patch, elapsed=66ms
2026-09-15 08:47:02,612 [INFO] sync_agent: Cycle #1151 [delta]: 5/5 patch, elapsed=65ms
2026-09-15 08:47:03,614 [INFO] sync_agent: Cycle #1152 [delta]: 5/5 patch, elapsed=67ms
2026-09-15 08:47:04,613 [INFO] sync_agent: Cycle #1153 [delta]: 5/5 patch, elapsed=66ms
2026-09-15 08:47:05,613 [INFO] sync_agent: Cycle #1154 [delta]: 5/5 patch, elapsed=66ms
2026-09-15 08:47:06,613 [INFO] sync_agent: Cycle #1155 [delta]: 5/5 patch, elapsed=65ms
2026-09-15 08:47:07,612 [INFO] sync_agent: Cycle #1156 [delta]: 5/5 patch, elapsed=65ms
2026-09-15 08:47:08,612 [INFO] sync_agent: Cycle #1157 [delta]: 5/5 patch, elapsed=64ms
2026-09-15 08:47:09,612 [INFO] sync_agent: Cycle #1158 [delta]: 5/5 patch, elapsed=64ms
2026-09-15 08:47:10,612 [INFO] sync_agent: Cycle #1159 [delta]: 5/5 patch, elapsed=64ms
2026-09-15 08:47:11,611 [INFO] sync_agent: Cycle #1160 [delta]: 5/5 patch, elapsed=63ms
2026-09-15 08:47:12,614 [INFO] sync_agent: Cycle #1161 [delta]: 5/5 patch, elapsed=65ms
2026-09-15 08:47:13,618 [INFO] sync_agent: Cycle #1162 [delta]: 5/5 patch, elapsed=69ms
2026-09-15 08:47:14,619 [INFO] sync_agent: Cycle #1163 [delta]: 5/5 patch, elapsed=70ms
2026-09-15 08:47:15,615 [INFO] sync_agent: Cycle #1164 [delta]: 5/5 patch, elapsed=66ms
2026-09-15 08:47:16,621 [INFO] sync_agent: Cycle #1165 [delta]: 5/5 patch, elapsed=72ms
2026-09-15 08:47:17,615 [INFO] sync_agent: Cycle #1166 [delta]: 5/5 patch, elapsed=65ms
2026-09-15 08:47:18,613 [INFO] sync_agent: Cycle #1167 [delta]: 5/5 patch, elapsed=63ms
2026-09-15 08:47:19,617 [INFO] sync_agent: Cycle #1168 [delta]: 5/5 patch, elapsed=67ms
2026-09-15 08:47:20,617 [INFO] sync_agent: Cycle #1169 [delta]: 5/5 patch, elapsed=66ms
2026-09-15 08:47:21,617 [INFO] sync_agent: Cycle #1170 [delta]: 5/5 patch, elapsed=67ms
2026-09-15 08:47:22,677 [INFO] sync_agent: Cycle #1171 [RECONCILE]: 16/16 patch, elapsed=127ms
2026-09-15 08:47:23,619 [INFO] sync_agent: Cycle #1172 [delta]: 5/5 patch, elapsed=68ms
2026-09-15 08:47:24,616 [INFO] sync_agent: Cycle #1173 [delta]: 5/5 patch, elapsed=64ms
2026-09-15 08:47:25,619 [INFO] sync_agent: Cycle #1174 [delta]: 5/5 patch, elapsed=67ms
2026-09-15 08:47:26,616 [INFO] sync_agent: Cycle #1175 [delta]: 5/5 patch, elapsed=64ms
2026-09-15 08:47:27,616 [INFO] sync_agent: Cycle #1176 [delta]: 5/5 patch, elapsed=64ms
2026-09-15 08:47:28,617 [INFO] sync_agent: Cycle #1177 [delta]: 5/5 patch, elapsed=65ms
2026-09-15 08:47:29,616 [INFO] sync_agent: Cycle #1178 [delta]: 5/5 patch, elapsed=64ms
2026-09-15 08:47:30,625 [INFO] sync_agent: Cycle #1179 [delta]: 5/5 patch, elapsed=72ms
2026-09-15 08:47:31,618 [INFO] sync_agent: Cycle #1180 [delta]: 5/5 patch, elapsed=65ms
2026-09-15 08:47:32,618 [INFO] sync_agent: Cycle #1181 [delta]: 5/5 patch, elapsed=66ms
2026-09-15 08:47:33,619 [INFO] sync_agent: Cycle #1182 [delta]: 5/5 patch, elapsed=66ms
2026-09-15 08:47:34,618 [INFO] sync_agent: Cycle #1183 [delta]: 5/5 patch, elapsed=64ms
2026-09-15 08:47:35,620 [INFO] sync_agent: Cycle #1184 [delta]: 5/5 patch, elapsed=67ms
2026-09-15 08:47:36,617 [INFO] sync_agent: Cycle #1185 [delta]: 5/5 patch, elapsed=63ms
2026-09-15 08:47:37,619 [INFO] sync_agent: Cycle #1186 [delta]: 5/5 patch, elapsed=65ms
2026-09-15 08:47:38,619 [INFO] sync_agent: Cycle #1187 [delta]: 5/5 patch, elapsed=65ms
2026-09-15 08:47:39,626 [INFO] sync_agent: Cycle #1188 [delta]: 5/5 patch, elapsed=70ms
2026-09-15 08:47:40,620 [INFO] sync_agent: Cycle #1189 [delta]: 5/5 patch, elapsed=65ms
2026-09-15 08:47:41,620 [INFO] sync_agent: Cycle #1190 [delta]: 5/5 patch, elapsed=65ms
2026-09-15 08:47:42,623 [INFO] sync_agent: Cycle #1191 [delta]: 5/5 patch, elapsed=68ms
2026-09-15 08:47:43,624 [INFO] sync_agent: Cycle #1192 [delta]: 5/5 patch, elapsed=68ms
2026-09-15 08:47:44,622 [INFO] sync_agent: Cycle #1193 [delta]: 5/5 patch, elapsed=66ms
2026-09-15 08:47:45,622 [INFO] sync_agent: Cycle #1194 [delta]: 5/5 patch, elapsed=65ms
2026-09-15 08:47:46,624 [INFO] sync_agent: Cycle #1195 [delta]: 5/5 patch, elapsed=67ms
2026-09-15 08:47:47,631 [INFO] sync_agent: Cycle #1196 [delta]: 5/5 patch, elapsed=74ms
2026-09-15 08:47:48,624 [INFO] sync_agent: Cycle #1197 [delta]: 5/5 patch, elapsed=67ms
2026-09-15 08:47:49,621 [INFO] sync_agent: Cycle #1198 [delta]: 5/5 patch, elapsed=64ms
2026-09-15 08:47:50,622 [INFO] sync_agent: Cycle #1199 [delta]: 5/5 patch, elapsed=64ms
2026-09-15 08:47:51,624 [INFO] sync_agent: Cycle #1200 [delta]: 5/5 patch, elapsed=66ms
2026-09-15 08:47:52,679 [INFO] sync_agent: Cycle #1201 [RECONCILE]: 16/16 patch, elapsed=121ms
2026-09-15 08:47:53,624 [INFO] sync_agent: Cycle #1202 [delta]: 5/5 patch, elapsed=66ms
2026-09-15 08:47:54,622 [INFO] sync_agent: Cycle #1203 [delta]: 5/5 patch, elapsed=64ms
2026-09-15 08:47:55,623 [INFO] sync_agent: Cycle #1204 [delta]: 5/5 patch, elapsed=65ms
2026-09-15 08:47:56,621 [INFO] sync_agent: Cycle #1205 [delta]: 5/5 patch, elapsed=63ms
2026-09-15 08:47:57,623 [INFO] sync_agent: Cycle #1206 [delta]: 5/5 patch, elapsed=64ms
2026-09-15 08:47:58,624 [INFO] sync_agent: Cycle #1207 [delta]: 5/5 patch, elapsed=65ms
2026-09-15 08:47:59,623 [INFO] sync_agent: Cycle #1208 [delta]: 5/5 patch, elapsed=63ms
2026-09-15 08:48:00,622 [INFO] sync_agent: Cycle #1209 [delta]: 5/5 patch, elapsed=62ms
2026-09-15 08:48:01,624 [INFO] sync_agent: Cycle #1210 [delta]: 5/5 patch, elapsed=64ms
2026-09-15 08:48:02,623 [INFO] sync_agent: Cycle #1211 [delta]: 5/5 patch, elapsed=63ms
2026-09-15 08:48:03,636 [INFO] sync_agent: Cycle #1212 [delta]: 5/5 patch, elapsed=75ms
2026-09-15 08:48:04,628 [INFO] sync_agent: Cycle #1213 [delta]: 5/5 patch, elapsed=68ms
2026-09-15 08:48:05,628 [INFO] sync_agent: Cycle #1214 [delta]: 5/5 patch, elapsed=67ms
2026-09-15 08:48:06,625 [INFO] sync_agent: Cycle #1215 [delta]: 5/5 patch, elapsed=64ms
2026-09-15 08:48:07,625 [INFO] sync_agent: Cycle #1216 [delta]: 5/5 patch, elapsed=63ms
2026-09-15 08:48:08,625 [INFO] sync_agent: Cycle #1217 [delta]: 5/5 patch, elapsed=63ms
2026-09-15 08:48:09,625 [INFO] sync_agent: Cycle #1218 [delta]: 5/5 patch, elapsed=63ms
2026-09-15 08:48:10,624 [INFO] sync_agent: Cycle #1219 [delta]: 5/5 patch, elapsed=62ms
2026-09-15 08:48:11,624 [INFO] sync_agent: Cycle #1220 [delta]: 5/5 patch, elapsed=62ms
2026-09-15 08:48:12,628 [INFO] sync_agent: Cycle #1221 [delta]: 5/5 patch, elapsed=66ms
2026-09-15 08:48:13,628 [INFO] sync_agent: Cycle #1222 [delta]: 5/5 patch, elapsed=65ms
2026-09-15 08:48:14,626 [INFO] sync_agent: Cycle #1223 [delta]: 5/5 patch, elapsed=63ms
2026-09-15 08:48:15,628 [INFO] sync_agent: Cycle #1224 [delta]: 5/5 patch, elapsed=65ms
2026-09-15 08:48:16,627 [INFO] sync_agent: Cycle #1225 [delta]: 5/5 patch, elapsed=64ms
2026-09-15 08:48:17,631 [INFO] sync_agent: Cycle #1226 [delta]: 5/5 patch, elapsed=67ms
2026-09-15 08:48:18,627 [INFO] sync_agent: Cycle #1227 [delta]: 5/5 patch, elapsed=63ms
2026-09-15 08:48:19,628 [INFO] sync_agent: Cycle #1228 [delta]: 5/5 patch, elapsed=65ms
2026-09-15 08:48:20,629 [INFO] sync_agent: Cycle #1229 [delta]: 5/5 patch, elapsed=65ms
2026-09-15 08:48:21,627 [INFO] sync_agent: Cycle #1230 [delta]: 5/5 patch, elapsed=63ms
2026-09-15 08:48:22,695 [INFO] sync_agent: Cycle #1231 [RECONCILE]: 16/16 patch, elapsed=130ms
2026-09-15 08:48:23,633 [INFO] sync_agent: Cycle #1232 [delta]: 5/5 patch, elapsed=69ms
2026-09-15 08:48:24,628 [INFO] sync_agent: Cycle #1233 [delta]: 5/5 patch, elapsed=63ms
2026-09-15 08:48:25,637 [INFO] sync_agent: Cycle #1234 [delta]: 5/5 patch, elapsed=72ms
2026-09-15 08:48:26,634 [INFO] sync_agent: Cycle #1235 [delta]: 5/5 patch, elapsed=69ms
2026-09-15 08:48:27,635 [INFO] sync_agent: Cycle #1236 [delta]: 5/5 patch, elapsed=70ms
2026-09-15 08:48:28,633 [INFO] sync_agent: Cycle #1237 [delta]: 5/5 patch, elapsed=68ms
2026-09-15 08:48:29,636 [INFO] sync_agent: Cycle #1238 [delta]: 5/5 patch, elapsed=70ms
2026-09-15 08:48:30,634 [INFO] sync_agent: Cycle #1239 [delta]: 5/5 patch, elapsed=68ms
2026-09-15 08:48:31,636 [INFO] sync_agent: Cycle #1240 [delta]: 5/5 patch, elapsed=70ms
2026-09-15 08:48:32,635 [INFO] sync_agent: Cycle #1241 [delta]: 5/5 patch, elapsed=68ms
2026-09-15 08:48:33,636 [INFO] sync_agent: Cycle #1242 [delta]: 5/5 patch, elapsed=69ms
2026-09-15 08:48:34,639 [INFO] sync_agent: Cycle #1243 [delta]: 5/5 patch, elapsed=72ms
2026-09-15 08:48:35,629 [INFO] sync_agent: Cycle #1244 [delta]: 4/4 patch, elapsed=62ms
2026-09-15 08:48:36,635 [INFO] sync_agent: Cycle #1245 [delta]: 5/5 patch, elapsed=67ms
2026-09-15 08:48:37,634 [INFO] sync_agent: Cycle #1246 [delta]: 5/5 patch, elapsed=67ms
2026-09-15 08:48:38,634 [INFO] sync_agent: Cycle #1247 [delta]: 5/5 patch, elapsed=67ms
2026-09-15 08:48:39,634 [INFO] sync_agent: Cycle #1248 [delta]: 5/5 patch, elapsed=66ms
2026-09-15 08:48:40,634 [INFO] sync_agent: Cycle #1249 [delta]: 5/5 patch, elapsed=66ms
2026-09-15 08:48:41,636 [INFO] sync_agent: Cycle #1250 [delta]: 5/5 patch, elapsed=67ms
2026-09-15 08:48:42,636 [INFO] sync_agent: Cycle #1251 [delta]: 5/5 patch, elapsed=67ms
2026-09-15 08:48:43,637 [INFO] sync_agent: Cycle #1252 [delta]: 5/5 patch, elapsed=68ms
2026-09-15 08:48:44,637 [INFO] sync_agent: Cycle #1253 [delta]: 5/5 patch, elapsed=68ms
2026-09-15 08:48:45,637 [INFO] sync_agent: Cycle #1254 [delta]: 5/5 patch, elapsed=67ms
2026-09-15 08:48:46,635 [INFO] sync_agent: Cycle #1255 [delta]: 5/5 patch, elapsed=66ms
2026-09-15 08:48:47,639 [INFO] sync_agent: Cycle #1256 [delta]: 5/5 patch, elapsed=69ms
2026-09-15 08:48:48,635 [INFO] sync_agent: Cycle #1257 [delta]: 5/5 patch, elapsed=65ms
2026-09-15 08:48:49,662 [INFO] sync_agent: Cycle #1258 [delta]: 5/5 patch, elapsed=91ms
2026-09-15 08:48:50,642 [INFO] sync_agent: Cycle #1259 [delta]: 5/5 patch, elapsed=72ms
2026-09-15 08:48:51,634 [INFO] sync_agent: Cycle #1260 [delta]: 5/5 patch, elapsed=64ms
2026-09-15 08:48:52,703 [INFO] sync_agent: Cycle #1261 [RECONCILE]: 16/16 patch, elapsed=132ms
2026-09-15 08:48:53,638 [INFO] sync_agent: Cycle #1262 [delta]: 5/5 patch, elapsed=67ms
2026-09-15 08:48:54,645 [INFO] sync_agent: Cycle #1263 [delta]: 7/7 patch, elapsed=74ms
2026-09-15 08:48:55,648 [INFO] sync_agent: Cycle #1264 [delta]: 7/7 patch, elapsed=76ms
2026-09-15 08:48:56,635 [INFO] sync_agent: Cycle #1265 [delta]: 5/5 patch, elapsed=63ms
2026-09-15 08:48:57,636 [INFO] sync_agent: Cycle #1266 [delta]: 5/5 patch, elapsed=64ms
2026-09-15 08:48:58,637 [INFO] sync_agent: Cycle #1267 [delta]: 5/5 patch, elapsed=65ms
2026-09-15 08:48:59,637 [INFO] sync_agent: Cycle #1268 [delta]: 5/5 patch, elapsed=64ms
2026-09-15 08:49:00,636 [INFO] sync_agent: Cycle #1269 [delta]: 5/5 patch, elapsed=63ms
2026-09-15 08:49:01,637 [INFO] sync_agent: Cycle #1270 [delta]: 5/5 patch, elapsed=64ms
2026-09-15 08:49:02,636 [INFO] sync_agent: Cycle #1271 [delta]: 5/5 patch, elapsed=63ms
2026-09-15 08:49:03,640 [INFO] sync_agent: Cycle #1272 [delta]: 5/5 patch, elapsed=67ms
2026-09-15 08:49:04,638 [INFO] sync_agent: Cycle #1273 [delta]: 5/5 patch, elapsed=65ms
2026-09-15 08:49:05,650 [INFO] sync_agent: Cycle #1274 [delta]: 5/5 patch, elapsed=76ms
2026-09-15 08:49:06,638 [INFO] sync_agent: Cycle #1275 [delta]: 5/5 patch, elapsed=64ms
2026-09-15 08:49:07,637 [INFO] sync_agent: Cycle #1276 [delta]: 5/5 patch, elapsed=63ms
2026-09-15 08:49:08,637 [INFO] sync_agent: Cycle #1277 [delta]: 5/5 patch, elapsed=63ms
2026-09-15 08:49:09,639 [INFO] sync_agent: Cycle #1278 [delta]: 5/5 patch, elapsed=64ms
2026-09-15 08:49:10,638 [INFO] sync_agent: Cycle #1279 [delta]: 5/5 patch, elapsed=64ms
2026-09-15 08:49:11,638 [INFO] sync_agent: Cycle #1280 [delta]: 5/5 patch, elapsed=63ms
2026-09-15 08:49:12,639 [INFO] sync_agent: Cycle #1281 [delta]: 5/5 patch, elapsed=64ms
2026-09-15 08:49:13,641 [INFO] sync_agent: Cycle #1282 [delta]: 5/5 patch, elapsed=66ms
2026-09-15 08:49:14,640 [INFO] sync_agent: Cycle #1283 [delta]: 5/5 patch, elapsed=65ms
2026-09-15 08:49:15,641 [INFO] sync_agent: Cycle #1284 [delta]: 5/5 patch, elapsed=66ms
2026-09-15 08:49:16,639 [INFO] sync_agent: Cycle #1285 [delta]: 5/5 patch, elapsed=63ms
2026-09-15 08:49:17,640 [INFO] sync_agent: Cycle #1286 [delta]: 5/5 patch, elapsed=64ms
2026-09-15 08:49:18,640 [INFO] sync_agent: Cycle #1287 [delta]: 5/5 patch, elapsed=64ms
2026-09-15 08:49:19,641 [INFO] sync_agent: Cycle #1288 [delta]: 5/5 patch, elapsed=64ms
2026-09-15 08:49:20,641 [INFO] sync_agent: Cycle #1289 [delta]: 5/5 patch, elapsed=64ms
2026-09-15 08:49:21,644 [INFO] sync_agent: Cycle #1290 [delta]: 5/5 patch, elapsed=67ms
2026-09-15 08:49:22,698 [INFO] sync_agent: Cycle #1291 [RECONCILE]: 16/16 patch, elapsed=120ms
2026-09-15 08:49:23,645 [INFO] sync_agent: Cycle #1292 [delta]: 5/5 patch, elapsed=68ms
2026-09-15 08:49:24,643 [INFO] sync_agent: Cycle #1293 [delta]: 5/5 patch, elapsed=65ms
2026-09-15 08:49:25,643 [INFO] sync_agent: Cycle #1294 [delta]: 5/5 patch, elapsed=66ms
2026-09-15 08:49:26,642 [INFO] sync_agent: Cycle #1295 [delta]: 5/5 patch, elapsed=64ms
2026-09-15 08:49:27,648 [INFO] sync_agent: Cycle #1296 [delta]: 5/5 patch, elapsed=69ms
2026-09-15 08:49:28,642 [INFO] sync_agent: Cycle #1297 [delta]: 5/5 patch, elapsed=64ms
2026-09-15 08:49:29,642 [INFO] sync_agent: Cycle #1298 [delta]: 5/5 patch, elapsed=63ms
2026-09-15 08:49:30,642 [INFO] sync_agent: Cycle #1299 [delta]: 5/5 patch, elapsed=63ms
2026-09-15 08:49:31,643 [INFO] sync_agent: Cycle #1300 [delta]: 5/5 patch, elapsed=65ms
2026-09-15 08:49:32,643 [INFO] sync_agent: Cycle #1301 [delta]: 5/5 patch, elapsed=64ms
2026-09-15 08:49:33,645 [INFO] sync_agent: Cycle #1302 [delta]: 5/5 patch, elapsed=66ms
2026-09-15 08:49:34,643 [INFO] sync_agent: Cycle #1303 [delta]: 5/5 patch, elapsed=64ms
2026-09-15 08:49:35,648 [INFO] sync_agent: Cycle #1304 [delta]: 5/5 patch, elapsed=68ms
2026-09-15 08:49:36,644 [INFO] sync_agent: Cycle #1305 [delta]: 5/5 patch, elapsed=64ms
2026-09-15 08:49:37,644 [INFO] sync_agent: Cycle #1306 [delta]: 5/5 patch, elapsed=64ms
2026-09-15 08:49:38,650 [INFO] sync_agent: Cycle #1307 [delta]: 5/5 patch, elapsed=70ms
2026-09-15 08:49:39,649 [INFO] sync_agent: Cycle #1308 [delta]: 5/5 patch, elapsed=68ms
2026-09-15 08:49:40,644 [INFO] sync_agent: Cycle #1309 [delta]: 5/5 patch, elapsed=64ms
2026-09-15 08:49:41,646 [INFO] sync_agent: Cycle #1310 [delta]: 5/5 patch, elapsed=65ms
2026-09-15 08:49:42,644 [INFO] sync_agent: Cycle #1311 [delta]: 5/5 patch, elapsed=63ms
2026-09-15 08:49:43,648 [INFO] sync_agent: Cycle #1312 [delta]: 5/5 patch, elapsed=67ms
2026-09-15 08:49:44,646 [INFO] sync_agent: Cycle #1313 [delta]: 5/5 patch, elapsed=64ms
2026-09-15 08:49:45,647 [INFO] sync_agent: Cycle #1314 [delta]: 5/5 patch, elapsed=65ms
2026-09-15 08:49:46,646 [INFO] sync_agent: Cycle #1315 [delta]: 5/5 patch, elapsed=64ms
2026-09-15 08:49:47,646 [INFO] sync_agent: Cycle #1316 [delta]: 5/5 patch, elapsed=64ms
2026-09-15 08:49:48,646 [INFO] sync_agent: Cycle #1317 [delta]: 5/5 patch, elapsed=64ms
2026-09-15 08:49:49,646 [INFO] sync_agent: Cycle #1318 [delta]: 5/5 patch, elapsed=64ms
2026-09-15 08:49:50,645 [INFO] sync_agent: Cycle #1319 [delta]: 5/5 patch, elapsed=63ms
2026-09-15 08:49:51,647 [INFO] sync_agent: Cycle #1320 [delta]: 5/5 patch, elapsed=63ms
2026-09-15 08:49:52,705 [INFO] sync_agent: Cycle #1321 [RECONCILE]: 16/16 patch, elapsed=122ms
2026-09-15 08:49:53,648 [INFO] sync_agent: Cycle #1322 [delta]: 5/5 patch, elapsed=64ms
2026-09-15 08:49:54,650 [INFO] sync_agent: Cycle #1323 [delta]: 5/5 patch, elapsed=66ms
2026-09-15 08:49:55,648 [INFO] sync_agent: Cycle #1324 [delta]: 5/5 patch, elapsed=64ms
2026-09-15 08:49:56,648 [INFO] sync_agent: Cycle #1325 [delta]: 5/5 patch, elapsed=64ms
2026-09-15 08:49:57,650 [INFO] sync_agent: Cycle #1326 [delta]: 5/5 patch, elapsed=65ms
2026-09-15 08:49:58,648 [INFO] sync_agent: Cycle #1327 [delta]: 5/5 patch, elapsed=63ms
2026-09-15 08:49:59,649 [INFO] sync_agent: Cycle #1328 [delta]: 5/5 patch, elapsed=64ms
2026-09-15 08:50:00,653 [INFO] sync_agent: Cycle #1329 [delta]: 5/5 patch, elapsed=68ms
2026-09-15 08:50:01,651 [INFO] sync_agent: Cycle #1330 [delta]: 5/5 patch, elapsed=66ms
2026-09-15 08:50:02,650 [INFO] sync_agent: Cycle #1331 [delta]: 5/5 patch, elapsed=64ms
2026-09-15 08:50:03,650 [INFO] sync_agent: Cycle #1332 [delta]: 5/5 patch, elapsed=64ms
2026-09-15 08:50:04,650 [INFO] sync_agent: Cycle #1333 [delta]: 5/5 patch, elapsed=64ms
2026-09-15 08:50:05,651 [INFO] sync_agent: Cycle #1334 [delta]: 5/5 patch, elapsed=65ms
2026-09-15 08:50:06,651 [INFO] sync_agent: Cycle #1335 [delta]: 5/5 patch, elapsed=64ms
2026-09-15 08:50:07,651 [INFO] sync_agent: Cycle #1336 [delta]: 5/5 patch, elapsed=64ms
2026-09-15 08:50:08,655 [INFO] sync_agent: Cycle #1337 [delta]: 5/5 patch, elapsed=68ms
2026-09-15 08:50:09,651 [INFO] sync_agent: Cycle #1338 [delta]: 5/5 patch, elapsed=64ms
2026-09-15 08:50:10,651 [INFO] sync_agent: Cycle #1339 [delta]: 5/5 patch, elapsed=64ms
2026-09-15 08:50:11,652 [INFO] sync_agent: Cycle #1340 [delta]: 5/5 patch, elapsed=64ms
2026-09-15 08:50:12,652 [INFO] sync_agent: Cycle #1341 [delta]: 5/5 patch, elapsed=64ms
2026-09-15 08:50:13,654 [INFO] sync_agent: Cycle #1342 [delta]: 5/5 patch, elapsed=66ms
2026-09-15 08:50:14,652 [INFO] sync_agent: Cycle #1343 [delta]: 5/5 patch, elapsed=64ms
2026-09-15 08:50:15,653 [INFO] sync_agent: Cycle #1344 [delta]: 5/5 patch, elapsed=64ms
2026-09-15 08:50:16,653 [INFO] sync_agent: Cycle #1345 [delta]: 5/5 patch, elapsed=65ms
2026-09-15 08:50:17,653 [INFO] sync_agent: Cycle #1346 [delta]: 5/5 patch, elapsed=64ms
2026-09-15 08:50:18,653 [INFO] sync_agent: Cycle #1347 [delta]: 5/5 patch, elapsed=64ms
2026-09-15 08:50:19,654 [INFO] sync_agent: Cycle #1348 [delta]: 5/5 patch, elapsed=65ms
2026-09-15 08:50:20,654 [INFO] sync_agent: Cycle #1349 [delta]: 5/5 patch, elapsed=65ms
2026-09-15 08:50:21,655 [INFO] sync_agent: Cycle #1350 [delta]: 5/5 patch, elapsed=65ms
2026-09-15 08:50:22,714 [INFO] sync_agent: Cycle #1351 [RECONCILE]: 16/16 patch, elapsed=124ms
2026-09-15 08:50:23,661 [INFO] sync_agent: Cycle #1352 [delta]: 5/5 patch, elapsed=71ms
2026-09-15 08:50:24,654 [INFO] sync_agent: Cycle #1353 [delta]: 5/5 patch, elapsed=63ms
2026-09-15 08:50:25,659 [INFO] sync_agent: Cycle #1354 [delta]: 5/5 patch, elapsed=68ms
2026-09-15 08:50:26,654 [INFO] sync_agent: Cycle #1355 [delta]: 5/5 patch, elapsed=63ms
2026-09-15 08:50:27,656 [INFO] sync_agent: Cycle #1356 [delta]: 5/5 patch, elapsed=65ms
2026-09-15 08:50:28,656 [INFO] sync_agent: Cycle #1357 [delta]: 5/5 patch, elapsed=65ms
2026-09-15 08:50:29,657 [INFO] sync_agent: Cycle #1358 [delta]: 5/5 patch, elapsed=65ms
2026-09-15 08:50:30,656 [INFO] sync_agent: Cycle #1359 [delta]: 5/5 patch, elapsed=64ms
2026-09-15 08:50:31,656 [INFO] sync_agent: Cycle #1360 [delta]: 5/5 patch, elapsed=65ms
2026-09-15 08:50:32,656 [INFO] sync_agent: Cycle #1361 [delta]: 5/5 patch, elapsed=64ms
2026-09-15 08:50:33,657 [INFO] sync_agent: Cycle #1362 [delta]: 5/5 patch, elapsed=65ms
2026-09-15 08:50:34,657 [INFO] sync_agent: Cycle #1363 [delta]: 5/5 patch, elapsed=65ms
2026-09-15 08:50:35,658 [INFO] sync_agent: Cycle #1364 [delta]: 5/5 patch, elapsed=65ms
2026-09-15 08:50:36,657 [INFO] sync_agent: Cycle #1365 [delta]: 5/5 patch, elapsed=65ms
2026-09-15 08:50:37,656 [INFO] sync_agent: Cycle #1366 [delta]: 5/5 patch, elapsed=63ms
2026-09-15 08:50:38,660 [INFO] sync_agent: Cycle #1367 [delta]: 5/5 patch, elapsed=66ms
2026-09-15 08:50:39,658 [INFO] sync_agent: Cycle #1368 [delta]: 5/5 patch, elapsed=64ms
2026-09-15 08:50:40,657 [INFO] sync_agent: Cycle #1369 [delta]: 5/5 patch, elapsed=63ms
2026-09-15 08:50:41,657 [INFO] sync_agent: Cycle #1370 [delta]: 5/5 patch, elapsed=63ms
2026-09-15 08:50:42,659 [INFO] sync_agent: Cycle #1371 [delta]: 5/5 patch, elapsed=65ms
2026-09-15 08:50:43,662 [INFO] sync_agent: Cycle #1372 [delta]: 5/5 patch, elapsed=67ms
2026-09-15 08:50:44,660 [INFO] sync_agent: Cycle #1373 [delta]: 5/5 patch, elapsed=65ms
2026-09-15 08:50:45,658 [INFO] sync_agent: Cycle #1374 [delta]: 5/5 patch, elapsed=63ms
2026-09-15 08:50:46,659 [INFO] sync_agent: Cycle #1375 [delta]: 5/5 patch, elapsed=64ms
2026-09-15 08:50:47,661 [INFO] sync_agent: Cycle #1376 [delta]: 5/5 patch, elapsed=65ms
2026-09-15 08:50:48,660 [INFO] sync_agent: Cycle #1377 [delta]: 5/5 patch, elapsed=65ms
2026-09-15 08:50:49,659 [INFO] sync_agent: Cycle #1378 [delta]: 5/5 patch, elapsed=64ms
2026-09-15 08:50:50,659 [INFO] sync_agent: Cycle #1379 [delta]: 5/5 patch, elapsed=63ms
2026-09-15 08:50:51,659 [INFO] sync_agent: Cycle #1380 [delta]: 5/5 patch, elapsed=63ms
2026-09-15 08:50:52,715 [INFO] sync_agent: Cycle #1381 [RECONCILE]: 16/16 patch, elapsed=118ms
2026-09-15 08:50:53,662 [INFO] sync_agent: Cycle #1382 [delta]: 5/5 patch, elapsed=66ms
2026-09-15 08:50:54,661 [INFO] sync_agent: Cycle #1383 [delta]: 5/5 patch, elapsed=64ms
2026-09-15 08:50:55,666 [INFO] sync_agent: Cycle #1384 [delta]: 5/5 patch, elapsed=69ms
2026-09-15 08:50:56,661 [INFO] sync_agent: Cycle #1385 [delta]: 5/5 patch, elapsed=63ms
2026-09-15 08:50:57,661 [INFO] sync_agent: Cycle #1386 [delta]: 5/5 patch, elapsed=64ms
2026-09-15 08:50:58,665 [INFO] sync_agent: Cycle #1387 [delta]: 5/5 patch, elapsed=67ms
2026-09-15 08:50:59,663 [INFO] sync_agent: Cycle #1388 [delta]: 5/5 patch, elapsed=65ms
2026-09-15 08:51:00,661 [INFO] sync_agent: Cycle #1389 [delta]: 5/5 patch, elapsed=63ms
2026-09-15 08:51:01,662 [INFO] sync_agent: Cycle #1390 [delta]: 5/5 patch, elapsed=64ms
2026-09-15 08:51:02,663 [INFO] sync_agent: Cycle #1391 [delta]: 5/5 patch, elapsed=65ms
2026-09-15 08:51:03,666 [INFO] sync_agent: Cycle #1392 [delta]: 5/5 patch, elapsed=67ms
2026-09-15 08:51:04,664 [INFO] sync_agent: Cycle #1393 [delta]: 5/5 patch, elapsed=65ms
2026-09-15 08:51:05,664 [INFO] sync_agent: Cycle #1394 [delta]: 5/5 patch, elapsed=65ms
2026-09-15 08:51:06,663 [INFO] sync_agent: Cycle #1395 [delta]: 5/5 patch, elapsed=63ms
2026-09-15 08:51:07,663 [INFO] sync_agent: Cycle #1396 [delta]: 5/5 patch, elapsed=64ms
2026-09-15 08:51:08,662 [INFO] sync_agent: Cycle #1397 [delta]: 5/5 patch, elapsed=63ms
2026-09-15 08:51:09,664 [INFO] sync_agent: Cycle #1398 [delta]: 5/5 patch, elapsed=64ms
2026-09-15 08:51:10,673 [INFO] sync_agent: Cycle #1399 [delta]: 5/5 patch, elapsed=73ms
2026-09-15 08:51:11,669 [INFO] sync_agent: Cycle #1400 [delta]: 5/5 patch, elapsed=68ms
2026-09-15 08:51:12,665 [INFO] sync_agent: Cycle #1401 [delta]: 5/5 patch, elapsed=64ms
2026-09-15 08:51:13,667 [INFO] sync_agent: Cycle #1402 [delta]: 5/5 patch, elapsed=67ms
2026-09-15 08:51:14,665 [INFO] sync_agent: Cycle #1403 [delta]: 5/5 patch, elapsed=64ms
2026-09-15 08:51:15,666 [INFO] sync_agent: Cycle #1404 [delta]: 5/5 patch, elapsed=65ms
2026-09-15 08:51:16,665 [INFO] sync_agent: Cycle #1405 [delta]: 5/5 patch, elapsed=64ms
2026-09-15 08:51:17,664 [INFO] sync_agent: Cycle #1406 [delta]: 5/5 patch, elapsed=63ms
2026-09-15 08:51:18,670 [INFO] sync_agent: Cycle #1407 [delta]: 5/5 patch, elapsed=68ms
2026-09-15 08:51:19,665 [INFO] sync_agent: Cycle #1408 [delta]: 5/5 patch, elapsed=63ms
2026-09-15 08:51:20,667 [INFO] sync_agent: Cycle #1409 [delta]: 5/5 patch, elapsed=64ms
2026-09-15 08:51:21,667 [INFO] sync_agent: Cycle #1410 [delta]: 5/5 patch, elapsed=64ms
2026-09-15 08:51:22,725 [INFO] sync_agent: Cycle #1411 [RECONCILE]: 16/16 patch, elapsed=123ms
2026-09-15 08:51:23,670 [INFO] sync_agent: Cycle #1412 [delta]: 5/5 patch, elapsed=67ms
2026-09-15 08:51:24,667 [INFO] sync_agent: Cycle #1413 [delta]: 5/5 patch, elapsed=64ms
2026-09-15 08:51:25,669 [INFO] sync_agent: Cycle #1414 [delta]: 5/5 patch, elapsed=66ms
2026-09-15 08:51:26,666 [INFO] sync_agent: Cycle #1415 [delta]: 5/5 patch, elapsed=63ms
2026-09-15 08:51:27,670 [INFO] sync_agent: Cycle #1416 [delta]: 5/5 patch, elapsed=67ms
2026-09-15 08:51:28,669 [INFO] sync_agent: Cycle #1417 [delta]: 5/5 patch, elapsed=65ms
2026-09-15 08:51:29,669 [INFO] sync_agent: Cycle #1418 [delta]: 5/5 patch, elapsed=65ms
2026-09-15 08:51:30,670 [INFO] sync_agent: Cycle #1419 [delta]: 5/5 patch, elapsed=65ms
2026-09-15 08:51:31,670 [INFO] sync_agent: Cycle #1420 [delta]: 5/5 patch, elapsed=65ms
2026-09-15 08:51:32,668 [INFO] sync_agent: Cycle #1421 [delta]: 5/5 patch, elapsed=63ms
2026-09-15 08:51:33,669 [INFO] sync_agent: Cycle #1422 [delta]: 5/5 patch, elapsed=64ms
2026-09-15 08:51:34,670 [INFO] sync_agent: Cycle #1423 [delta]: 5/5 patch, elapsed=65ms
2026-09-15 08:51:35,669 [INFO] sync_agent: Cycle #1424 [delta]: 5/5 patch, elapsed=64ms
2026-09-15 08:51:36,671 [INFO] sync_agent: Cycle #1425 [delta]: 5/5 patch, elapsed=65ms
2026-09-15 08:51:37,670 [INFO] sync_agent: Cycle #1426 [delta]: 5/5 patch, elapsed=64ms
2026-09-15 08:51:38,670 [INFO] sync_agent: Cycle #1427 [delta]: 5/5 patch, elapsed=64ms
2026-09-15 08:51:39,670 [INFO] sync_agent: Cycle #1428 [delta]: 5/5 patch, elapsed=64ms
2026-09-15 08:51:40,674 [INFO] sync_agent: Cycle #1429 [delta]: 5/5 patch, elapsed=68ms
2026-09-15 08:51:41,669 [INFO] sync_agent: Cycle #1430 [delta]: 5/5 patch, elapsed=63ms
2026-09-15 08:51:42,682 [INFO] sync_agent: Cycle #1431 [delta]: 5/5 patch, elapsed=75ms
2026-09-15 08:51:43,676 [INFO] sync_agent: Cycle #1432 [delta]: 5/5 patch, elapsed=69ms
2026-09-15 08:51:44,671 [INFO] sync_agent: Cycle #1433 [delta]: 5/5 patch, elapsed=64ms
2026-09-15 08:51:45,671 [INFO] sync_agent: Cycle #1434 [delta]: 5/5 patch, elapsed=64ms
2026-09-15 08:51:46,671 [INFO] sync_agent: Cycle #1435 [delta]: 5/5 patch, elapsed=63ms
2026-09-15 08:51:47,672 [INFO] sync_agent: Cycle #1436 [delta]: 5/5 patch, elapsed=64ms
2026-09-15 08:51:48,673 [INFO] sync_agent: Cycle #1437 [delta]: 5/5 patch, elapsed=65ms
2026-09-15 08:51:49,674 [INFO] sync_agent: Cycle #1438 [delta]: 5/5 patch, elapsed=66ms
2026-09-15 08:51:50,672 [INFO] sync_agent: Cycle #1439 [delta]: 5/5 patch, elapsed=64ms
2026-09-15 08:51:51,672 [INFO] sync_agent: Cycle #1440 [delta]: 5/5 patch, elapsed=63ms
2026-09-15 08:51:52,729 [INFO] sync_agent: Cycle #1441 [RECONCILE]: 16/16 patch, elapsed=120ms
2026-09-15 08:51:53,673 [INFO] sync_agent: Cycle #1442 [delta]: 5/5 patch, elapsed=64ms
2026-09-15 08:51:54,673 [INFO] sync_agent: Cycle #1443 [delta]: 5/5 patch, elapsed=64ms
2026-09-15 08:51:55,674 [INFO] sync_agent: Cycle #1444 [delta]: 5/5 patch, elapsed=64ms
2026-09-15 08:51:56,673 [INFO] sync_agent: Cycle #1445 [delta]: 5/5 patch, elapsed=63ms
2026-09-15 08:51:57,676 [INFO] sync_agent: Cycle #1446 [delta]: 5/5 patch, elapsed=65ms
2026-09-15 08:51:58,674 [INFO] sync_agent: Cycle #1447 [delta]: 5/5 patch, elapsed=64ms
2026-09-15 08:51:59,676 [INFO] sync_agent: Cycle #1448 [delta]: 5/5 patch, elapsed=65ms
2026-09-15 08:52:00,675 [INFO] sync_agent: Cycle #1449 [delta]: 5/5 patch, elapsed=64ms
2026-09-15 08:52:01,676 [INFO] sync_agent: Cycle #1450 [delta]: 5/5 patch, elapsed=65ms
2026-09-15 08:52:02,677 [INFO] sync_agent: Cycle #1451 [delta]: 5/5 patch, elapsed=66ms
2026-09-15 08:52:03,676 [INFO] sync_agent: Cycle #1452 [delta]: 5/5 patch, elapsed=65ms
2026-09-15 08:52:04,679 [INFO] sync_agent: Cycle #1453 [delta]: 5/5 patch, elapsed=67ms
2026-09-15 08:52:05,675 [INFO] sync_agent: Cycle #1454 [delta]: 5/5 patch, elapsed=63ms
2026-09-15 08:52:06,676 [INFO] sync_agent: Cycle #1455 [delta]: 5/5 patch, elapsed=64ms
2026-09-15 08:52:07,677 [INFO] sync_agent: Cycle #1456 [delta]: 5/5 patch, elapsed=65ms
2026-09-15 08:52:08,676 [INFO] sync_agent: Cycle #1457 [delta]: 5/5 patch, elapsed=64ms
2026-09-15 08:52:09,676 [INFO] sync_agent: Cycle #1458 [delta]: 5/5 patch, elapsed=63ms
2026-09-15 08:52:10,677 [INFO] sync_agent: Cycle #1459 [delta]: 5/5 patch, elapsed=64ms
2026-09-15 08:52:11,678 [INFO] sync_agent: Cycle #1460 [delta]: 5/5 patch, elapsed=65ms
2026-09-15 08:52:12,683 [INFO] sync_agent: Cycle #1461 [delta]: 5/5 patch, elapsed=70ms
2026-09-15 08:52:13,678 [INFO] sync_agent: Cycle #1462 [delta]: 5/5 patch, elapsed=65ms
2026-09-15 08:52:14,678 [INFO] sync_agent: Cycle #1463 [delta]: 5/5 patch, elapsed=65ms
2026-09-15 08:52:15,679 [INFO] sync_agent: Cycle #1464 [delta]: 5/5 patch, elapsed=65ms
2026-09-15 08:52:16,679 [INFO] sync_agent: Cycle #1465 [delta]: 5/5 patch, elapsed=65ms
2026-09-15 08:52:17,679 [INFO] sync_agent: Cycle #1466 [delta]: 5/5 patch, elapsed=64ms
2026-09-15 08:52:18,679 [INFO] sync_agent: Cycle #1467 [delta]: 5/5 patch, elapsed=65ms
2026-09-15 08:52:19,683 [INFO] sync_agent: Cycle #1468 [delta]: 5/5 patch, elapsed=69ms
2026-09-15 08:52:20,679 [INFO] sync_agent: Cycle #1469 [delta]: 5/5 patch, elapsed=64ms
2026-09-15 08:52:21,685 [INFO] sync_agent: Cycle #1470 [delta]: 5/5 patch, elapsed=69ms
2026-09-15 08:52:22,734 [INFO] sync_agent: Cycle #1471 [RECONCILE]: 16/16 patch, elapsed=119ms
2026-09-15 08:52:23,681 [INFO] sync_agent: Cycle #1472 [delta]: 5/5 patch, elapsed=66ms
2026-09-15 08:52:24,682 [INFO] sync_agent: Cycle #1473 [delta]: 5/5 patch, elapsed=67ms
2026-09-15 08:52:25,682 [INFO] sync_agent: Cycle #1474 [delta]: 5/5 patch, elapsed=66ms
2026-09-15 08:52:26,680 [INFO] sync_agent: Cycle #1475 [delta]: 5/5 patch, elapsed=63ms
2026-09-15 08:52:27,680 [INFO] sync_agent: Cycle #1476 [delta]: 5/5 patch, elapsed=63ms
2026-09-15 08:52:28,681 [INFO] sync_agent: Cycle #1477 [delta]: 5/5 patch, elapsed=64ms
2026-09-15 08:52:29,681 [INFO] sync_agent: Cycle #1478 [delta]: 5/5 patch, elapsed=65ms
2026-09-15 08:52:30,681 [INFO] sync_agent: Cycle #1479 [delta]: 5/5 patch, elapsed=64ms
2026-09-15 08:52:31,681 [INFO] sync_agent: Cycle #1480 [delta]: 5/5 patch, elapsed=64ms
2026-09-15 08:52:32,681 [INFO] sync_agent: Cycle #1481 [delta]: 5/5 patch, elapsed=64ms
2026-09-15 08:52:33,695 [INFO] sync_agent: Cycle #1482 [delta]: 5/5 patch, elapsed=77ms
2026-09-15 08:52:34,682 [INFO] sync_agent: Cycle #1483 [delta]: 5/5 patch, elapsed=64ms
2026-09-15 08:52:35,681 [INFO] sync_agent: Cycle #1484 [delta]: 5/5 patch, elapsed=63ms
2026-09-15 08:52:36,682 [INFO] sync_agent: Cycle #1485 [delta]: 5/5 patch, elapsed=64ms
2026-09-15 08:52:37,681 [INFO] sync_agent: Cycle #1486 [delta]: 5/5 patch, elapsed=63ms
2026-09-15 08:52:38,682 [INFO] sync_agent: Cycle #1487 [delta]: 5/5 patch, elapsed=63ms
2026-09-15 08:52:39,684 [INFO] sync_agent: Cycle #1488 [delta]: 5/5 patch, elapsed=65ms
2026-09-15 08:52:40,682 [INFO] sync_agent: Cycle #1489 [delta]: 5/5 patch, elapsed=63ms
2026-09-15 08:52:41,683 [INFO] sync_agent: Cycle #1490 [delta]: 5/5 patch, elapsed=64ms
2026-09-15 08:52:42,697 [INFO] sync_agent: Cycle #1491 [delta]: 5/5 patch, elapsed=78ms
2026-09-15 08:52:43,688 [INFO] sync_agent: Cycle #1492 [delta]: 5/5 patch, elapsed=68ms
2026-09-15 08:52:44,695 [INFO] sync_agent: Cycle #1493 [delta]: 7/7 patch, elapsed=76ms
2026-09-15 08:52:45,694 [INFO] sync_agent: Cycle #1494 [delta]: 7/7 patch, elapsed=74ms
2026-09-15 08:52:46,684 [INFO] sync_agent: Cycle #1495 [delta]: 5/5 patch, elapsed=64ms
2026-09-15 08:52:47,684 [INFO] sync_agent: Cycle #1496 [delta]: 5/5 patch, elapsed=63ms
2026-09-15 08:52:48,685 [INFO] sync_agent: Cycle #1497 [delta]: 5/5 patch, elapsed=64ms
2026-09-15 08:52:49,686 [INFO] sync_agent: Cycle #1498 [delta]: 5/5 patch, elapsed=65ms
2026-09-15 08:52:50,692 [INFO] sync_agent: Cycle #1499 [delta]: 5/5 patch, elapsed=71ms
2026-09-15 08:52:51,685 [INFO] sync_agent: Cycle #1500 [delta]: 5/5 patch, elapsed=64ms
2026-09-15 08:52:52,741 [INFO] sync_agent: Cycle #1501 [RECONCILE]: 16/16 patch, elapsed=120ms
2026-09-15 08:52:53,686 [INFO] sync_agent: Cycle #1502 [delta]: 5/5 patch, elapsed=64ms
2026-09-15 08:52:54,687 [INFO] sync_agent: Cycle #1503 [delta]: 5/5 patch, elapsed=65ms
2026-09-15 08:52:55,687 [INFO] sync_agent: Cycle #1504 [delta]: 5/5 patch, elapsed=65ms
2026-09-15 08:52:56,686 [INFO] sync_agent: Cycle #1505 [delta]: 5/5 patch, elapsed=64ms
2026-09-15 08:52:57,688 [INFO] sync_agent: Cycle #1506 [delta]: 5/5 patch, elapsed=65ms
2026-09-15 08:52:58,687 [INFO] sync_agent: Cycle #1507 [delta]: 5/5 patch, elapsed=64ms
2026-09-15 08:52:59,689 [INFO] sync_agent: Cycle #1508 [delta]: 5/5 patch, elapsed=66ms
2026-09-15 08:53:00,687 [INFO] sync_agent: Cycle #1509 [delta]: 5/5 patch, elapsed=63ms
2026-09-15 08:53:01,687 [INFO] sync_agent: Cycle #1510 [delta]: 5/5 patch, elapsed=64ms
2026-09-15 08:53:02,689 [INFO] sync_agent: Cycle #1511 [delta]: 5/5 patch, elapsed=65ms
2026-09-15 08:53:03,688 [INFO] sync_agent: Cycle #1512 [delta]: 5/5 patch, elapsed=64ms
2026-09-15 08:53:04,692 [INFO] sync_agent: Cycle #1513 [delta]: 5/5 patch, elapsed=68ms
2026-09-15 08:53:05,688 [INFO] sync_agent: Cycle #1514 [delta]: 5/5 patch, elapsed=64ms
2026-09-15 08:53:06,691 [INFO] sync_agent: Cycle #1515 [delta]: 5/5 patch, elapsed=67ms
2026-09-15 08:53:07,690 [INFO] sync_agent: Cycle #1516 [delta]: 5/5 patch, elapsed=65ms
2026-09-15 08:53:08,691 [INFO] sync_agent: Cycle #1517 [delta]: 5/5 patch, elapsed=66ms
2026-09-15 08:53:09,690 [INFO] sync_agent: Cycle #1518 [delta]: 5/5 patch, elapsed=65ms
2026-09-15 08:53:10,693 [INFO] sync_agent: Cycle #1519 [delta]: 5/5 patch, elapsed=67ms
2026-09-15 08:53:11,689 [INFO] sync_agent: Cycle #1520 [delta]: 5/5 patch, elapsed=64ms
2026-09-15 08:53:12,690 [INFO] sync_agent: Cycle #1521 [delta]: 5/5 patch, elapsed=64ms
2026-09-15 08:53:13,690 [INFO] sync_agent: Cycle #1522 [delta]: 5/5 patch, elapsed=64ms
2026-09-15 08:53:14,691 [INFO] sync_agent: Cycle #1523 [delta]: 5/5 patch, elapsed=65ms
2026-09-15 08:53:15,692 [INFO] sync_agent: Cycle #1524 [delta]: 5/5 patch, elapsed=66ms
2026-09-15 08:53:16,692 [INFO] sync_agent: Cycle #1525 [delta]: 5/5 patch, elapsed=65ms
2026-09-15 08:53:17,691 [INFO] sync_agent: Cycle #1526 [delta]: 5/5 patch, elapsed=64ms
2026-09-15 08:53:18,693 [INFO] sync_agent: Cycle #1527 [delta]: 5/5 patch, elapsed=66ms
2026-09-15 08:53:19,692 [INFO] sync_agent: Cycle #1528 [delta]: 5/5 patch, elapsed=65ms
2026-09-15 08:53:20,693 [INFO] sync_agent: Cycle #1529 [delta]: 5/5 patch, elapsed=65ms
2026-09-15 08:53:21,691 [INFO] sync_agent: Cycle #1530 [delta]: 5/5 patch, elapsed=63ms
2026-09-15 08:53:22,745 [INFO] sync_agent: Cycle #1531 [RECONCILE]: 16/16 patch, elapsed=117ms
2026-09-15 08:53:23,693 [INFO] sync_agent: Cycle #1532 [delta]: 5/5 patch, elapsed=65ms
2026-09-15 08:53:24,704 [INFO] sync_agent: Cycle #1533 [delta]: 5/5 patch, elapsed=76ms
2026-09-15 08:53:25,698 [INFO] sync_agent: Cycle #1534 [delta]: 5/5 patch, elapsed=70ms
2026-09-15 08:53:26,695 [INFO] sync_agent: Cycle #1535 [delta]: 5/5 patch, elapsed=67ms
2026-09-15 08:53:27,694 [INFO] sync_agent: Cycle #1536 [delta]: 5/5 patch, elapsed=65ms
2026-09-15 08:53:28,694 [INFO] sync_agent: Cycle #1537 [delta]: 5/5 patch, elapsed=65ms
2026-09-15 08:53:29,695 [INFO] sync_agent: Cycle #1538 [delta]: 5/5 patch, elapsed=65ms
2026-09-15 08:53:30,693 [INFO] sync_agent: Cycle #1539 [delta]: 5/5 patch, elapsed=63ms
2026-09-15 08:53:31,695 [INFO] sync_agent: Cycle #1540 [delta]: 5/5 patch, elapsed=65ms
2026-09-15 08:53:32,697 [INFO] sync_agent: Cycle #1541 [delta]: 5/5 patch, elapsed=66ms
2026-09-15 08:53:33,694 [INFO] sync_agent: Cycle #1542 [delta]: 5/5 patch, elapsed=64ms
2026-09-15 08:53:34,699 [INFO] sync_agent: Cycle #1543 [delta]: 5/5 patch, elapsed=68ms
2026-09-15 08:53:35,695 [INFO] sync_agent: Cycle #1544 [delta]: 5/5 patch, elapsed=65ms
2026-09-15 08:53:36,694 [INFO] sync_agent: Cycle #1545 [delta]: 5/5 patch, elapsed=63ms
2026-09-15 08:53:37,698 [INFO] sync_agent: Cycle #1546 [delta]: 5/5 patch, elapsed=67ms
2026-09-15 08:53:38,696 [INFO] sync_agent: Cycle #1547 [delta]: 5/5 patch, elapsed=64ms
2026-09-15 08:53:39,697 [INFO] sync_agent: Cycle #1548 [delta]: 5/5 patch, elapsed=65ms
2026-09-15 08:53:40,703 [INFO] sync_agent: Cycle #1549 [delta]: 5/5 patch, elapsed=71ms
2026-09-15 08:53:41,695 [INFO] sync_agent: Cycle #1550 [delta]: 5/5 patch, elapsed=63ms
2026-09-15 08:53:42,696 [INFO] sync_agent: Cycle #1551 [delta]: 5/5 patch, elapsed=64ms
2026-09-15 08:53:43,698 [INFO] sync_agent: Cycle #1552 [delta]: 5/5 patch, elapsed=65ms
2026-09-15 08:53:44,698 [INFO] sync_agent: Cycle #1553 [delta]: 5/5 patch, elapsed=65ms
2026-09-15 08:53:45,699 [INFO] sync_agent: Cycle #1554 [delta]: 5/5 patch, elapsed=67ms
2026-09-15 08:53:46,697 [INFO] sync_agent: Cycle #1555 [delta]: 5/5 patch, elapsed=64ms
2026-09-15 08:53:47,696 [INFO] sync_agent: Cycle #1556 [delta]: 5/5 patch, elapsed=63ms
2026-09-15 08:53:48,698 [INFO] sync_agent: Cycle #1557 [delta]: 5/5 patch, elapsed=64ms
2026-09-15 08:53:49,698 [INFO] sync_agent: Cycle #1558 [delta]: 5/5 patch, elapsed=64ms
2026-09-15 08:53:50,697 [INFO] sync_agent: Cycle #1559 [delta]: 5/5 patch, elapsed=63ms
2026-09-15 08:53:51,698 [INFO] sync_agent: Cycle #1560 [delta]: 5/5 patch, elapsed=64ms
2026-09-15 08:53:52,753 [INFO] sync_agent: Cycle #1561 [RECONCILE]: 16/16 patch, elapsed=119ms
2026-09-15 08:53:53,701 [INFO] sync_agent: Cycle #1562 [delta]: 5/5 patch, elapsed=67ms
2026-09-15 08:53:54,699 [INFO] sync_agent: Cycle #1563 [delta]: 5/5 patch, elapsed=65ms
2026-09-15 08:53:55,701 [INFO] sync_agent: Cycle #1564 [delta]: 5/5 patch, elapsed=66ms
2026-09-15 08:53:56,699 [INFO] sync_agent: Cycle #1565 [delta]: 5/5 patch, elapsed=64ms
2026-09-15 08:53:57,702 [INFO] sync_agent: Cycle #1566 [delta]: 5/5 patch, elapsed=67ms
2026-09-15 08:53:58,698 [INFO] sync_agent: Cycle #1567 [delta]: 5/5 patch, elapsed=63ms
2026-09-15 08:53:59,698 [INFO] sync_agent: Cycle #1568 [delta]: 5/5 patch, elapsed=63ms
2026-09-15 08:54:00,700 [INFO] sync_agent: Cycle #1569 [delta]: 5/5 patch, elapsed=64ms
2026-09-15 08:54:01,699 [INFO] sync_agent: Cycle #1570 [delta]: 5/5 patch, elapsed=63ms
2026-09-15 08:54:02,699 [INFO] sync_agent: Cycle #1571 [delta]: 5/5 patch, elapsed=63ms
2026-09-15 08:54:03,701 [INFO] sync_agent: Cycle #1572 [delta]: 5/5 patch, elapsed=64ms
2026-09-15 08:54:04,701 [INFO] sync_agent: Cycle #1573 [delta]: 5/5 patch, elapsed=64ms
2026-09-15 08:54:05,701 [INFO] sync_agent: Cycle #1574 [delta]: 5/5 patch, elapsed=64ms
2026-09-15 08:54:06,700 [INFO] sync_agent: Cycle #1575 [delta]: 5/5 patch, elapsed=63ms
2026-09-15 08:54:07,700 [INFO] sync_agent: Cycle #1576 [delta]: 5/5 patch, elapsed=63ms
2026-09-15 08:54:08,704 [INFO] sync_agent: Cycle #1577 [delta]: 5/5 patch, elapsed=66ms
2026-09-15 08:54:09,701 [INFO] sync_agent: Cycle #1578 [delta]: 5/5 patch, elapsed=63ms
2026-09-15 08:54:10,701 [INFO] sync_agent: Cycle #1579 [delta]: 5/5 patch, elapsed=64ms
2026-09-15 08:54:11,702 [INFO] sync_agent: Cycle #1580 [delta]: 5/5 patch, elapsed=63ms
2026-09-15 08:54:12,702 [INFO] sync_agent: Cycle #1581 [delta]: 5/5 patch, elapsed=64ms
2026-09-15 08:54:13,719 [INFO] sync_agent: Cycle #1582 [delta]: 5/5 patch, elapsed=81ms
2026-09-15 08:54:14,703 [INFO] sync_agent: Cycle #1583 [delta]: 5/5 patch, elapsed=64ms
2026-09-15 08:54:15,703 [INFO] sync_agent: Cycle #1584 [delta]: 5/5 patch, elapsed=64ms
2026-09-15 08:54:16,703 [INFO] sync_agent: Cycle #1585 [delta]: 5/5 patch, elapsed=64ms
2026-09-15 08:54:17,703 [INFO] sync_agent: Cycle #1586 [delta]: 5/5 patch, elapsed=64ms
2026-09-15 08:54:18,704 [INFO] sync_agent: Cycle #1587 [delta]: 5/5 patch, elapsed=64ms
2026-09-15 08:54:19,704 [INFO] sync_agent: Cycle #1588 [delta]: 5/5 patch, elapsed=65ms
2026-09-15 08:54:20,705 [INFO] sync_agent: Cycle #1589 [delta]: 5/5 patch, elapsed=65ms
2026-09-15 08:54:21,704 [INFO] sync_agent: Cycle #1590 [delta]: 5/5 patch, elapsed=64ms
2026-09-15 08:54:22,759 [INFO] sync_agent: Cycle #1591 [RECONCILE]: 16/16 patch, elapsed=118ms
2026-09-15 08:54:23,705 [INFO] sync_agent: Cycle #1592 [delta]: 5/5 patch, elapsed=65ms
2026-09-15 08:54:24,706 [INFO] sync_agent: Cycle #1593 [delta]: 5/5 patch, elapsed=66ms
2026-09-15 08:54:25,705 [INFO] sync_agent: Cycle #1594 [delta]: 5/5 patch, elapsed=64ms
2026-09-15 08:54:26,706 [INFO] sync_agent: Cycle #1595 [delta]: 5/5 patch, elapsed=64ms
2026-09-15 08:54:27,706 [INFO] sync_agent: Cycle #1596 [delta]: 5/5 patch, elapsed=65ms
2026-09-15 08:54:28,706 [INFO] sync_agent: Cycle #1597 [delta]: 5/5 patch, elapsed=64ms
2026-09-15 08:54:29,706 [INFO] sync_agent: Cycle #1598 [delta]: 5/5 patch, elapsed=64ms
2026-09-15 08:54:30,705 [INFO] sync_agent: Cycle #1599 [delta]: 5/5 patch, elapsed=63ms
2026-09-15 08:54:31,714 [INFO] sync_agent: Cycle #1600 [delta]: 5/5 patch, elapsed=72ms
2026-09-15 08:54:32,708 [INFO] sync_agent: Cycle #1601 [delta]: 5/5 patch, elapsed=65ms
2026-09-15 08:54:33,706 [INFO] sync_agent: Cycle #1602 [delta]: 5/5 patch, elapsed=63ms
2026-09-15 08:54:34,707 [INFO] sync_agent: Cycle #1603 [delta]: 5/5 patch, elapsed=64ms
2026-09-15 08:54:35,710 [INFO] sync_agent: Cycle #1604 [delta]: 5/5 patch, elapsed=67ms
2026-09-15 08:54:36,706 [INFO] sync_agent: Cycle #1605 [delta]: 5/5 patch, elapsed=63ms
2026-09-15 08:54:37,709 [INFO] sync_agent: Cycle #1606 [delta]: 5/5 patch, elapsed=65ms
2026-09-15 08:54:38,708 [INFO] sync_agent: Cycle #1607 [delta]: 5/5 patch, elapsed=65ms
2026-09-15 08:54:39,729 [INFO] sync_agent: Cycle #1608 [delta]: 5/5 patch, elapsed=86ms
2026-09-15 08:54:40,708 [INFO] sync_agent: Cycle #1609 [delta]: 5/5 patch, elapsed=64ms
2026-09-15 08:54:41,715 [INFO] sync_agent: Cycle #1610 [delta]: 5/5 patch, elapsed=71ms
2026-09-15 08:54:42,707 [INFO] sync_agent: Cycle #1611 [delta]: 5/5 patch, elapsed=62ms
2026-09-15 08:54:43,710 [INFO] sync_agent: Cycle #1612 [delta]: 5/5 patch, elapsed=66ms
2026-09-15 08:54:44,709 [INFO] sync_agent: Cycle #1613 [delta]: 5/5 patch, elapsed=64ms
2026-09-15 08:54:45,710 [INFO] sync_agent: Cycle #1614 [delta]: 5/5 patch, elapsed=65ms
2026-09-15 08:54:46,709 [INFO] sync_agent: Cycle #1615 [delta]: 5/5 patch, elapsed=64ms
2026-09-15 08:54:47,710 [INFO] sync_agent: Cycle #1616 [delta]: 5/5 patch, elapsed=64ms
2026-09-15 08:54:48,710 [INFO] sync_agent: Cycle #1617 [delta]: 5/5 patch, elapsed=64ms
2026-09-15 08:54:49,709 [INFO] sync_agent: Cycle #1618 [delta]: 5/5 patch, elapsed=63ms
2026-09-15 08:54:50,710 [INFO] sync_agent: Cycle #1619 [delta]: 5/5 patch, elapsed=63ms
2026-09-15 08:54:51,709 [INFO] sync_agent: Cycle #1620 [delta]: 5/5 patch, elapsed=62ms
2026-09-15 08:54:52,766 [INFO] sync_agent: Cycle #1621 [RECONCILE]: 16/16 patch, elapsed=119ms
2026-09-15 08:54:53,710 [INFO] sync_agent: Cycle #1622 [delta]: 5/5 patch, elapsed=63ms
2026-09-15 08:54:54,712 [INFO] sync_agent: Cycle #1623 [delta]: 5/5 patch, elapsed=65ms
2026-09-15 08:54:55,712 [INFO] sync_agent: Cycle #1624 [delta]: 5/5 patch, elapsed=65ms
2026-09-15 08:54:56,713 [INFO] sync_agent: Cycle #1625 [delta]: 5/5 patch, elapsed=66ms
2026-09-15 08:54:57,713 [INFO] sync_agent: Cycle #1626 [delta]: 5/5 patch, elapsed=65ms
2026-09-15 08:54:58,712 [INFO] sync_agent: Cycle #1627 [delta]: 5/5 patch, elapsed=64ms
2026-09-15 08:54:59,713 [INFO] sync_agent: Cycle #1628 [delta]: 5/5 patch, elapsed=65ms
2026-09-15 08:55:00,712 [INFO] sync_agent: Cycle #1629 [delta]: 5/5 patch, elapsed=64ms
2026-09-15 08:55:01,713 [INFO] sync_agent: Cycle #1630 [delta]: 5/5 patch, elapsed=64ms
2026-09-15 08:55:02,712 [INFO] sync_agent: Cycle #1631 [delta]: 5/5 patch, elapsed=63ms
2026-09-15 08:55:03,713 [INFO] sync_agent: Cycle #1632 [delta]: 5/5 patch, elapsed=64ms
2026-09-15 08:55:04,726 [INFO] sync_agent: Cycle #1633 [delta]: 5/5 patch, elapsed=77ms
2026-09-15 08:55:05,737 [INFO] sync_agent: Cycle #1634 [delta]: 5/5 patch, elapsed=87ms
2026-09-15 08:55:06,714 [INFO] sync_agent: Cycle #1635 [delta]: 5/5 patch, elapsed=65ms
2026-09-15 08:55:07,713 [INFO] sync_agent: Cycle #1636 [delta]: 5/5 patch, elapsed=64ms
2026-09-15 08:55:08,714 [INFO] sync_agent: Cycle #1637 [delta]: 5/5 patch, elapsed=64ms
2026-09-15 08:55:09,714 [INFO] sync_agent: Cycle #1638 [delta]: 5/5 patch, elapsed=63ms
2026-09-15 08:55:10,716 [INFO] sync_agent: Cycle #1639 [delta]: 5/5 patch, elapsed=66ms
2026-09-15 08:55:11,714 [INFO] sync_agent: Cycle #1640 [delta]: 5/5 patch, elapsed=63ms
2026-09-15 08:55:12,715 [INFO] sync_agent: Cycle #1641 [delta]: 5/5 patch, elapsed=65ms
2026-09-15 08:55:13,715 [INFO] sync_agent: Cycle #1642 [delta]: 5/5 patch, elapsed=64ms
2026-09-15 08:55:14,718 [INFO] sync_agent: Cycle #1643 [delta]: 5/5 patch, elapsed=67ms
2026-09-15 08:55:15,716 [INFO] sync_agent: Cycle #1644 [delta]: 5/5 patch, elapsed=64ms
2026-09-15 08:55:16,717 [INFO] sync_agent: Cycle #1645 [delta]: 5/5 patch, elapsed=65ms
2026-09-15 08:55:17,714 [INFO] sync_agent: Cycle #1646 [delta]: 5/5 patch, elapsed=62ms
2026-09-15 08:55:18,715 [INFO] sync_agent: Cycle #1647 [delta]: 5/5 patch, elapsed=63ms
2026-09-15 08:55:19,716 [INFO] sync_agent: Cycle #1648 [delta]: 5/5 patch, elapsed=64ms
2026-09-15 08:55:20,716 [INFO] sync_agent: Cycle #1649 [delta]: 5/5 patch, elapsed=64ms
2026-09-15 08:55:21,716 [INFO] sync_agent: Cycle #1650 [delta]: 5/5 patch, elapsed=63ms
2026-09-15 08:55:22,771 [INFO] sync_agent: Cycle #1651 [RECONCILE]: 16/16 patch, elapsed=118ms
2026-09-15 08:55:23,716 [INFO] sync_agent: Cycle #1652 [delta]: 5/5 patch, elapsed=63ms
2026-09-15 08:55:24,718 [INFO] sync_agent: Cycle #1653 [delta]: 5/5 patch, elapsed=65ms
2026-09-15 08:55:25,719 [INFO] sync_agent: Cycle #1654 [delta]: 5/5 patch, elapsed=66ms
2026-09-15 08:55:26,717 [INFO] sync_agent: Cycle #1655 [delta]: 5/5 patch, elapsed=64ms
2026-09-15 08:55:27,717 [INFO] sync_agent: Cycle #1656 [delta]: 5/5 patch, elapsed=64ms
2026-09-15 08:55:28,718 [INFO] sync_agent: Cycle #1657 [delta]: 5/5 patch, elapsed=64ms
2026-09-15 08:55:29,719 [INFO] sync_agent: Cycle #1658 [delta]: 5/5 patch, elapsed=64ms
2026-09-15 08:55:30,719 [INFO] sync_agent: Cycle #1659 [delta]: 5/5 patch, elapsed=65ms
2026-09-15 08:55:31,719 [INFO] sync_agent: Cycle #1660 [delta]: 5/5 patch, elapsed=64ms
2026-09-15 08:55:32,719 [INFO] sync_agent: Cycle #1661 [delta]: 5/5 patch, elapsed=64ms
2026-09-15 08:55:33,718 [INFO] sync_agent: Cycle #1662 [delta]: 5/5 patch, elapsed=62ms
2026-09-15 08:55:34,719 [INFO] sync_agent: Cycle #1663 [delta]: 5/5 patch, elapsed=63ms
2026-09-15 08:55:35,720 [INFO] sync_agent: Cycle #1664 [delta]: 5/5 patch, elapsed=65ms
2026-09-15 08:55:36,719 [INFO] sync_agent: Cycle #1665 [delta]: 5/5 patch, elapsed=63ms
2026-09-15 08:55:37,725 [INFO] sync_agent: Cycle #1666 [delta]: 5/5 patch, elapsed=69ms
2026-09-15 08:55:38,719 [INFO] sync_agent: Cycle #1667 [delta]: 5/5 patch, elapsed=63ms
2026-09-15 08:55:39,719 [INFO] sync_agent: Cycle #1668 [delta]: 5/5 patch, elapsed=63ms
2026-09-15 08:55:40,721 [INFO] sync_agent: Cycle #1669 [delta]: 5/5 patch, elapsed=64ms
2026-09-15 08:55:41,723 [INFO] sync_agent: Cycle #1670 [delta]: 5/5 patch, elapsed=66ms
2026-09-15 08:55:42,721 [INFO] sync_agent: Cycle #1671 [delta]: 5/5 patch, elapsed=64ms
2026-09-15 08:55:43,722 [INFO] sync_agent: Cycle #1672 [delta]: 5/5 patch, elapsed=65ms
2026-09-15 08:55:44,720 [INFO] sync_agent: Cycle #1673 [delta]: 5/5 patch, elapsed=63ms
2026-09-15 08:55:45,722 [INFO] sync_agent: Cycle #1674 [delta]: 5/5 patch, elapsed=64ms
2026-09-15 08:55:46,722 [INFO] sync_agent: Cycle #1675 [delta]: 5/5 patch, elapsed=64ms
2026-09-15 08:55:47,726 [INFO] sync_agent: Cycle #1676 [delta]: 5/5 patch, elapsed=68ms
2026-09-15 08:55:48,722 [INFO] sync_agent: Cycle #1677 [delta]: 5/5 patch, elapsed=63ms
2026-09-15 08:55:49,722 [INFO] sync_agent: Cycle #1678 [delta]: 5/5 patch, elapsed=64ms
2026-09-15 08:55:50,724 [INFO] sync_agent: Cycle #1679 [delta]: 5/5 patch, elapsed=65ms
2026-09-15 08:55:51,722 [INFO] sync_agent: Cycle #1680 [delta]: 5/5 patch, elapsed=63ms
2026-09-15 08:55:52,778 [INFO] sync_agent: Cycle #1681 [RECONCILE]: 16/16 patch, elapsed=119ms
2026-09-15 08:55:53,727 [INFO] sync_agent: Cycle #1682 [delta]: 5/5 patch, elapsed=68ms
2026-09-15 08:55:54,722 [INFO] sync_agent: Cycle #1683 [delta]: 5/5 patch, elapsed=62ms
2026-09-15 08:55:55,725 [INFO] sync_agent: Cycle #1684 [delta]: 5/5 patch, elapsed=65ms
2026-09-15 08:55:56,722 [INFO] sync_agent: Cycle #1685 [delta]: 5/5 patch, elapsed=62ms
2026-09-15 08:55:57,722 [INFO] sync_agent: Cycle #1686 [delta]: 5/5 patch, elapsed=62ms
2026-09-15 08:55:58,723 [INFO] sync_agent: Cycle #1687 [delta]: 5/5 patch, elapsed=62ms
2026-09-15 08:55:59,723 [INFO] sync_agent: Cycle #1688 [delta]: 5/5 patch, elapsed=62ms
2026-09-15 08:56:00,724 [INFO] sync_agent: Cycle #1689 [delta]: 5/5 patch, elapsed=63ms
2026-09-15 08:56:01,725 [INFO] sync_agent: Cycle #1690 [delta]: 5/5 patch, elapsed=64ms
2026-09-15 08:56:02,724 [INFO] sync_agent: Cycle #1691 [delta]: 5/5 patch, elapsed=63ms
2026-09-15 08:56:03,725 [INFO] sync_agent: Cycle #1692 [delta]: 5/5 patch, elapsed=64ms
2026-09-15 08:56:04,726 [INFO] sync_agent: Cycle #1693 [delta]: 5/5 patch, elapsed=64ms
2026-09-15 08:56:05,727 [INFO] sync_agent: Cycle #1694 [delta]: 5/5 patch, elapsed=65ms
2026-09-15 08:56:06,725 [INFO] sync_agent: Cycle #1695 [delta]: 5/5 patch, elapsed=63ms
2026-09-15 08:56:07,727 [INFO] sync_agent: Cycle #1696 [delta]: 5/5 patch, elapsed=64ms
2026-09-15 08:56:08,725 [INFO] sync_agent: Cycle #1697 [delta]: 5/5 patch, elapsed=62ms
2026-09-15 08:56:09,733 [INFO] sync_agent: Cycle #1698 [delta]: 5/5 patch, elapsed=70ms
2026-09-15 08:56:10,726 [INFO] sync_agent: Cycle #1699 [delta]: 5/5 patch, elapsed=63ms
2026-09-15 08:56:11,733 [INFO] sync_agent: Cycle #1700 [delta]: 5/5 patch, elapsed=69ms
2026-09-15 08:56:12,725 [INFO] sync_agent: Cycle #1701 [delta]: 5/5 patch, elapsed=62ms
2026-09-15 08:56:13,728 [INFO] sync_agent: Cycle #1702 [delta]: 5/5 patch, elapsed=65ms
2026-09-15 08:56:14,727 [INFO] sync_agent: Cycle #1703 [delta]: 5/5 patch, elapsed=63ms
2026-09-15 08:56:15,730 [INFO] sync_agent: Cycle #1704 [delta]: 5/5 patch, elapsed=66ms
2026-09-15 08:56:16,731 [INFO] sync_agent: Cycle #1705 [delta]: 5/5 patch, elapsed=66ms
2026-09-15 08:56:17,726 [INFO] sync_agent: Cycle #1706 [delta]: 5/5 patch, elapsed=61ms
2026-09-15 08:56:18,729 [INFO] sync_agent: Cycle #1707 [delta]: 5/5 patch, elapsed=64ms
2026-09-15 08:56:19,728 [INFO] sync_agent: Cycle #1708 [delta]: 5/5 patch, elapsed=63ms
2026-09-15 08:56:20,729 [INFO] sync_agent: Cycle #1709 [delta]: 5/5 patch, elapsed=64ms
2026-09-15 08:56:21,729 [INFO] sync_agent: Cycle #1710 [delta]: 5/5 patch, elapsed=63ms
2026-09-15 08:56:22,785 [INFO] sync_agent: Cycle #1711 [RECONCILE]: 16/16 patch, elapsed=120ms
2026-09-15 08:56:23,736 [INFO] sync_agent: Cycle #1712 [delta]: 5/5 patch, elapsed=70ms
2026-09-15 08:56:24,729 [INFO] sync_agent: Cycle #1713 [delta]: 5/5 patch, elapsed=63ms
2026-09-15 08:56:25,730 [INFO] sync_agent: Cycle #1714 [delta]: 5/5 patch, elapsed=64ms
2026-09-15 08:56:26,729 [INFO] sync_agent: Cycle #1715 [delta]: 5/5 patch, elapsed=62ms
2026-09-15 08:56:27,731 [INFO] sync_agent: Cycle #1716 [delta]: 5/5 patch, elapsed=64ms
2026-09-15 08:56:28,729 [INFO] sync_agent: Cycle #1717 [delta]: 5/5 patch, elapsed=62ms
2026-09-15 08:56:29,732 [INFO] sync_agent: Cycle #1718 [delta]: 5/5 patch, elapsed=65ms
2026-09-15 08:56:30,732 [INFO] sync_agent: Cycle #1719 [delta]: 5/5 patch, elapsed=65ms
2026-09-15 08:56:31,731 [INFO] sync_agent: Cycle #1720 [delta]: 5/5 patch, elapsed=64ms
2026-09-15 08:56:32,731 [INFO] sync_agent: Cycle #1721 [delta]: 5/5 patch, elapsed=63ms
2026-09-15 08:56:33,731 [INFO] sync_agent: Cycle #1722 [delta]: 5/5 patch, elapsed=63ms
2026-09-15 08:56:34,732 [INFO] sync_agent: Cycle #1723 [delta]: 5/5 patch, elapsed=64ms
2026-09-15 08:56:35,733 [INFO] sync_agent: Cycle #1724 [delta]: 5/5 patch, elapsed=65ms
2026-09-15 08:56:36,732 [INFO] sync_agent: Cycle #1725 [delta]: 5/5 patch, elapsed=63ms
2026-09-15 08:56:37,733 [INFO] sync_agent: Cycle #1726 [delta]: 5/5 patch, elapsed=64ms
2026-09-15 08:56:38,733 [INFO] sync_agent: Cycle #1727 [delta]: 5/5 patch, elapsed=64ms
2026-09-15 08:56:39,734 [INFO] sync_agent: Cycle #1728 [delta]: 5/5 patch, elapsed=65ms
2026-09-15 08:56:40,738 [INFO] sync_agent: Cycle #1729 [delta]: 5/5 patch, elapsed=68ms
2026-09-15 08:56:41,735 [INFO] sync_agent: Cycle #1730 [delta]: 5/5 patch, elapsed=65ms
2026-09-15 08:56:42,733 [INFO] sync_agent: Cycle #1731 [delta]: 5/5 patch, elapsed=63ms
2026-09-15 08:56:43,736 [INFO] sync_agent: Cycle #1732 [delta]: 5/5 patch, elapsed=66ms
2026-09-15 08:56:44,733 [INFO] sync_agent: Cycle #1733 [delta]: 5/5 patch, elapsed=63ms
2026-09-15 08:56:45,734 [INFO] sync_agent: Cycle #1734 [delta]: 5/5 patch, elapsed=64ms
2026-09-15 08:56:46,736 [INFO] sync_agent: Cycle #1735 [delta]: 5/5 patch, elapsed=65ms
2026-09-15 08:56:47,735 [INFO] sync_agent: Cycle #1736 [delta]: 5/5 patch, elapsed=64ms
2026-09-15 08:56:48,735 [INFO] sync_agent: Cycle #1737 [delta]: 5/5 patch, elapsed=64ms
2026-09-15 08:56:49,734 [INFO] sync_agent: Cycle #1738 [delta]: 5/5 patch, elapsed=63ms
2026-09-15 08:56:50,734 [INFO] sync_agent: Cycle #1739 [delta]: 5/5 patch, elapsed=63ms
2026-09-15 08:56:51,740 [INFO] sync_agent: Cycle #1740 [delta]: 5/5 patch, elapsed=68ms
2026-09-15 08:56:52,790 [INFO] sync_agent: Cycle #1741 [RECONCILE]: 16/16 patch, elapsed=118ms
2026-09-15 08:56:53,737 [INFO] sync_agent: Cycle #1742 [delta]: 5/5 patch, elapsed=65ms
2026-09-15 08:56:54,737 [INFO] sync_agent: Cycle #1743 [delta]: 5/5 patch, elapsed=65ms
2026-09-15 08:56:55,738 [INFO] sync_agent: Cycle #1744 [delta]: 5/5 patch, elapsed=66ms
2026-09-15 08:56:56,737 [INFO] sync_agent: Cycle #1745 [delta]: 5/5 patch, elapsed=64ms
2026-09-15 08:56:57,736 [INFO] sync_agent: Cycle #1746 [delta]: 5/5 patch, elapsed=63ms
2026-09-15 08:56:58,738 [INFO] sync_agent: Cycle #1747 [delta]: 5/5 patch, elapsed=64ms
2026-09-15 08:56:59,737 [INFO] sync_agent: Cycle #1748 [delta]: 5/5 patch, elapsed=64ms
2026-09-15 08:57:00,737 [INFO] sync_agent: Cycle #1749 [delta]: 5/5 patch, elapsed=64ms
2026-09-15 08:57:01,738 [INFO] sync_agent: Cycle #1750 [delta]: 5/5 patch, elapsed=64ms
2026-09-15 08:57:02,737 [INFO] sync_agent: Cycle #1751 [delta]: 5/5 patch, elapsed=63ms
2026-09-15 08:57:03,739 [INFO] sync_agent: Cycle #1752 [delta]: 5/5 patch, elapsed=65ms
2026-09-15 08:57:04,739 [INFO] sync_agent: Cycle #1753 [delta]: 5/5 patch, elapsed=65ms
2026-09-15 08:57:05,739 [INFO] sync_agent: Cycle #1754 [delta]: 5/5 patch, elapsed=65ms
2026-09-15 08:57:06,738 [INFO] sync_agent: Cycle #1755 [delta]: 5/5 patch, elapsed=63ms
2026-09-15 08:57:07,739 [INFO] sync_agent: Cycle #1756 [delta]: 5/5 patch, elapsed=64ms
2026-09-15 08:57:08,739 [INFO] sync_agent: Cycle #1757 [delta]: 5/5 patch, elapsed=64ms
2026-09-15 08:57:09,740 [INFO] sync_agent: Cycle #1758 [delta]: 5/5 patch, elapsed=64ms
2026-09-15 08:57:10,745 [INFO] sync_agent: Cycle #1759 [delta]: 5/5 patch, elapsed=69ms
2026-09-15 08:57:11,740 [INFO] sync_agent: Cycle #1760 [delta]: 5/5 patch, elapsed=64ms
2026-09-15 08:57:12,743 [INFO] sync_agent: Cycle #1761 [delta]: 5/5 patch, elapsed=67ms
2026-09-15 08:57:13,741 [INFO] sync_agent: Cycle #1762 [delta]: 5/5 patch, elapsed=64ms
2026-09-15 08:57:14,740 [INFO] sync_agent: Cycle #1763 [delta]: 5/5 patch, elapsed=63ms
2026-09-15 08:57:15,741 [INFO] sync_agent: Cycle #1764 [delta]: 5/5 patch, elapsed=64ms
2026-09-15 08:57:16,741 [INFO] sync_agent: Cycle #1765 [delta]: 5/5 patch, elapsed=64ms
2026-09-15 08:57:17,740 [INFO] sync_agent: Cycle #1766 [delta]: 5/5 patch, elapsed=63ms
2026-09-15 08:57:18,739 [INFO] sync_agent: Cycle #1767 [delta]: 5/5 patch, elapsed=62ms
2026-09-15 08:57:19,740 [INFO] sync_agent: Cycle #1768 [delta]: 5/5 patch, elapsed=63ms
2026-09-15 08:57:20,741 [INFO] sync_agent: Cycle #1769 [delta]: 5/5 patch, elapsed=63ms
2026-09-15 08:57:21,741 [INFO] sync_agent: Cycle #1770 [delta]: 5/5 patch, elapsed=64ms
2026-09-15 08:57:22,803 [INFO] sync_agent: Cycle #1771 [RECONCILE]: 16/16 patch, elapsed=125ms
2026-09-15 08:57:23,743 [INFO] sync_agent: Cycle #1772 [delta]: 5/5 patch, elapsed=65ms
2026-09-15 08:57:24,743 [INFO] sync_agent: Cycle #1773 [delta]: 5/5 patch, elapsed=64ms
2026-09-15 08:57:25,742 [INFO] sync_agent: Cycle #1774 [delta]: 5/5 patch, elapsed=64ms
2026-09-15 08:57:26,742 [INFO] sync_agent: Cycle #1775 [delta]: 5/5 patch, elapsed=63ms
2026-09-15 08:57:27,744 [INFO] sync_agent: Cycle #1776 [delta]: 5/5 patch, elapsed=65ms
2026-09-15 08:57:28,742 [INFO] sync_agent: Cycle #1777 [delta]: 5/5 patch, elapsed=63ms
2026-09-15 08:57:29,743 [INFO] sync_agent: Cycle #1778 [delta]: 5/5 patch, elapsed=63ms
2026-09-15 08:57:30,741 [INFO] sync_agent: Cycle #1779 [delta]: 5/5 patch, elapsed=62ms
2026-09-15 08:57:31,745 [INFO] sync_agent: Cycle #1780 [delta]: 5/5 patch, elapsed=65ms
2026-09-15 08:57:32,743 [INFO] sync_agent: Cycle #1781 [delta]: 5/5 patch, elapsed=63ms
2026-09-15 08:57:33,745 [INFO] sync_agent: Cycle #1782 [delta]: 5/5 patch, elapsed=64ms
2026-09-15 08:57:34,744 [INFO] sync_agent: Cycle #1783 [delta]: 5/5 patch, elapsed=63ms
2026-09-15 08:57:35,744 [INFO] sync_agent: Cycle #1784 [delta]: 5/5 patch, elapsed=63ms
2026-09-15 08:57:36,746 [INFO] sync_agent: Cycle #1785 [delta]: 5/5 patch, elapsed=65ms
2026-09-15 08:57:37,743 [INFO] sync_agent: Cycle #1786 [delta]: 5/5 patch, elapsed=62ms
2026-09-15 08:57:38,746 [INFO] sync_agent: Cycle #1787 [delta]: 5/5 patch, elapsed=65ms
2026-09-15 08:57:39,745 [INFO] sync_agent: Cycle #1788 [delta]: 5/5 patch, elapsed=63ms
2026-09-15 08:57:40,745 [INFO] sync_agent: Cycle #1789 [delta]: 5/5 patch, elapsed=63ms
2026-09-15 08:57:41,746 [INFO] sync_agent: Cycle #1790 [delta]: 5/5 patch, elapsed=63ms
2026-09-15 08:57:42,748 [INFO] sync_agent: Cycle #1791 [delta]: 5/5 patch, elapsed=66ms
2026-09-15 08:57:43,746 [INFO] sync_agent: Cycle #1792 [delta]: 5/5 patch, elapsed=64ms
2026-09-15 08:57:44,748 [INFO] sync_agent: Cycle #1793 [delta]: 5/5 patch, elapsed=65ms
2026-09-15 08:57:45,747 [INFO] sync_agent: Cycle #1794 [delta]: 5/5 patch, elapsed=64ms
2026-09-15 08:57:46,749 [INFO] sync_agent: Cycle #1795 [delta]: 5/5 patch, elapsed=65ms
2026-09-15 08:57:47,749 [INFO] sync_agent: Cycle #1796 [delta]: 5/5 patch, elapsed=66ms
2026-09-15 08:57:48,746 [INFO] sync_agent: Cycle #1797 [delta]: 5/5 patch, elapsed=62ms
2026-09-15 08:57:49,747 [INFO] sync_agent: Cycle #1798 [delta]: 5/5 patch, elapsed=63ms
2026-09-15 08:57:50,749 [INFO] sync_agent: Cycle #1799 [delta]: 5/5 patch, elapsed=65ms
2026-09-15 08:57:51,750 [INFO] sync_agent: Cycle #1800 [delta]: 5/5 patch, elapsed=66ms
2026-09-15 08:57:52,803 [INFO] sync_agent: Cycle #1801 [RECONCILE]: 16/16 patch, elapsed=119ms
2026-09-15 08:57:53,752 [INFO] sync_agent: Cycle #1802 [delta]: 5/5 patch, elapsed=68ms
2026-09-15 08:57:54,749 [INFO] sync_agent: Cycle #1803 [delta]: 5/5 patch, elapsed=64ms
2026-09-15 08:57:55,752 [INFO] sync_agent: Cycle #1804 [delta]: 5/5 patch, elapsed=67ms
2026-09-15 08:57:56,749 [INFO] sync_agent: Cycle #1805 [delta]: 5/5 patch, elapsed=64ms
2026-09-15 08:57:57,748 [INFO] sync_agent: Cycle #1806 [delta]: 5/5 patch, elapsed=63ms
2026-09-15 08:57:58,750 [INFO] sync_agent: Cycle #1807 [delta]: 5/5 patch, elapsed=64ms
2026-09-15 08:57:59,749 [INFO] sync_agent: Cycle #1808 [delta]: 5/5 patch, elapsed=64ms
2026-09-15 08:58:00,751 [INFO] sync_agent: Cycle #1809 [delta]: 5/5 patch, elapsed=65ms
2026-09-15 08:58:01,748 [INFO] sync_agent: Cycle #1810 [delta]: 5/5 patch, elapsed=62ms
2026-09-15 08:58:02,752 [INFO] sync_agent: Cycle #1811 [delta]: 5/5 patch, elapsed=66ms
2026-09-15 08:58:03,753 [INFO] sync_agent: Cycle #1812 [delta]: 5/5 patch, elapsed=67ms
2026-09-15 08:58:04,751 [INFO] sync_agent: Cycle #1813 [delta]: 5/5 patch, elapsed=64ms
2026-09-15 08:58:05,752 [INFO] sync_agent: Cycle #1814 [delta]: 5/5 patch, elapsed=65ms
2026-09-15 08:58:06,752 [INFO] sync_agent: Cycle #1815 [delta]: 5/5 patch, elapsed=65ms
2026-09-15 08:58:07,753 [INFO] sync_agent: Cycle #1816 [delta]: 5/5 patch, elapsed=66ms
2026-09-15 08:58:08,755 [INFO] sync_agent: Cycle #1817 [delta]: 5/5 patch, elapsed=67ms
2026-09-15 08:58:09,755 [INFO] sync_agent: Cycle #1818 [delta]: 5/5 patch, elapsed=67ms
2026-09-15 08:58:10,753 [INFO] sync_agent: Cycle #1819 [delta]: 5/5 patch, elapsed=64ms
2026-09-15 08:58:11,753 [INFO] sync_agent: Cycle #1820 [delta]: 5/5 patch, elapsed=65ms
2026-09-15 08:58:12,753 [INFO] sync_agent: Cycle #1821 [delta]: 5/5 patch, elapsed=64ms
2026-09-15 08:58:13,756 [INFO] sync_agent: Cycle #1822 [delta]: 5/5 patch, elapsed=67ms
2026-09-15 08:58:14,756 [INFO] sync_agent: Cycle #1823 [delta]: 5/5 patch, elapsed=67ms
2026-09-15 08:58:15,753 [INFO] sync_agent: Cycle #1824 [delta]: 5/5 patch, elapsed=64ms
2026-09-15 08:58:16,761 [INFO] sync_agent: Cycle #1825 [delta]: 5/5 patch, elapsed=72ms
2026-09-15 08:58:17,758 [INFO] sync_agent: Cycle #1826 [delta]: 5/5 patch, elapsed=68ms
2026-09-15 08:58:18,753 [INFO] sync_agent: Cycle #1827 [delta]: 5/5 patch, elapsed=63ms
2026-09-15 08:58:19,754 [INFO] sync_agent: Cycle #1828 [delta]: 5/5 patch, elapsed=64ms
2026-09-15 08:58:20,752 [INFO] sync_agent: Cycle #1829 [delta]: 5/5 patch, elapsed=62ms
2026-09-15 08:58:21,756 [INFO] sync_agent: Cycle #1830 [delta]: 5/5 patch, elapsed=66ms
2026-09-15 08:58:22,811 [INFO] sync_agent: Cycle #1831 [RECONCILE]: 16/16 patch, elapsed=121ms
2026-09-15 08:58:23,761 [INFO] sync_agent: Cycle #1832 [delta]: 5/5 patch, elapsed=70ms
2026-09-15 08:58:24,755 [INFO] sync_agent: Cycle #1833 [delta]: 5/5 patch, elapsed=64ms
2026-09-15 08:58:25,756 [INFO] sync_agent: Cycle #1834 [delta]: 5/5 patch, elapsed=64ms
2026-09-15 08:58:26,758 [INFO] sync_agent: Cycle #1835 [delta]: 5/5 patch, elapsed=66ms
2026-09-15 08:58:27,756 [INFO] sync_agent: Cycle #1836 [delta]: 5/5 patch, elapsed=64ms
2026-09-15 08:58:28,754 [INFO] sync_agent: Cycle #1837 [delta]: 5/5 patch, elapsed=63ms
2026-09-15 08:58:29,756 [INFO] sync_agent: Cycle #1838 [delta]: 5/5 patch, elapsed=64ms
2026-09-15 08:58:30,757 [INFO] sync_agent: Cycle #1839 [delta]: 5/5 patch, elapsed=64ms
2026-09-15 08:58:31,755 [INFO] sync_agent: Cycle #1840 [delta]: 5/5 patch, elapsed=63ms
2026-09-15 08:58:32,757 [INFO] sync_agent: Cycle #1841 [delta]: 5/5 patch, elapsed=65ms
2026-09-15 08:58:33,758 [INFO] sync_agent: Cycle #1842 [delta]: 5/5 patch, elapsed=65ms
2026-09-15 08:58:34,757 [INFO] sync_agent: Cycle #1843 [delta]: 5/5 patch, elapsed=64ms
2026-09-15 08:58:35,757 [INFO] sync_agent: Cycle #1844 [delta]: 5/5 patch, elapsed=64ms
2026-09-15 08:58:36,757 [INFO] sync_agent: Cycle #1845 [delta]: 5/5 patch, elapsed=64ms
2026-09-15 08:58:37,757 [INFO] sync_agent: Cycle #1846 [delta]: 5/5 patch, elapsed=64ms
2026-09-15 08:58:38,757 [INFO] sync_agent: Cycle #1847 [delta]: 5/5 patch, elapsed=63ms
2026-09-15 08:58:39,760 [INFO] sync_agent: Cycle #1848 [delta]: 5/5 patch, elapsed=66ms
2026-09-15 08:58:40,759 [INFO] sync_agent: Cycle #1849 [delta]: 5/5 patch, elapsed=65ms
2026-09-15 08:58:41,757 [INFO] sync_agent: Cycle #1850 [delta]: 5/5 patch, elapsed=62ms
2026-09-15 08:58:42,759 [INFO] sync_agent: Cycle #1851 [delta]: 5/5 patch, elapsed=64ms
2026-09-15 08:58:43,760 [INFO] sync_agent: Cycle #1852 [delta]: 5/5 patch, elapsed=65ms
2026-09-15 08:58:44,759 [INFO] sync_agent: Cycle #1853 [delta]: 5/5 patch, elapsed=64ms
2026-09-15 08:58:45,758 [INFO] sync_agent: Cycle #1854 [delta]: 5/5 patch, elapsed=63ms
2026-09-15 08:58:46,763 [INFO] sync_agent: Cycle #1855 [delta]: 5/5 patch, elapsed=68ms
2026-09-15 08:58:47,760 [INFO] sync_agent: Cycle #1856 [delta]: 5/5 patch, elapsed=64ms
2026-09-15 08:58:48,759 [INFO] sync_agent: Cycle #1857 [delta]: 5/5 patch, elapsed=63ms
2026-09-15 08:58:49,759 [INFO] sync_agent: Cycle #1858 [delta]: 5/5 patch, elapsed=63ms
2026-09-15 08:58:50,761 [INFO] sync_agent: Cycle #1859 [delta]: 5/5 patch, elapsed=65ms
2026-09-15 08:58:51,760 [INFO] sync_agent: Cycle #1860 [delta]: 5/5 patch, elapsed=63ms
2026-09-15 08:58:52,815 [INFO] sync_agent: Cycle #1861 [RECONCILE]: 16/16 patch, elapsed=118ms
2026-09-15 08:58:53,766 [INFO] sync_agent: Cycle #1862 [delta]: 5/5 patch, elapsed=69ms
2026-09-15 08:58:54,763 [INFO] sync_agent: Cycle #1863 [delta]: 5/5 patch, elapsed=65ms
2026-09-15 08:58:55,761 [INFO] sync_agent: Cycle #1864 [delta]: 5/5 patch, elapsed=64ms
2026-09-15 08:58:56,762 [INFO] sync_agent: Cycle #1865 [delta]: 5/5 patch, elapsed=65ms
2026-09-15 08:58:57,761 [INFO] sync_agent: Cycle #1866 [delta]: 5/5 patch, elapsed=64ms
2026-09-15 08:58:58,762 [INFO] sync_agent: Cycle #1867 [delta]: 5/5 patch, elapsed=64ms
2026-09-15 08:58:59,765 [INFO] sync_agent: Cycle #1868 [delta]: 5/5 patch, elapsed=66ms
2026-09-15 08:59:00,761 [INFO] sync_agent: Cycle #1869 [delta]: 5/5 patch, elapsed=63ms
2026-09-15 08:59:01,763 [INFO] sync_agent: Cycle #1870 [delta]: 5/5 patch, elapsed=65ms
2026-09-15 08:59:02,761 [INFO] sync_agent: Cycle #1871 [delta]: 5/5 patch, elapsed=62ms
2026-09-15 08:59:03,763 [INFO] sync_agent: Cycle #1872 [delta]: 5/5 patch, elapsed=64ms
2026-09-15 08:59:04,762 [INFO] sync_agent: Cycle #1873 [delta]: 5/5 patch, elapsed=63ms
2026-09-15 08:59:05,765 [INFO] sync_agent: Cycle #1874 [delta]: 5/5 patch, elapsed=66ms
2026-09-15 08:59:06,762 [INFO] sync_agent: Cycle #1875 [delta]: 5/5 patch, elapsed=63ms
2026-09-15 08:59:07,768 [INFO] sync_agent: Cycle #1876 [delta]: 5/5 patch, elapsed=68ms
2026-09-15 08:59:08,764 [INFO] sync_agent: Cycle #1877 [delta]: 5/5 patch, elapsed=63ms
2026-09-15 08:59:09,763 [INFO] sync_agent: Cycle #1878 [delta]: 5/5 patch, elapsed=63ms
2026-09-15 08:59:10,762 [INFO] sync_agent: Cycle #1879 [delta]: 5/5 patch, elapsed=62ms
2026-09-15 08:59:11,765 [INFO] sync_agent: Cycle #1880 [delta]: 5/5 patch, elapsed=65ms
2026-09-15 08:59:12,763 [INFO] sync_agent: Cycle #1881 [delta]: 5/5 patch, elapsed=62ms
2026-09-15 08:59:13,765 [INFO] sync_agent: Cycle #1882 [delta]: 5/5 patch, elapsed=64ms
2026-09-15 08:59:14,766 [INFO] sync_agent: Cycle #1883 [delta]: 5/5 patch, elapsed=65ms
2026-09-15 08:59:15,767 [INFO] sync_agent: Cycle #1884 [delta]: 5/5 patch, elapsed=66ms
2026-09-15 08:59:16,765 [INFO] sync_agent: Cycle #1885 [delta]: 5/5 patch, elapsed=63ms
2026-09-15 08:59:17,784 [INFO] sync_agent: Cycle #1886 [delta]: 9/9 patch, elapsed=82ms
2026-09-15 08:59:18,791 [INFO] sync_agent: Cycle #1887 [delta]: 9/9 patch, elapsed=89ms
2026-09-15 08:59:19,765 [INFO] sync_agent: Cycle #1888 [delta]: 5/5 patch, elapsed=62ms
2026-09-15 08:59:20,766 [INFO] sync_agent: Cycle #1889 [delta]: 5/5 patch, elapsed=63ms
2026-09-15 08:59:21,765 [INFO] sync_agent: Cycle #1890 [delta]: 5/5 patch, elapsed=63ms
2026-09-15 08:59:22,822 [INFO] sync_agent: Cycle #1891 [RECONCILE]: 16/16 patch, elapsed=119ms
2026-09-15 08:59:23,770 [INFO] sync_agent: Cycle #1892 [delta]: 5/5 patch, elapsed=67ms
2026-09-15 08:59:24,767 [INFO] sync_agent: Cycle #1893 [delta]: 5/5 patch, elapsed=63ms
2026-09-15 08:59:25,767 [INFO] sync_agent: Cycle #1894 [delta]: 5/5 patch, elapsed=64ms
2026-09-15 08:59:26,767 [INFO] sync_agent: Cycle #1895 [delta]: 5/5 patch, elapsed=63ms
2026-09-15 08:59:27,770 [INFO] sync_agent: Cycle #1896 [delta]: 5/5 patch, elapsed=66ms
2026-09-15 08:59:28,767 [INFO] sync_agent: Cycle #1897 [delta]: 5/5 patch, elapsed=62ms
2026-09-15 08:59:29,767 [INFO] sync_agent: Cycle #1898 [delta]: 5/5 patch, elapsed=62ms
2026-09-15 08:59:30,771 [INFO] sync_agent: Cycle #1899 [delta]: 5/5 patch, elapsed=66ms
2026-09-15 08:59:31,769 [INFO] sync_agent: Cycle #1900 [delta]: 5/5 patch, elapsed=64ms
2026-09-15 08:59:32,768 [INFO] sync_agent: Cycle #1901 [delta]: 5/5 patch, elapsed=62ms
2026-09-15 08:59:33,767 [INFO] sync_agent: Cycle #1902 [delta]: 5/5 patch, elapsed=62ms
2026-09-15 08:59:34,769 [INFO] sync_agent: Cycle #1903 [delta]: 5/5 patch, elapsed=63ms
2026-09-15 08:59:35,769 [INFO] sync_agent: Cycle #1904 [delta]: 5/5 patch, elapsed=63ms
2026-09-15 08:59:36,770 [INFO] sync_agent: Cycle #1905 [delta]: 5/5 patch, elapsed=63ms
2026-09-15 08:59:37,770 [INFO] sync_agent: Cycle #1906 [delta]: 5/5 patch, elapsed=63ms
2026-09-15 08:59:37,943 [INFO] sync_agent: Sync Agent dừng sau 1906 chu kỳ.
2026-09-15 08:59:38,344 [INFO] command_agent: Command Agent dừng.
2026-09-15 08:59:38,344 [INFO] env_runner: EnvRunner.close(): stopping Mininet
2026-09-15 08:59:38,344 [INFO] mininet: *** Tắt mạng

2026-09-15 08:59:38,696 [INFO] mininet: *** Stopping 1 controllers

2026-09-15 08:59:38,696 [INFO] mininet: c0 
2026-09-15 08:59:38,696 [INFO] mininet: 

2026-09-15 08:59:38,697 [INFO] mininet: *** Stopping 8 links

2026-09-15 08:59:38,697 [INFO] mininet: .
2026-09-15 08:59:38,711 [INFO] mininet: .
2026-09-15 08:59:38,725 [INFO] mininet: .
2026-09-15 08:59:38,739 [INFO] mininet: .
2026-09-15 08:59:38,754 [INFO] mininet: .
2026-09-15 08:59:38,770 [INFO] mininet: .
2026-09-15 08:59:38,790 [INFO] mininet: .
2026-09-15 08:59:38,803 [INFO] mininet: .
2026-09-15 08:59:38,820 [INFO] mininet: 

2026-09-15 08:59:38,820 [INFO] mininet: *** Stopping 3 switches

2026-09-15 08:59:38,945 [INFO] mininet: s1 
2026-09-15 08:59:38,945 [INFO] mininet: s2 
2026-09-15 08:59:38,945 [INFO] mininet: s3 
2026-09-15 08:59:38,945 [INFO] mininet: 

2026-09-15 08:59:38,945 [INFO] mininet: *** Stopping 5 hosts

2026-09-15 08:59:38,945 [INFO] mininet: h1 
2026-09-15 08:59:38,946 [INFO] mininet: h2 
2026-09-15 08:59:38,946 [INFO] mininet: h3 
2026-09-15 08:59:38,946 [INFO] mininet: srv1 
2026-09-15 08:59:38,947 [INFO] mininet: srv2 
2026-09-15 08:59:38,947 [INFO] mininet: 
*** Done

