Automated command-flow measure: link h1-s1, trials=30
Ditto target: org.dt4n.core:link-h1-s1
Flow log: logs/command_flow.log
Report log: logs/command_flow_measure.log
Baseline direct-up: twin=up ok=true
Baseline runtime: h1-eth0:UP [h1-eth0: flags=4163<UP,BROADCAST,RUNNING,MULTICAST>  mtu 1500]; s1-eth3:UP [s1-eth3: flags=4163<UP,BROADCAST,RUNNING,MULTICAST>  mtu 1500]

trial cmd          target                 ack   route   lock   exec  detect  push   ui    total  result
-------------------------------------------------------------------------------------------------------------------
    1 disableLink  link-h1-s1                 29      9      0      4    520      7    122    662  OK
      runtime: h1-eth0:DOWN [h1-eth0: flags=4098<BROADCAST,MULTICAST>  mtu 1500]; s1-eth3:DOWN [s1-eth3: flags=4098<BROADCAST,MULTICAST>  mtu 1500] | twin=down expect=down
    2 enableLink   link-h1-s1                 24      9      0      3    638      9    205    864  OK
      runtime: h1-eth0:UP [h1-eth0: flags=4163<UP,BROADCAST,RUNNING,MULTICAST>  mtu 1500]; s1-eth3:UP [s1-eth3: flags=4163<UP,BROADCAST,RUNNING,MULTICAST>  mtu 1500] | twin=up expect=up
    3 disableLink  link-h1-s1                 30      8      0      6    554      7     87    662  OK
      runtime: h1-eth0:DOWN [h1-eth0: flags=4098<BROADCAST,MULTICAST>  mtu 1500]; s1-eth3:DOWN [s1-eth3: flags=4098<BROADCAST,MULTICAST>  mtu 1500] | twin=down expect=down
    4 enableLink   link-h1-s1                 25      8      0      3    685      7    161    864  OK
      runtime: h1-eth0:UP [h1-eth0: flags=4163<UP,BROADCAST,RUNNING,MULTICAST>  mtu 1500]; s1-eth3:UP [s1-eth3: flags=4163<UP,BROADCAST,RUNNING,MULTICAST>  mtu 1500] | twin=up expect=up
    5 disableLink  link-h1-s1                 30      8      0      5    607      6     36    662  OK
      runtime: h1-eth0:DOWN [h1-eth0: flags=4098<BROADCAST,MULTICAST>  mtu 1500]; s1-eth3:DOWN [s1-eth3: flags=4098<BROADCAST,MULTICAST>  mtu 1500] | twin=down expect=down
    6 enableLink   link-h1-s1                 26      8      0      3    735      6    113    865  OK
      runtime: h1-eth0:UP [h1-eth0: flags=4163<UP,BROADCAST,RUNNING,MULTICAST>  mtu 1500]; s1-eth3:UP [s1-eth3: flags=4163<UP,BROADCAST,RUNNING,MULTICAST>  mtu 1500] | twin=up expect=up
    7 disableLink  link-h1-s1                 29      9      0      6    658      9    194    876  OK
      runtime: h1-eth0:DOWN [h1-eth0: flags=4098<BROADCAST,MULTICAST>  mtu 1500]; s1-eth3:DOWN [s1-eth3: flags=4098<BROADCAST,MULTICAST>  mtu 1500] | twin=down expect=down
    8 enableLink   link-h1-s1                 30     10      0      3    568      7     76    664  OK
      runtime: h1-eth0:UP [h1-eth0: flags=4163<UP,BROADCAST,RUNNING,MULTICAST>  mtu 1500]; s1-eth3:UP [s1-eth3: flags=4163<UP,BROADCAST,RUNNING,MULTICAST>  mtu 1500] | twin=up expect=up
    9 disableLink  link-h1-s1                 32      8      0      5    707      6    146    872  OK
      runtime: h1-eth0:DOWN [h1-eth0: flags=4098<BROADCAST,MULTICAST>  mtu 1500]; s1-eth3:DOWN [s1-eth3: flags=4098<BROADCAST,MULTICAST>  mtu 1500] | twin=down expect=down
   10 enableLink   link-h1-s1                 27      8      0      3    614      7     29    661  OK
      runtime: h1-eth0:UP [h1-eth0: flags=4163<UP,BROADCAST,RUNNING,MULTICAST>  mtu 1500]; s1-eth3:UP [s1-eth3: flags=4163<UP,BROADCAST,RUNNING,MULTICAST>  mtu 1500] | twin=up expect=up
   11 disableLink  link-h1-s1                 32      7      0      6    748      7    109    877  OK
      runtime: h1-eth0:DOWN [h1-eth0: flags=4098<BROADCAST,MULTICAST>  mtu 1500]; s1-eth3:DOWN [s1-eth3: flags=4098<BROADCAST,MULTICAST>  mtu 1500] | twin=down expect=down
   12 enableLink   link-h1-s1                 33      9      0      4    640      8      3    664  OK
      runtime: h1-eth0:UP [h1-eth0: flags=4163<UP,BROADCAST,RUNNING,MULTICAST>  mtu 1500]; s1-eth3:UP [s1-eth3: flags=4163<UP,BROADCAST,RUNNING,MULTICAST>  mtu 1500] | twin=up expect=up
   13 disableLink  link-h1-s1                 25      9      0      4    766      7     78    864  OK
      runtime: h1-eth0:DOWN [h1-eth0: flags=4098<BROADCAST,MULTICAST>  mtu 1500]; s1-eth3:DOWN [s1-eth3: flags=4098<BROADCAST,MULTICAST>  mtu 1500] | twin=down expect=down
   14 enableLink   link-h1-s1                 26      7      0      3    700     11    144    865  OK
      runtime: h1-eth0:UP [h1-eth0: flags=4163<UP,BROADCAST,RUNNING,MULTICAST>  mtu 1500]; s1-eth3:UP [s1-eth3: flags=4163<UP,BROADCAST,RUNNING,MULTICAST>  mtu 1500] | twin=up expect=up
   15 disableLink  link-h1-s1                 27      8      0      4    609      7     30    658  OK
      runtime: h1-eth0:DOWN [h1-eth0: flags=4098<BROADCAST,MULTICAST>  mtu 1500]; s1-eth3:DOWN [s1-eth3: flags=4098<BROADCAST,MULTICAST>  mtu 1500] | twin=down expect=down
   16 enableLink   link-h1-s1                 35      8      0      3    738      6    118    873  OK
      runtime: h1-eth0:UP [h1-eth0: flags=4163<UP,BROADCAST,RUNNING,MULTICAST>  mtu 1500]; s1-eth3:UP [s1-eth3: flags=4163<UP,BROADCAST,RUNNING,MULTICAST>  mtu 1500] | twin=up expect=up
   17 disableLink  link-h1-s1                 26      7      0      6    648      6    198    865  OK
      runtime: h1-eth0:DOWN [h1-eth0: flags=4098<BROADCAST,MULTICAST>  mtu 1500]; s1-eth3:DOWN [s1-eth3: flags=4098<BROADCAST,MULTICAST>  mtu 1500] | twin=down expect=down
   18 enableLink   link-h1-s1                 26      8      0      3    571      7     69    658  OK
      runtime: h1-eth0:UP [h1-eth0: flags=4163<UP,BROADCAST,RUNNING,MULTICAST>  mtu 1500]; s1-eth3:UP [s1-eth3: flags=4163<UP,BROADCAST,RUNNING,MULTICAST>  mtu 1500] | twin=up expect=up
   19 disableLink  link-h1-s1                 32      7      0      6    696      7    154    870  OK
      runtime: h1-eth0:DOWN [h1-eth0: flags=4098<BROADCAST,MULTICAST>  mtu 1500]; s1-eth3:DOWN [s1-eth3: flags=4098<BROADCAST,MULTICAST>  mtu 1500] | twin=down expect=down
   20 enableLink   link-h1-s1                 26      8      0      4    610      7     29    658  OK
      runtime: h1-eth0:UP [h1-eth0: flags=4163<UP,BROADCAST,RUNNING,MULTICAST>  mtu 1500]; s1-eth3:UP [s1-eth3: flags=4163<UP,BROADCAST,RUNNING,MULTICAST>  mtu 1500] | twin=up expect=up
   21 disableLink  link-h1-s1                 32      8      0      4    737      6    117    872  OK
      runtime: h1-eth0:DOWN [h1-eth0: flags=4098<BROADCAST,MULTICAST>  mtu 1500]; s1-eth3:DOWN [s1-eth3: flags=4098<BROADCAST,MULTICAST>  mtu 1500] | twin=down expect=down
   22 enableLink   link-h1-s1                 34      7      0      3    650      7    205    872  OK
      runtime: h1-eth0:UP [h1-eth0: flags=4163<UP,BROADCAST,RUNNING,MULTICAST>  mtu 1500]; s1-eth3:UP [s1-eth3: flags=4163<UP,BROADCAST,RUNNING,MULTICAST>  mtu 1500] | twin=up expect=up
   23 disableLink  link-h1-s1                 26      7      0      5    560      6     78    656  OK
      runtime: h1-eth0:DOWN [h1-eth0: flags=4098<BROADCAST,MULTICAST>  mtu 1500]; s1-eth3:DOWN [s1-eth3: flags=4098<BROADCAST,MULTICAST>  mtu 1500] | twin=down expect=down
   24 enableLink   link-h1-s1                 34      8      0      3    690      6    165    872  OK
      runtime: h1-eth0:UP [h1-eth0: flags=4163<UP,BROADCAST,RUNNING,MULTICAST>  mtu 1500]; s1-eth3:UP [s1-eth3: flags=4163<UP,BROADCAST,RUNNING,MULTICAST>  mtu 1500] | twin=up expect=up
   25 disableLink  link-h1-s1                 25      7      0      5    613      7     24    656  OK
      runtime: h1-eth0:DOWN [h1-eth0: flags=4098<BROADCAST,MULTICAST>  mtu 1500]; s1-eth3:DOWN [s1-eth3: flags=4098<BROADCAST,MULTICAST>  mtu 1500] | twin=down expect=down
   26 enableLink   link-h1-s1                 33      7      0      3    731      6    123    870  OK
      runtime: h1-eth0:UP [h1-eth0: flags=4163<UP,BROADCAST,RUNNING,MULTICAST>  mtu 1500]; s1-eth3:UP [s1-eth3: flags=4163<UP,BROADCAST,RUNNING,MULTICAST>  mtu 1500] | twin=up expect=up
   27 disableLink  link-h1-s1                 27      7      0      5    647      6    198    863  OK
      runtime: h1-eth0:DOWN [h1-eth0: flags=4098<BROADCAST,MULTICAST>  mtu 1500]; s1-eth3:DOWN [s1-eth3: flags=4098<BROADCAST,MULTICAST>  mtu 1500] | twin=down expect=down
   28 enableLink   link-h1-s1                 28      7      0      4    563      6     78    658  OK
      runtime: h1-eth0:UP [h1-eth0: flags=4163<UP,BROADCAST,RUNNING,MULTICAST>  mtu 1500]; s1-eth3:UP [s1-eth3: flags=4163<UP,BROADCAST,RUNNING,MULTICAST>  mtu 1500] | twin=up expect=up
   29 disableLink  link-h1-s1                 33      7      0      3    699      6    155    870  OK
      runtime: h1-eth0:DOWN [h1-eth0: flags=4098<BROADCAST,MULTICAST>  mtu 1500]; s1-eth3:DOWN [s1-eth3: flags=4098<BROADCAST,MULTICAST>  mtu 1500] | twin=down expect=down
   30 enableLink   link-h1-s1                 26      8      0      3    603      7     35    656  OK
      runtime: h1-eth0:UP [h1-eth0: flags=4163<UP,BROADCAST,RUNNING,MULTICAST>  mtu 1500]; s1-eth3:UP [s1-eth3: flags=4163<UP,BROADCAST,RUNNING,MULTICAST>  mtu 1500] | twin=up expect=up
   31 disableLink  link-h1-s1                 32      7      0      3    730      6    123    869  OK
      runtime: h1-eth0:DOWN [h1-eth0: flags=4098<BROADCAST,MULTICAST>  mtu 1500]; s1-eth3:DOWN [s1-eth3: flags=4098<BROADCAST,MULTICAST>  mtu 1500] | twin=down expect=down
   32 enableLink   link-h1-s1                 26      8      0      3    644      6    201    862  OK
      runtime: h1-eth0:UP [h1-eth0: flags=4163<UP,BROADCAST,RUNNING,MULTICAST>  mtu 1500]; s1-eth3:UP [s1-eth3: flags=4163<UP,BROADCAST,RUNNING,MULTICAST>  mtu 1500] | twin=up expect=up
   33 disableLink  link-h1-s1                 25      8      0      5    563      6     74    656  OK
      runtime: h1-eth0:DOWN [h1-eth0: flags=4098<BROADCAST,MULTICAST>  mtu 1500]; s1-eth3:DOWN [s1-eth3: flags=4098<BROADCAST,MULTICAST>  mtu 1500] | twin=down expect=down
   34 enableLink   link-h1-s1                 31      7      0      3    703      6    149    868  OK
      runtime: h1-eth0:UP [h1-eth0: flags=4163<UP,BROADCAST,RUNNING,MULTICAST>  mtu 1500]; s1-eth3:UP [s1-eth3: flags=4163<UP,BROADCAST,RUNNING,MULTICAST>  mtu 1500] | twin=up expect=up
   35 disableLink  link-h1-s1                 35      8      0      4    605      6     41    664  OK
      runtime: h1-eth0:DOWN [h1-eth0: flags=4098<BROADCAST,MULTICAST>  mtu 1500]; s1-eth3:DOWN [s1-eth3: flags=4098<BROADCAST,MULTICAST>  mtu 1500] | twin=down expect=down
   36 enableLink   link-h1-s1                 32      8      0      3    722      6    131    870  OK
      runtime: h1-eth0:UP [h1-eth0: flags=4163<UP,BROADCAST,RUNNING,MULTICAST>  mtu 1500]; s1-eth3:UP [s1-eth3: flags=4163<UP,BROADCAST,RUNNING,MULTICAST>  mtu 1500] | twin=up expect=up
   37 disableLink  link-h1-s1                 25      7      0      4    636      8    210    865  OK
      runtime: h1-eth0:DOWN [h1-eth0: flags=4098<BROADCAST,MULTICAST>  mtu 1500]; s1-eth3:DOWN [s1-eth3: flags=4098<BROADCAST,MULTICAST>  mtu 1500] | twin=down expect=down
   38 enableLink   link-h1-s1                 30     10      0      6    547      6     92    661  OK
      runtime: h1-eth0:UP [h1-eth0: flags=4163<UP,BROADCAST,RUNNING,MULTICAST>  mtu 1500]; s1-eth3:UP [s1-eth3: flags=4163<UP,BROADCAST,RUNNING,MULTICAST>  mtu 1500] | twin=up expect=up
   39 disableLink  link-h1-s1                 30      8      0      4    670      6    180    868  OK
      runtime: h1-eth0:DOWN [h1-eth0: flags=4098<BROADCAST,MULTICAST>  mtu 1500]; s1-eth3:DOWN [s1-eth3: flags=4098<BROADCAST,MULTICAST>  mtu 1500] | twin=down expect=down
   40 enableLink   link-h1-s1                 33      8      0      3    587      7     59    664  OK
      runtime: h1-eth0:UP [h1-eth0: flags=4163<UP,BROADCAST,RUNNING,MULTICAST>  mtu 1500]; s1-eth3:UP [s1-eth3: flags=4163<UP,BROADCAST,RUNNING,MULTICAST>  mtu 1500] | twin=up expect=up
   41 disableLink  link-h1-s1                 30      7      0      5    702      6    146    866  OK
      runtime: h1-eth0:DOWN [h1-eth0: flags=4098<BROADCAST,MULTICAST>  mtu 1500]; s1-eth3:DOWN [s1-eth3: flags=4098<BROADCAST,MULTICAST>  mtu 1500] | twin=down expect=down
   42 enableLink   link-h1-s1                 25      8      0      3    619      6     17    653  OK
      runtime: h1-eth0:UP [h1-eth0: flags=4163<UP,BROADCAST,RUNNING,MULTICAST>  mtu 1500]; s1-eth3:UP [s1-eth3: flags=4163<UP,BROADCAST,RUNNING,MULTICAST>  mtu 1500] | twin=up expect=up
   43 disableLink  link-h1-s1                 32      8      0      4    745      7    105    869  OK
      runtime: h1-eth0:DOWN [h1-eth0: flags=4098<BROADCAST,MULTICAST>  mtu 1500]; s1-eth3:DOWN [s1-eth3: flags=4098<BROADCAST,MULTICAST>  mtu 1500] | twin=down expect=down
   44 enableLink   link-h1-s1                 32      7      0      3    659      6    194    869  OK
      runtime: h1-eth0:UP [h1-eth0: flags=4163<UP,BROADCAST,RUNNING,MULTICAST>  mtu 1500]; s1-eth3:UP [s1-eth3: flags=4163<UP,BROADCAST,RUNNING,MULTICAST>  mtu 1500] | twin=up expect=up
   45 disableLink  link-h1-s1                 32      7      0      5    566      6     78    662  OK
      runtime: h1-eth0:DOWN [h1-eth0: flags=4098<BROADCAST,MULTICAST>  mtu 1500]; s1-eth3:DOWN [s1-eth3: flags=4098<BROADCAST,MULTICAST>  mtu 1500] | twin=down expect=down
   46 enableLink   link-h1-s1                 30      7      0      3    689      6    163    868  OK
      runtime: h1-eth0:UP [h1-eth0: flags=4163<UP,BROADCAST,RUNNING,MULTICAST>  mtu 1500]; s1-eth3:UP [s1-eth3: flags=4163<UP,BROADCAST,RUNNING,MULTICAST>  mtu 1500] | twin=up expect=up
   47 disableLink  link-h1-s1                 30      8      0      4    608      8     32    660  OK
      runtime: h1-eth0:DOWN [h1-eth0: flags=4098<BROADCAST,MULTICAST>  mtu 1500]; s1-eth3:DOWN [s1-eth3: flags=4098<BROADCAST,MULTICAST>  mtu 1500] | twin=down expect=down
   48 enableLink   link-h1-s1                 29      8      0      3    716      6    133    866  OK
      runtime: h1-eth0:UP [h1-eth0: flags=4163<UP,BROADCAST,RUNNING,MULTICAST>  mtu 1500]; s1-eth3:UP [s1-eth3: flags=4163<UP,BROADCAST,RUNNING,MULTICAST>  mtu 1500] | twin=up expect=up
   49 disableLink  link-h1-s1                 30      7      0      4    628      6     15    660  OK
      runtime: h1-eth0:DOWN [h1-eth0: flags=4098<BROADCAST,MULTICAST>  mtu 1500]; s1-eth3:DOWN [s1-eth3: flags=4098<BROADCAST,MULTICAST>  mtu 1500] | twin=down expect=down
   50 enableLink   link-h1-s1                 29      8      0      5    750      6     99    868  OK
      runtime: h1-eth0:UP [h1-eth0: flags=4163<UP,BROADCAST,RUNNING,MULTICAST>  mtu 1500]; s1-eth3:UP [s1-eth3: flags=4163<UP,BROADCAST,RUNNING,MULTICAST>  mtu 1500] | twin=up expect=up
   51 disableLink  link-h1-s1                 29      7      0      5    660      7    186    865  OK
      runtime: h1-eth0:DOWN [h1-eth0: flags=4098<BROADCAST,MULTICAST>  mtu 1500]; s1-eth3:DOWN [s1-eth3: flags=4098<BROADCAST,MULTICAST>  mtu 1500] | twin=down expect=down
   52 enableLink   link-h1-s1                 33      7      0      3    573      7     73    663  OK
      runtime: h1-eth0:UP [h1-eth0: flags=4163<UP,BROADCAST,RUNNING,MULTICAST>  mtu 1500]; s1-eth3:UP [s1-eth3: flags=4163<UP,BROADCAST,RUNNING,MULTICAST>  mtu 1500] | twin=up expect=up
   53 disableLink  link-h1-s1                 32      7      0      5    680      6    171    869  OK
      runtime: h1-eth0:DOWN [h1-eth0: flags=4098<BROADCAST,MULTICAST>  mtu 1500]; s1-eth3:DOWN [s1-eth3: flags=4098<BROADCAST,MULTICAST>  mtu 1500] | twin=down expect=down
   54 enableLink   link-h1-s1                 30      7      0      4    588      5     56    660  OK
      runtime: h1-eth0:UP [h1-eth0: flags=4163<UP,BROADCAST,RUNNING,MULTICAST>  mtu 1500]; s1-eth3:UP [s1-eth3: flags=4163<UP,BROADCAST,RUNNING,MULTICAST>  mtu 1500] | twin=up expect=up
   55 disableLink  link-h1-s1                 26      8      0      3    707      6    139    863  OK
      runtime: h1-eth0:DOWN [h1-eth0: flags=4098<BROADCAST,MULTICAST>  mtu 1500]; s1-eth3:DOWN [s1-eth3: flags=4098<BROADCAST,MULTICAST>  mtu 1500] | twin=down expect=down
   56 enableLink   link-h1-s1                 31      7      0      4    621      6     27    665  OK
      runtime: h1-eth0:UP [h1-eth0: flags=4163<UP,BROADCAST,RUNNING,MULTICAST>  mtu 1500]; s1-eth3:UP [s1-eth3: flags=4163<UP,BROADCAST,RUNNING,MULTICAST>  mtu 1500] | twin=up expect=up
   57 disableLink  link-h1-s1                 34      8      0      5    738      6    113    870  OK
      runtime: h1-eth0:DOWN [h1-eth0: flags=4098<BROADCAST,MULTICAST>  mtu 1500]; s1-eth3:DOWN [s1-eth3: flags=4098<BROADCAST,MULTICAST>  mtu 1500] | twin=down expect=down
   58 enableLink   link-h1-s1                 30      9      0      3    644      6      2    664  OK
      runtime: h1-eth0:UP [h1-eth0: flags=4163<UP,BROADCAST,RUNNING,MULTICAST>  mtu 1500]; s1-eth3:UP [s1-eth3: flags=4163<UP,BROADCAST,RUNNING,MULTICAST>  mtu 1500] | twin=up expect=up
   59 disableLink  link-h1-s1                 31      7      0      5    754      7     96    869  OK
      runtime: h1-eth0:DOWN [h1-eth0: flags=4098<BROADCAST,MULTICAST>  mtu 1500]; s1-eth3:DOWN [s1-eth3: flags=4098<BROADCAST,MULTICAST>  mtu 1500] | twin=down expect=down
   60 enableLink   link-h1-s1                 29      8      0      3    665      6    184    866  OK
      runtime: h1-eth0:UP [h1-eth0: flags=4163<UP,BROADCAST,RUNNING,MULTICAST>  mtu 1500]; s1-eth3:UP [s1-eth3: flags=4163<UP,BROADCAST,RUNNING,MULTICAST>  mtu 1500] | twin=up expect=up

=== Hop summaries ===
=== Ditto Ack (n=60) ===
  mean:    30 ms
  p50:     30 ms
  p95:     34 ms
  p99:     35 ms
  max:     35 ms
  min:     24 ms
=== UI/Measure -> Agent (n=60) ===
  mean:     8 ms
  p50:      8 ms
  p95:      9 ms
  p99:     10 ms
  max:     10 ms
  min:      7 ms
=== Agent Lock Wait (n=60) ===
  mean:     0 ms
  p50:      0 ms
  p95:      0 ms
  p99:      0 ms
  max:      0 ms
  min:      0 ms
=== Agent Execute (n=60) ===
  mean:     4 ms
  p50:      4 ms
  p95:      6 ms
  p99:      6 ms
  max:      6 ms
  min:      3 ms
=== Sync Detect (n=60) ===
  mean:   654 ms
  p50:    649 ms
  p95:    748 ms
  p99:    766 ms
  max:    766 ms
  min:    520 ms
=== Ditto Patch (n=60) ===
  mean:     7 ms
  p50:      6 ms
  p95:      8 ms
  p99:     11 ms
  max:     11 ms
  min:      5 ms
=== Twin Reflection (n=60) ===
  mean:   109 ms
  p50:    113 ms
  p95:    201 ms
  p99:    210 ms
  max:    210 ms
  min:      2 ms
=== Total (n=60) ===
  mean:   782 ms
  p50:    864 ms
  p95:    872 ms
  p99:    877 ms
  max:    877 ms
  min:    653 ms

Final direct-up: twin=up ok=true
urationMs=25 http=202 rejected=false timedOut=false
[2026-09-15 08:24:19.444] [MEASURE] [INFO] [cid=6dc3aacd-3e7d-41d1-960c-3809a5d8f027] UI_ACK subject=enableLink target=org.dt4n.core:link-h1-s1 http=202 ok=true rejected=false timedOut=false
[2026-09-15 08:24:19.449] [MEASURE] [INFO] [cid=6dc3aacd-3e7d-41d1-960c-3809a5d8f027] WAIT_STATE subject=enableLink target=org.dt4n.core:link-h1-s1 expect=up stateNow=down timeoutMs=20000
[2026-09-15 08:24:19.453] [AGENT] [INFO] [cid=6dc3aacd-3e7d-41d1-960c-3809a5d8f027] RESPONSE_OK subject=enableLink target=org.dt4n.core:controller http_status=202
[2026-09-15 08:24:20.142] [SYNC] [INFO] [cid=-] STATE_DETECTED subject=- target=org.dt4n.core:host-h1 detail=up cycle=17
[2026-09-15 08:24:20.151] [SYNC] [INFO] [cid=-] STATE_PUSHED subject=- target=org.dt4n.core:host-h1 detail=up cycle=17
[2026-09-15 08:24:20.164] [SYNC] [INFO] [cid=-] STATE_DETECTED subject=- target=org.dt4n.core:link-h1-s1 detail=up cycle=17
[2026-09-15 08:24:20.170] [SYNC] [INFO] [cid=-] STATE_PUSHED subject=- target=org.dt4n.core:link-h1-s1 detail=up cycle=17
[2026-09-15 08:24:20.283] [MEASURE] [INFO] [cid=6dc3aacd-3e7d-41d1-960c-3809a5d8f027] STATE_OK subject=enableLink target=org.dt4n.core:link-h1-s1 expect=up state=up
[2026-09-15 08:24:20.524] [AGENT] [WARN] [cid=-] SWITCH_CONNECT_TIMEOUT subject=- target=org.dt4n:switch-s1 detail=controllers=tcp:127.0.0.1:6653; ports=s1-eth1; bridge=0 controllers=["tcp:127.0.0.1:6653"] waitMs=12001
[2026-09-15 08:24:20.525] [AGENT] [INFO] [cid=cid-dup-test-phase2-5] RECEIVE subject=rebootEverything target=org.dt4n:link-h1-s1 params={}
[2026-09-15 08:24:20.525] [AGENT] [WARN] [cid=cid-dup-test-phase2-5] REJECT subject=rebootEverything target=org.dt4n:link-h1-s1 detail=unknown command: rebootEverything
[2026-09-15 08:24:20.525] [AGENT] [WARN] [cid=cid-dup-test-phase2-5] DUPLICATE_IGNORED subject=rebootEverything target=org.dt4n:link-h1-s1 detail=replay suppressed cachedDetail=unknown command: rebootEverything code=400 params={}
[2026-09-15 08:24:21.495] [MEASURE] [INFO] [cid=b8d484de-adf8-4b95-932a-9ef563403145] CLICK subject=disableLink target=org.dt4n.core:link-h1-s1 params={} stateBefore=up
[2026-09-15 08:24:21.496] [MEASURE] [INFO] [cid=b8d484de-adf8-4b95-932a-9ef563403145] SEND subject=disableLink target=org.dt4n.core:link-h1-s1 detail=POST http://localhost:8080/api/2/things/org.dt4n.core:controller/inbox/messages/disableLink?timeout=0 timeout=0s
[2026-09-15 08:24:21.503] [AGENT] [INFO] [cid=b8d484de-adf8-4b95-932a-9ef563403145] SSE_EVENT subject=disableLink target=org.dt4n.core:link-h1-s1 bytes=98 correlationSource=payload:clientCorrelationId eventName=disableLink sseFields=["event"]
[2026-09-15 08:24:21.504] [AGENT] [INFO] [cid=b8d484de-adf8-4b95-932a-9ef563403145] RECEIVE subject=disableLink target=org.dt4n.core:link-h1-s1 params={}
[2026-09-15 08:24:21.504] [AGENT] [INFO] [cid=b8d484de-adf8-4b95-932a-9ef563403145] EXECUTE_START subject=disableLink target=org.dt4n.core:link-h1-s1
[2026-09-15 08:24:21.504] [AGENT] [INFO] [cid=b8d484de-adf8-4b95-932a-9ef563403145] LOCK_WAIT subject=disableLink target=org.dt4n.core:link-h1-s1 waitMs=0
[2026-09-15 08:24:21.507] [CTRL] [INFO] [cid=-] REROUTE subject=- target=link-h1-s1 detail=down edge=s1-h1
[2026-09-15 08:24:21.510] [AGENT] [INFO] [cid=b8d484de-adf8-4b95-932a-9ef563403145] EXECUTE_DONE subject=disableLink target=org.dt4n.core:link-h1-s1 detail=link h1-s1 -> down code=200
[2026-09-15 08:24:21.510] [AGENT] [INFO] [cid=b8d484de-adf8-4b95-932a-9ef563403145] RESPONSE_SEND subject=disableLink target=org.dt4n.core:controller code=200 correlationSource=payload:clientCorrelationId ok=true
[2026-09-15 08:24:21.524] [MEASURE] [INFO] [cid=b8d484de-adf8-4b95-932a-9ef563403145] DITTO_RESPONSE subject=disableLink target=org.dt4n.core:link-h1-s1 durationMs=28 http=202 rejected=false timedOut=false
[2026-09-15 08:24:21.524] [MEASURE] [INFO] [cid=b8d484de-adf8-4b95-932a-9ef563403145] UI_ACK subject=disableLink target=org.dt4n.core:link-h1-s1 http=202 ok=true rejected=false timedOut=false
[2026-09-15 08:24:21.530] [MEASURE] [INFO] [cid=b8d484de-adf8-4b95-932a-9ef563403145] WAIT_STATE subject=disableLink target=org.dt4n.core:link-h1-s1 expect=down stateNow=up timeoutMs=20000
[2026-09-15 08:24:21.544] [AGENT] [INFO] [cid=b8d484de-adf8-4b95-932a-9ef563403145] RESPONSE_OK subject=disableLink target=org.dt4n.core:controller http_status=202
[2026-09-15 08:24:22.142] [SYNC] [INFO] [cid=-] STATE_DETECTED subject=- target=org.dt4n.core:host-h1 detail=down cycle=19
[2026-09-15 08:24:22.152] [SYNC] [INFO] [cid=-] STATE_PUSHED subject=- target=org.dt4n.core:host-h1 detail=down cycle=19
[2026-09-15 08:24:22.168] [SYNC] [INFO] [cid=-] STATE_DETECTED subject=- target=org.dt4n.core:link-h1-s1 detail=down cycle=19
[2026-09-15 08:24:22.177] [SYNC] [INFO] [cid=-] STATE_PUSHED subject=- target=org.dt4n.core:link-h1-s1 detail=down cycle=19
[2026-09-15 08:24:22.371] [MEASURE] [INFO] [cid=b8d484de-adf8-4b95-932a-9ef563403145] STATE_OK subject=disableLink target=org.dt4n.core:link-h1-s1 expect=down state=down
[2026-09-15 08:24:23.584] [MEASURE] [INFO] [cid=ffe4ebe8-49f3-411b-971a-fc0ae417d2c3] CLICK subject=enableLink target=org.dt4n.core:link-h1-s1 params={} stateBefore=down
[2026-09-15 08:24:23.584] [MEASURE] [INFO] [cid=ffe4ebe8-49f3-411b-971a-fc0ae417d2c3] SEND subject=enableLink target=org.dt4n.core:link-h1-s1 detail=POST http://localhost:8080/api/2/things/org.dt4n.core:controller/inbox/messages/enableLink?timeout=0 timeout=0s
[2026-09-15 08:24:23.594] [AGENT] [INFO] [cid=ffe4ebe8-49f3-411b-971a-fc0ae417d2c3] SSE_EVENT subject=enableLink target=org.dt4n.core:link-h1-s1 bytes=98 correlationSource=payload:clientCorrelationId eventName=enableLink sseFields=["event"]
[2026-09-15 08:24:23.594] [AGENT] [INFO] [cid=ffe4ebe8-49f3-411b-971a-fc0ae417d2c3] RECEIVE subject=enableLink target=org.dt4n.core:link-h1-s1 params={}
[2026-09-15 08:24:23.594] [AGENT] [INFO] [cid=ffe4ebe8-49f3-411b-971a-fc0ae417d2c3] EXECUTE_START subject=enableLink target=org.dt4n.core:link-h1-s1
[2026-09-15 08:24:23.594] [AGENT] [INFO] [cid=ffe4ebe8-49f3-411b-971a-fc0ae417d2c3] LOCK_WAIT subject=enableLink target=org.dt4n.core:link-h1-s1 waitMs=0
[2026-09-15 08:24:23.597] [AGENT] [INFO] [cid=ffe4ebe8-49f3-411b-971a-fc0ae417d2c3] EXECUTE_DONE subject=enableLink target=org.dt4n.core:link-h1-s1 detail=link h1-s1 -> up code=200
[2026-09-15 08:24:23.598] [AGENT] [INFO] [cid=ffe4ebe8-49f3-411b-971a-fc0ae417d2c3] RESPONSE_SEND subject=enableLink target=org.dt4n.core:controller code=200 correlationSource=payload:clientCorrelationId ok=true
[2026-09-15 08:24:23.600] [CTRL] [INFO] [cid=-] REROUTE subject=- target=link-h1-s1 detail=up edge=s1-h1
[2026-09-15 08:24:23.601] [CTRL] [INFO] [cid=-] FLOW_INSTALL subject=- target=s1 detail=1 ipv4 flows changed
[2026-09-15 08:24:23.601] [CTRL] [INFO] [cid=-] FLOW_INSTALL subject=- target=s3 detail=1 ipv4 flows changed
[2026-09-15 08:24:23.602] [CTRL] [INFO] [cid=-] FLOW_INSTALL subject=- target=s2 detail=1 ipv4 flows changed
[2026-09-15 08:24:23.614] [MEASURE] [INFO] [cid=ffe4ebe8-49f3-411b-971a-fc0ae417d2c3] DITTO_RESPONSE subject=enableLink target=org.dt4n.core:link-h1-s1 durationMs=30 http=202 rejected=false timedOut=false
[2026-09-15 08:24:23.614] [MEASURE] [INFO] [cid=ffe4ebe8-49f3-411b-971a-fc0ae417d2c3] UI_ACK subject=enableLink target=org.dt4n.core:link-h1-s1 http=202 ok=true rejected=false timedOut=false
[2026-09-15 08:24:23.620] [MEASURE] [INFO] [cid=ffe4ebe8-49f3-411b-971a-fc0ae417d2c3] WAIT_STATE subject=enableLink target=org.dt4n.core:link-h1-s1 expect=up stateNow=down timeoutMs=20000
[2026-09-15 08:24:23.624] [AGENT] [INFO] [cid=ffe4ebe8-49f3-411b-971a-fc0ae417d2c3] RESPONSE_OK subject=enableLink target=org.dt4n.core:controller http_status=202
[2026-09-15 08:24:24.143] [SYNC] [INFO] [cid=-] STATE_DETECTED subject=- target=org.dt4n.core:host-h1 detail=up cycle=21
[2026-09-15 08:24:24.152] [SYNC] [INFO] [cid=-] STATE_PUSHED subject=- target=org.dt4n.core:host-h1 detail=up cycle=21
[2026-09-15 08:24:24.165] [SYNC] [INFO] [cid=-] STATE_DETECTED subject=- target=org.dt4n.core:link-h1-s1 detail=up cycle=21
[2026-09-15 08:24:24.172] [SYNC] [INFO] [cid=-] STATE_PUSHED subject=- target=org.dt4n.core:link-h1-s1 detail=up cycle=21
[2026-09-15 08:24:24.248] [MEASURE] [INFO] [cid=ffe4ebe8-49f3-411b-971a-fc0ae417d2c3] STATE_OK subject=enableLink target=org.dt4n.core:link-h1-s1 expect=up state=up
[2026-09-15 08:24:25.462] [MEASURE] [INFO] [cid=8c2136f1-0f35-4e13-9f75-d1106f7193de] CLICK subject=disableLink target=org.dt4n.core:link-h1-s1 params={} stateBefore=up
[2026-09-15 08:24:25.462] [MEASURE] [INFO] [cid=8c2136f1-0f35-4e13-9f75-d1106f7193de] SEND subject=disableLink target=org.dt4n.core:link-h1-s1 detail=POST http://localhost:8080/api/2/things/org.dt4n.core:controller/inbox/messages/disableLink?timeout=0 timeout=0s
[2026-09-15 08:24:25.469] [AGENT] [INFO] [cid=8c2136f1-0f35-4e13-9f75-d1106f7193de] SSE_EVENT subject=disableLink target=org.dt4n.core:link-h1-s1 bytes=98 correlationSource=payload:clientCorrelationId eventName=disableLink sseFields=["event"]
[2026-09-15 08:24:25.470] [AGENT] [INFO] [cid=8c2136f1-0f35-4e13-9f75-d1106f7193de] RECEIVE subject=disableLink target=org.dt4n.core:link-h1-s1 params={}
[2026-09-15 08:24:25.470] [AGENT] [INFO] [cid=8c2136f1-0f35-4e13-9f75-d1106f7193de] EXECUTE_START subject=disableLink target=org.dt4n.core:link-h1-s1
[2026-09-15 08:24:25.470] [AGENT] [INFO] [cid=8c2136f1-0f35-4e13-9f75-d1106f7193de] LOCK_WAIT subject=disableLink target=org.dt4n.core:link-h1-s1 waitMs=0
[2026-09-15 08:24:25.475] [AGENT] [INFO] [cid=8c2136f1-0f35-4e13-9f75-d1106f7193de] EXECUTE_DONE subject=disableLink target=org.dt4n.core:link-h1-s1 detail=link h1-s1 -> down code=200
[2026-09-15 08:24:25.475] [AGENT] [INFO] [cid=8c2136f1-0f35-4e13-9f75-d1106f7193de] RESPONSE_SEND subject=disableLink target=org.dt4n.core:controller code=200 correlationSource=payload:clientCorrelationId ok=true
[2026-09-15 08:24:25.477] [CTRL] [INFO] [cid=-] REROUTE subject=- target=link-h1-s1 detail=down edge=s1-h1
[2026-09-15 08:24:25.494] [MEASURE] [INFO] [cid=8c2136f1-0f35-4e13-9f75-d1106f7193de] DITTO_RESPONSE subject=disableLink target=org.dt4n.core:link-h1-s1 durationMs=32 http=202 rejected=false timedOut=false
[2026-09-15 08:24:25.494] [MEASURE] [INFO] [cid=8c2136f1-0f35-4e13-9f75-d1106f7193de] UI_ACK subject=disableLink target=org.dt4n.core:link-h1-s1 http=202 ok=true rejected=false timedOut=false
[2026-09-15 08:24:25.500] [MEASURE] [INFO] [cid=8c2136f1-0f35-4e13-9f75-d1106f7193de] WAIT_STATE subject=disableLink target=org.dt4n.core:link-h1-s1 expect=down stateNow=up timeoutMs=20000
[2026-09-15 08:24:25.504] [AGENT] [INFO] [cid=8c2136f1-0f35-4e13-9f75-d1106f7193de] RESPONSE_OK subject=disableLink target=org.dt4n.core:controller http_status=202
[2026-09-15 08:24:26.147] [SYNC] [INFO] [cid=-] STATE_DETECTED subject=- target=org.dt4n.core:host-h1 detail=down cycle=23
[2026-09-15 08:24:26.155] [SYNC] [INFO] [cid=-] STATE_PUSHED subject=- target=org.dt4n.core:host-h1 detail=down cycle=23
[2026-09-15 08:24:26.182] [SYNC] [INFO] [cid=-] STATE_DETECTED subject=- target=org.dt4n.core:link-h1-s1 detail=down cycle=23
[2026-09-15 08:24:26.188] [SYNC] [INFO] [cid=-] STATE_PUSHED subject=- target=org.dt4n.core:link-h1-s1 detail=down cycle=23
[2026-09-15 08:24:26.334] [MEASURE] [INFO] [cid=8c2136f1-0f35-4e13-9f75-d1106f7193de] STATE_OK subject=disableLink target=org.dt4n.core:link-h1-s1 expect=down state=down
[2026-09-15 08:24:27.547] [MEASURE] [INFO] [cid=45d014ca-ba05-4765-bce8-39eb758bda99] CLICK subject=enableLink target=org.dt4n.core:link-h1-s1 params={} stateBefore=down
[2026-09-15 08:24:27.548] [MEASURE] [INFO] [cid=45d014ca-ba05-4765-bce8-39eb758bda99] SEND subject=enableLink target=org.dt4n.core:link-h1-s1 detail=POST http://localhost:8080/api/2/things/org.dt4n.core:controller/inbox/messages/enableLink?timeout=0 timeout=0s
[2026-09-15 08:24:27.555] [AGENT] [INFO] [cid=45d014ca-ba05-4765-bce8-39eb758bda99] SSE_EVENT subject=enableLink target=org.dt4n.core:link-h1-s1 bytes=98 correlationSource=payload:clientCorrelationId eventName=enableLink sseFields=["event"]
[2026-09-15 08:24:27.555] [AGENT] [INFO] [cid=45d014ca-ba05-4765-bce8-39eb758bda99] RECEIVE subject=enableLink target=org.dt4n.core:link-h1-s1 params={}
[2026-09-15 08:24:27.555] [AGENT] [INFO] [cid=45d014ca-ba05-4765-bce8-39eb758bda99] EXECUTE_START subject=enableLink target=org.dt4n.core:link-h1-s1
[2026-09-15 08:24:27.555] [AGENT] [INFO] [cid=45d014ca-ba05-4765-bce8-39eb758bda99] LOCK_WAIT subject=enableLink target=org.dt4n.core:link-h1-s1 waitMs=0
[2026-09-15 08:24:27.558] [AGENT] [INFO] [cid=45d014ca-ba05-4765-bce8-39eb758bda99] EXECUTE_DONE subject=enableLink target=org.dt4n.core:link-h1-s1 detail=link h1-s1 -> up code=200
[2026-09-15 08:24:27.558] [AGENT] [INFO] [cid=45d014ca-ba05-4765-bce8-39eb758bda99] RESPONSE_SEND subject=enableLink target=org.dt4n.core:controller code=200 correlationSource=payload:clientCorrelationId ok=true
[2026-09-15 08:24:27.562] [CTRL] [INFO] [cid=-] REROUTE subject=- target=link-h1-s1 detail=up edge=s1-h1
[2026-09-15 08:24:27.562] [CTRL] [INFO] [cid=-] FLOW_INSTALL subject=- target=s1 detail=1 ipv4 flows changed
[2026-09-15 08:24:27.563] [CTRL] [INFO] [cid=-] FLOW_INSTALL subject=- target=s3 detail=1 ipv4 flows changed
[2026-09-15 08:24:27.563] [CTRL] [INFO] [cid=-] FLOW_INSTALL subject=- target=s2 detail=1 ipv4 flows changed
[2026-09-15 08:24:27.574] [MEASURE] [INFO] [cid=45d014ca-ba05-4765-bce8-39eb758bda99] DITTO_RESPONSE subject=enableLink target=org.dt4n.core:link-h1-s1 durationMs=26 http=202 rejected=false timedOut=false
[2026-09-15 08:24:27.574] [MEASURE] [INFO] [cid=45d014ca-ba05-4765-bce8-39eb758bda99] UI_ACK subject=enableLink target=org.dt4n.core:link-h1-s1 http=202 ok=true rejected=false timedOut=false
[2026-09-15 08:24:27.580] [MEASURE] [INFO] [cid=45d014ca-ba05-4765-bce8-39eb758bda99] WAIT_STATE subject=enableLink target=org.dt4n.core:link-h1-s1 expect=up stateNow=down timeoutMs=20000
[2026-09-15 08:24:27.584] [AGENT] [INFO] [cid=45d014ca-ba05-4765-bce8-39eb758bda99] RESPONSE_OK subject=enableLink target=org.dt4n.core:controller http_status=202
[2026-09-15 08:24:28.143] [SYNC] [INFO] [cid=-] STATE_DETECTED subject=- target=org.dt4n.core:host-h1 detail=up cycle=25
[2026-09-15 08:24:28.152] [SYNC] [INFO] [cid=-] STATE_PUSHED subject=- target=org.dt4n.core:host-h1 detail=up cycle=25
[2026-09-15 08:24:28.172] [SYNC] [INFO] [cid=-] STATE_DETECTED subject=- target=org.dt4n.core:link-h1-s1 detail=up cycle=25
[2026-09-15 08:24:28.179] [SYNC] [INFO] [cid=-] STATE_PUSHED subject=- target=org.dt4n.core:link-h1-s1 detail=up cycle=25
[2026-09-15 08:24:28.208] [MEASURE] [INFO] [cid=45d014ca-ba05-4765-bce8-39eb758bda99] STATE_OK subject=enableLink target=org.dt4n.core:link-h1-s1 expect=up state=up
[2026-09-15 08:24:29.422] [MEASURE] [INFO] [cid=369b6507-c034-4880-919f-5eb206742221] CLICK subject=disableLink target=org.dt4n.core:link-h1-s1 params={} stateBefore=up
[2026-09-15 08:24:29.422] [MEASURE] [INFO] [cid=369b6507-c034-4880-919f-5eb206742221] SEND subject=disableLink target=org.dt4n.core:link-h1-s1 detail=POST http://localhost:8080/api/2/things/org.dt4n.core:controller/inbox/messages/disableLink?timeout=0 timeout=0s
[2026-09-15 08:24:29.429] [AGENT] [INFO] [cid=369b6507-c034-4880-919f-5eb206742221] SSE_EVENT subject=disableLink target=org.dt4n.core:link-h1-s1 bytes=98 correlationSource=payload:clientCorrelationId eventName=disableLink sseFields=["event"]
[2026-09-15 08:24:29.429] [AGENT] [INFO] [cid=369b6507-c034-4880-919f-5eb206742221] RECEIVE subject=disableLink target=org.dt4n.core:link-h1-s1 params={}
[2026-09-15 08:24:29.429] [AGENT] [INFO] [cid=369b6507-c034-4880-919f-5eb206742221] EXECUTE_START subject=disableLink target=org.dt4n.core:link-h1-s1
[2026-09-15 08:24:29.429] [AGENT] [INFO] [cid=369b6507-c034-4880-919f-5eb206742221] LOCK_WAIT subject=disableLink target=org.dt4n.core:link-h1-s1 waitMs=0
[2026-09-15 08:24:29.435] [AGENT] [INFO] [cid=369b6507-c034-4880-919f-5eb206742221] EXECUTE_DONE subject=disableLink target=org.dt4n.core:link-h1-s1 detail=link h1-s1 -> down code=200
[2026-09-15 08:24:29.435] [AGENT] [INFO] [cid=369b6507-c034-4880-919f-5eb206742221] RESPONSE_SEND subject=disableLink target=org.dt4n.core:controller code=200 correlationSource=payload:clientCorrelationId ok=true
[2026-09-15 08:24:29.437] [CTRL] [INFO] [cid=-] REROUTE subject=- target=link-h1-s1 detail=down edge=s1-h1
[2026-09-15 08:24:29.454] [MEASURE] [INFO] [cid=369b6507-c034-4880-919f-5eb206742221] DITTO_RESPONSE subject=disableLink target=org.dt4n.core:link-h1-s1 durationMs=32 http=202 rejected=false timedOut=false
[2026-09-15 08:24:29.454] [MEASURE] [INFO] [cid=369b6507-c034-4880-919f-5eb206742221] UI_ACK subject=disableLink target=org.dt4n.core:link-h1-s1 http=202 ok=true rejected=false timedOut=false
[2026-09-15 08:24:29.461] [MEASURE] [INFO] [cid=369b6507-c034-4880-919f-5eb206742221] WAIT_STATE subject=disableLink target=org.dt4n.core:link-h1-s1 expect=down stateNow=up timeoutMs=20000
[2026-09-15 08:24:29.464] [AGENT] [INFO] [cid=369b6507-c034-4880-919f-5eb206742221] RESPONSE_OK subject=disableLink target=org.dt4n.core:controller http_status=202
[2026-09-15 08:24:30.146] [SYNC] [INFO] [cid=-] STATE_DETECTED subject=- target=org.dt4n.core:host-h1 detail=down cycle=27
[2026-09-15 08:24:30.161] [SYNC] [INFO] [cid=-] STATE_PUSHED subject=- target=org.dt4n.core:host-h1 detail=down cycle=27
[2026-09-15 08:24:30.183] [SYNC] [INFO] [cid=-] STATE_DETECTED subject=- target=org.dt4n.core:link-h1-s1 detail=down cycle=27
[2026-09-15 08:24:30.190] [SYNC] [INFO] [cid=-] STATE_PUSHED subject=- target=org.dt4n.core:link-h1-s1 detail=down cycle=27
[2026-09-15 08:24:30.299] [MEASURE] [INFO] [cid=369b6507-c034-4880-919f-5eb206742221] STATE_OK subject=disableLink target=org.dt4n.core:link-h1-s1 expect=down state=down
[2026-09-15 08:24:31.511] [MEASURE] [INFO] [cid=a8787d6e-c3c3-4c34-8bb2-2d77fc40b1c2] CLICK subject=enableLink target=org.dt4n.core:link-h1-s1 params={} stateBefore=down
[2026-09-15 08:24:31.512] [MEASURE] [INFO] [cid=a8787d6e-c3c3-4c34-8bb2-2d77fc40b1c2] SEND subject=enableLink target=org.dt4n.core:link-h1-s1 detail=POST http://localhost:8080/api/2/things/org.dt4n.core:controller/inbox/messages/enableLink?timeout=0 timeout=0s
[2026-09-15 08:24:31.520] [AGENT] [INFO] [cid=a8787d6e-c3c3-4c34-8bb2-2d77fc40b1c2] SSE_EVENT subject=enableLink target=org.dt4n.core:link-h1-s1 bytes=98 correlationSource=payload:clientCorrelationId eventName=enableLink sseFields=["event"]
[2026-09-15 08:24:31.520] [AGENT] [INFO] [cid=a8787d6e-c3c3-4c34-8bb2-2d77fc40b1c2] RECEIVE subject=enableLink target=org.dt4n.core:link-h1-s1 params={}
[2026-09-15 08:24:31.520] [AGENT] [INFO] [cid=a8787d6e-c3c3-4c34-8bb2-2d77fc40b1c2] EXECUTE_START subject=enableLink target=org.dt4n.core:link-h1-s1
[2026-09-15 08:24:31.520] [AGENT] [INFO] [cid=a8787d6e-c3c3-4c34-8bb2-2d77fc40b1c2] LOCK_WAIT subject=enableLink target=org.dt4n.core:link-h1-s1 waitMs=0
[2026-09-15 08:24:31.524] [AGENT] [INFO] [cid=a8787d6e-c3c3-4c34-8bb2-2d77fc40b1c2] EXECUTE_DONE subject=enableLink target=org.dt4n.core:link-h1-s1 detail=link h1-s1 -> up code=200
[2026-09-15 08:24:31.524] [AGENT] [INFO] [cid=a8787d6e-c3c3-4c34-8bb2-2d77fc40b1c2] RESPONSE_SEND subject=enableLink target=org.dt4n.core:controller code=200 correlationSource=payload:clientCorrelationId ok=true
[2026-09-15 08:24:31.526] [CTRL] [INFO] [cid=-] REROUTE subject=- target=link-h1-s1 detail=up edge=s1-h1
[2026-09-15 08:24:31.527] [CTRL] [INFO] [cid=-] FLOW_INSTALL subject=- target=s1 detail=1 ipv4 flows changed
[2026-09-15 08:24:31.527] [CTRL] [INFO] [cid=-] FLOW_INSTALL subject=- target=s3 detail=1 ipv4 flows changed
[2026-09-15 08:24:31.528] [CTRL] [INFO] [cid=-] FLOW_INSTALL subject=- target=s2 detail=1 ipv4 flows changed
[2026-09-15 08:24:31.544] [MEASURE] [INFO] [cid=a8787d6e-c3c3-4c34-8bb2-2d77fc40b1c2] DITTO_RESPONSE subject=enableLink target=org.dt4n.core:link-h1-s1 durationMs=32 http=202 rejected=false timedOut=false
[2026-09-15 08:24:31.544] [MEASURE] [INFO] [cid=a8787d6e-c3c3-4c34-8bb2-2d77fc40b1c2] UI_ACK subject=enableLink target=org.dt4n.core:link-h1-s1 http=202 ok=true rejected=false timedOut=false
[2026-09-15 08:24:31.550] [MEASURE] [INFO] [cid=a8787d6e-c3c3-4c34-8bb2-2d77fc40b1c2] WAIT_STATE subject=enableLink target=org.dt4n.core:link-h1-s1 expect=up stateNow=down timeoutMs=20000
[2026-09-15 08:24:31.554] [AGENT] [INFO] [cid=a8787d6e-c3c3-4c34-8bb2-2d77fc40b1c2] RESPONSE_OK subject=enableLink target=org.dt4n.core:controller http_status=202
[2026-09-15 08:24:32.143] [SYNC] [INFO] [cid=-] STATE_DETECTED subject=- target=org.dt4n.core:host-h1 detail=up cycle=29
[2026-09-15 08:24:32.151] [SYNC] [INFO] [cid=-] STATE_PUSHED subject=- target=org.dt4n.core:host-h1 detail=up cycle=29
[2026-09-15 08:24:32.164] [SYNC] [INFO] [cid=-] STATE_DETECTED subject=- target=org.dt4n.core:link-h1-s1 detail=up cycle=29
[2026-09-15 08:24:32.172] [SYNC] [INFO] [cid=-] STATE_PUSHED subject=- target=org.dt4n.core:link-h1-s1 detail=up cycle=29
[2026-09-15 08:24:32.175] [MEASURE] [INFO] [cid=a8787d6e-c3c3-4c34-8bb2-2d77fc40b1c2] STATE_OK subject=enableLink target=org.dt4n.core:link-h1-s1 expect=up state=up
[2026-09-15 08:24:33.145] [SYNC] [INFO] [cid=-] STATE_DETECTED subject=- target=org.dt4n.core:host-h1 detail=up cycle=30
[2026-09-15 08:24:33.153] [SYNC] [INFO] [cid=-] STATE_PUSHED subject=- target=org.dt4n.core:host-h1 detail=up cycle=30
[2026-09-15 08:24:33.153] [SYNC] [INFO] [cid=-] STATE_DETECTED subject=- target=org.dt4n.core:host-h2 detail=up cycle=30
[2026-09-15 08:24:33.160] [SYNC] [INFO] [cid=-] STATE_PUSHED subject=- target=org.dt4n.core:host-h2 detail=up cycle=30
[2026-09-15 08:24:33.161] [SYNC] [INFO] [cid=-] STATE_DETECTED subject=- target=org.dt4n.core:host-h3 detail=up cycle=30
[2026-09-15 08:24:33.168] [SYNC] [INFO] [cid=-] STATE_PUSHED subject=- target=org.dt4n.core:host-h3 detail=up cycle=30
[2026-09-15 08:24:33.168] [SYNC] [INFO] [cid=-] STATE_DETECTED subject=- target=org.dt4n.core:host-srv1 detail=up cycle=30
[2026-09-15 08:24:33.175] [SYNC] [INFO] [cid=-] STATE_PUSHED subject=- target=org.dt4n.core:host-srv1 detail=up cycle=30
[2026-09-15 08:24:33.175] [SYNC] [INFO] [cid=-] STATE_DETECTED subject=- target=org.dt4n.core:host-srv2 detail=up cycle=30
[2026-09-15 08:24:33.182] [SYNC] [INFO] [cid=-] STATE_PUSHED subject=- target=org.dt4n.core:host-srv2 detail=up cycle=30
[2026-09-15 08:24:33.182] [SYNC] [INFO] [cid=-] STATE_DETECTED subject=- target=org.dt4n.core:switch-s1 detail=up cycle=30
[2026-09-15 08:24:33.189] [SYNC] [INFO] [cid=-] STATE_PUSHED subject=- target=org.dt4n.core:switch-s1 detail=up cycle=30
[2026-09-15 08:24:33.189] [SYNC] [INFO] [cid=-] STATE_DETECTED subject=- target=org.dt4n.core:switch-s2 detail=up cycle=30
[2026-09-15 08:24:33.196] [SYNC] [INFO] [cid=-] STATE_PUSHED subject=- target=org.dt4n.core:switch-s2 detail=up cycle=30
[2026-09-15 08:24:33.196] [SYNC] [INFO] [cid=-] STATE_DETECTED subject=- target=org.dt4n.core:switch-s3 detail=up cycle=30
[2026-09-15 08:24:33.203] [SYNC] [INFO] [cid=-] STATE_PUSHED subject=- target=org.dt4n.core:switch-s3 detail=up cycle=30
[2026-09-15 08:24:33.203] [SYNC] [INFO] [cid=-] STATE_DETECTED subject=- target=org.dt4n.core:link-h1-s1 detail=up cycle=30
[2026-09-15 08:24:33.210] [SYNC] [INFO] [cid=-] STATE_PUSHED subject=- target=org.dt4n.core:link-h1-s1 detail=up cycle=30
[2026-09-15 08:24:33.211] [SYNC] [INFO] [cid=-] STATE_DETECTED subject=- target=org.dt4n.core:link-h2-s1 detail=up cycle=30
[2026-09-15 08:24:33.217] [SYNC] [INFO] [cid=-] STATE_PUSHED subject=- target=org.dt4n.core:link-h2-s1 detail=up cycle=30
[2026-09-15 08:24:33.217] [SYNC] [INFO] [cid=-] STATE_DETECTED subject=- target=org.dt4n.core:link-h3-s1 detail=up cycle=30
[2026-09-15 08:24:33.223] [SYNC] [INFO] [cid=-] STATE_PUSHED subject=- target=org.dt4n.core:link-h3-s1 detail=up cycle=30
[2026-09-15 08:24:33.223] [SYNC] [INFO] [cid=-] STATE_DETECTED subject=- target=org.dt4n.core:link-s1-s2 detail=up cycle=30
[2026-09-15 08:24:33.230] [SYNC] [INFO] [cid=-] STATE_PUSHED subject=- target=org.dt4n.core:link-s1-s2 detail=up cycle=30
[2026-09-15 08:24:33.230] [SYNC] [INFO] [cid=-] STATE_DETECTED subject=- target=org.dt4n.core:link-s1-s3 detail=up cycle=30
[2026-09-15 08:24:33.237] [SYNC] [INFO] [cid=-] STATE_PUSHED subject=- target=org.dt4n.core:link-s1-s3 detail=up cycle=30
[2026-09-15 08:24:33.237] [SYNC] [INFO] [cid=-] STATE_DETECTED subject=- target=org.dt4n.core:link-s2-s3 detail=up cycle=30
[2026-09-15 08:24:33.244] [SYNC] [INFO] [cid=-] STATE_PUSHED subject=- target=org.dt4n.core:link-s2-s3 detail=up cycle=30
[2026-09-15 08:24:33.244] [SYNC] [INFO] [cid=-] STATE_DETECTED subject=- target=org.dt4n.core:link-s2-srv1 detail=up cycle=30
[2026-09-15 08:24:33.251] [SYNC] [INFO] [cid=-] STATE_PUSHED subject=- target=org.dt4n.core:link-s2-srv1 detail=up cycle=30
[2026-09-15 08:24:33.251] [SYNC] [INFO] [cid=-] STATE_DETECTED subject=- target=org.dt4n.core:link-s3-srv2 detail=up cycle=30
[2026-09-15 08:24:33.258] [SYNC] [INFO] [cid=-] STATE_PUSHED subject=- target=org.dt4n.core:link-s3-srv2 detail=up cycle=30
[2026-09-15 08:24:33.389] [MEASURE] [INFO] [cid=c86520cc-1463-4088-a1c1-0a7f3c7d009b] CLICK subject=disableLink target=org.dt4n.core:link-h1-s1 params={} stateBefore=up
[2026-09-15 08:24:33.389] [MEASURE] [INFO] [cid=c86520cc-1463-4088-a1c1-0a7f3c7d009b] SEND subject=disableLink target=org.dt4n.core:link-h1-s1 detail=POST http://localhost:8080/api/2/things/org.dt4n.core:controller/inbox/messages/disableLink?timeout=0 timeout=0s
[2026-09-15 08:24:33.397] [AGENT] [INFO] [cid=c86520cc-1463-4088-a1c1-0a7f3c7d009b] SSE_EVENT subject=disableLink target=org.dt4n.core:link-h1-s1 bytes=98 correlationSource=payload:clientCorrelationId eventName=disableLink sseFields=["event"]
[2026-09-15 08:24:33.398] [AGENT] [INFO] [cid=c86520cc-1463-4088-a1c1-0a7f3c7d009b] RECEIVE subject=disableLink target=org.dt4n.core:link-h1-s1 params={}
[2026-09-15 08:24:33.398] [AGENT] [INFO] [cid=c86520cc-1463-4088-a1c1-0a7f3c7d009b] EXECUTE_START subject=disableLink target=org.dt4n.core:link-h1-s1
[2026-09-15 08:24:33.398] [AGENT] [INFO] [cid=c86520cc-1463-4088-a1c1-0a7f3c7d009b] LOCK_WAIT subject=disableLink target=org.dt4n.core:link-h1-s1 waitMs=0
[2026-09-15 08:24:33.402] [AGENT] [INFO] [cid=c86520cc-1463-4088-a1c1-0a7f3c7d009b] EXECUTE_DONE subject=disableLink target=org.dt4n.core:link-h1-s1 detail=link h1-s1 -> down code=200
[2026-09-15 08:24:33.402] [AGENT] [INFO] [cid=c86520cc-1463-4088-a1c1-0a7f3c7d009b] RESPONSE_SEND subject=disableLink target=org.dt4n.core:controller code=200 correlationSource=payload:clientCorrelationId ok=true
[2026-09-15 08:24:33.404] [CTRL] [INFO] [cid=-] REROUTE subject=- target=link-h1-s1 detail=down edge=s1-h1
[2026-09-15 08:24:33.414] [MEASURE] [INFO] [cid=c86520cc-1463-4088-a1c1-0a7f3c7d009b] DITTO_RESPONSE subject=disableLink target=org.dt4n.core:link-h1-s1 durationMs=25 http=202 rejected=false timedOut=false
[2026-09-15 08:24:33.414] [MEASURE] [INFO] [cid=c86520cc-1463-4088-a1c1-0a7f3c7d009b] UI_ACK subject=disableLink target=org.dt4n.core:link-h1-s1 http=202 ok=true rejected=false timedOut=false
[2026-09-15 08:24:33.420] [MEASURE] [INFO] [cid=c86520cc-1463-4088-a1c1-0a7f3c7d009b] WAIT_STATE subject=disableLink target=org.dt4n.core:link-h1-s1 expect=down stateNow=up timeoutMs=20000
[2026-09-15 08:24:33.433] [AGENT] [INFO] [cid=c86520cc-1463-4088-a1c1-0a7f3c7d009b] RESPONSE_OK subject=disableLink target=org.dt4n.core:controller http_status=202
[2026-09-15 08:24:34.145] [SYNC] [INFO] [cid=-] STATE_DETECTED subject=- target=org.dt4n.core:host-h1 detail=down cycle=31
[2026-09-15 08:24:34.154] [SYNC] [INFO] [cid=-] STATE_PUSHED subject=- target=org.dt4n.core:host-h1 detail=down cycle=31
[2026-09-15 08:24:34.168] [SYNC] [INFO] [cid=-] STATE_DETECTED subject=- target=org.dt4n.core:link-h1-s1 detail=down cycle=31
[2026-09-15 08:24:34.175] [SYNC] [INFO] [cid=-] STATE_PUSHED subject=- target=org.dt4n.core:link-h1-s1 detail=down cycle=31
[2026-09-15 08:24:34.253] [MEASURE] [INFO] [cid=c86520cc-1463-4088-a1c1-0a7f3c7d009b] STATE_OK subject=disableLink target=org.dt4n.core:link-h1-s1 expect=down state=down
[2026-09-15 08:24:35.467] [MEASURE] [INFO] [cid=175d5849-79c4-4cb8-902e-914bda8b9ffe] CLICK subject=enableLink target=org.dt4n.core:link-h1-s1 params={} stateBefore=down
[2026-09-15 08:24:35.467] [MEASURE] [INFO] [cid=175d5849-79c4-4cb8-902e-914bda8b9ffe] SEND subject=enableLink target=org.dt4n.core:link-h1-s1 detail=POST http://localhost:8080/api/2/things/org.dt4n.core:controller/inbox/messages/enableLink?timeout=0 timeout=0s
[2026-09-15 08:24:35.474] [AGENT] [INFO] [cid=175d5849-79c4-4cb8-902e-914bda8b9ffe] SSE_EVENT subject=enableLink target=org.dt4n.core:link-h1-s1 bytes=98 correlationSource=payload:clientCorrelationId eventName=enableLink sseFields=["event"]
[2026-09-15 08:24:35.474] [AGENT] [INFO] [cid=175d5849-79c4-4cb8-902e-914bda8b9ffe] RECEIVE subject=enableLink target=org.dt4n.core:link-h1-s1 params={}
[2026-09-15 08:24:35.474] [AGENT] [INFO] [cid=175d5849-79c4-4cb8-902e-914bda8b9ffe] EXECUTE_START subject=enableLink target=org.dt4n.core:link-h1-s1
[2026-09-15 08:24:35.474] [AGENT] [INFO] [cid=175d5849-79c4-4cb8-902e-914bda8b9ffe] LOCK_WAIT subject=enableLink target=org.dt4n.core:link-h1-s1 waitMs=0
[2026-09-15 08:24:35.477] [AGENT] [INFO] [cid=175d5849-79c4-4cb8-902e-914bda8b9ffe] EXECUTE_DONE subject=enableLink target=org.dt4n.core:link-h1-s1 detail=link h1-s1 -> up code=200
[2026-09-15 08:24:35.477] [AGENT] [INFO] [cid=175d5849-79c4-4cb8-902e-914bda8b9ffe] RESPONSE_SEND subject=enableLink target=org.dt4n.core:controller code=200 correlationSource=payload:clientCorrelationId ok=true
[2026-09-15 08:24:35.482] [CTRL] [INFO] [cid=-] REROUTE subject=- target=link-h1-s1 detail=up edge=s1-h1
[2026-09-15 08:24:35.482] [CTRL] [INFO] [cid=-] FLOW_INSTALL subject=- target=s1 detail=1 ipv4 flows changed
[2026-09-15 08:24:35.483] [CTRL] [INFO] [cid=-] FLOW_INSTALL subject=- target=s3 detail=1 ipv4 flows changed
[2026-09-15 08:24:35.483] [CTRL] [INFO] [cid=-] FLOW_INSTALL subject=- target=s2 detail=1 ipv4 flows changed
[2026-09-15 08:24:35.493] [MEASURE] [INFO] [cid=175d5849-79c4-4cb8-902e-914bda8b9ffe] DITTO_RESPONSE subject=enableLink target=org.dt4n.core:link-h1-s1 durationMs=26 http=202 rejected=false timedOut=false
[2026-09-15 08:24:35.494] [MEASURE] [INFO] [cid=175d5849-79c4-4cb8-902e-914bda8b9ffe] UI_ACK subject=enableLink target=org.dt4n.core:link-h1-s1 http=202 ok=true rejected=false timedOut=false
[2026-09-15 08:24:35.499] [MEASURE] [INFO] [cid=175d5849-79c4-4cb8-902e-914bda8b9ffe] WAIT_STATE subject=enableLink target=org.dt4n.core:link-h1-s1 expect=up stateNow=down timeoutMs=20000
[2026-09-15 08:24:35.503] [AGENT] [INFO] [cid=175d5849-79c4-4cb8-902e-914bda8b9ffe] RESPONSE_OK subject=enableLink target=org.dt4n.core:controller http_status=202
[2026-09-15 08:24:36.149] [SYNC] [INFO] [cid=-] STATE_DETECTED subject=- target=org.dt4n.core:host-h1 detail=up cycle=33
[2026-09-15 08:24:36.157] [SYNC] [INFO] [cid=-] STATE_PUSHED subject=- target=org.dt4n.core:host-h1 detail=up cycle=33
[2026-09-15 08:24:36.177] [SYNC] [INFO] [cid=-] STATE_DETECTED subject=- target=org.dt4n.core:link-h1-s1 detail=up cycle=33
[2026-09-15 08:24:36.188] [SYNC] [INFO] [cid=-] STATE_PUSHED subject=- target=org.dt4n.core:link-h1-s1 detail=up cycle=33
[2026-09-15 08:24:36.332] [MEASURE] [INFO] [cid=175d5849-79c4-4cb8-902e-914bda8b9ffe] STATE_OK subject=enableLink target=org.dt4n.core:link-h1-s1 expect=up state=up
[2026-09-15 08:24:37.546] [MEASURE] [INFO] [cid=5e402bc2-819a-4254-8921-17f0c6d8fea0] CLICK subject=disableLink target=org.dt4n.core:link-h1-s1 params={} stateBefore=up
[2026-09-15 08:24:37.547] [MEASURE] [INFO] [cid=5e402bc2-819a-4254-8921-17f0c6d8fea0] SEND subject=disableLink target=org.dt4n.core:link-h1-s1 detail=POST http://localhost:8080/api/2/things/org.dt4n.core:controller/inbox/messages/disableLink?timeout=0 timeout=0s
[2026-09-15 08:24:37.554] [AGENT] [INFO] [cid=5e402bc2-819a-4254-8921-17f0c6d8fea0] SSE_EVENT subject=disableLink target=org.dt4n.core:link-h1-s1 bytes=98 correlationSource=payload:clientCorrelationId eventName=disableLink sseFields=["event"]
[2026-09-15 08:24:37.554] [AGENT] [INFO] [cid=5e402bc2-819a-4254-8921-17f0c6d8fea0] RECEIVE subject=disableLink target=org.dt4n.core:link-h1-s1 params={}
[2026-09-15 08:24:37.554] [AGENT] [INFO] [cid=5e402bc2-819a-4254-8921-17f0c6d8fea0] EXECUTE_START subject=disableLink target=org.dt4n.core:link-h1-s1
[2026-09-15 08:24:37.554] [AGENT] [INFO] [cid=5e402bc2-819a-4254-8921-17f0c6d8fea0] LOCK_WAIT subject=disableLink target=org.dt4n.core:link-h1-s1 waitMs=0
[2026-09-15 08:24:37.558] [AGENT] [INFO] [cid=5e402bc2-819a-4254-8921-17f0c6d8fea0] EXECUTE_DONE subject=disableLink target=org.dt4n.core:link-h1-s1 detail=link h1-s1 -> down code=200
[2026-09-15 08:24:37.558] [CTRL] [INFO] [cid=-] REROUTE subject=- target=link-h1-s1 detail=down edge=s1-h1
[2026-09-15 08:24:37.558] [AGENT] [INFO] [cid=5e402bc2-819a-4254-8921-17f0c6d8fea0] RESPONSE_SEND subject=disableLink target=org.dt4n.core:controller code=200 correlationSource=payload:clientCorrelationId ok=true
[2026-09-15 08:24:37.573] [MEASURE] [INFO] [cid=5e402bc2-819a-4254-8921-17f0c6d8fea0] DITTO_RESPONSE subject=disableLink target=org.dt4n.core:link-h1-s1 durationMs=27 http=202 rejected=false timedOut=false
[2026-09-15 08:24:37.574] [MEASURE] [INFO] [cid=5e402bc2-819a-4254-8921-17f0c6d8fea0] UI_ACK subject=disableLink target=org.dt4n.core:link-h1-s1 http=202 ok=true rejected=false timedOut=false
[2026-09-15 08:24:37.580] [MEASURE] [INFO] [cid=5e402bc2-819a-4254-8921-17f0c6d8fea0] WAIT_STATE subject=disableLink target=org.dt4n.core:link-h1-s1 expect=down stateNow=up timeoutMs=20000
[2026-09-15 08:24:37.583] [AGENT] [INFO] [cid=5e402bc2-819a-4254-8921-17f0c6d8fea0] RESPONSE_OK subject=disableLink target=org.dt4n.core:controller http_status=202
[2026-09-15 08:24:38.146] [SYNC] [INFO] [cid=-] STATE_DETECTED subject=- target=org.dt4n.core:host-h1 detail=down cycle=35
[2026-09-15 08:24:38.154] [SYNC] [INFO] [cid=-] STATE_PUSHED subject=- target=org.dt4n.core:host-h1 detail=down cycle=35
[2026-09-15 08:24:38.167] [SYNC] [INFO] [cid=-] STATE_DETECTED subject=- target=org.dt4n.core:link-h1-s1 detail=down cycle=35
[2026-09-15 08:24:38.174] [SYNC] [INFO] [cid=-] STATE_PUSHED subject=- target=org.dt4n.core:link-h1-s1 detail=down cycle=35
[2026-09-15 08:24:38.204] [MEASURE] [INFO] [cid=5e402bc2-819a-4254-8921-17f0c6d8fea0] STATE_OK subject=disableLink target=org.dt4n.core:link-h1-s1 expect=down state=down
[2026-09-15 08:24:39.419] [MEASURE] [INFO] [cid=1dde7592-f793-43c0-b274-b264dc529529] CLICK subject=enableLink target=org.dt4n.core:link-h1-s1 params={} stateBefore=down
[2026-09-15 08:24:39.420] [MEASURE] [INFO] [cid=1dde7592-f793-43c0-b274-b264dc529529] SEND subject=enableLink target=org.dt4n.core:link-h1-s1 detail=POST http://localhost:8080/api/2/things/org.dt4n.core:controller/inbox/messages/enableLink?timeout=0 timeout=0s
[2026-09-15 08:24:39.427] [AGENT] [INFO] [cid=1dde7592-f793-43c0-b274-b264dc529529] SSE_EVENT subject=enableLink target=org.dt4n.core:link-h1-s1 bytes=98 correlationSource=payload:clientCorrelationId eventName=enableLink sseFields=["event"]
[2026-09-15 08:24:39.427] [AGENT] [INFO] [cid=1dde7592-f793-43c0-b274-b264dc529529] RECEIVE subject=enableLink target=org.dt4n.core:link-h1-s1 params={}
[2026-09-15 08:24:39.427] [AGENT] [INFO] [cid=1dde7592-f793-43c0-b274-b264dc529529] EXECUTE_START subject=enableLink target=org.dt4n.core:link-h1-s1
[2026-09-15 08:24:39.427] [AGENT] [INFO] [cid=1dde7592-f793-43c0-b274-b264dc529529] LOCK_WAIT subject=enableLink target=org.dt4n.core:link-h1-s1 waitMs=0
[2026-09-15 08:24:39.430] [AGENT] [INFO] [cid=1dde7592-f793-43c0-b274-b264dc529529] EXECUTE_DONE subject=enableLink target=org.dt4n.core:link-h1-s1 detail=link h1-s1 -> up code=200
[2026-09-15 08:24:39.430] [AGENT] [INFO] [cid=1dde7592-f793-43c0-b274-b264dc529529] RESPONSE_SEND subject=enableLink target=org.dt4n.core:controller code=200 correlationSource=payload:clientCorrelationId ok=true
[2026-09-15 08:24:39.433] [CTRL] [INFO] [cid=-] REROUTE subject=- target=link-h1-s1 detail=up edge=s1-h1
[2026-09-15 08:24:39.434] [CTRL] [INFO] [cid=-] FLOW_INSTALL subject=- target=s1 detail=1 ipv4 flows changed
[2026-09-15 08:24:39.434] [CTRL] [INFO] [cid=-] FLOW_INSTALL subject=- target=s3 detail=1 ipv4 flows changed
[2026-09-15 08:24:39.435] [CTRL] [INFO] [cid=-] FLOW_INSTALL subject=- target=s2 detail=1 ipv4 flows changed
[2026-09-15 08:24:39.454] [MEASURE] [INFO] [cid=1dde7592-f793-43c0-b274-b264dc529529] DITTO_RESPONSE subject=enableLink target=org.dt4n.core:link-h1-s1 durationMs=34 http=202 rejected=false timedOut=false
[2026-09-15 08:24:39.454] [MEASURE] [INFO] [cid=1dde7592-f793-43c0-b274-b264dc529529] UI_ACK subject=enableLink target=org.dt4n.core:link-h1-s1 http=202 ok=true rejected=false timedOut=false
[2026-09-15 08:24:39.460] [MEASURE] [INFO] [cid=1dde7592-f793-43c0-b274-b264dc529529] WAIT_STATE subject=enableLink target=org.dt4n.core:link-h1-s1 expect=up stateNow=down timeoutMs=20000
[2026-09-15 08:24:39.463] [AGENT] [INFO] [cid=1dde7592-f793-43c0-b274-b264dc529529] RESPONSE_OK subject=enableLink target=org.dt4n.core:controller http_status=202
[2026-09-15 08:24:40.146] [SYNC] [INFO] [cid=-] STATE_DETECTED subject=- target=org.dt4n.core:host-h1 detail=up cycle=37
[2026-09-15 08:24:40.154] [SYNC] [INFO] [cid=-] STATE_PUSHED subject=- target=org.dt4n.core:host-h1 detail=up cycle=37
[2026-09-15 08:24:40.168] [SYNC] [INFO] [cid=-] STATE_DETECTED subject=- target=org.dt4n.core:link-h1-s1 detail=up cycle=37
[2026-09-15 08:24:40.174] [SYNC] [INFO] [cid=-] STATE_PUSHED subject=- target=org.dt4n.core:link-h1-s1 detail=up cycle=37
[2026-09-15 08:24:40.292] [MEASURE] [INFO] [cid=1dde7592-f793-43c0-b274-b264dc529529] STATE_OK subject=enableLink target=org.dt4n.core:link-h1-s1 expect=up state=up
[2026-09-15 08:24:41.508] [MEASURE] [INFO] [cid=95e9554b-134d-41ca-b034-1e5b8f9b65a3] CLICK subject=disableLink target=org.dt4n.core:link-h1-s1 params={} stateBefore=up
[2026-09-15 08:24:41.508] [MEASURE] [INFO] [cid=95e9554b-134d-41ca-b034-1e5b8f9b65a3] SEND subject=disableLink target=org.dt4n.core:link-h1-s1 detail=POST http://localhost:8080/api/2/things/org.dt4n.core:controller/inbox/messages/disableLink?timeout=0 timeout=0s
[2026-09-15 08:24:41.515] [AGENT] [INFO] [cid=95e9554b-134d-41ca-b034-1e5b8f9b65a3] SSE_EVENT subject=disableLink target=org.dt4n.core:link-h1-s1 bytes=98 correlationSource=payload:clientCorrelationId eventName=disableLink sseFields=["event"]
[2026-09-15 08:24:41.515] [AGENT] [INFO] [cid=95e9554b-134d-41ca-b034-1e5b8f9b65a3] RECEIVE subject=disableLink target=org.dt4n.core:link-h1-s1 params={}
[2026-09-15 08:24:41.516] [AGENT] [INFO] [cid=95e9554b-134d-41ca-b034-1e5b8f9b65a3] EXECUTE_START subject=disableLink target=org.dt4n.core:link-h1-s1
[2026-09-15 08:24:41.516] [AGENT] [INFO] [cid=95e9554b-134d-41ca-b034-1e5b8f9b65a3] LOCK_WAIT subject=disableLink target=org.dt4n.core:link-h1-s1 waitMs=0
[2026-09-15 08:24:41.521] [AGENT] [INFO] [cid=95e9554b-134d-41ca-b034-1e5b8f9b65a3] EXECUTE_DONE subject=disableLink target=org.dt4n.core:link-h1-s1 detail=link h1-s1 -> down code=200
[2026-09-15 08:24:41.521] [AGENT] [INFO] [cid=95e9554b-134d-41ca-b034-1e5b8f9b65a3] RESPONSE_SEND subject=disableLink target=org.dt4n.core:controller code=200 correlationSource=payload:clientCorrelationId ok=true
[2026-09-15 08:24:41.522] [CTRL] [INFO] [cid=-] REROUTE subject=- target=link-h1-s1 detail=down edge=s1-h1
[2026-09-15 08:24:41.534] [MEASURE] [INFO] [cid=95e9554b-134d-41ca-b034-1e5b8f9b65a3] DITTO_RESPONSE subject=disableLink target=org.dt4n.core:link-h1-s1 durationMs=26 http=202 rejected=false timedOut=false
[2026-09-15 08:24:41.534] [MEASURE] [INFO] [cid=95e9554b-134d-41ca-b034-1e5b8f9b65a3] UI_ACK subject=disableLink target=org.dt4n.core:link-h1-s1 http=202 ok=true rejected=false timedOut=false
[2026-09-15 08:24:41.540] [MEASURE] [INFO] [cid=95e9554b-134d-41ca-b034-1e5b8f9b65a3] WAIT_STATE subject=disableLink target=org.dt4n.core:link-h1-s1 expect=down stateNow=up timeoutMs=20000
[2026-09-15 08:24:41.553] [AGENT] [INFO] [cid=95e9554b-134d-41ca-b034-1e5b8f9b65a3] RESPONSE_OK subject=disableLink target=org.dt4n.core:controller http_status=202
[2026-09-15 08:24:42.146] [SYNC] [INFO] [cid=-] STATE_DETECTED subject=- target=org.dt4n.core:host-h1 detail=down cycle=39
[2026-09-15 08:24:42.155] [SYNC] [INFO] [cid=-] STATE_PUSHED subject=- target=org.dt4n.core:host-h1 detail=down cycle=39
[2026-09-15 08:24:42.169] [SYNC] [INFO] [cid=-] STATE_DETECTED subject=- target=org.dt4n.core:link-h1-s1 detail=down cycle=39
[2026-09-15 08:24:42.175] [SYNC] [INFO] [cid=-] STATE_PUSHED subject=- target=org.dt4n.core:link-h1-s1 detail=down cycle=39
[2026-09-15 08:24:42.373] [MEASURE] [INFO] [cid=95e9554b-134d-41ca-b034-1e5b8f9b65a3] STATE_OK subject=disableLink target=org.dt4n.core:link-h1-s1 expect=down state=down
[2026-09-15 08:24:43.588] [MEASURE] [INFO] [cid=44e76be9-0db5-4f54-a132-6b67dd81613b] CLICK subject=enableLink target=org.dt4n.core:link-h1-s1 params={} stateBefore=down
[2026-09-15 08:24:43.588] [MEASURE] [INFO] [cid=44e76be9-0db5-4f54-a132-6b67dd81613b] SEND subject=enableLink target=org.dt4n.core:link-h1-s1 detail=POST http://localhost:8080/api/2/things/org.dt4n.core:controller/inbox/messages/enableLink?timeout=0 timeout=0s
[2026-09-15 08:24:43.595] [AGENT] [INFO] [cid=44e76be9-0db5-4f54-a132-6b67dd81613b] SSE_EVENT subject=enableLink target=org.dt4n.core:link-h1-s1 bytes=98 correlationSource=payload:clientCorrelationId eventName=enableLink sseFields=["event"]
[2026-09-15 08:24:43.596] [AGENT] [INFO] [cid=44e76be9-0db5-4f54-a132-6b67dd81613b] RECEIVE subject=enableLink target=org.dt4n.core:link-h1-s1 params={}
[2026-09-15 08:24:43.596] [AGENT] [INFO] [cid=44e76be9-0db5-4f54-a132-6b67dd81613b] EXECUTE_START subject=enableLink target=org.dt4n.core:link-h1-s1
[2026-09-15 08:24:43.596] [AGENT] [INFO] [cid=44e76be9-0db5-4f54-a132-6b67dd81613b] LOCK_WAIT subject=enableLink target=org.dt4n.core:link-h1-s1 waitMs=0
[2026-09-15 08:24:43.599] [AGENT] [INFO] [cid=44e76be9-0db5-4f54-a132-6b67dd81613b] EXECUTE_DONE subject=enableLink target=org.dt4n.core:link-h1-s1 detail=link h1-s1 -> up code=200
[2026-09-15 08:24:43.599] [AGENT] [INFO] [cid=44e76be9-0db5-4f54-a132-6b67dd81613b] RESPONSE_SEND subject=enableLink target=org.dt4n.core:controller code=200 correlationSource=payload:clientCorrelationId ok=true
[2026-09-15 08:24:43.603] [CTRL] [INFO] [cid=-] REROUTE subject=- target=link-h1-s1 detail=up edge=s1-h1
[2026-09-15 08:24:43.603] [CTRL] [INFO] [cid=-] FLOW_INSTALL subject=- target=s1 detail=1 ipv4 flows changed
[2026-09-15 08:24:43.603] [CTRL] [INFO] [cid=-] FLOW_INSTALL subject=- target=s3 detail=1 ipv4 flows changed
[2026-09-15 08:24:43.604] [CTRL] [INFO] [cid=-] FLOW_INSTALL subject=- target=s2 detail=1 ipv4 flows changed
[2026-09-15 08:24:43.614] [MEASURE] [INFO] [cid=44e76be9-0db5-4f54-a132-6b67dd81613b] DITTO_RESPONSE subject=enableLink target=org.dt4n.core:link-h1-s1 durationMs=26 http=202 rejected=false timedOut=false
[2026-09-15 08:24:43.614] [MEASURE] [INFO] [cid=44e76be9-0db5-4f54-a132-6b67dd81613b] UI_ACK subject=enableLink target=org.dt4n.core:link-h1-s1 http=202 ok=true rejected=false timedOut=false
[2026-09-15 08:24:43.620] [MEASURE] [INFO] [cid=44e76be9-0db5-4f54-a132-6b67dd81613b] WAIT_STATE subject=enableLink target=org.dt4n.core:link-h1-s1 expect=up stateNow=down timeoutMs=20000
[2026-09-15 08:24:43.624] [AGENT] [INFO] [cid=44e76be9-0db5-4f54-a132-6b67dd81613b] RESPONSE_OK subject=enableLink target=org.dt4n.core:controller http_status=202
[2026-09-15 08:24:44.147] [SYNC] [INFO] [cid=-] STATE_DETECTED subject=- target=org.dt4n.core:host-h1 detail=up cycle=41
[2026-09-15 08:24:44.156] [SYNC] [INFO] [cid=-] STATE_PUSHED subject=- target=org.dt4n.core:host-h1 detail=up cycle=41
[2026-09-15 08:24:44.170] [SYNC] [INFO] [cid=-] STATE_DETECTED subject=- target=org.dt4n.core:link-h1-s1 detail=up cycle=41
[2026-09-15 08:24:44.177] [SYNC] [INFO] [cid=-] STATE_PUSHED subject=- target=org.dt4n.core:link-h1-s1 detail=up cycle=41
[2026-09-15 08:24:44.246] [MEASURE] [INFO] [cid=44e76be9-0db5-4f54-a132-6b67dd81613b] STATE_OK subject=enableLink target=org.dt4n.core:link-h1-s1 expect=up state=up
[2026-09-15 08:24:45.461] [MEASURE] [INFO] [cid=781e714e-ea75-49ac-ac9d-1b57ce0ed14b] CLICK subject=disableLink target=org.dt4n.core:link-h1-s1 params={} stateBefore=up
[2026-09-15 08:24:45.461] [MEASURE] [INFO] [cid=781e714e-ea75-49ac-ac9d-1b57ce0ed14b] SEND subject=disableLink target=org.dt4n.core:link-h1-s1 detail=POST http://localhost:8080/api/2/things/org.dt4n.core:controller/inbox/messages/disableLink?timeout=0 timeout=0s
[2026-09-15 08:24:45.468] [AGENT] [INFO] [cid=781e714e-ea75-49ac-ac9d-1b57ce0ed14b] SSE_EVENT subject=disableLink target=org.dt4n.core:link-h1-s1 bytes=98 correlationSource=payload:clientCorrelationId eventName=disableLink sseFields=["event"]
[2026-09-15 08:24:45.468] [AGENT] [INFO] [cid=781e714e-ea75-49ac-ac9d-1b57ce0ed14b] RECEIVE subject=disableLink target=org.dt4n.core:link-h1-s1 params={}
[2026-09-15 08:24:45.468] [AGENT] [INFO] [cid=781e714e-ea75-49ac-ac9d-1b57ce0ed14b] EXECUTE_START subject=disableLink target=org.dt4n.core:link-h1-s1
[2026-09-15 08:24:45.468] [AGENT] [INFO] [cid=781e714e-ea75-49ac-ac9d-1b57ce0ed14b] LOCK_WAIT subject=disableLink target=org.dt4n.core:link-h1-s1 waitMs=0
[2026-09-15 08:24:45.472] [CTRL] [INFO] [cid=-] REROUTE subject=- target=link-h1-s1 detail=down edge=s1-h1
[2026-09-15 08:24:45.474] [AGENT] [INFO] [cid=781e714e-ea75-49ac-ac9d-1b57ce0ed14b] EXECUTE_DONE subject=disableLink target=org.dt4n.core:link-h1-s1 detail=link h1-s1 -> down code=200
[2026-09-15 08:24:45.474] [AGENT] [INFO] [cid=781e714e-ea75-49ac-ac9d-1b57ce0ed14b] RESPONSE_SEND subject=disableLink target=org.dt4n.core:controller code=200 correlationSource=payload:clientCorrelationId ok=true
[2026-09-15 08:24:45.493] [MEASURE] [INFO] [cid=781e714e-ea75-49ac-ac9d-1b57ce0ed14b] DITTO_RESPONSE subject=disableLink target=org.dt4n.core:link-h1-s1 durationMs=32 http=202 rejected=false timedOut=false
[2026-09-15 08:24:45.493] [MEASURE] [INFO] [cid=781e714e-ea75-49ac-ac9d-1b57ce0ed14b] UI_ACK subject=disableLink target=org.dt4n.core:link-h1-s1 http=202 ok=true rejected=false timedOut=false
[2026-09-15 08:24:45.499] [MEASURE] [INFO] [cid=781e714e-ea75-49ac-ac9d-1b57ce0ed14b] WAIT_STATE subject=disableLink target=org.dt4n.core:link-h1-s1 expect=down stateNow=up timeoutMs=20000
[2026-09-15 08:24:45.503] [AGENT] [INFO] [cid=781e714e-ea75-49ac-ac9d-1b57ce0ed14b] RESPONSE_OK subject=disableLink target=org.dt4n.core:controller http_status=202
[2026-09-15 08:24:46.149] [SYNC] [INFO] [cid=-] STATE_DETECTED subject=- target=org.dt4n.core:host-h1 detail=down cycle=43
[2026-09-15 08:24:46.157] [SYNC] [INFO] [cid=-] STATE_PUSHED subject=- target=org.dt4n.core:host-h1 detail=down cycle=43
[2026-09-15 08:24:46.170] [SYNC] [INFO] [cid=-] STATE_DETECTED subject=- target=org.dt4n.core:link-h1-s1 detail=down cycle=43
[2026-09-15 08:24:46.177] [SYNC] [INFO] [cid=-] STATE_PUSHED subject=- target=org.dt4n.core:link-h1-s1 detail=down cycle=43
[2026-09-15 08:24:46.331] [MEASURE] [INFO] [cid=781e714e-ea75-49ac-ac9d-1b57ce0ed14b] STATE_OK subject=disableLink target=org.dt4n.core:link-h1-s1 expect=down state=down
[2026-09-15 08:24:47.548] [MEASURE] [INFO] [cid=94c3f723-681a-4639-8d30-f1d017914f35] CLICK subject=enableLink target=org.dt4n.core:link-h1-s1 params={} stateBefore=down
[2026-09-15 08:24:47.548] [MEASURE] [INFO] [cid=94c3f723-681a-4639-8d30-f1d017914f35] SEND subject=enableLink target=org.dt4n.core:link-h1-s1 detail=POST http://localhost:8080/api/2/things/org.dt4n.core:controller/inbox/messages/enableLink?timeout=0 timeout=0s
[2026-09-15 08:24:47.556] [AGENT] [INFO] [cid=94c3f723-681a-4639-8d30-f1d017914f35] SSE_EVENT subject=enableLink target=org.dt4n.core:link-h1-s1 bytes=98 correlationSource=payload:clientCorrelationId eventName=enableLink sseFields=["event"]
[2026-09-15 08:24:47.556] [AGENT] [INFO] [cid=94c3f723-681a-4639-8d30-f1d017914f35] RECEIVE subject=enableLink target=org.dt4n.core:link-h1-s1 params={}
[2026-09-15 08:24:47.556] [AGENT] [INFO] [cid=94c3f723-681a-4639-8d30-f1d017914f35] EXECUTE_START subject=enableLink target=org.dt4n.core:link-h1-s1
[2026-09-15 08:24:47.557] [AGENT] [INFO] [cid=94c3f723-681a-4639-8d30-f1d017914f35] LOCK_WAIT subject=enableLink target=org.dt4n.core:link-h1-s1 waitMs=0
[2026-09-15 08:24:47.560] [AGENT] [INFO] [cid=94c3f723-681a-4639-8d30-f1d017914f35] EXECUTE_DONE subject=enableLink target=org.dt4n.core:link-h1-s1 detail=link h1-s1 -> up code=200
[2026-09-15 08:24:47.560] [AGENT] [INFO] [cid=94c3f723-681a-4639-8d30-f1d017914f35] RESPONSE_SEND subject=enableLink target=org.dt4n.core:controller code=200 correlationSource=payload:clientCorrelationId ok=true
[2026-09-15 08:24:47.563] [CTRL] [INFO] [cid=-] REROUTE subject=- target=link-h1-s1 detail=up edge=s1-h1
[2026-09-15 08:24:47.563] [CTRL] [INFO] [cid=-] FLOW_INSTALL subject=- target=s1 detail=1 ipv4 flows changed
[2026-09-15 08:24:47.564] [CTRL] [INFO] [cid=-] FLOW_INSTALL subject=- target=s3 detail=1 ipv4 flows changed
[2026-09-15 08:24:47.564] [CTRL] [INFO] [cid=-] FLOW_INSTALL subject=- target=s2 detail=1 ipv4 flows changed
[2026-09-15 08:24:47.574] [MEASURE] [INFO] [cid=94c3f723-681a-4639-8d30-f1d017914f35] DITTO_RESPONSE subject=enableLink target=org.dt4n.core:link-h1-s1 durationMs=26 http=202 rejected=false timedOut=false
[2026-09-15 08:24:47.574] [MEASURE] [INFO] [cid=94c3f723-681a-4639-8d30-f1d017914f35] UI_ACK subject=enableLink target=org.dt4n.core:link-h1-s1 http=202 ok=true rejected=false timedOut=false
[2026-09-15 08:24:47.581] [MEASURE] [INFO] [cid=94c3f723-681a-4639-8d30-f1d017914f35] WAIT_STATE subject=enableLink target=org.dt4n.core:link-h1-s1 expect=up stateNow=down timeoutMs=20000
[2026-09-15 08:24:47.583] [AGENT] [INFO] [cid=94c3f723-681a-4639-8d30-f1d017914f35] RESPONSE_OK subject=enableLink target=org.dt4n.core:controller http_status=202
[2026-09-15 08:24:48.149] [SYNC] [INFO] [cid=-] STATE_DETECTED subject=- target=org.dt4n.core:host-h1 detail=up cycle=45
[2026-09-15 08:24:48.157] [SYNC] [INFO] [cid=-] STATE_PUSHED subject=- target=org.dt4n.core:host-h1 detail=up cycle=45
[2026-09-15 08:24:48.170] [SYNC] [INFO] [cid=-] STATE_DETECTED subject=- target=org.dt4n.core:link-h1-s1 detail=up cycle=45
[2026-09-15 08:24:48.177] [SYNC] [INFO] [cid=-] STATE_PUSHED subject=- target=org.dt4n.core:link-h1-s1 detail=up cycle=45
[2026-09-15 08:24:48.206] [MEASURE] [INFO] [cid=94c3f723-681a-4639-8d30-f1d017914f35] STATE_OK subject=enableLink target=org.dt4n.core:link-h1-s1 expect=up state=up
[2026-09-15 08:24:49.422] [MEASURE] [INFO] [cid=66b8288b-1cc3-417d-b8ed-36925c3de173] CLICK subject=disableLink target=org.dt4n.core:link-h1-s1 params={} stateBefore=up
[2026-09-15 08:24:49.422] [MEASURE] [INFO] [cid=66b8288b-1cc3-417d-b8ed-36925c3de173] SEND subject=disableLink target=org.dt4n.core:link-h1-s1 detail=POST http://localhost:8080/api/2/things/org.dt4n.core:controller/inbox/messages/disableLink?timeout=0 timeout=0s
[2026-09-15 08:24:49.430] [AGENT] [INFO] [cid=66b8288b-1cc3-417d-b8ed-36925c3de173] SSE_EVENT subject=disableLink target=org.dt4n.core:link-h1-s1 bytes=98 correlationSource=payload:clientCorrelationId eventName=disableLink sseFields=["event"]
[2026-09-15 08:24:49.430] [AGENT] [INFO] [cid=66b8288b-1cc3-417d-b8ed-36925c3de173] RECEIVE subject=disableLink target=org.dt4n.core:link-h1-s1 params={}
[2026-09-15 08:24:49.430] [AGENT] [INFO] [cid=66b8288b-1cc3-417d-b8ed-36925c3de173] EXECUTE_START subject=disableLink target=org.dt4n.core:link-h1-s1
[2026-09-15 08:24:49.430] [AGENT] [INFO] [cid=66b8288b-1cc3-417d-b8ed-36925c3de173] LOCK_WAIT subject=disableLink target=org.dt4n.core:link-h1-s1 waitMs=0
[2026-09-15 08:24:49.434] [AGENT] [INFO] [cid=66b8288b-1cc3-417d-b8ed-36925c3de173] EXECUTE_DONE subject=disableLink target=org.dt4n.core:link-h1-s1 detail=link h1-s1 -> down code=200
[2026-09-15 08:24:49.434] [AGENT] [INFO] [cid=66b8288b-1cc3-417d-b8ed-36925c3de173] RESPONSE_SEND subject=disableLink target=org.dt4n.core:controller code=200 correlationSource=payload:clientCorrelationId ok=true
[2026-09-15 08:24:49.436] [CTRL] [INFO] [cid=-] REROUTE subject=- target=link-h1-s1 detail=down edge=s1-h1
[2026-09-15 08:24:49.454] [MEASURE] [INFO] [cid=66b8288b-1cc3-417d-b8ed-36925c3de173] DITTO_RESPONSE subject=disableLink target=org.dt4n.core:link-h1-s1 durationMs=32 http=202 rejected=false timedOut=false
[2026-09-15 08:24:49.454] [MEASURE] [INFO] [cid=66b8288b-1cc3-417d-b8ed-36925c3de173] UI_ACK subject=disableLink target=org.dt4n.core:link-h1-s1 http=202 ok=true rejected=false timedOut=false
[2026-09-15 08:24:49.460] [MEASURE] [INFO] [cid=66b8288b-1cc3-417d-b8ed-36925c3de173] WAIT_STATE subject=disableLink target=org.dt4n.core:link-h1-s1 expect=down stateNow=up timeoutMs=20000
[2026-09-15 08:24:49.464] [AGENT] [INFO] [cid=66b8288b-1cc3-417d-b8ed-36925c3de173] RESPONSE_OK subject=disableLink target=org.dt4n.core:controller http_status=202
[2026-09-15 08:24:50.150] [SYNC] [INFO] [cid=-] STATE_DETECTED subject=- target=org.dt4n.core:host-h1 detail=down cycle=47
[2026-09-15 08:24:50.158] [SYNC] [INFO] [cid=-] STATE_PUSHED subject=- target=org.dt4n.core:host-h1 detail=down cycle=47
[2026-09-15 08:24:50.171] [SYNC] [INFO] [cid=-] STATE_DETECTED subject=- target=org.dt4n.core:link-h1-s1 detail=down cycle=47
[2026-09-15 08:24:50.177] [SYNC] [INFO] [cid=-] STATE_PUSHED subject=- target=org.dt4n.core:link-h1-s1 detail=down cycle=47
[2026-09-15 08:24:50.294] [MEASURE] [INFO] [cid=66b8288b-1cc3-417d-b8ed-36925c3de173] STATE_OK subject=disableLink target=org.dt4n.core:link-h1-s1 expect=down state=down
[2026-09-15 08:24:51.510] [MEASURE] [INFO] [cid=b176650a-ec70-41f3-8a7c-25504c6d3d74] CLICK subject=enableLink target=org.dt4n.core:link-h1-s1 params={} stateBefore=down
[2026-09-15 08:24:51.510] [MEASURE] [INFO] [cid=b176650a-ec70-41f3-8a7c-25504c6d3d74] SEND subject=enableLink target=org.dt4n.core:link-h1-s1 detail=POST http://localhost:8080/api/2/things/org.dt4n.core:controller/inbox/messages/enableLink?timeout=0 timeout=0s
[2026-09-15 08:24:51.517] [AGENT] [INFO] [cid=b176650a-ec70-41f3-8a7c-25504c6d3d74] SSE_EVENT subject=enableLink target=org.dt4n.core:link-h1-s1 bytes=98 correlationSource=payload:clientCorrelationId eventName=enableLink sseFields=["event"]
[2026-09-15 08:24:51.517] [AGENT] [INFO] [cid=b176650a-ec70-41f3-8a7c-25504c6d3d74] RECEIVE subject=enableLink target=org.dt4n.core:link-h1-s1 params={}
[2026-09-15 08:24:51.517] [AGENT] [INFO] [cid=b176650a-ec70-41f3-8a7c-25504c6d3d74] EXECUTE_START subject=enableLink target=org.dt4n.core:link-h1-s1
[2026-09-15 08:24:51.517] [AGENT] [INFO] [cid=b176650a-ec70-41f3-8a7c-25504c6d3d74] LOCK_WAIT subject=enableLink target=org.dt4n.core:link-h1-s1 waitMs=0
[2026-09-15 08:24:51.520] [AGENT] [INFO] [cid=b176650a-ec70-41f3-8a7c-25504c6d3d74] EXECUTE_DONE subject=enableLink target=org.dt4n.core:link-h1-s1 detail=link h1-s1 -> up code=200
[2026-09-15 08:24:51.520] [AGENT] [INFO] [cid=b176650a-ec70-41f3-8a7c-25504c6d3d74] RESPONSE_SEND subject=enableLink target=org.dt4n.core:controller code=200 correlationSource=payload:clientCorrelationId ok=true
[2026-09-15 08:24:51.524] [CTRL] [INFO] [cid=-] REROUTE subject=- target=link-h1-s1 detail=up edge=s1-h1
[2026-09-15 08:24:51.524] [CTRL] [INFO] [cid=-] FLOW_INSTALL subject=- target=s1 detail=1 ipv4 flows changed
[2026-09-15 08:24:51.525] [CTRL] [INFO] [cid=-] FLOW_INSTALL subject=- target=s3 detail=1 ipv4 flows changed
[2026-09-15 08:24:51.525] [CTRL] [INFO] [cid=-] FLOW_INSTALL subject=- target=s2 detail=1 ipv4 flows changed
[2026-09-15 08:24:51.544] [MEASURE] [INFO] [cid=b176650a-ec70-41f3-8a7c-25504c6d3d74] DITTO_RESPONSE subject=enableLink target=org.dt4n.core:link-h1-s1 durationMs=34 http=202 rejected=false timedOut=false
[2026-09-15 08:24:51.544] [MEASURE] [INFO] [cid=b176650a-ec70-41f3-8a7c-25504c6d3d74] UI_ACK subject=enableLink target=org.dt4n.core:link-h1-s1 http=202 ok=true rejected=false timedOut=false
[2026-09-15 08:24:51.550] [MEASURE] [INFO] [cid=b176650a-ec70-41f3-8a7c-25504c6d3d74] WAIT_STATE subject=enableLink target=org.dt4n.core:link-h1-s1 expect=up stateNow=down timeoutMs=20000
[2026-09-15 08:24:51.554] [AGENT] [INFO] [cid=b176650a-ec70-41f3-8a7c-25504c6d3d74] RESPONSE_OK subject=enableLink target=org.dt4n.core:controller http_status=202
[2026-09-15 08:24:52.149] [SYNC] [INFO] [cid=-] STATE_DETECTED subject=- target=org.dt4n.core:host-h1 detail=up cycle=49
[2026-09-15 08:24:52.157] [SYNC] [INFO] [cid=-] STATE_PUSHED subject=- target=org.dt4n.core:host-h1 detail=up cycle=49
[2026-09-15 08:24:52.170] [SYNC] [INFO] [cid=-] STATE_DETECTED subject=- target=org.dt4n.core:link-h1-s1 detail=up cycle=49
[2026-09-15 08:24:52.177] [SYNC] [INFO] [cid=-] STATE_PUSHED subject=- target=org.dt4n.core:link-h1-s1 detail=up cycle=49
[2026-09-15 08:24:52.382] [MEASURE] [INFO] [cid=b176650a-ec70-41f3-8a7c-25504c6d3d74] STATE_OK subject=enableLink target=org.dt4n.core:link-h1-s1 expect=up state=up
[2026-09-15 08:24:53.598] [MEASURE] [INFO] [cid=8fbe5810-9c8f-4f46-b9e0-320277e30222] CLICK subject=disableLink target=org.dt4n.core:link-h1-s1 params={} stateBefore=up
[2026-09-15 08:24:53.598] [MEASURE] [INFO] [cid=8fbe5810-9c8f-4f46-b9e0-320277e30222] SEND subject=disableLink target=org.dt4n.core:link-h1-s1 detail=POST http://localhost:8080/api/2/things/org.dt4n.core:controller/inbox/messages/disableLink?timeout=0 timeout=0s
[2026-09-15 08:24:53.605] [AGENT] [INFO] [cid=8fbe5810-9c8f-4f46-b9e0-320277e30222] SSE_EVENT subject=disableLink target=org.dt4n.core:link-h1-s1 bytes=98 correlationSource=payload:clientCorrelationId eventName=disableLink sseFields=["event"]
[2026-09-15 08:24:53.605] [AGENT] [INFO] [cid=8fbe5810-9c8f-4f46-b9e0-320277e30222] RECEIVE subject=disableLink target=org.dt4n.core:link-h1-s1 params={}
[2026-09-15 08:24:53.606] [AGENT] [INFO] [cid=8fbe5810-9c8f-4f46-b9e0-320277e30222] EXECUTE_START subject=disableLink target=org.dt4n.core:link-h1-s1
[2026-09-15 08:24:53.606] [AGENT] [INFO] [cid=8fbe5810-9c8f-4f46-b9e0-320277e30222] LOCK_WAIT subject=disableLink target=org.dt4n.core:link-h1-s1 waitMs=0
[2026-09-15 08:24:53.610] [AGENT] [INFO] [cid=8fbe5810-9c8f-4f46-b9e0-320277e30222] EXECUTE_DONE subject=disableLink target=org.dt4n.core:link-h1-s1 detail=link h1-s1 -> down code=200
[2026-09-15 08:24:53.610] [AGENT] [INFO] [cid=8fbe5810-9c8f-4f46-b9e0-320277e30222] RESPONSE_SEND subject=disableLink target=org.dt4n.core:controller code=200 correlationSource=payload:clientCorrelationId ok=true
[2026-09-15 08:24:53.611] [CTRL] [INFO] [cid=-] REROUTE subject=- target=link-h1-s1 detail=down edge=s1-h1
[2026-09-15 08:24:53.624] [MEASURE] [INFO] [cid=8fbe5810-9c8f-4f46-b9e0-320277e30222] DITTO_RESPONSE subject=disableLink target=org.dt4n.core:link-h1-s1 durationMs=25 http=202 rejected=false timedOut=false
[2026-09-15 08:24:53.624] [MEASURE] [INFO] [cid=8fbe5810-9c8f-4f46-b9e0-320277e30222] UI_ACK subject=disableLink target=org.dt4n.core:link-h1-s1 http=202 ok=true rejected=false timedOut=false
[2026-09-15 08:24:53.630] [MEASURE] [INFO] [cid=8fbe5810-9c8f-4f46-b9e0-320277e30222] WAIT_STATE subject=disableLink target=org.dt4n.core:link-h1-s1 expect=down stateNow=up timeoutMs=20000
[2026-09-15 08:24:53.643] [AGENT] [INFO] [cid=8fbe5810-9c8f-4f46-b9e0-320277e30222] RESPONSE_OK subject=disableLink target=org.dt4n.core:controller http_status=202
[2026-09-15 08:24:54.149] [SYNC] [INFO] [cid=-] STATE_DETECTED subject=- target=org.dt4n.core:host-h1 detail=down cycle=51
[2026-09-15 08:24:54.157] [SYNC] [INFO] [cid=-] STATE_PUSHED subject=- target=org.dt4n.core:host-h1 detail=down cycle=51
[2026-09-15 08:24:54.170] [SYNC] [INFO] [cid=-] STATE_DETECTED subject=- target=org.dt4n.core:link-h1-s1 detail=down cycle=51
[2026-09-15 08:24:54.176] [SYNC] [INFO] [cid=-] STATE_PUSHED subject=- target=org.dt4n.core:link-h1-s1 detail=down cycle=51
[2026-09-15 08:24:54.254] [MEASURE] [INFO] [cid=8fbe5810-9c8f-4f46-b9e0-320277e30222] STATE_OK subject=disableLink target=org.dt4n.core:link-h1-s1 expect=down state=down
[2026-09-15 08:24:55.470] [MEASURE] [INFO] [cid=84f64a57-ca4c-401b-85b4-93937dd9274f] CLICK subject=enableLink target=org.dt4n.core:link-h1-s1 params={} stateBefore=down
[2026-09-15 08:24:55.470] [MEASURE] [INFO] [cid=84f64a57-ca4c-401b-85b4-93937dd9274f] SEND subject=enableLink target=org.dt4n.core:link-h1-s1 detail=POST http://localhost:8080/api/2/things/org.dt4n.core:controller/inbox/messages/enableLink?timeout=0 timeout=0s
[2026-09-15 08:24:55.478] [AGENT] [INFO] [cid=84f64a57-ca4c-401b-85b4-93937dd9274f] SSE_EVENT subject=enableLink target=org.dt4n.core:link-h1-s1 bytes=98 correlationSource=payload:clientCorrelationId eventName=enableLink sseFields=["event"]
[2026-09-15 08:24:55.478] [AGENT] [INFO] [cid=84f64a57-ca4c-401b-85b4-93937dd9274f] RECEIVE subject=enableLink target=org.dt4n.core:link-h1-s1 params={}
[2026-09-15 08:24:55.478] [AGENT] [INFO] [cid=84f64a57-ca4c-401b-85b4-93937dd9274f] EXECUTE_START subject=enableLink target=org.dt4n.core:link-h1-s1
[2026-09-15 08:24:55.478] [AGENT] [INFO] [cid=84f64a57-ca4c-401b-85b4-93937dd9274f] LOCK_WAIT subject=enableLink target=org.dt4n.core:link-h1-s1 waitMs=0
[2026-09-15 08:24:55.481] [AGENT] [INFO] [cid=84f64a57-ca4c-401b-85b4-93937dd9274f] EXECUTE_DONE subject=enableLink target=org.dt4n.core:link-h1-s1 detail=link h1-s1 -> up code=200
[2026-09-15 08:24:55.481] [AGENT] [INFO] [cid=84f64a57-ca4c-401b-85b4-93937dd9274f] RESPONSE_SEND subject=enableLink target=org.dt4n.core:controller code=200 correlationSource=payload:clientCorrelationId ok=true
[2026-09-15 08:24:55.484] [CTRL] [INFO] [cid=-] REROUTE subject=- target=link-h1-s1 detail=up edge=s1-h1
[2026-09-15 08:24:55.485] [CTRL] [INFO] [cid=-] FLOW_INSTALL subject=- target=s1 detail=1 ipv4 flows changed
[2026-09-15 08:24:55.485] [CTRL] [INFO] [cid=-] FLOW_INSTALL subject=- target=s3 detail=1 ipv4 flows changed
[2026-09-15 08:24:55.486] [CTRL] [INFO] [cid=-] FLOW_INSTALL subject=- target=s2 detail=1 ipv4 flows changed
[2026-09-15 08:24:55.504] [MEASURE] [INFO] [cid=84f64a57-ca4c-401b-85b4-93937dd9274f] DITTO_RESPONSE subject=enableLink target=org.dt4n.core:link-h1-s1 durationMs=34 http=202 rejected=false timedOut=false
[2026-09-15 08:24:55.505] [MEASURE] [INFO] [cid=84f64a57-ca4c-401b-85b4-93937dd9274f] UI_ACK subject=enableLink target=org.dt4n.core:link-h1-s1 http=202 ok=true rejected=false timedOut=false
[2026-09-15 08:24:55.510] [MEASURE] [INFO] [cid=84f64a57-ca4c-401b-85b4-93937dd9274f] WAIT_STATE subject=enableLink target=org.dt4n.core:link-h1-s1 expect=up stateNow=down timeoutMs=20000
[2026-09-15 08:24:55.514] [AGENT] [INFO] [cid=84f64a57-ca4c-401b-85b4-93937dd9274f] RESPONSE_OK subject=enableLink target=org.dt4n.core:controller http_status=202
[2026-09-15 08:24:56.151] [SYNC] [INFO] [cid=-] STATE_DETECTED subject=- target=org.dt4n.core:host-h1 detail=up cycle=53
[2026-09-15 08:24:56.159] [SYNC] [INFO] [cid=-] STATE_PUSHED subject=- target=org.dt4n.core:host-h1 detail=up cycle=53
[2026-09-15 08:24:56.171] [SYNC] [INFO] [cid=-] STATE_DETECTED subject=- target=org.dt4n.core:link-h1-s1 detail=up cycle=53
[2026-09-15 08:24:56.177] [SYNC] [INFO] [cid=-] STATE_PUSHED subject=- target=org.dt4n.core:link-h1-s1 detail=up cycle=53
[2026-09-15 08:24:56.342] [MEASURE] [INFO] [cid=84f64a57-ca4c-401b-85b4-93937dd9274f] STATE_OK subject=enableLink target=org.dt4n.core:link-h1-s1 expect=up state=up
[2026-09-15 08:24:57.559] [MEASURE] [INFO] [cid=0c440edf-e2bb-46bb-b76e-65925d513f20] CLICK subject=disableLink target=org.dt4n.core:link-h1-s1 params={} stateBefore=up
[2026-09-15 08:24:57.559] [MEASURE] [INFO] [cid=0c440edf-e2bb-46bb-b76e-65925d513f20] SEND subject=disableLink target=org.dt4n.core:link-h1-s1 detail=POST http://localhost:8080/api/2/things/org.dt4n.core:controller/inbox/messages/disableLink?timeout=0 timeout=0s
[2026-09-15 08:24:57.566] [AGENT] [INFO] [cid=0c440edf-e2bb-46bb-b76e-65925d513f20] SSE_EVENT subject=disableLink target=org.dt4n.core:link-h1-s1 bytes=98 correlationSource=payload:clientCorrelationId eventName=disableLink sseFields=["event"]
[2026-09-15 08:24:57.566] [AGENT] [INFO] [cid=0c440edf-e2bb-46bb-b76e-65925d513f20] RECEIVE subject=disableLink target=org.dt4n.core:link-h1-s1 params={}
[2026-09-15 08:24:57.566] [AGENT] [INFO] [cid=0c440edf-e2bb-46bb-b76e-65925d513f20] EXECUTE_START subject=disableLink target=org.dt4n.core:link-h1-s1
[2026-09-15 08:24:57.566] [AGENT] [INFO] [cid=0c440edf-e2bb-46bb-b76e-65925d513f20] LOCK_WAIT subject=disableLink target=org.dt4n.core:link-h1-s1 waitMs=0
[2026-09-15 08:24:57.571] [AGENT] [INFO] [cid=0c440edf-e2bb-46bb-b76e-65925d513f20] EXECUTE_DONE subject=disableLink target=org.dt4n.core:link-h1-s1 detail=link h1-s1 -> down code=200
[2026-09-15 08:24:57.571] [AGENT] [INFO] [cid=0c440edf-e2bb-46bb-b76e-65925d513f20] RESPONSE_SEND subject=disableLink target=org.dt4n.core:controller code=200 correlationSource=payload:clientCorrelationId ok=true
[2026-09-15 08:24:57.571] [CTRL] [INFO] [cid=-] REROUTE subject=- target=link-h1-s1 detail=down edge=s1-h1
[2026-09-15 08:24:57.584] [MEASURE] [INFO] [cid=0c440edf-e2bb-46bb-b76e-65925d513f20] DITTO_RESPONSE subject=disableLink target=org.dt4n.core:link-h1-s1 durationMs=25 http=202 rejected=false timedOut=false
[2026-09-15 08:24:57.584] [MEASURE] [INFO] [cid=0c440edf-e2bb-46bb-b76e-65925d513f20] UI_ACK subject=disableLink target=org.dt4n.core:link-h1-s1 http=202 ok=true rejected=false timedOut=false
[2026-09-15 08:24:57.591] [MEASURE] [INFO] [cid=0c440edf-e2bb-46bb-b76e-65925d513f20] WAIT_STATE subject=disableLink target=org.dt4n.core:link-h1-s1 expect=down stateNow=up timeoutMs=20000
[2026-09-15 08:24:57.604] [AGENT] [INFO] [cid=0c440edf-e2bb-46bb-b76e-65925d513f20] RESPONSE_OK subject=disableLink target=org.dt4n.core:controller http_status=202
[2026-09-15 08:24:58.151] [SYNC] [INFO] [cid=-] STATE_DETECTED subject=- target=org.dt4n.core:host-h1 detail=down cycle=55
[2026-09-15 08:24:58.159] [SYNC] [INFO] [cid=-] STATE_PUSHED subject=- target=org.dt4n.core:host-h1 detail=down cycle=55
[2026-09-15 08:24:58.184] [SYNC] [INFO] [cid=-] STATE_DETECTED subject=- target=org.dt4n.core:link-h1-s1 detail=down cycle=55
[2026-09-15 08:24:58.191] [SYNC] [INFO] [cid=-] STATE_PUSHED subject=- target=org.dt4n.core:link-h1-s1 detail=down cycle=55
[2026-09-15 08:24:58.215] [MEASURE] [INFO] [cid=0c440edf-e2bb-46bb-b76e-65925d513f20] STATE_OK subject=disableLink target=org.dt4n.core:link-h1-s1 expect=down state=down
[2026-09-15 08:24:59.431] [MEASURE] [INFO] [cid=49966cf1-ecea-4210-9a53-98bb8081efe7] CLICK subject=enableLink target=org.dt4n.core:link-h1-s1 params={} stateBefore=down
[2026-09-15 08:24:59.431] [MEASURE] [INFO] [cid=49966cf1-ecea-4210-9a53-98bb8081efe7] SEND subject=enableLink target=org.dt4n.core:link-h1-s1 detail=POST http://localhost:8080/api/2/things/org.dt4n.core:controller/inbox/messages/enableLink?timeout=0 timeout=0s
[2026-09-15 08:24:59.438] [AGENT] [INFO] [cid=49966cf1-ecea-4210-9a53-98bb8081efe7] SSE_EVENT subject=enableLink target=org.dt4n.core:link-h1-s1 bytes=98 correlationSource=payload:clientCorrelationId eventName=enableLink sseFields=["event"]
[2026-09-15 08:24:59.438] [AGENT] [INFO] [cid=49966cf1-ecea-4210-9a53-98bb8081efe7] RECEIVE subject=enableLink target=org.dt4n.core:link-h1-s1 params={}
[2026-09-15 08:24:59.438] [AGENT] [INFO] [cid=49966cf1-ecea-4210-9a53-98bb8081efe7] EXECUTE_START subject=enableLink target=org.dt4n.core:link-h1-s1
[2026-09-15 08:24:59.438] [AGENT] [INFO] [cid=49966cf1-ecea-4210-9a53-98bb8081efe7] LOCK_WAIT subject=enableLink target=org.dt4n.core:link-h1-s1 waitMs=0
[2026-09-15 08:24:59.441] [AGENT] [INFO] [cid=49966cf1-ecea-4210-9a53-98bb8081efe7] EXECUTE_DONE subject=enableLink target=org.dt4n.core:link-h1-s1 detail=link h1-s1 -> up code=200
[2026-09-15 08:24:59.441] [AGENT] [INFO] [cid=49966cf1-ecea-4210-9a53-98bb8081efe7] RESPONSE_SEND subject=enableLink target=org.dt4n.core:controller code=200 correlationSource=payload:clientCorrelationId ok=true
[2026-09-15 08:24:59.444] [CTRL] [INFO] [cid=-] REROUTE subject=- target=link-h1-s1 detail=up edge=s1-h1
[2026-09-15 08:24:59.445] [CTRL] [INFO] [cid=-] FLOW_INSTALL subject=- target=s1 detail=1 ipv4 flows changed
[2026-09-15 08:24:59.445] [CTRL] [INFO] [cid=-] FLOW_INSTALL subject=- target=s3 detail=1 ipv4 flows changed
[2026-09-15 08:24:59.446] [CTRL] [INFO] [cid=-] FLOW_INSTALL subject=- target=s2 detail=1 ipv4 flows changed
[2026-09-15 08:24:59.464] [MEASURE] [INFO] [cid=49966cf1-ecea-4210-9a53-98bb8081efe7] DITTO_RESPONSE subject=enableLink target=org.dt4n.core:link-h1-s1 durationMs=33 http=202 rejected=false timedOut=false
[2026-09-15 08:24:59.464] [MEASURE] [INFO] [cid=49966cf1-ecea-4210-9a53-98bb8081efe7] UI_ACK subject=enableLink target=org.dt4n.core:link-h1-s1 http=202 ok=true rejected=false timedOut=false
[2026-09-15 08:24:59.469] [MEASURE] [INFO] [cid=49966cf1-ecea-4210-9a53-98bb8081efe7] WAIT_STATE subject=enableLink target=org.dt4n.core:link-h1-s1 expect=up stateNow=down timeoutMs=20000
[2026-09-15 08:24:59.474] [AGENT] [INFO] [cid=49966cf1-ecea-4210-9a53-98bb8081efe7] RESPONSE_OK subject=enableLink target=org.dt4n.core:controller http_status=202
[2026-09-15 08:25:00.151] [SYNC] [INFO] [cid=-] STATE_DETECTED subject=- target=org.dt4n.core:host-h1 detail=up cycle=57
[2026-09-15 08:25:00.159] [SYNC] [INFO] [cid=-] STATE_PUSHED subject=- target=org.dt4n.core:host-h1 detail=up cycle=57
[2026-09-15 08:25:00.172] [SYNC] [INFO] [cid=-] STATE_DETECTED subject=- target=org.dt4n.core:link-h1-s1 detail=up cycle=57
[2026-09-15 08:25:00.178] [SYNC] [INFO] [cid=-] STATE_PUSHED subject=- target=org.dt4n.core:link-h1-s1 detail=up cycle=57
[2026-09-15 08:25:00.301] [MEASURE] [INFO] [cid=49966cf1-ecea-4210-9a53-98bb8081efe7] STATE_OK subject=enableLink target=org.dt4n.core:link-h1-s1 expect=up state=up
[2026-09-15 08:25:01.517] [MEASURE] [INFO] [cid=9eb52f0b-95a9-4d97-b322-f5ffcb7fe895] CLICK subject=disableLink target=org.dt4n.core:link-h1-s1 params={} stateBefore=up
[2026-09-15 08:25:01.517] [MEASURE] [INFO] [cid=9eb52f0b-95a9-4d97-b322-f5ffcb7fe895] SEND subject=disableLink target=org.dt4n.core:link-h1-s1 detail=POST http://localhost:8080/api/2/things/org.dt4n.core:controller/inbox/messages/disableLink?timeout=0 timeout=0s
[2026-09-15 08:25:01.524] [AGENT] [INFO] [cid=9eb52f0b-95a9-4d97-b322-f5ffcb7fe895] SSE_EVENT subject=disableLink target=org.dt4n.core:link-h1-s1 bytes=98 correlationSource=payload:clientCorrelationId eventName=disableLink sseFields=["event"]
[2026-09-15 08:25:01.524] [AGENT] [INFO] [cid=9eb52f0b-95a9-4d97-b322-f5ffcb7fe895] RECEIVE subject=disableLink target=org.dt4n.core:link-h1-s1 params={}
[2026-09-15 08:25:01.524] [AGENT] [INFO] [cid=9eb52f0b-95a9-4d97-b322-f5ffcb7fe895] EXECUTE_START subject=disableLink target=org.dt4n.core:link-h1-s1
[2026-09-15 08:25:01.524] [AGENT] [INFO] [cid=9eb52f0b-95a9-4d97-b322-f5ffcb7fe895] LOCK_WAIT subject=disableLink target=org.dt4n.core:link-h1-s1 waitMs=0
[2026-09-15 08:25:01.527] [CTRL] [INFO] [cid=-] REROUTE subject=- target=link-h1-s1 detail=down edge=s1-h1
[2026-09-15 08:25:01.529] [AGENT] [INFO] [cid=9eb52f0b-95a9-4d97-b322-f5ffcb7fe895] EXECUTE_DONE subject=disableLink target=org.dt4n.core:link-h1-s1 detail=link h1-s1 -> down code=200
[2026-09-15 08:25:01.529] [AGENT] [INFO] [cid=9eb52f0b-95a9-4d97-b322-f5ffcb7fe895] RESPONSE_SEND subject=disableLink target=org.dt4n.core:controller code=200 correlationSource=payload:clientCorrelationId ok=true
[2026-09-15 08:25:01.544] [MEASURE] [INFO] [cid=9eb52f0b-95a9-4d97-b322-f5ffcb7fe895] DITTO_RESPONSE subject=disableLink target=org.dt4n.core:link-h1-s1 durationMs=27 http=202 rejected=false timedOut=false
[2026-09-15 08:25:01.544] [MEASURE] [INFO] [cid=9eb52f0b-95a9-4d97-b322-f5ffcb7fe895] UI_ACK subject=disableLink target=org.dt4n.core:link-h1-s1 http=202 ok=true rejected=false timedOut=false
[2026-09-15 08:25:01.550] [MEASURE] [INFO] [cid=9eb52f0b-95a9-4d97-b322-f5ffcb7fe895] WAIT_STATE subject=disableLink target=org.dt4n.core:link-h1-s1 expect=down stateNow=up timeoutMs=20000
[2026-09-15 08:25:01.554] [AGENT] [INFO] [cid=9eb52f0b-95a9-4d97-b322-f5ffcb7fe895] RESPONSE_OK subject=disableLink target=org.dt4n.core:controller http_status=202
[2026-09-15 08:25:02.150] [SYNC] [INFO] [cid=-] STATE_DETECTED subject=- target=org.dt4n.core:host-h1 detail=down cycle=59
[2026-09-15 08:25:02.164] [SYNC] [INFO] [cid=-] STATE_PUSHED subject=- target=org.dt4n.core:host-h1 detail=down cycle=59
[2026-09-15 08:25:02.176] [SYNC] [INFO] [cid=-] STATE_DETECTED subject=- target=org.dt4n.core:link-h1-s1 detail=down cycle=59
[2026-09-15 08:25:02.182] [SYNC] [INFO] [cid=-] STATE_PUSHED subject=- target=org.dt4n.core:link-h1-s1 detail=down cycle=59
[2026-09-15 08:25:02.380] [MEASURE] [INFO] [cid=9eb52f0b-95a9-4d97-b322-f5ffcb7fe895] STATE_OK subject=disableLink target=org.dt4n.core:link-h1-s1 expect=down state=down
[2026-09-15 08:25:03.151] [SYNC] [INFO] [cid=-] STATE_DETECTED subject=- target=org.dt4n.core:host-h1 detail=down cycle=60
[2026-09-15 08:25:03.159] [SYNC] [INFO] [cid=-] STATE_PUSHED subject=- target=org.dt4n.core:host-h1 detail=down cycle=60
[2026-09-15 08:25:03.159] [SYNC] [INFO] [cid=-] STATE_DETECTED subject=- target=org.dt4n.core:host-h2 detail=up cycle=60
[2026-09-15 08:25:03.166] [SYNC] [INFO] [cid=-] STATE_PUSHED subject=- target=org.dt4n.core:host-h2 detail=up cycle=60
[2026-09-15 08:25:03.166] [SYNC] [INFO] [cid=-] STATE_DETECTED subject=- target=org.dt4n.core:host-h3 detail=up cycle=60
[2026-09-15 08:25:03.172] [SYNC] [INFO] [cid=-] STATE_PUSHED subject=- target=org.dt4n.core:host-h3 detail=up cycle=60
[2026-09-15 08:25:03.172] [SYNC] [INFO] [cid=-] STATE_DETECTED subject=- target=org.dt4n.core:host-srv1 detail=up cycle=60
[2026-09-15 08:25:03.179] [SYNC] [INFO] [cid=-] STATE_PUSHED subject=- target=org.dt4n.core:host-srv1 detail=up cycle=60
[2026-09-15 08:25:03.179] [SYNC] [INFO] [cid=-] STATE_DETECTED subject=- target=org.dt4n.core:host-srv2 detail=up cycle=60
[2026-09-15 08:25:03.186] [SYNC] [INFO] [cid=-] STATE_PUSHED subject=- target=org.dt4n.core:host-srv2 detail=up cycle=60
[2026-09-15 08:25:03.186] [SYNC] [INFO] [cid=-] STATE_DETECTED subject=- target=org.dt4n.core:switch-s1 detail=up cycle=60
[2026-09-15 08:25:03.192] [SYNC] [INFO] [cid=-] STATE_PUSHED subject=- target=org.dt4n.core:switch-s1 detail=up cycle=60
[2026-09-15 08:25:03.192] [SYNC] [INFO] [cid=-] STATE_DETECTED subject=- target=org.dt4n.core:switch-s2 detail=up cycle=60
[2026-09-15 08:25:03.199] [SYNC] [INFO] [cid=-] STATE_PUSHED subject=- target=org.dt4n.core:switch-s2 detail=up cycle=60
[2026-09-15 08:25:03.199] [SYNC] [INFO] [cid=-] STATE_DETECTED subject=- target=org.dt4n.core:switch-s3 detail=up cycle=60
[2026-09-15 08:25:03.205] [SYNC] [INFO] [cid=-] STATE_PUSHED subject=- target=org.dt4n.core:switch-s3 detail=up cycle=60
[2026-09-15 08:25:03.205] [SYNC] [INFO] [cid=-] STATE_DETECTED subject=- target=org.dt4n.core:link-h1-s1 detail=down cycle=60
[2026-09-15 08:25:03.212] [SYNC] [INFO] [cid=-] STATE_PUSHED subject=- target=org.dt4n.core:link-h1-s1 detail=down cycle=60
[2026-09-15 08:25:03.212] [SYNC] [INFO] [cid=-] STATE_DETECTED subject=- target=org.dt4n.core:link-h2-s1 detail=up cycle=60
[2026-09-15 08:25:03.219] [SYNC] [INFO] [cid=-] STATE_PUSHED subject=- target=org.dt4n.core:link-h2-s1 detail=up cycle=60
[2026-09-15 08:25:03.219] [SYNC] [INFO] [cid=-] STATE_DETECTED subject=- target=org.dt4n.core:link-h3-s1 detail=up cycle=60
[2026-09-15 08:25:03.225] [SYNC] [INFO] [cid=-] STATE_PUSHED subject=- target=org.dt4n.core:link-h3-s1 detail=up cycle=60
[2026-09-15 08:25:03.225] [SYNC] [INFO] [cid=-] STATE_DETECTED subject=- target=org.dt4n.core:link-s1-s2 detail=up cycle=60
[2026-09-15 08:25:03.231] [SYNC] [INFO] [cid=-] STATE_PUSHED subject=- target=org.dt4n.core:link-s1-s2 detail=up cycle=60
[2026-09-15 08:25:03.232] [SYNC] [INFO] [cid=-] STATE_DETECTED subject=- target=org.dt4n.core:link-s1-s3 detail=up cycle=60
[2026-09-15 08:25:03.238] [SYNC] [INFO] [cid=-] STATE_PUSHED subject=- target=org.dt4n.core:link-s1-s3 detail=up cycle=60
[2026-09-15 08:25:03.238] [SYNC] [INFO] [cid=-] STATE_DETECTED subject=- target=org.dt4n.core:link-s2-s3 detail=up cycle=60
[2026-09-15 08:25:03.244] [SYNC] [INFO] [cid=-] STATE_PUSHED subject=- target=org.dt4n.core:link-s2-s3 detail=up cycle=60
[2026-09-15 08:25:03.244] [SYNC] [INFO] [cid=-] STATE_DETECTED subject=- target=org.dt4n.core:link-s2-srv1 detail=up cycle=60
[2026-09-15 08:25:03.250] [SYNC] [INFO] [cid=-] STATE_PUSHED subject=- target=org.dt4n.core:link-s2-srv1 detail=up cycle=60
[2026-09-15 08:25:03.250] [SYNC] [INFO] [cid=-] STATE_DETECTED subject=- target=org.dt4n.core:link-s3-srv2 detail=up cycle=60
[2026-09-15 08:25:03.257] [SYNC] [INFO] [cid=-] STATE_PUSHED subject=- target=org.dt4n.core:link-s3-srv2 detail=up cycle=60
[2026-09-15 08:25:03.596] [MEASURE] [INFO] [cid=6f7dfcc6-5322-4eac-90aa-4ee24a8d9e35] CLICK subject=enableLink target=org.dt4n.core:link-h1-s1 params={} stateBefore=down
[2026-09-15 08:25:03.596] [MEASURE] [INFO] [cid=6f7dfcc6-5322-4eac-90aa-4ee24a8d9e35] SEND subject=enableLink target=org.dt4n.core:link-h1-s1 detail=POST http://localhost:8080/api/2/things/org.dt4n.core:controller/inbox/messages/enableLink?timeout=0 timeout=0s
[2026-09-15 08:25:03.603] [AGENT] [INFO] [cid=6f7dfcc6-5322-4eac-90aa-4ee24a8d9e35] SSE_EVENT subject=enableLink target=org.dt4n.core:link-h1-s1 bytes=98 correlationSource=payload:clientCorrelationId eventName=enableLink sseFields=["event"]
[2026-09-15 08:25:03.603] [AGENT] [INFO] [cid=6f7dfcc6-5322-4eac-90aa-4ee24a8d9e35] RECEIVE subject=enableLink target=org.dt4n.core:link-h1-s1 params={}
[2026-09-15 08:25:03.603] [AGENT] [INFO] [cid=6f7dfcc6-5322-4eac-90aa-4ee24a8d9e35] EXECUTE_START subject=enableLink target=org.dt4n.core:link-h1-s1
[2026-09-15 08:25:03.604] [AGENT] [INFO] [cid=6f7dfcc6-5322-4eac-90aa-4ee24a8d9e35] LOCK_WAIT subject=enableLink target=org.dt4n.core:link-h1-s1 waitMs=0
[2026-09-15 08:25:03.607] [AGENT] [INFO] [cid=6f7dfcc6-5322-4eac-90aa-4ee24a8d9e35] EXECUTE_DONE subject=enableLink target=org.dt4n.core:link-h1-s1 detail=link h1-s1 -> up code=200
[2026-09-15 08:25:03.607] [AGENT] [INFO] [cid=6f7dfcc6-5322-4eac-90aa-4ee24a8d9e35] RESPONSE_SEND subject=enableLink target=org.dt4n.core:controller code=200 correlationSource=payload:clientCorrelationId ok=true
[2026-09-15 08:25:03.610] [CTRL] [INFO] [cid=-] REROUTE subject=- target=link-h1-s1 detail=up edge=s1-h1
[2026-09-15 08:25:03.610] [CTRL] [INFO] [cid=-] FLOW_INSTALL subject=- target=s1 detail=1 ipv4 flows changed
[2026-09-15 08:25:03.611] [CTRL] [INFO] [cid=-] FLOW_INSTALL subject=- target=s3 detail=1 ipv4 flows changed
[2026-09-15 08:25:03.611] [CTRL] [INFO] [cid=-] FLOW_INSTALL subject=- target=s2 detail=1 ipv4 flows changed
[2026-09-15 08:25:03.624] [MEASURE] [INFO] [cid=6f7dfcc6-5322-4eac-90aa-4ee24a8d9e35] DITTO_RESPONSE subject=enableLink target=org.dt4n.core:link-h1-s1 durationMs=28 http=202 rejected=false timedOut=false
[2026-09-15 08:25:03.624] [MEASURE] [INFO] [cid=6f7dfcc6-5322-4eac-90aa-4ee24a8d9e35] UI_ACK subject=enableLink target=org.dt4n.core:link-h1-s1 http=202 ok=true rejected=false timedOut=false
[2026-09-15 08:25:03.629] [MEASURE] [INFO] [cid=6f7dfcc6-5322-4eac-90aa-4ee24a8d9e35] WAIT_STATE subject=enableLink target=org.dt4n.core:link-h1-s1 expect=up stateNow=down timeoutMs=20000
[2026-09-15 08:25:03.634] [AGENT] [INFO] [cid=6f7dfcc6-5322-4eac-90aa-4ee24a8d9e35] RESPONSE_OK subject=enableLink target=org.dt4n.core:controller http_status=202
[2026-09-15 08:25:04.151] [SYNC] [INFO] [cid=-] STATE_DETECTED subject=- target=org.dt4n.core:host-h1 detail=up cycle=61
[2026-09-15 08:25:04.158] [SYNC] [INFO] [cid=-] STATE_PUSHED subject=- target=org.dt4n.core:host-h1 detail=up cycle=61
[2026-09-15 08:25:04.170] [SYNC] [INFO] [cid=-] STATE_DETECTED subject=- target=org.dt4n.core:link-h1-s1 detail=up cycle=61
[2026-09-15 08:25:04.176] [SYNC] [INFO] [cid=-] STATE_PUSHED subject=- target=org.dt4n.core:link-h1-s1 detail=up cycle=61
[2026-09-15 08:25:04.254] [MEASURE] [INFO] [cid=6f7dfcc6-5322-4eac-90aa-4ee24a8d9e35] STATE_OK subject=enableLink target=org.dt4n.core:link-h1-s1 expect=up state=up
[2026-09-15 08:25:05.471] [MEASURE] [INFO] [cid=c38893ba-05a1-4ffd-b331-223f107eb286] CLICK subject=disableLink target=org.dt4n.core:link-h1-s1 params={} stateBefore=up
[2026-09-15 08:25:05.471] [MEASURE] [INFO] [cid=c38893ba-05a1-4ffd-b331-223f107eb286] SEND subject=disableLink target=org.dt4n.core:link-h1-s1 detail=POST http://localhost:8080/api/2/things/org.dt4n.core:controller/inbox/messages/disableLink?timeout=0 timeout=0s
[2026-09-15 08:25:05.478] [AGENT] [INFO] [cid=c38893ba-05a1-4ffd-b331-223f107eb286] SSE_EVENT subject=disableLink target=org.dt4n.core:link-h1-s1 bytes=98 correlationSource=payload:clientCorrelationId eventName=disableLink sseFields=["event"]
[2026-09-15 08:25:05.478] [AGENT] [INFO] [cid=c38893ba-05a1-4ffd-b331-223f107eb286] RECEIVE subject=disableLink target=org.dt4n.core:link-h1-s1 params={}
[2026-09-15 08:25:05.478] [AGENT] [INFO] [cid=c38893ba-05a1-4ffd-b331-223f107eb286] EXECUTE_START subject=disableLink target=org.dt4n.core:link-h1-s1
[2026-09-15 08:25:05.478] [AGENT] [INFO] [cid=c38893ba-05a1-4ffd-b331-223f107eb286] LOCK_WAIT subject=disableLink target=org.dt4n.core:link-h1-s1 waitMs=0
[2026-09-15 08:25:05.481] [AGENT] [INFO] [cid=c38893ba-05a1-4ffd-b331-223f107eb286] EXECUTE_DONE subject=disableLink target=org.dt4n.core:link-h1-s1 detail=link h1-s1 -> down code=200
[2026-09-15 08:25:05.481] [AGENT] [INFO] [cid=c38893ba-05a1-4ffd-b331-223f107eb286] RESPONSE_SEND subject=disableLink target=org.dt4n.core:controller code=200 correlationSource=payload:clientCorrelationId ok=true
[2026-09-15 08:25:05.481] [CTRL] [INFO] [cid=-] REROUTE subject=- target=link-h1-s1 detail=down edge=s1-h1
[2026-09-15 08:25:05.504] [MEASURE] [INFO] [cid=c38893ba-05a1-4ffd-b331-223f107eb286] DITTO_RESPONSE subject=disableLink target=org.dt4n.core:link-h1-s1 durationMs=33 http=202 rejected=false timedOut=false
[2026-09-15 08:25:05.504] [MEASURE] [INFO] [cid=c38893ba-05a1-4ffd-b331-223f107eb286] UI_ACK subject=disableLink target=org.dt4n.core:link-h1-s1 http=202 ok=true rejected=false timedOut=false
[2026-09-15 08:25:05.510] [MEASURE] [INFO] [cid=c38893ba-05a1-4ffd-b331-223f107eb286] WAIT_STATE subject=disableLink target=org.dt4n.core:link-h1-s1 expect=down stateNow=up timeoutMs=20000
[2026-09-15 08:25:05.514] [AGENT] [INFO] [cid=c38893ba-05a1-4ffd-b331-223f107eb286] RESPONSE_OK subject=disableLink target=org.dt4n.core:controller http_status=202
[2026-09-15 08:25:06.153] [SYNC] [INFO] [cid=-] STATE_DETECTED subject=- target=org.dt4n.core:host-h1 detail=down cycle=63
[2026-09-15 08:25:06.161] [SYNC] [INFO] [cid=-] STATE_PUSHED subject=- target=org.dt4n.core:host-h1 detail=down cycle=63
[2026-09-15 08:25:06.180] [SYNC] [INFO] [cid=-] STATE_DETECTED subject=- target=org.dt4n.core:link-h1-s1 detail=down cycle=63
[2026-09-15 08:25:06.186] [SYNC] [INFO] [cid=-] STATE_PUSHED subject=- target=org.dt4n.core:link-h1-s1 detail=down cycle=63
[2026-09-15 08:25:06.341] [MEASURE] [INFO] [cid=c38893ba-05a1-4ffd-b331-223f107eb286] STATE_OK subject=disableLink target=org.dt4n.core:link-h1-s1 expect=down state=down
[2026-09-15 08:25:07.558] [MEASURE] [INFO] [cid=423902be-9643-44cd-9599-1e80a57ec6f3] CLICK subject=enableLink target=org.dt4n.core:link-h1-s1 params={} stateBefore=down
[2026-09-15 08:25:07.558] [MEASURE] [INFO] [cid=423902be-9643-44cd-9599-1e80a57ec6f3] SEND subject=enableLink target=org.dt4n.core:link-h1-s1 detail=POST http://localhost:8080/api/2/things/org.dt4n.core:controller/inbox/messages/enableLink?timeout=0 timeout=0s
[2026-09-15 08:25:07.565] [AGENT] [INFO] [cid=423902be-9643-44cd-9599-1e80a57ec6f3] SSE_EVENT subject=enableLink target=org.dt4n.core:link-h1-s1 bytes=98 correlationSource=payload:clientCorrelationId eventName=enableLink sseFields=["event"]
[2026-09-15 08:25:07.566] [AGENT] [INFO] [cid=423902be-9643-44cd-9599-1e80a57ec6f3] RECEIVE subject=enableLink target=org.dt4n.core:link-h1-s1 params={}
[2026-09-15 08:25:07.566] [AGENT] [INFO] [cid=423902be-9643-44cd-9599-1e80a57ec6f3] EXECUTE_START subject=enableLink target=org.dt4n.core:link-h1-s1
[2026-09-15 08:25:07.566] [AGENT] [INFO] [cid=423902be-9643-44cd-9599-1e80a57ec6f3] LOCK_WAIT subject=enableLink target=org.dt4n.core:link-h1-s1 waitMs=0
[2026-09-15 08:25:07.569] [AGENT] [INFO] [cid=423902be-9643-44cd-9599-1e80a57ec6f3] EXECUTE_DONE subject=enableLink target=org.dt4n.core:link-h1-s1 detail=link h1-s1 -> up code=200
[2026-09-15 08:25:07.569] [AGENT] [INFO] [cid=423902be-9643-44cd-9599-1e80a57ec6f3] RESPONSE_SEND subject=enableLink target=org.dt4n.core:controller code=200 correlationSource=payload:clientCorrelationId ok=true
[2026-09-15 08:25:07.572] [CTRL] [INFO] [cid=-] REROUTE subject=- target=link-h1-s1 detail=up edge=s1-h1
[2026-09-15 08:25:07.572] [CTRL] [INFO] [cid=-] FLOW_INSTALL subject=- target=s1 detail=1 ipv4 flows changed
[2026-09-15 08:25:07.573] [CTRL] [INFO] [cid=-] FLOW_INSTALL subject=- target=s3 detail=1 ipv4 flows changed
[2026-09-15 08:25:07.573] [CTRL] [INFO] [cid=-] FLOW_INSTALL subject=- target=s2 detail=1 ipv4 flows changed
[2026-09-15 08:25:07.584] [MEASURE] [INFO] [cid=423902be-9643-44cd-9599-1e80a57ec6f3] DITTO_RESPONSE subject=enableLink target=org.dt4n.core:link-h1-s1 durationMs=26 http=202 rejected=false timedOut=false
[2026-09-15 08:25:07.584] [MEASURE] [INFO] [cid=423902be-9643-44cd-9599-1e80a57ec6f3] UI_ACK subject=enableLink target=org.dt4n.core:link-h1-s1 http=202 ok=true rejected=false timedOut=false
[2026-09-15 08:25:07.589] [MEASURE] [INFO] [cid=423902be-9643-44cd-9599-1e80a57ec6f3] WAIT_STATE subject=enableLink target=org.dt4n.core:link-h1-s1 expect=up stateNow=down timeoutMs=20000
[2026-09-15 08:25:07.594] [AGENT] [INFO] [cid=423902be-9643-44cd-9599-1e80a57ec6f3] RESPONSE_OK subject=enableLink target=org.dt4n.core:controller http_status=202
[2026-09-15 08:25:08.152] [SYNC] [INFO] [cid=-] STATE_DETECTED subject=- target=org.dt4n.core:host-h1 detail=up cycle=65
[2026-09-15 08:25:08.160] [SYNC] [INFO] [cid=-] STATE_PUSHED subject=- target=org.dt4n.core:host-h1 detail=up cycle=65
[2026-09-15 08:25:08.172] [SYNC] [INFO] [cid=-] STATE_DETECTED subject=- target=org.dt4n.core:link-h1-s1 detail=up cycle=65
[2026-09-15 08:25:08.179] [SYNC] [INFO] [cid=-] STATE_PUSHED subject=- target=org.dt4n.core:link-h1-s1 detail=up cycle=65
[2026-09-15 08:25:08.214] [MEASURE] [INFO] [cid=423902be-9643-44cd-9599-1e80a57ec6f3] STATE_OK subject=enableLink target=org.dt4n.core:link-h1-s1 expect=up state=up
[2026-09-15 08:25:09.432] [MEASURE] [INFO] [cid=d67b0311-16be-4679-b3b6-ced7ad5e66ce] CLICK subject=disableLink target=org.dt4n.core:link-h1-s1 params={} stateBefore=up
[2026-09-15 08:25:09.432] [MEASURE] [INFO] [cid=d67b0311-16be-4679-b3b6-ced7ad5e66ce] SEND subject=disableLink target=org.dt4n.core:link-h1-s1 detail=POST http://localhost:8080/api/2/things/org.dt4n.core:controller/inbox/messages/disableLink?timeout=0 timeout=0s
[2026-09-15 08:25:09.438] [AGENT] [INFO] [cid=d67b0311-16be-4679-b3b6-ced7ad5e66ce] SSE_EVENT subject=disableLink target=org.dt4n.core:link-h1-s1 bytes=98 correlationSource=payload:clientCorrelationId eventName=disableLink sseFields=["event"]
[2026-09-15 08:25:09.439] [AGENT] [INFO] [cid=d67b0311-16be-4679-b3b6-ced7ad5e66ce] RECEIVE subject=disableLink target=org.dt4n.core:link-h1-s1 params={}
[2026-09-15 08:25:09.439] [AGENT] [INFO] [cid=d67b0311-16be-4679-b3b6-ced7ad5e66ce] EXECUTE_START subject=disableLink target=org.dt4n.core:link-h1-s1
[2026-09-15 08:25:09.439] [AGENT] [INFO] [cid=d67b0311-16be-4679-b3b6-ced7ad5e66ce] LOCK_WAIT subject=disableLink target=org.dt4n.core:link-h1-s1 waitMs=0
[2026-09-15 08:25:09.442] [AGENT] [INFO] [cid=d67b0311-16be-4679-b3b6-ced7ad5e66ce] EXECUTE_DONE subject=disableLink target=org.dt4n.core:link-h1-s1 detail=link h1-s1 -> down code=200
[2026-09-15 08:25:09.442] [AGENT] [INFO] [cid=d67b0311-16be-4679-b3b6-ced7ad5e66ce] RESPONSE_SEND subject=disableLink target=org.dt4n.core:controller code=200 correlationSource=payload:clientCorrelationId ok=true
[2026-09-15 08:25:09.442] [CTRL] [INFO] [cid=-] REROUTE subject=- target=link-h1-s1 detail=down edge=s1-h1
[2026-09-15 08:25:09.463] [AGENT] [INFO] [cid=d67b0311-16be-4679-b3b6-ced7ad5e66ce] RESPONSE_OK subject=disableLink target=org.dt4n.core:controller http_status=202
[2026-09-15 08:25:09.464] [MEASURE] [INFO] [cid=d67b0311-16be-4679-b3b6-ced7ad5e66ce] DITTO_RESPONSE subject=disableLink target=org.dt4n.core:link-h1-s1 durationMs=32 http=202 rejected=false timedOut=false
[2026-09-15 08:25:09.464] [MEASURE] [INFO] [cid=d67b0311-16be-4679-b3b6-ced7ad5e66ce] UI_ACK subject=disableLink target=org.dt4n.core:link-h1-s1 http=202 ok=true rejected=false timedOut=false
[2026-09-15 08:25:09.470] [MEASURE] [INFO] [cid=d67b0311-16be-4679-b3b6-ced7ad5e66ce] WAIT_STATE subject=disableLink target=org.dt4n.core:link-h1-s1 expect=down stateNow=up timeoutMs=20000
[2026-09-15 08:25:10.152] [SYNC] [INFO] [cid=-] STATE_DETECTED subject=- target=org.dt4n.core:host-h1 detail=down cycle=67
[2026-09-15 08:25:10.160] [SYNC] [INFO] [cid=-] STATE_PUSHED subject=- target=org.dt4n.core:host-h1 detail=down cycle=67
[2026-09-15 08:25:10.172] [SYNC] [INFO] [cid=-] STATE_DETECTED subject=- target=org.dt4n.core:link-h1-s1 detail=down cycle=67
[2026-09-15 08:25:10.178] [SYNC] [INFO] [cid=-] STATE_PUSHED subject=- target=org.dt4n.core:link-h1-s1 detail=down cycle=67
[2026-09-15 08:25:10.301] [MEASURE] [INFO] [cid=d67b0311-16be-4679-b3b6-ced7ad5e66ce] STATE_OK subject=disableLink target=org.dt4n.core:link-h1-s1 expect=down state=down
[2026-09-15 08:25:11.518] [MEASURE] [INFO] [cid=7f5ca001-02c4-4379-a56e-4bfa809f54f4] CLICK subject=enableLink target=org.dt4n.core:link-h1-s1 params={} stateBefore=down
[2026-09-15 08:25:11.519] [MEASURE] [INFO] [cid=7f5ca001-02c4-4379-a56e-4bfa809f54f4] SEND subject=enableLink target=org.dt4n.core:link-h1-s1 detail=POST http://localhost:8080/api/2/things/org.dt4n.core:controller/inbox/messages/enableLink?timeout=0 timeout=0s
[2026-09-15 08:25:11.526] [AGENT] [INFO] [cid=7f5ca001-02c4-4379-a56e-4bfa809f54f4] SSE_EVENT subject=enableLink target=org.dt4n.core:link-h1-s1 bytes=98 correlationSource=payload:clientCorrelationId eventName=enableLink sseFields=["event"]
[2026-09-15 08:25:11.526] [AGENT] [INFO] [cid=7f5ca001-02c4-4379-a56e-4bfa809f54f4] RECEIVE subject=enableLink target=org.dt4n.core:link-h1-s1 params={}
[2026-09-15 08:25:11.526] [AGENT] [INFO] [cid=7f5ca001-02c4-4379-a56e-4bfa809f54f4] EXECUTE_START subject=enableLink target=org.dt4n.core:link-h1-s1
[2026-09-15 08:25:11.526] [AGENT] [INFO] [cid=7f5ca001-02c4-4379-a56e-4bfa809f54f4] LOCK_WAIT subject=enableLink target=org.dt4n.core:link-h1-s1 waitMs=0
[2026-09-15 08:25:11.529] [AGENT] [INFO] [cid=7f5ca001-02c4-4379-a56e-4bfa809f54f4] EXECUTE_DONE subject=enableLink target=org.dt4n.core:link-h1-s1 detail=link h1-s1 -> up code=200
[2026-09-15 08:25:11.529] [AGENT] [INFO] [cid=7f5ca001-02c4-4379-a56e-4bfa809f54f4] RESPONSE_SEND subject=enableLink target=org.dt4n.core:controller code=200 correlationSource=payload:clientCorrelationId ok=true
[2026-09-15 08:25:11.533] [CTRL] [INFO] [cid=-] REROUTE subject=- target=link-h1-s1 detail=up edge=s1-h1
[2026-09-15 08:25:11.533] [CTRL] [INFO] [cid=-] FLOW_INSTALL subject=- target=s1 detail=1 ipv4 flows changed
[2026-09-15 08:25:11.534] [CTRL] [INFO] [cid=-] FLOW_INSTALL subject=- target=s3 detail=1 ipv4 flows changed
[2026-09-15 08:25:11.534] [CTRL] [INFO] [cid=-] FLOW_INSTALL subject=- target=s2 detail=1 ipv4 flows changed
[2026-09-15 08:25:11.544] [MEASURE] [INFO] [cid=7f5ca001-02c4-4379-a56e-4bfa809f54f4] DITTO_RESPONSE subject=enableLink target=org.dt4n.core:link-h1-s1 durationMs=25 http=202 rejected=false timedOut=false
[2026-09-15 08:25:11.544] [MEASURE] [INFO] [cid=7f5ca001-02c4-4379-a56e-4bfa809f54f4] UI_ACK subject=enableLink target=org.dt4n.core:link-h1-s1 http=202 ok=true rejected=false timedOut=false
[2026-09-15 08:25:11.550] [MEASURE] [INFO] [cid=7f5ca001-02c4-4379-a56e-4bfa809f54f4] WAIT_STATE subject=enableLink target=org.dt4n.core:link-h1-s1 expect=up stateNow=down timeoutMs=20000
[2026-09-15 08:25:11.554] [AGENT] [INFO] [cid=7f5ca001-02c4-4379-a56e-4bfa809f54f4] RESPONSE_OK subject=enableLink target=org.dt4n.core:controller http_status=202
[2026-09-15 08:25:12.153] [SYNC] [INFO] [cid=-] STATE_DETECTED subject=- target=org.dt4n.core:host-h1 detail=up cycle=69
[2026-09-15 08:25:12.161] [SYNC] [INFO] [cid=-] STATE_PUSHED subject=- target=org.dt4n.core:host-h1 detail=up cycle=69
[2026-09-15 08:25:12.173] [SYNC] [INFO] [cid=-] STATE_DETECTED subject=- target=org.dt4n.core:link-h1-s1 detail=up cycle=69
[2026-09-15 08:25:12.179] [SYNC] [INFO] [cid=-] STATE_PUSHED subject=- target=org.dt4n.core:link-h1-s1 detail=up cycle=69
[2026-09-15 08:25:12.380] [MEASURE] [INFO] [cid=7f5ca001-02c4-4379-a56e-4bfa809f54f4] STATE_OK subject=enableLink target=org.dt4n.core:link-h1-s1 expect=up state=up
[2026-09-15 08:25:13.599] [MEASURE] [INFO] [cid=8de44fed-3f85-4290-8165-2e9e02fbc5f0] CLICK subject=disableLink target=org.dt4n.core:link-h1-s1 params={} stateBefore=up
[2026-09-15 08:25:13.599] [MEASURE] [INFO] [cid=8de44fed-3f85-4290-8165-2e9e02fbc5f0] SEND subject=disableLink target=org.dt4n.core:link-h1-s1 detail=POST http://localhost:8080/api/2/things/org.dt4n.core:controller/inbox/messages/disableLink?timeout=0 timeout=0s
[2026-09-15 08:25:13.606] [AGENT] [INFO] [cid=8de44fed-3f85-4290-8165-2e9e02fbc5f0] SSE_EVENT subject=disableLink target=org.dt4n.core:link-h1-s1 bytes=98 correlationSource=payload:clientCorrelationId eventName=disableLink sseFields=["event"]
[2026-09-15 08:25:13.607] [AGENT] [INFO] [cid=8de44fed-3f85-4290-8165-2e9e02fbc5f0] RECEIVE subject=disableLink target=org.dt4n.core:link-h1-s1 params={}
[2026-09-15 08:25:13.607] [AGENT] [INFO] [cid=8de44fed-3f85-4290-8165-2e9e02fbc5f0] EXECUTE_START subject=disableLink target=org.dt4n.core:link-h1-s1
[2026-09-15 08:25:13.607] [AGENT] [INFO] [cid=8de44fed-3f85-4290-8165-2e9e02fbc5f0] LOCK_WAIT subject=disableLink target=org.dt4n.core:link-h1-s1 waitMs=0
[2026-09-15 08:25:13.611] [CTRL] [INFO] [cid=-] REROUTE subject=- target=link-h1-s1 detail=down edge=s1-h1
[2026-09-15 08:25:13.612] [AGENT] [INFO] [cid=8de44fed-3f85-4290-8165-2e9e02fbc5f0] EXECUTE_DONE subject=disableLink target=org.dt4n.core:link-h1-s1 detail=link h1-s1 -> down code=200
[2026-09-15 08:25:13.612] [AGENT] [INFO] [cid=8de44fed-3f85-4290-8165-2e9e02fbc5f0] RESPONSE_SEND subject=disableLink target=org.dt4n.core:controller code=200 correlationSource=payload:clientCorrelationId ok=true
[2026-09-15 08:25:13.624] [MEASURE] [INFO] [cid=8de44fed-3f85-4290-8165-2e9e02fbc5f0] DITTO_RESPONSE subject=disableLink target=org.dt4n.core:link-h1-s1 durationMs=25 http=202 rejected=false timedOut=false
[2026-09-15 08:25:13.624] [MEASURE] [INFO] [cid=8de44fed-3f85-4290-8165-2e9e02fbc5f0] UI_ACK subject=disableLink target=org.dt4n.core:link-h1-s1 http=202 ok=true rejected=false timedOut=false
[2026-09-15 08:25:13.630] [MEASURE] [INFO] [cid=8de44fed-3f85-4290-8165-2e9e02fbc5f0] WAIT_STATE subject=disableLink target=org.dt4n.core:link-h1-s1 expect=down stateNow=up timeoutMs=20000
[2026-09-15 08:25:13.643] [AGENT] [INFO] [cid=8de44fed-3f85-4290-8165-2e9e02fbc5f0] RESPONSE_OK subject=disableLink target=org.dt4n.core:controller http_status=202
[2026-09-15 08:25:14.153] [SYNC] [INFO] [cid=-] STATE_DETECTED subject=- target=org.dt4n.core:host-h1 detail=down cycle=71
[2026-09-15 08:25:14.161] [SYNC] [INFO] [cid=-] STATE_PUSHED subject=- target=org.dt4n.core:host-h1 detail=down cycle=71
[2026-09-15 08:25:14.175] [SYNC] [INFO] [cid=-] STATE_DETECTED subject=- target=org.dt4n.core:link-h1-s1 detail=down cycle=71
[2026-09-15 08:25:14.181] [SYNC] [INFO] [cid=-] STATE_PUSHED subject=- target=org.dt4n.core:link-h1-s1 detail=down cycle=71
[2026-09-15 08:25:14.255] [MEASURE] [INFO] [cid=8de44fed-3f85-4290-8165-2e9e02fbc5f0] STATE_OK subject=disableLink target=org.dt4n.core:link-h1-s1 expect=down state=down
[2026-09-15 08:25:15.473] [MEASURE] [INFO] [cid=7fd85c45-c8f4-42e4-ba7c-25de9a432e50] CLICK subject=enableLink target=org.dt4n.core:link-h1-s1 params={} stateBefore=down
[2026-09-15 08:25:15.473] [MEASURE] [INFO] [cid=7fd85c45-c8f4-42e4-ba7c-25de9a432e50] SEND subject=enableLink target=org.dt4n.core:link-h1-s1 detail=POST http://localhost:8080/api/2/things/org.dt4n.core:controller/inbox/messages/enableLink?timeout=0 timeout=0s
[2026-09-15 08:25:15.480] [AGENT] [INFO] [cid=7fd85c45-c8f4-42e4-ba7c-25de9a432e50] SSE_EVENT subject=enableLink target=org.dt4n.core:link-h1-s1 bytes=98 correlationSource=payload:clientCorrelationId eventName=enableLink sseFields=["event"]
[2026-09-15 08:25:15.480] [AGENT] [INFO] [cid=7fd85c45-c8f4-42e4-ba7c-25de9a432e50] RECEIVE subject=enableLink target=org.dt4n.core:link-h1-s1 params={}
[2026-09-15 08:25:15.480] [AGENT] [INFO] [cid=7fd85c45-c8f4-42e4-ba7c-25de9a432e50] EXECUTE_START subject=enableLink target=org.dt4n.core:link-h1-s1
[2026-09-15 08:25:15.480] [AGENT] [INFO] [cid=7fd85c45-c8f4-42e4-ba7c-25de9a432e50] LOCK_WAIT subject=enableLink target=org.dt4n.core:link-h1-s1 waitMs=0
[2026-09-15 08:25:15.483] [AGENT] [INFO] [cid=7fd85c45-c8f4-42e4-ba7c-25de9a432e50] EXECUTE_DONE subject=enableLink target=org.dt4n.core:link-h1-s1 detail=link h1-s1 -> up code=200
[2026-09-15 08:25:15.484] [AGENT] [INFO] [cid=7fd85c45-c8f4-42e4-ba7c-25de9a432e50] RESPONSE_SEND subject=enableLink target=org.dt4n.core:controller code=200 correlationSource=payload:clientCorrelationId ok=true
[2026-09-15 08:25:15.488] [CTRL] [INFO] [cid=-] REROUTE subject=- target=link-h1-s1 detail=up edge=s1-h1
[2026-09-15 08:25:15.489] [CTRL] [INFO] [cid=-] FLOW_INSTALL subject=- target=s1 detail=1 ipv4 flows changed
[2026-09-15 08:25:15.489] [CTRL] [INFO] [cid=-] FLOW_INSTALL subject=- target=s3 detail=1 ipv4 flows changed
[2026-09-15 08:25:15.490] [CTRL] [INFO] [cid=-] FLOW_INSTALL subject=- target=s2 detail=1 ipv4 flows changed
[2026-09-15 08:25:15.504] [MEASURE] [INFO] [cid=7fd85c45-c8f4-42e4-ba7c-25de9a432e50] DITTO_RESPONSE subject=enableLink target=org.dt4n.core:link-h1-s1 durationMs=31 http=202 rejected=false timedOut=false
[2026-09-15 08:25:15.504] [MEASURE] [INFO] [cid=7fd85c45-c8f4-42e4-ba7c-25de9a432e50] UI_ACK subject=enableLink target=org.dt4n.core:link-h1-s1 http=202 ok=true rejected=false timedOut=false
[2026-09-15 08:25:15.509] [MEASURE] [INFO] [cid=7fd85c45-c8f4-42e4-ba7c-25de9a432e50] WAIT_STATE subject=enableLink target=org.dt4n.core:link-h1-s1 expect=up stateNow=down timeoutMs=20000
[2026-09-15 08:25:15.514] [AGENT] [INFO] [cid=7fd85c45-c8f4-42e4-ba7c-25de9a432e50] RESPONSE_OK subject=enableLink target=org.dt4n.core:controller http_status=202
[2026-09-15 08:25:16.156] [SYNC] [INFO] [cid=-] STATE_DETECTED subject=- target=org.dt4n.core:host-h1 detail=up cycle=73
[2026-09-15 08:25:16.173] [SYNC] [INFO] [cid=-] STATE_PUSHED subject=- target=org.dt4n.core:host-h1 detail=up cycle=73
[2026-09-15 08:25:16.186] [SYNC] [INFO] [cid=-] STATE_DETECTED subject=- target=org.dt4n.core:link-h1-s1 detail=up cycle=73
[2026-09-15 08:25:16.192] [SYNC] [INFO] [cid=-] STATE_PUSHED subject=- target=org.dt4n.core:link-h1-s1 detail=up cycle=73
[2026-09-15 08:25:16.341] [MEASURE] [INFO] [cid=7fd85c45-c8f4-42e4-ba7c-25de9a432e50] STATE_OK subject=enableLink target=org.dt4n.core:link-h1-s1 expect=up state=up
[2026-09-15 08:25:17.559] [MEASURE] [INFO] [cid=a95347e7-9fb7-46db-b06c-b1bb3dda42da] CLICK subject=disableLink target=org.dt4n.core:link-h1-s1 params={} stateBefore=up
[2026-09-15 08:25:17.560] [MEASURE] [INFO] [cid=a95347e7-9fb7-46db-b06c-b1bb3dda42da] SEND subject=disableLink target=org.dt4n.core:link-h1-s1 detail=POST http://localhost:8080/api/2/things/org.dt4n.core:controller/inbox/messages/disableLink?timeout=0 timeout=0s
[2026-09-15 08:25:17.567] [AGENT] [INFO] [cid=a95347e7-9fb7-46db-b06c-b1bb3dda42da] SSE_EVENT subject=disableLink target=org.dt4n.core:link-h1-s1 bytes=98 correlationSource=payload:clientCorrelationId eventName=disableLink sseFields=["event"]
[2026-09-15 08:25:17.567] [AGENT] [INFO] [cid=a95347e7-9fb7-46db-b06c-b1bb3dda42da] RECEIVE subject=disableLink target=org.dt4n.core:link-h1-s1 params={}
[2026-09-15 08:25:17.567] [AGENT] [INFO] [cid=a95347e7-9fb7-46db-b06c-b1bb3dda42da] EXECUTE_START subject=disableLink target=org.dt4n.core:link-h1-s1
[2026-09-15 08:25:17.567] [AGENT] [INFO] [cid=a95347e7-9fb7-46db-b06c-b1bb3dda42da] LOCK_WAIT subject=disableLink target=org.dt4n.core:link-h1-s1 waitMs=0
[2026-09-15 08:25:17.571] [CTRL] [INFO] [cid=-] REROUTE subject=- target=link-h1-s1 detail=down edge=s1-h1
[2026-09-15 08:25:17.571] [AGENT] [INFO] [cid=a95347e7-9fb7-46db-b06c-b1bb3dda42da] EXECUTE_DONE subject=disableLink target=org.dt4n.core:link-h1-s1 detail=link h1-s1 -> down code=200
[2026-09-15 08:25:17.571] [AGENT] [INFO] [cid=a95347e7-9fb7-46db-b06c-b1bb3dda42da] RESPONSE_SEND subject=disableLink target=org.dt4n.core:controller code=200 correlationSource=payload:clientCorrelationId ok=true
[2026-09-15 08:25:17.594] [MEASURE] [INFO] [cid=a95347e7-9fb7-46db-b06c-b1bb3dda42da] DITTO_RESPONSE subject=disableLink target=org.dt4n.core:link-h1-s1 durationMs=34 http=202 rejected=false timedOut=false
[2026-09-15 08:25:17.594] [MEASURE] [INFO] [cid=a95347e7-9fb7-46db-b06c-b1bb3dda42da] UI_ACK subject=disableLink target=org.dt4n.core:link-h1-s1 http=202 ok=true rejected=false timedOut=false
[2026-09-15 08:25:17.600] [MEASURE] [INFO] [cid=a95347e7-9fb7-46db-b06c-b1bb3dda42da] WAIT_STATE subject=disableLink target=org.dt4n.core:link-h1-s1 expect=down stateNow=up timeoutMs=20000
[2026-09-15 08:25:17.604] [AGENT] [INFO] [cid=a95347e7-9fb7-46db-b06c-b1bb3dda42da] RESPONSE_OK subject=disableLink target=org.dt4n.core:controller http_status=202
[2026-09-15 08:25:18.155] [SYNC] [INFO] [cid=-] STATE_DETECTED subject=- target=org.dt4n.core:host-h1 detail=down cycle=75
[2026-09-15 08:25:18.163] [SYNC] [INFO] [cid=-] STATE_PUSHED subject=- target=org.dt4n.core:host-h1 detail=down cycle=75
[2026-09-15 08:25:18.176] [SYNC] [INFO] [cid=-] STATE_DETECTED subject=- target=org.dt4n.core:link-h1-s1 detail=down cycle=75
[2026-09-15 08:25:18.182] [SYNC] [INFO] [cid=-] STATE_PUSHED subject=- target=org.dt4n.core:link-h1-s1 detail=down cycle=75
[2026-09-15 08:25:18.223] [MEASURE] [INFO] [cid=a95347e7-9fb7-46db-b06c-b1bb3dda42da] STATE_OK subject=disableLink target=org.dt4n.core:link-h1-s1 expect=down state=down
[2026-09-15 08:25:19.442] [MEASURE] [INFO] [cid=54120904-0ef2-4e64-a75b-1d42105e2b63] CLICK subject=enableLink target=org.dt4n.core:link-h1-s1 params={} stateBefore=down
[2026-09-15 08:25:19.442] [MEASURE] [INFO] [cid=54120904-0ef2-4e64-a75b-1d42105e2b63] SEND subject=enableLink target=org.dt4n.core:link-h1-s1 detail=POST http://localhost:8080/api/2/things/org.dt4n.core:controller/inbox/messages/enableLink?timeout=0 timeout=0s
[2026-09-15 08:25:19.450] [AGENT] [INFO] [cid=54120904-0ef2-4e64-a75b-1d42105e2b63] SSE_EVENT subject=enableLink target=org.dt4n.core:link-h1-s1 bytes=98 correlationSource=payload:clientCorrelationId eventName=enableLink sseFields=["event"]
[2026-09-15 08:25:19.450] [AGENT] [INFO] [cid=54120904-0ef2-4e64-a75b-1d42105e2b63] RECEIVE subject=enableLink target=org.dt4n.core:link-h1-s1 params={}
[2026-09-15 08:25:19.450] [AGENT] [INFO] [cid=54120904-0ef2-4e64-a75b-1d42105e2b63] EXECUTE_START subject=enableLink target=org.dt4n.core:link-h1-s1
[2026-09-15 08:25:19.450] [AGENT] [INFO] [cid=54120904-0ef2-4e64-a75b-1d42105e2b63] LOCK_WAIT subject=enableLink target=org.dt4n.core:link-h1-s1 waitMs=0
[2026-09-15 08:25:19.453] [AGENT] [INFO] [cid=54120904-0ef2-4e64-a75b-1d42105e2b63] EXECUTE_DONE subject=enableLink target=org.dt4n.core:link-h1-s1 detail=link h1-s1 -> up code=200
[2026-09-15 08:25:19.453] [AGENT] [INFO] [cid=54120904-0ef2-4e64-a75b-1d42105e2b63] RESPONSE_SEND subject=enableLink target=org.dt4n.core:controller code=200 correlationSource=payload:clientCorrelationId ok=true
[2026-09-15 08:25:19.456] [CTRL] [INFO] [cid=-] REROUTE subject=- target=link-h1-s1 detail=up edge=s1-h1
[2026-09-15 08:25:19.457] [CTRL] [INFO] [cid=-] FLOW_INSTALL subject=- target=s1 detail=1 ipv4 flows changed
[2026-09-15 08:25:19.458] [CTRL] [INFO] [cid=-] FLOW_INSTALL subject=- target=s3 detail=1 ipv4 flows changed
[2026-09-15 08:25:19.458] [CTRL] [INFO] [cid=-] FLOW_INSTALL subject=- target=s2 detail=1 ipv4 flows changed
[2026-09-15 08:25:19.474] [MEASURE] [INFO] [cid=54120904-0ef2-4e64-a75b-1d42105e2b63] DITTO_RESPONSE subject=enableLink target=org.dt4n.core:link-h1-s1 durationMs=32 http=202 rejected=false timedOut=false
[2026-09-15 08:25:19.474] [MEASURE] [INFO] [cid=54120904-0ef2-4e64-a75b-1d42105e2b63] UI_ACK subject=enableLink target=org.dt4n.core:link-h1-s1 http=202 ok=true rejected=false timedOut=false
[2026-09-15 08:25:19.480] [MEASURE] [INFO] [cid=54120904-0ef2-4e64-a75b-1d42105e2b63] WAIT_STATE subject=enableLink target=org.dt4n.core:link-h1-s1 expect=up stateNow=down timeoutMs=20000
[2026-09-15 08:25:19.484] [AGENT] [INFO] [cid=54120904-0ef2-4e64-a75b-1d42105e2b63] RESPONSE_OK subject=enableLink target=org.dt4n.core:controller http_status=202
[2026-09-15 08:25:20.155] [SYNC] [INFO] [cid=-] STATE_DETECTED subject=- target=org.dt4n.core:host-h1 detail=up cycle=77
[2026-09-15 08:25:20.163] [SYNC] [INFO] [cid=-] STATE_PUSHED subject=- target=org.dt4n.core:host-h1 detail=up cycle=77
[2026-09-15 08:25:20.175] [SYNC] [INFO] [cid=-] STATE_DETECTED subject=- target=org.dt4n.core:link-h1-s1 detail=up cycle=77
[2026-09-15 08:25:20.181] [SYNC] [INFO] [cid=-] STATE_PUSHED subject=- target=org.dt4n.core:link-h1-s1 detail=up cycle=77
[2026-09-15 08:25:20.312] [MEASURE] [INFO] [cid=54120904-0ef2-4e64-a75b-1d42105e2b63] STATE_OK subject=enableLink target=org.dt4n.core:link-h1-s1 expect=up state=up
[2026-09-15 08:25:21.529] [MEASURE] [INFO] [cid=1983b461-142b-4b19-bf87-1a81c435b2fd] CLICK subject=disableLink target=org.dt4n.core:link-h1-s1 params={} stateBefore=up
[2026-09-15 08:25:21.529] [MEASURE] [INFO] [cid=1983b461-142b-4b19-bf87-1a81c435b2fd] SEND subject=disableLink target=org.dt4n.core:link-h1-s1 detail=POST http://localhost:8080/api/2/things/org.dt4n.core:controller/inbox/messages/disableLink?timeout=0 timeout=0s
[2026-09-15 08:25:21.536] [AGENT] [INFO] [cid=1983b461-142b-4b19-bf87-1a81c435b2fd] SSE_EVENT subject=disableLink target=org.dt4n.core:link-h1-s1 bytes=98 correlationSource=payload:clientCorrelationId eventName=disableLink sseFields=["event"]
[2026-09-15 08:25:21.536] [AGENT] [INFO] [cid=1983b461-142b-4b19-bf87-1a81c435b2fd] RECEIVE subject=disableLink target=org.dt4n.core:link-h1-s1 params={}
[2026-09-15 08:25:21.536] [AGENT] [INFO] [cid=1983b461-142b-4b19-bf87-1a81c435b2fd] EXECUTE_START subject=disableLink target=org.dt4n.core:link-h1-s1
[2026-09-15 08:25:21.536] [AGENT] [INFO] [cid=1983b461-142b-4b19-bf87-1a81c435b2fd] LOCK_WAIT subject=disableLink target=org.dt4n.core:link-h1-s1 waitMs=0
[2026-09-15 08:25:21.540] [AGENT] [INFO] [cid=1983b461-142b-4b19-bf87-1a81c435b2fd] EXECUTE_DONE subject=disableLink target=org.dt4n.core:link-h1-s1 detail=link h1-s1 -> down code=200
[2026-09-15 08:25:21.540] [AGENT] [INFO] [cid=1983b461-142b-4b19-bf87-1a81c435b2fd] RESPONSE_SEND subject=disableLink target=org.dt4n.core:controller code=200 correlationSource=payload:clientCorrelationId ok=true
[2026-09-15 08:25:21.541] [CTRL] [INFO] [cid=-] REROUTE subject=- target=link-h1-s1 detail=down edge=s1-h1
[2026-09-15 08:25:21.554] [MEASURE] [INFO] [cid=1983b461-142b-4b19-bf87-1a81c435b2fd] DITTO_RESPONSE subject=disableLink target=org.dt4n.core:link-h1-s1 durationMs=24 http=202 rejected=false timedOut=false
[2026-09-15 08:25:21.554] [MEASURE] [INFO] [cid=1983b461-142b-4b19-bf87-1a81c435b2fd] UI_ACK subject=disableLink target=org.dt4n.core:link-h1-s1 http=202 ok=true rejected=false timedOut=false
[2026-09-15 08:25:21.559] [MEASURE] [INFO] [cid=1983b461-142b-4b19-bf87-1a81c435b2fd] WAIT_STATE subject=disableLink target=org.dt4n.core:link-h1-s1 expect=down stateNow=up timeoutMs=20000
[2026-09-15 08:25:21.574] [AGENT] [INFO] [cid=1983b461-142b-4b19-bf87-1a81c435b2fd] RESPONSE_OK subject=disableLink target=org.dt4n.core:controller http_status=202
[2026-09-15 08:25:22.156] [SYNC] [INFO] [cid=-] STATE_DETECTED subject=- target=org.dt4n.core:host-h1 detail=down cycle=79
[2026-09-15 08:25:22.164] [SYNC] [INFO] [cid=-] STATE_PUSHED subject=- target=org.dt4n.core:host-h1 detail=down cycle=79
[2026-09-15 08:25:22.176] [SYNC] [INFO] [cid=-] STATE_DETECTED subject=- target=org.dt4n.core:link-h1-s1 detail=down cycle=79
[2026-09-15 08:25:22.184] [SYNC] [INFO] [cid=-] STATE_PUSHED subject=- target=org.dt4n.core:link-h1-s1 detail=down cycle=79
[2026-09-15 08:25:22.394] [MEASURE] [INFO] [cid=1983b461-142b-4b19-bf87-1a81c435b2fd] STATE_OK subject=disableLink target=org.dt4n.core:link-h1-s1 expect=down state=down
[2026-09-15 08:25:23.614] [MEASURE] [INFO] [cid=b4a554b2-d738-42b1-ab65-596128acb958] CLICK subject=enableLink target=org.dt4n.core:link-h1-s1 params={} stateBefore=down
[2026-09-15 08:25:23.615] [MEASURE] [INFO] [cid=b4a554b2-d738-42b1-ab65-596128acb958] SEND subject=enableLink target=org.dt4n.core:link-h1-s1 detail=POST http://localhost:8080/api/2/things/org.dt4n.core:controller/inbox/messages/enableLink?timeout=0 timeout=0s
[2026-09-15 08:25:23.623] [AGENT] [INFO] [cid=b4a554b2-d738-42b1-ab65-596128acb958] SSE_EVENT subject=enableLink target=org.dt4n.core:link-h1-s1 bytes=98 correlationSource=payload:clientCorrelationId eventName=enableLink sseFields=["event"]
[2026-09-15 08:25:23.624] [AGENT] [INFO] [cid=b4a554b2-d738-42b1-ab65-596128acb958] RECEIVE subject=enableLink target=org.dt4n.core:link-h1-s1 params={}
[2026-09-15 08:25:23.624] [AGENT] [INFO] [cid=b4a554b2-d738-42b1-ab65-596128acb958] EXECUTE_START subject=enableLink target=org.dt4n.core:link-h1-s1
[2026-09-15 08:25:23.624] [AGENT] [INFO] [cid=b4a554b2-d738-42b1-ab65-596128acb958] LOCK_WAIT subject=enableLink target=org.dt4n.core:link-h1-s1 waitMs=0
[2026-09-15 08:25:23.630] [AGENT] [INFO] [cid=b4a554b2-d738-42b1-ab65-596128acb958] EXECUTE_DONE subject=enableLink target=org.dt4n.core:link-h1-s1 detail=link h1-s1 -> up code=200
[2026-09-15 08:25:23.630] [AGENT] [INFO] [cid=b4a554b2-d738-42b1-ab65-596128acb958] RESPONSE_SEND subject=enableLink target=org.dt4n.core:controller code=200 correlationSource=payload:clientCorrelationId ok=true
[2026-09-15 08:25:23.631] [CTRL] [INFO] [cid=-] REROUTE subject=- target=link-h1-s1 detail=up edge=s1-h1
[2026-09-15 08:25:23.632] [CTRL] [INFO] [cid=-] FLOW_INSTALL subject=- target=s1 detail=1 ipv4 flows changed
[2026-09-15 08:25:23.632] [CTRL] [INFO] [cid=-] FLOW_INSTALL subject=- target=s3 detail=1 ipv4 flows changed
[2026-09-15 08:25:23.633] [CTRL] [INFO] [cid=-] FLOW_INSTALL subject=- target=s2 detail=1 ipv4 flows changed
[2026-09-15 08:25:23.644] [MEASURE] [INFO] [cid=b4a554b2-d738-42b1-ab65-596128acb958] DITTO_RESPONSE subject=enableLink target=org.dt4n.core:link-h1-s1 durationMs=30 http=202 rejected=false timedOut=false
[2026-09-15 08:25:23.644] [MEASURE] [INFO] [cid=b4a554b2-d738-42b1-ab65-596128acb958] UI_ACK subject=enableLink target=org.dt4n.core:link-h1-s1 http=202 ok=true rejected=false timedOut=false
[2026-09-15 08:25:23.650] [MEASURE] [INFO] [cid=b4a554b2-d738-42b1-ab65-596128acb958] WAIT_STATE subject=enableLink target=org.dt4n.core:link-h1-s1 expect=up stateNow=down timeoutMs=20000
[2026-09-15 08:25:23.663] [AGENT] [INFO] [cid=b4a554b2-d738-42b1-ab65-596128acb958] RESPONSE_OK subject=enableLink target=org.dt4n.core:controller http_status=202
[2026-09-15 08:25:24.156] [SYNC] [INFO] [cid=-] STATE_DETECTED subject=- target=org.dt4n.core:host-h1 detail=up cycle=81
[2026-09-15 08:25:24.164] [SYNC] [INFO] [cid=-] STATE_PUSHED subject=- target=org.dt4n.core:host-h1 detail=up cycle=81
[2026-09-15 08:25:24.177] [SYNC] [INFO] [cid=-] STATE_DETECTED subject=- target=org.dt4n.core:link-h1-s1 detail=up cycle=81
[2026-09-15 08:25:24.183] [SYNC] [INFO] [cid=-] STATE_PUSHED subject=- target=org.dt4n.core:link-h1-s1 detail=up cycle=81
[2026-09-15 08:25:24.275] [MEASURE] [INFO] [cid=b4a554b2-d738-42b1-ab65-596128acb958] STATE_OK subject=enableLink target=org.dt4n.core:link-h1-s1 expect=up state=up
[2026-09-15 08:25:25.494] [MEASURE] [INFO] [cid=ebc2f966-7333-4e9c-b2ff-a2511476eb5d] CLICK subject=disableLink target=org.dt4n.core:link-h1-s1 params={} stateBefore=up
[2026-09-15 08:25:25.495] [MEASURE] [INFO] [cid=ebc2f966-7333-4e9c-b2ff-a2511476eb5d] SEND subject=disableLink target=org.dt4n.core:link-h1-s1 detail=POST http://localhost:8080/api/2/things/org.dt4n.core:controller/inbox/messages/disableLink?timeout=0 timeout=0s
[2026-09-15 08:25:25.502] [AGENT] [INFO] [cid=ebc2f966-7333-4e9c-b2ff-a2511476eb5d] SSE_EVENT subject=disableLink target=org.dt4n.core:link-h1-s1 bytes=98 correlationSource=payload:clientCorrelationId eventName=disableLink sseFields=["event"]
[2026-09-15 08:25:25.502] [AGENT] [INFO] [cid=ebc2f966-7333-4e9c-b2ff-a2511476eb5d] RECEIVE subject=disableLink target=org.dt4n.core:link-h1-s1 params={}
[2026-09-15 08:25:25.502] [AGENT] [INFO] [cid=ebc2f966-7333-4e9c-b2ff-a2511476eb5d] EXECUTE_START subject=disableLink target=org.dt4n.core:link-h1-s1
[2026-09-15 08:25:25.502] [AGENT] [INFO] [cid=ebc2f966-7333-4e9c-b2ff-a2511476eb5d] LOCK_WAIT subject=disableLink target=org.dt4n.core:link-h1-s1 waitMs=0
[2026-09-15 08:25:25.506] [AGENT] [INFO] [cid=ebc2f966-7333-4e9c-b2ff-a2511476eb5d] EXECUTE_DONE subject=disableLink target=org.dt4n.core:link-h1-s1 detail=link h1-s1 -> down code=200
[2026-09-15 08:25:25.506] [AGENT] [INFO] [cid=ebc2f966-7333-4e9c-b2ff-a2511476eb5d] RESPONSE_SEND subject=disableLink target=org.dt4n.core:controller code=200 correlationSource=payload:clientCorrelationId ok=true
[2026-09-15 08:25:25.507] [CTRL] [INFO] [cid=-] REROUTE subject=- target=link-h1-s1 detail=down edge=s1-h1
[2026-09-15 08:25:25.524] [MEASURE] [INFO] [cid=ebc2f966-7333-4e9c-b2ff-a2511476eb5d] DITTO_RESPONSE subject=disableLink target=org.dt4n.core:link-h1-s1 durationMs=29 http=202 rejected=false timedOut=false
[2026-09-15 08:25:25.524] [MEASURE] [INFO] [cid=ebc2f966-7333-4e9c-b2ff-a2511476eb5d] UI_ACK subject=disableLink target=org.dt4n.core:link-h1-s1 http=202 ok=true rejected=false timedOut=false
[2026-09-15 08:25:25.530] [MEASURE] [INFO] [cid=ebc2f966-7333-4e9c-b2ff-a2511476eb5d] WAIT_STATE subject=disableLink target=org.dt4n.core:link-h1-s1 expect=down stateNow=up timeoutMs=20000
[2026-09-15 08:25:25.534] [AGENT] [INFO] [cid=ebc2f966-7333-4e9c-b2ff-a2511476eb5d] RESPONSE_OK subject=disableLink target=org.dt4n.core:controller http_status=202
[2026-09-15 08:25:26.157] [SYNC] [INFO] [cid=-] STATE_DETECTED subject=- target=org.dt4n.core:host-h1 detail=down cycle=83
[2026-09-15 08:25:26.164] [SYNC] [INFO] [cid=-] STATE_PUSHED subject=- target=org.dt4n.core:host-h1 detail=down cycle=83
[2026-09-15 08:25:26.176] [SYNC] [INFO] [cid=-] STATE_DETECTED subject=- target=org.dt4n.core:link-h1-s1 detail=down cycle=83
[2026-09-15 08:25:26.182] [SYNC] [INFO] [cid=-] STATE_PUSHED subject=- target=org.dt4n.core:link-h1-s1 detail=down cycle=83
[2026-09-15 08:25:26.362] [MEASURE] [INFO] [cid=ebc2f966-7333-4e9c-b2ff-a2511476eb5d] STATE_OK subject=disableLink target=org.dt4n.core:link-h1-s1 expect=down state=down
[2026-09-15 08:25:27.581] [MEASURE] [INFO] [cid=14c007a3-90cf-4452-ba30-79898004c01f] CLICK subject=enableLink target=org.dt4n.core:link-h1-s1 params={} stateBefore=down
[2026-09-15 08:25:27.581] [MEASURE] [INFO] [cid=14c007a3-90cf-4452-ba30-79898004c01f] SEND subject=enableLink target=org.dt4n.core:link-h1-s1 detail=POST http://localhost:8080/api/2/things/org.dt4n.core:controller/inbox/messages/enableLink?timeout=0 timeout=0s
[2026-09-15 08:25:27.588] [AGENT] [INFO] [cid=14c007a3-90cf-4452-ba30-79898004c01f] SSE_EVENT subject=enableLink target=org.dt4n.core:link-h1-s1 bytes=98 correlationSource=payload:clientCorrelationId eventName=enableLink sseFields=["event"]
[2026-09-15 08:25:27.589] [AGENT] [INFO] [cid=14c007a3-90cf-4452-ba30-79898004c01f] RECEIVE subject=enableLink target=org.dt4n.core:link-h1-s1 params={}
[2026-09-15 08:25:27.589] [AGENT] [INFO] [cid=14c007a3-90cf-4452-ba30-79898004c01f] EXECUTE_START subject=enableLink target=org.dt4n.core:link-h1-s1
[2026-09-15 08:25:27.589] [AGENT] [INFO] [cid=14c007a3-90cf-4452-ba30-79898004c01f] LOCK_WAIT subject=enableLink target=org.dt4n.core:link-h1-s1 waitMs=0
[2026-09-15 08:25:27.592] [AGENT] [INFO] [cid=14c007a3-90cf-4452-ba30-79898004c01f] EXECUTE_DONE subject=enableLink target=org.dt4n.core:link-h1-s1 detail=link h1-s1 -> up code=200
[2026-09-15 08:25:27.592] [AGENT] [INFO] [cid=14c007a3-90cf-4452-ba30-79898004c01f] RESPONSE_SEND subject=enableLink target=org.dt4n.core:controller code=200 correlationSource=payload:clientCorrelationId ok=true
[2026-09-15 08:25:27.595] [CTRL] [INFO] [cid=-] REROUTE subject=- target=link-h1-s1 detail=up edge=s1-h1
[2026-09-15 08:25:27.596] [CTRL] [INFO] [cid=-] FLOW_INSTALL subject=- target=s1 detail=1 ipv4 flows changed
[2026-09-15 08:25:27.596] [CTRL] [INFO] [cid=-] FLOW_INSTALL subject=- target=s3 detail=1 ipv4 flows changed
[2026-09-15 08:25:27.596] [CTRL] [INFO] [cid=-] FLOW_INSTALL subject=- target=s2 detail=1 ipv4 flows changed
[2026-09-15 08:25:27.614] [MEASURE] [INFO] [cid=14c007a3-90cf-4452-ba30-79898004c01f] DITTO_RESPONSE subject=enableLink target=org.dt4n.core:link-h1-s1 durationMs=33 http=202 rejected=false timedOut=false
[2026-09-15 08:25:27.614] [MEASURE] [INFO] [cid=14c007a3-90cf-4452-ba30-79898004c01f] UI_ACK subject=enableLink target=org.dt4n.core:link-h1-s1 http=202 ok=true rejected=false timedOut=false
[2026-09-15 08:25:27.620] [MEASURE] [INFO] [cid=14c007a3-90cf-4452-ba30-79898004c01f] WAIT_STATE subject=enableLink target=org.dt4n.core:link-h1-s1 expect=up stateNow=down timeoutMs=20000
[2026-09-15 08:25:27.623] [AGENT] [INFO] [cid=14c007a3-90cf-4452-ba30-79898004c01f] RESPONSE_OK subject=enableLink target=org.dt4n.core:controller http_status=202
[2026-09-15 08:25:28.158] [SYNC] [INFO] [cid=-] STATE_DETECTED subject=- target=org.dt4n.core:host-h1 detail=up cycle=85
[2026-09-15 08:25:28.166] [SYNC] [INFO] [cid=-] STATE_PUSHED subject=- target=org.dt4n.core:host-h1 detail=up cycle=85
[2026-09-15 08:25:28.179] [SYNC] [INFO] [cid=-] STATE_DETECTED subject=- target=org.dt4n.core:link-h1-s1 detail=up cycle=85
[2026-09-15 08:25:28.186] [SYNC] [INFO] [cid=-] STATE_PUSHED subject=- target=org.dt4n.core:link-h1-s1 detail=up cycle=85
[2026-09-15 08:25:28.245] [MEASURE] [INFO] [cid=14c007a3-90cf-4452-ba30-79898004c01f] STATE_OK subject=enableLink target=org.dt4n.core:link-h1-s1 expect=up state=up
[2026-09-15 08:25:29.464] [MEASURE] [INFO] [cid=4155b4af-376e-471c-be98-3a50410d4fa3] CLICK subject=disableLink target=org.dt4n.core:link-h1-s1 params={} stateBefore=up
[2026-09-15 08:25:29.464] [MEASURE] [INFO] [cid=4155b4af-376e-471c-be98-3a50410d4fa3] SEND subject=disableLink target=org.dt4n.core:link-h1-s1 detail=POST http://localhost:8080/api/2/things/org.dt4n.core:controller/inbox/messages/disableLink?timeout=0 timeout=0s
[2026-09-15 08:25:29.471] [AGENT] [INFO] [cid=4155b4af-376e-471c-be98-3a50410d4fa3] SSE_EVENT subject=disableLink target=org.dt4n.core:link-h1-s1 bytes=98 correlationSource=payload:clientCorrelationId eventName=disableLink sseFields=["event"]
[2026-09-15 08:25:29.471] [AGENT] [INFO] [cid=4155b4af-376e-471c-be98-3a50410d4fa3] RECEIVE subject=disableLink target=org.dt4n.core:link-h1-s1 params={}
[2026-09-15 08:25:29.471] [AGENT] [INFO] [cid=4155b4af-376e-471c-be98-3a50410d4fa3] EXECUTE_START subject=disableLink target=org.dt4n.core:link-h1-s1
[2026-09-15 08:25:29.472] [AGENT] [INFO] [cid=4155b4af-376e-471c-be98-3a50410d4fa3] LOCK_WAIT subject=disableLink target=org.dt4n.core:link-h1-s1 waitMs=0
[2026-09-15 08:25:29.476] [AGENT] [INFO] [cid=4155b4af-376e-471c-be98-3a50410d4fa3] EXECUTE_DONE subject=disableLink target=org.dt4n.core:link-h1-s1 detail=link h1-s1 -> down code=200
[2026-09-15 08:25:29.476] [AGENT] [INFO] [cid=4155b4af-376e-471c-be98-3a50410d4fa3] RESPONSE_SEND subject=disableLink target=org.dt4n.core:controller code=200 correlationSource=payload:clientCorrelationId ok=true
[2026-09-15 08:25:29.476] [CTRL] [INFO] [cid=-] REROUTE subject=- target=link-h1-s1 detail=down edge=s1-h1
[2026-09-15 08:25:29.494] [MEASURE] [INFO] [cid=4155b4af-376e-471c-be98-3a50410d4fa3] DITTO_RESPONSE subject=disableLink target=org.dt4n.core:link-h1-s1 durationMs=30 http=202 rejected=false timedOut=false
[2026-09-15 08:25:29.494] [MEASURE] [INFO] [cid=4155b4af-376e-471c-be98-3a50410d4fa3] UI_ACK subject=disableLink target=org.dt4n.core:link-h1-s1 http=202 ok=true rejected=false timedOut=false
[2026-09-15 08:25:29.499] [MEASURE] [INFO] [cid=4155b4af-376e-471c-be98-3a50410d4fa3] WAIT_STATE subject=disableLink target=org.dt4n.core:link-h1-s1 expect=down stateNow=up timeoutMs=20000
[2026-09-15 08:25:29.503] [AGENT] [INFO] [cid=4155b4af-376e-471c-be98-3a50410d4fa3] RESPONSE_OK subject=disableLink target=org.dt4n.core:controller http_status=202
[2026-09-15 08:25:30.158] [SYNC] [INFO] [cid=-] STATE_DETECTED subject=- target=org.dt4n.core:host-h1 detail=down cycle=87
[2026-09-15 08:25:30.165] [SYNC] [INFO] [cid=-] STATE_PUSHED subject=- target=org.dt4n.core:host-h1 detail=down cycle=87
[2026-09-15 08:25:30.178] [SYNC] [INFO] [cid=-] STATE_DETECTED subject=- target=org.dt4n.core:link-h1-s1 detail=down cycle=87
[2026-09-15 08:25:30.184] [SYNC] [INFO] [cid=-] STATE_PUSHED subject=- target=org.dt4n.core:link-h1-s1 detail=down cycle=87
[2026-09-15 08:25:30.330] [MEASURE] [INFO] [cid=4155b4af-376e-471c-be98-3a50410d4fa3] STATE_OK subject=disableLink target=org.dt4n.core:link-h1-s1 expect=down state=down
[2026-09-15 08:25:31.549] [MEASURE] [INFO] [cid=be3e2c2c-a46f-44a1-8105-39088074acc4] CLICK subject=enableLink target=org.dt4n.core:link-h1-s1 params={} stateBefore=down
[2026-09-15 08:25:31.550] [MEASURE] [INFO] [cid=be3e2c2c-a46f-44a1-8105-39088074acc4] SEND subject=enableLink target=org.dt4n.core:link-h1-s1 detail=POST http://localhost:8080/api/2/things/org.dt4n.core:controller/inbox/messages/enableLink?timeout=0 timeout=0s
[2026-09-15 08:25:31.557] [AGENT] [INFO] [cid=be3e2c2c-a46f-44a1-8105-39088074acc4] SSE_EVENT subject=enableLink target=org.dt4n.core:link-h1-s1 bytes=98 correlationSource=payload:clientCorrelationId eventName=enableLink sseFields=["event"]
[2026-09-15 08:25:31.557] [AGENT] [INFO] [cid=be3e2c2c-a46f-44a1-8105-39088074acc4] RECEIVE subject=enableLink target=org.dt4n.core:link-h1-s1 params={}
[2026-09-15 08:25:31.557] [AGENT] [INFO] [cid=be3e2c2c-a46f-44a1-8105-39088074acc4] EXECUTE_START subject=enableLink target=org.dt4n.core:link-h1-s1
[2026-09-15 08:25:31.557] [AGENT] [INFO] [cid=be3e2c2c-a46f-44a1-8105-39088074acc4] LOCK_WAIT subject=enableLink target=org.dt4n.core:link-h1-s1 waitMs=0
[2026-09-15 08:25:31.560] [AGENT] [INFO] [cid=be3e2c2c-a46f-44a1-8105-39088074acc4] EXECUTE_DONE subject=enableLink target=org.dt4n.core:link-h1-s1 detail=link h1-s1 -> up code=200
[2026-09-15 08:25:31.560] [AGENT] [INFO] [cid=be3e2c2c-a46f-44a1-8105-39088074acc4] RESPONSE_SEND subject=enableLink target=org.dt4n.core:controller code=200 correlationSource=payload:clientCorrelationId ok=true
[2026-09-15 08:25:31.565] [CTRL] [INFO] [cid=-] REROUTE subject=- target=link-h1-s1 detail=up edge=s1-h1
[2026-09-15 08:25:31.566] [CTRL] [INFO] [cid=-] FLOW_INSTALL subject=- target=s1 detail=1 ipv4 flows changed
[2026-09-15 08:25:31.566] [CTRL] [INFO] [cid=-] FLOW_INSTALL subject=- target=s3 detail=1 ipv4 flows changed
[2026-09-15 08:25:31.567] [CTRL] [INFO] [cid=-] FLOW_INSTALL subject=- target=s2 detail=1 ipv4 flows changed
[2026-09-15 08:25:31.574] [MEASURE] [INFO] [cid=be3e2c2c-a46f-44a1-8105-39088074acc4] DITTO_RESPONSE subject=enableLink target=org.dt4n.core:link-h1-s1 durationMs=24 http=202 rejected=false timedOut=false
[2026-09-15 08:25:31.574] [MEASURE] [INFO] [cid=be3e2c2c-a46f-44a1-8105-39088074acc4] UI_ACK subject=enableLink target=org.dt4n.core:link-h1-s1 http=202 ok=true rejected=false timedOut=false
[2026-09-15 08:25:31.579] [MEASURE] [INFO] [cid=be3e2c2c-a46f-44a1-8105-39088074acc4] WAIT_STATE subject=enableLink target=org.dt4n.core:link-h1-s1 expect=up stateNow=down timeoutMs=20000
[2026-09-15 08:25:31.584] [AGENT] [INFO] [cid=be3e2c2c-a46f-44a1-8105-39088074acc4] RESPONSE_OK subject=enableLink target=org.dt4n.core:controller http_status=202
[2026-09-15 08:25:32.158] [SYNC] [INFO] [cid=-] STATE_DETECTED subject=- target=org.dt4n.core:host-h1 detail=up cycle=89
[2026-09-15 08:25:32.166] [SYNC] [INFO] [cid=-] STATE_PUSHED subject=- target=org.dt4n.core:host-h1 detail=up cycle=89
[2026-09-15 08:25:32.179] [SYNC] [INFO] [cid=-] STATE_DETECTED subject=- target=org.dt4n.core:link-h1-s1 detail=up cycle=89
[2026-09-15 08:25:32.185] [SYNC] [INFO] [cid=-] STATE_PUSHED subject=- target=org.dt4n.core:link-h1-s1 detail=up cycle=89
[2026-09-15 08:25:32.202] [MEASURE] [INFO] [cid=be3e2c2c-a46f-44a1-8105-39088074acc4] STATE_OK subject=enableLink target=org.dt4n.core:link-h1-s1 expect=up state=up
[2026-09-15 08:25:33.159] [SYNC] [INFO] [cid=-] STATE_DETECTED subject=- target=org.dt4n.core:host-h1 detail=up cycle=90
[2026-09-15 08:25:33.167] [SYNC] [INFO] [cid=-] STATE_PUSHED subject=- target=org.dt4n.core:host-h1 detail=up cycle=90
[2026-09-15 08:25:33.167] [SYNC] [INFO] [cid=-] STATE_DETECTED subject=- target=org.dt4n.core:host-h2 detail=up cycle=90
[2026-09-15 08:25:33.174] [SYNC] [INFO] [cid=-] STATE_PUSHED subject=- target=org.dt4n.core:host-h2 detail=up cycle=90
[2026-09-15 08:25:33.174] [SYNC] [INFO] [cid=-] STATE_DETECTED subject=- target=org.dt4n.core:host-h3 detail=up cycle=90
[2026-09-15 08:25:33.181] [SYNC] [INFO] [cid=-] STATE_PUSHED subject=- target=org.dt4n.core:host-h3 detail=up cycle=90
[2026-09-15 08:25:33.181] [SYNC] [INFO] [cid=-] STATE_DETECTED subject=- target=org.dt4n.core:host-srv1 detail=up cycle=90
[2026-09-15 08:25:33.188] [SYNC] [INFO] [cid=-] STATE_PUSHED subject=- target=org.dt4n.core:host-srv1 detail=up cycle=90
[2026-09-15 08:25:33.188] [SYNC] [INFO] [cid=-] STATE_DETECTED subject=- target=org.dt4n.core:host-srv2 detail=up cycle=90
[2026-09-15 08:25:33.195] [SYNC] [INFO] [cid=-] STATE_PUSHED subject=- target=org.dt4n.core:host-srv2 detail=up cycle=90
[2026-09-15 08:25:33.195] [SYNC] [INFO] [cid=-] STATE_DETECTED subject=- target=org.dt4n.core:switch-s1 detail=up cycle=90
[2026-09-15 08:25:33.202] [SYNC] [INFO] [cid=-] STATE_PUSHED subject=- target=org.dt4n.core:switch-s1 detail=up cycle=90
[2026-09-15 08:25:33.202] [SYNC] [INFO] [cid=-] STATE_DETECTED subject=- target=org.dt4n.core:switch-s2 detail=up cycle=90
[2026-09-15 08:25:33.209] [SYNC] [INFO] [cid=-] STATE_PUSHED subject=- target=org.dt4n.core:switch-s2 detail=up cycle=90
[2026-09-15 08:25:33.209] [SYNC] [INFO] [cid=-] STATE_DETECTED subject=- target=org.dt4n.core:switch-s3 detail=up cycle=90
[2026-09-15 08:25:33.215] [SYNC] [INFO] [cid=-] STATE_PUSHED subject=- target=org.dt4n.core:switch-s3 detail=up cycle=90
[2026-09-15 08:25:33.215] [SYNC] [INFO] [cid=-] STATE_DETECTED subject=- target=org.dt4n.core:link-h1-s1 detail=up cycle=90
[2026-09-15 08:25:33.222] [SYNC] [INFO] [cid=-] STATE_PUSHED subject=- target=org.dt4n.core:link-h1-s1 detail=up cycle=90
[2026-09-15 08:25:33.222] [SYNC] [INFO] [cid=-] STATE_DETECTED subject=- target=org.dt4n.core:link-h2-s1 detail=up cycle=90
[2026-09-15 08:25:33.228] [SYNC] [INFO] [cid=-] STATE_PUSHED subject=- target=org.dt4n.core:link-h2-s1 detail=up cycle=90
[2026-09-15 08:25:33.229] [SYNC] [INFO] [cid=-] STATE_DETECTED subject=- target=org.dt4n.core:link-h3-s1 detail=up cycle=90
[2026-09-15 08:25:33.235] [SYNC] [INFO] [cid=-] STATE_PUSHED subject=- target=org.dt4n.core:link-h3-s1 detail=up cycle=90
[2026-09-15 08:25:33.235] [SYNC] [INFO] [cid=-] STATE_DETECTED subject=- target=org.dt4n.core:link-s1-s2 detail=up cycle=90
[2026-09-15 08:25:33.241] [SYNC] [INFO] [cid=-] STATE_PUSHED subject=- target=org.dt4n.core:link-s1-s2 detail=up cycle=90
[2026-09-15 08:25:33.242] [SYNC] [INFO] [cid=-] STATE_DETECTED subject=- target=org.dt4n.core:link-s1-s3 detail=up cycle=90
[2026-09-15 08:25:33.248] [SYNC] [INFO] [cid=-] STATE_PUSHED subject=- target=org.dt4n.core:link-s1-s3 detail=up cycle=90
[2026-09-15 08:25:33.248] [SYNC] [INFO] [cid=-] STATE_DETECTED subject=- target=org.dt4n.core:link-s2-s3 detail=up cycle=90
[2026-09-15 08:25:33.254] [SYNC] [INFO] [cid=-] STATE_PUSHED subject=- target=org.dt4n.core:link-s2-s3 detail=up cycle=90
[2026-09-15 08:25:33.254] [SYNC] [INFO] [cid=-] STATE_DETECTED subject=- target=org.dt4n.core:link-s2-srv1 detail=up cycle=90
[2026-09-15 08:25:33.260] [SYNC] [INFO] [cid=-] STATE_PUSHED subject=- target=org.dt4n.core:link-s2-srv1 detail=up cycle=90
[2026-09-15 08:25:33.260] [SYNC] [INFO] [cid=-] STATE_DETECTED subject=- target=org.dt4n.core:link-s3-srv2 detail=up cycle=90
[2026-09-15 08:25:33.266] [SYNC] [INFO] [cid=-] STATE_PUSHED subject=- target=org.dt4n.core:link-s3-srv2 detail=up cycle=90
[2026-09-15 08:25:33.422] [MEASURE] [INFO] [cid=0fded0d1-b6b5-4e3d-8c30-14175776f8a5] CLICK subject=disableLink target=org.dt4n.core:link-h1-s1 params={} stateBefore=up
[2026-09-15 08:25:33.423] [MEASURE] [INFO] [cid=0fded0d1-b6b5-4e3d-8c30-14175776f8a5] SEND subject=disableLink target=org.dt4n.core:link-h1-s1 detail=POST http://localhost:8080/api/2/things/org.dt4n.core:controller/inbox/messages/disableLink?timeout=0 timeout=0s
[2026-09-15 08:25:33.430] [AGENT] [INFO] [cid=0fded0d1-b6b5-4e3d-8c30-14175776f8a5] SSE_EVENT subject=disableLink target=org.dt4n.core:link-h1-s1 bytes=98 correlationSource=payload:clientCorrelationId eventName=disableLink sseFields=["event"]
[2026-09-15 08:25:33.430] [AGENT] [INFO] [cid=0fded0d1-b6b5-4e3d-8c30-14175776f8a5] RECEIVE subject=disableLink target=org.dt4n.core:link-h1-s1 params={}
[2026-09-15 08:25:33.430] [AGENT] [INFO] [cid=0fded0d1-b6b5-4e3d-8c30-14175776f8a5] EXECUTE_START subject=disableLink target=org.dt4n.core:link-h1-s1
[2026-09-15 08:25:33.430] [AGENT] [INFO] [cid=0fded0d1-b6b5-4e3d-8c30-14175776f8a5] LOCK_WAIT subject=disableLink target=org.dt4n.core:link-h1-s1 waitMs=0
[2026-09-15 08:25:33.434] [AGENT] [INFO] [cid=0fded0d1-b6b5-4e3d-8c30-14175776f8a5] EXECUTE_DONE subject=disableLink target=org.dt4n.core:link-h1-s1 detail=link h1-s1 -> down code=200
[2026-09-15 08:25:33.435] [AGENT] [INFO] [cid=0fded0d1-b6b5-4e3d-8c30-14175776f8a5] RESPONSE_SEND subject=disableLink target=org.dt4n.core:controller code=200 correlationSource=payload:clientCorrelationId ok=true
[2026-09-15 08:25:33.435] [CTRL] [INFO] [cid=-] REROUTE subject=- target=link-h1-s1 detail=down edge=s1-h1
[2026-09-15 08:25:33.454] [MEASURE] [INFO] [cid=0fded0d1-b6b5-4e3d-8c30-14175776f8a5] DITTO_RESPONSE subject=disableLink target=org.dt4n.core:link-h1-s1 durationMs=31 http=202 rejected=false timedOut=false
[2026-09-15 08:25:33.454] [MEASURE] [INFO] [cid=0fded0d1-b6b5-4e3d-8c30-14175776f8a5] UI_ACK subject=disableLink target=org.dt4n.core:link-h1-s1 http=202 ok=true rejected=false timedOut=false
[2026-09-15 08:25:33.459] [MEASURE] [INFO] [cid=0fded0d1-b6b5-4e3d-8c30-14175776f8a5] WAIT_STATE subject=disableLink target=org.dt4n.core:link-h1-s1 expect=down stateNow=up timeoutMs=20000
[2026-09-15 08:25:33.463] [AGENT] [INFO] [cid=0fded0d1-b6b5-4e3d-8c30-14175776f8a5] RESPONSE_OK subject=disableLink target=org.dt4n.core:controller http_status=202
[2026-09-15 08:25:34.159] [SYNC] [INFO] [cid=-] STATE_DETECTED subject=- target=org.dt4n.core:host-h1 detail=down cycle=91
[2026-09-15 08:25:34.167] [SYNC] [INFO] [cid=-] STATE_PUSHED subject=- target=org.dt4n.core:host-h1 detail=down cycle=91
[2026-09-15 08:25:34.179] [SYNC] [INFO] [cid=-] STATE_DETECTED subject=- target=org.dt4n.core:link-h1-s1 detail=down cycle=91
[2026-09-15 08:25:34.186] [SYNC] [INFO] [cid=-] STATE_PUSHED subject=- target=org.dt4n.core:link-h1-s1 detail=down cycle=91
[2026-09-15 08:25:34.291] [MEASURE] [INFO] [cid=0fded0d1-b6b5-4e3d-8c30-14175776f8a5] STATE_OK subject=disableLink target=org.dt4n.core:link-h1-s1 expect=down state=down
[2026-09-15 08:25:35.512] [MEASURE] [INFO] [cid=9ee59aca-c71d-4fb8-98bc-01692b126cc9] CLICK subject=enableLink target=org.dt4n.core:link-h1-s1 params={} stateBefore=down
[2026-09-15 08:25:35.512] [MEASURE] [INFO] [cid=9ee59aca-c71d-4fb8-98bc-01692b126cc9] SEND subject=enableLink target=org.dt4n.core:link-h1-s1 detail=POST http://localhost:8080/api/2/things/org.dt4n.core:controller/inbox/messages/enableLink?timeout=0 timeout=0s
[2026-09-15 08:25:35.519] [AGENT] [INFO] [cid=9ee59aca-c71d-4fb8-98bc-01692b126cc9] SSE_EVENT subject=enableLink target=org.dt4n.core:link-h1-s1 bytes=98 correlationSource=payload:clientCorrelationId eventName=enableLink sseFields=["event"]
[2026-09-15 08:25:35.519] [AGENT] [INFO] [cid=9ee59aca-c71d-4fb8-98bc-01692b126cc9] RECEIVE subject=enableLink target=org.dt4n.core:link-h1-s1 params={}
[2026-09-15 08:25:35.519] [AGENT] [INFO] [cid=9ee59aca-c71d-4fb8-98bc-01692b126cc9] EXECUTE_START subject=enableLink target=org.dt4n.core:link-h1-s1
[2026-09-15 08:25:35.519] [AGENT] [INFO] [cid=9ee59aca-c71d-4fb8-98bc-01692b126cc9] LOCK_WAIT subject=enableLink target=org.dt4n.core:link-h1-s1 waitMs=0
[2026-09-15 08:25:35.522] [AGENT] [INFO] [cid=9ee59aca-c71d-4fb8-98bc-01692b126cc9] EXECUTE_DONE subject=enableLink target=org.dt4n.core:link-h1-s1 detail=link h1-s1 -> up code=200
[2026-09-15 08:25:35.522] [AGENT] [INFO] [cid=9ee59aca-c71d-4fb8-98bc-01692b126cc9] RESPONSE_SEND subject=enableLink target=org.dt4n.core:controller code=200 correlationSource=payload:clientCorrelationId ok=true
[2026-09-15 08:25:35.526] [CTRL] [INFO] [cid=-] REROUTE subject=- target=link-h1-s1 detail=up edge=s1-h1
[2026-09-15 08:25:35.526] [CTRL] [INFO] [cid=-] FLOW_INSTALL subject=- target=s1 detail=1 ipv4 flows changed
[2026-09-15 08:25:35.527] [CTRL] [INFO] [cid=-] FLOW_INSTALL subject=- target=s3 detail=1 ipv4 flows changed
[2026-09-15 08:25:35.527] [CTRL] [INFO] [cid=-] FLOW_INSTALL subject=- target=s2 detail=1 ipv4 flows changed
[2026-09-15 08:25:35.544] [MEASURE] [INFO] [cid=9ee59aca-c71d-4fb8-98bc-01692b126cc9] DITTO_RESPONSE subject=enableLink target=org.dt4n.core:link-h1-s1 durationMs=32 http=202 rejected=false timedOut=false
[2026-09-15 08:25:35.544] [MEASURE] [INFO] [cid=9ee59aca-c71d-4fb8-98bc-01692b126cc9] UI_ACK subject=enableLink target=org.dt4n.core:link-h1-s1 http=202 ok=true rejected=false timedOut=false
[2026-09-15 08:25:35.549] [MEASURE] [INFO] [cid=9ee59aca-c71d-4fb8-98bc-01692b126cc9] WAIT_STATE subject=enableLink target=org.dt4n.core:link-h1-s1 expect=up stateNow=down timeoutMs=20000
[2026-09-15 08:25:35.553] [AGENT] [INFO] [cid=9ee59aca-c71d-4fb8-98bc-01692b126cc9] RESPONSE_OK subject=enableLink target=org.dt4n.core:controller http_status=202
[2026-09-15 08:25:36.160] [SYNC] [INFO] [cid=-] STATE_DETECTED subject=- target=org.dt4n.core:host-h1 detail=up cycle=93
[2026-09-15 08:25:36.168] [SYNC] [INFO] [cid=-] STATE_PUSHED subject=- target=org.dt4n.core:host-h1 detail=up cycle=93
[2026-09-15 08:25:36.181] [SYNC] [INFO] [cid=-] STATE_DETECTED subject=- target=org.dt4n.core:link-h1-s1 detail=up cycle=93
[2026-09-15 08:25:36.187] [SYNC] [INFO] [cid=-] STATE_PUSHED subject=- target=org.dt4n.core:link-h1-s1 detail=up cycle=93
[2026-09-15 08:25:36.381] [MEASURE] [INFO] [cid=9ee59aca-c71d-4fb8-98bc-01692b126cc9] STATE_OK subject=enableLink target=org.dt4n.core:link-h1-s1 expect=up state=up
[2026-09-15 08:25:37.602] [MEASURE] [INFO] [cid=6754f27c-15bd-4a1e-be9f-0d87786c1939] CLICK subject=disableLink target=org.dt4n.core:link-h1-s1 params={} stateBefore=up
[2026-09-15 08:25:37.602] [MEASURE] [INFO] [cid=6754f27c-15bd-4a1e-be9f-0d87786c1939] SEND subject=disableLink target=org.dt4n.core:link-h1-s1 detail=POST http://localhost:8080/api/2/things/org.dt4n.core:controller/inbox/messages/disableLink?timeout=0 timeout=0s
[2026-09-15 08:25:37.608] [AGENT] [INFO] [cid=6754f27c-15bd-4a1e-be9f-0d87786c1939] SSE_EVENT subject=disableLink target=org.dt4n.core:link-h1-s1 bytes=98 correlationSource=payload:clientCorrelationId eventName=disableLink sseFields=["event"]
[2026-09-15 08:25:37.609] [AGENT] [INFO] [cid=6754f27c-15bd-4a1e-be9f-0d87786c1939] RECEIVE subject=disableLink target=org.dt4n.core:link-h1-s1 params={}
[2026-09-15 08:25:37.609] [AGENT] [INFO] [cid=6754f27c-15bd-4a1e-be9f-0d87786c1939] EXECUTE_START subject=disableLink target=org.dt4n.core:link-h1-s1
[2026-09-15 08:25:37.609] [AGENT] [INFO] [cid=6754f27c-15bd-4a1e-be9f-0d87786c1939] LOCK_WAIT subject=disableLink target=org.dt4n.core:link-h1-s1 waitMs=0
[2026-09-15 08:25:37.614] [CTRL] [INFO] [cid=-] REROUTE subject=- target=link-h1-s1 detail=down edge=s1-h1
[2026-09-15 08:25:37.614] [AGENT] [INFO] [cid=6754f27c-15bd-4a1e-be9f-0d87786c1939] EXECUTE_DONE subject=disableLink target=org.dt4n.core:link-h1-s1 detail=link h1-s1 -> down code=200
[2026-09-15 08:25:37.615] [AGENT] [INFO] [cid=6754f27c-15bd-4a1e-be9f-0d87786c1939] RESPONSE_SEND subject=disableLink target=org.dt4n.core:controller code=200 correlationSource=payload:clientCorrelationId ok=true
[2026-09-15 08:25:37.634] [MEASURE] [INFO] [cid=6754f27c-15bd-4a1e-be9f-0d87786c1939] DITTO_RESPONSE subject=disableLink target=org.dt4n.core:link-h1-s1 durationMs=32 http=202 rejected=false timedOut=false
[2026-09-15 08:25:37.634] [MEASURE] [INFO] [cid=6754f27c-15bd-4a1e-be9f-0d87786c1939] UI_ACK subject=disableLink target=org.dt4n.core:link-h1-s1 http=202 ok=true rejected=false timedOut=false
[2026-09-15 08:25:37.639] [MEASURE] [INFO] [cid=6754f27c-15bd-4a1e-be9f-0d87786c1939] WAIT_STATE subject=disableLink target=org.dt4n.core:link-h1-s1 expect=down stateNow=up timeoutMs=20000
[2026-09-15 08:25:37.644] [AGENT] [INFO] [cid=6754f27c-15bd-4a1e-be9f-0d87786c1939] RESPONSE_OK subject=disableLink target=org.dt4n.core:controller http_status=202
[2026-09-15 08:25:38.160] [SYNC] [INFO] [cid=-] STATE_DETECTED subject=- target=org.dt4n.core:host-h1 detail=down cycle=95
[2026-09-15 08:25:38.167] [SYNC] [INFO] [cid=-] STATE_PUSHED subject=- target=org.dt4n.core:host-h1 detail=down cycle=95
[2026-09-15 08:25:38.180] [SYNC] [INFO] [cid=-] STATE_DETECTED subject=- target=org.dt4n.core:link-h1-s1 detail=down cycle=95
[2026-09-15 08:25:38.186] [SYNC] [INFO] [cid=-] STATE_PUSHED subject=- target=org.dt4n.core:link-h1-s1 detail=down cycle=95
[2026-09-15 08:25:38.264] [MEASURE] [INFO] [cid=6754f27c-15bd-4a1e-be9f-0d87786c1939] STATE_OK subject=disableLink target=org.dt4n.core:link-h1-s1 expect=down state=down
[2026-09-15 08:25:39.484] [MEASURE] [INFO] [cid=270b8e3b-e2c4-4f05-a284-321cd9fa25d1] CLICK subject=enableLink target=org.dt4n.core:link-h1-s1 params={} stateBefore=down
[2026-09-15 08:25:39.484] [MEASURE] [INFO] [cid=270b8e3b-e2c4-4f05-a284-321cd9fa25d1] SEND subject=enableLink target=org.dt4n.core:link-h1-s1 detail=POST http://localhost:8080/api/2/things/org.dt4n.core:controller/inbox/messages/enableLink?timeout=0 timeout=0s
[2026-09-15 08:25:39.491] [AGENT] [INFO] [cid=270b8e3b-e2c4-4f05-a284-321cd9fa25d1] SSE_EVENT subject=enableLink target=org.dt4n.core:link-h1-s1 bytes=98 correlationSource=payload:clientCorrelationId eventName=enableLink sseFields=["event"]
[2026-09-15 08:25:39.491] [AGENT] [INFO] [cid=270b8e3b-e2c4-4f05-a284-321cd9fa25d1] RECEIVE subject=enableLink target=org.dt4n.core:link-h1-s1 params={}
[2026-09-15 08:25:39.491] [AGENT] [INFO] [cid=270b8e3b-e2c4-4f05-a284-321cd9fa25d1] EXECUTE_START subject=enableLink target=org.dt4n.core:link-h1-s1
[2026-09-15 08:25:39.491] [AGENT] [INFO] [cid=270b8e3b-e2c4-4f05-a284-321cd9fa25d1] LOCK_WAIT subject=enableLink target=org.dt4n.core:link-h1-s1 waitMs=0
[2026-09-15 08:25:39.494] [AGENT] [INFO] [cid=270b8e3b-e2c4-4f05-a284-321cd9fa25d1] EXECUTE_DONE subject=enableLink target=org.dt4n.core:link-h1-s1 detail=link h1-s1 -> up code=200
[2026-09-15 08:25:39.494] [AGENT] [INFO] [cid=270b8e3b-e2c4-4f05-a284-321cd9fa25d1] RESPONSE_SEND subject=enableLink target=org.dt4n.core:controller code=200 correlationSource=payload:clientCorrelationId ok=true
[2026-09-15 08:25:39.498] [CTRL] [INFO] [cid=-] REROUTE subject=- target=link-h1-s1 detail=up edge=s1-h1
[2026-09-15 08:25:39.499] [CTRL] [INFO] [cid=-] FLOW_INSTALL subject=- target=s1 detail=1 ipv4 flows changed
[2026-09-15 08:25:39.499] [CTRL] [INFO] [cid=-] FLOW_INSTALL subject=- target=s3 detail=1 ipv4 flows changed
[2026-09-15 08:25:39.500] [CTRL] [INFO] [cid=-] FLOW_INSTALL subject=- target=s2 detail=1 ipv4 flows changed
[2026-09-15 08:25:39.514] [MEASURE] [INFO] [cid=270b8e3b-e2c4-4f05-a284-321cd9fa25d1] DITTO_RESPONSE subject=enableLink target=org.dt4n.core:link-h1-s1 durationMs=29 http=202 rejected=false timedOut=false
[2026-09-15 08:25:39.514] [MEASURE] [INFO] [cid=270b8e3b-e2c4-4f05-a284-321cd9fa25d1] UI_ACK subject=enableLink target=org.dt4n.core:link-h1-s1 http=202 ok=true rejected=false timedOut=false
[2026-09-15 08:25:39.519] [MEASURE] [INFO] [cid=270b8e3b-e2c4-4f05-a284-321cd9fa25d1] WAIT_STATE subject=enableLink target=org.dt4n.core:link-h1-s1 expect=up stateNow=down timeoutMs=20000
[2026-09-15 08:25:39.524] [AGENT] [INFO] [cid=270b8e3b-e2c4-4f05-a284-321cd9fa25d1] RESPONSE_OK subject=enableLink target=org.dt4n.core:controller http_status=202
[2026-09-15 08:25:40.160] [SYNC] [INFO] [cid=-] STATE_DETECTED subject=- target=org.dt4n.core:host-h1 detail=up cycle=97
[2026-09-15 08:25:40.171] [SYNC] [INFO] [cid=-] STATE_PUSHED subject=- target=org.dt4n.core:host-h1 detail=up cycle=97
[2026-09-15 08:25:40.183] [SYNC] [INFO] [cid=-] STATE_DETECTED subject=- target=org.dt4n.core:link-h1-s1 detail=up cycle=97
[2026-09-15 08:25:40.189] [SYNC] [INFO] [cid=-] STATE_PUSHED subject=- target=org.dt4n.core:link-h1-s1 detail=up cycle=97
[2026-09-15 08:25:40.352] [MEASURE] [INFO] [cid=270b8e3b-e2c4-4f05-a284-321cd9fa25d1] STATE_OK subject=enableLink target=org.dt4n.core:link-h1-s1 expect=up state=up
[2026-09-15 08:25:41.574] [MEASURE] [INFO] [cid=7c017c79-e9e3-4aa4-ae49-03e5246f9f6d] CLICK subject=disableLink target=org.dt4n.core:link-h1-s1 params={} stateBefore=up
[2026-09-15 08:25:41.574] [MEASURE] [INFO] [cid=7c017c79-e9e3-4aa4-ae49-03e5246f9f6d] SEND subject=disableLink target=org.dt4n.core:link-h1-s1 detail=POST http://localhost:8080/api/2/things/org.dt4n.core:controller/inbox/messages/disableLink?timeout=0 timeout=0s
[2026-09-15 08:25:41.582] [AGENT] [INFO] [cid=7c017c79-e9e3-4aa4-ae49-03e5246f9f6d] SSE_EVENT subject=disableLink target=org.dt4n.core:link-h1-s1 bytes=98 correlationSource=payload:clientCorrelationId eventName=disableLink sseFields=["event"]
[2026-09-15 08:25:41.582] [AGENT] [INFO] [cid=7c017c79-e9e3-4aa4-ae49-03e5246f9f6d] RECEIVE subject=disableLink target=org.dt4n.core:link-h1-s1 params={}
[2026-09-15 08:25:41.582] [AGENT] [INFO] [cid=7c017c79-e9e3-4aa4-ae49-03e5246f9f6d] EXECUTE_START subject=disableLink target=org.dt4n.core:link-h1-s1
[2026-09-15 08:25:41.582] [AGENT] [INFO] [cid=7c017c79-e9e3-4aa4-ae49-03e5246f9f6d] LOCK_WAIT subject=disableLink target=org.dt4n.core:link-h1-s1 waitMs=0
[2026-09-15 08:25:41.586] [AGENT] [INFO] [cid=7c017c79-e9e3-4aa4-ae49-03e5246f9f6d] EXECUTE_DONE subject=disableLink target=org.dt4n.core:link-h1-s1 detail=link h1-s1 -> down code=200
[2026-09-15 08:25:41.587] [AGENT] [INFO] [cid=7c017c79-e9e3-4aa4-ae49-03e5246f9f6d] RESPONSE_SEND subject=disableLink target=org.dt4n.core:controller code=200 correlationSource=payload:clientCorrelationId ok=true
[2026-09-15 08:25:41.588] [CTRL] [INFO] [cid=-] REROUTE subject=- target=link-h1-s1 detail=down edge=s1-h1
[2026-09-15 08:25:41.604] [MEASURE] [INFO] [cid=7c017c79-e9e3-4aa4-ae49-03e5246f9f6d] DITTO_RESPONSE subject=disableLink target=org.dt4n.core:link-h1-s1 durationMs=30 http=202 rejected=false timedOut=false
[2026-09-15 08:25:41.604] [MEASURE] [INFO] [cid=7c017c79-e9e3-4aa4-ae49-03e5246f9f6d] UI_ACK subject=disableLink target=org.dt4n.core:link-h1-s1 http=202 ok=true rejected=false timedOut=false
[2026-09-15 08:25:41.610] [MEASURE] [INFO] [cid=7c017c79-e9e3-4aa4-ae49-03e5246f9f6d] WAIT_STATE subject=disableLink target=org.dt4n.core:link-h1-s1 expect=down stateNow=up timeoutMs=20000
[2026-09-15 08:25:41.614] [AGENT] [INFO] [cid=7c017c79-e9e3-4aa4-ae49-03e5246f9f6d] RESPONSE_OK subject=disableLink target=org.dt4n.core:controller http_status=202
[2026-09-15 08:25:42.166] [SYNC] [INFO] [cid=-] STATE_DETECTED subject=- target=org.dt4n.core:host-h1 detail=down cycle=99
[2026-09-15 08:25:42.178] [SYNC] [INFO] [cid=-] STATE_PUSHED subject=- target=org.dt4n.core:host-h1 detail=down cycle=99
[2026-09-15 08:25:42.194] [SYNC] [INFO] [cid=-] STATE_DETECTED subject=- target=org.dt4n.core:link-h1-s1 detail=down cycle=99
[2026-09-15 08:25:42.202] [SYNC] [INFO] [cid=-] STATE_PUSHED subject=- target=org.dt4n.core:link-h1-s1 detail=down cycle=99
[2026-09-15 08:25:42.234] [MEASURE] [INFO] [cid=7c017c79-e9e3-4aa4-ae49-03e5246f9f6d] STATE_OK subject=disableLink target=org.dt4n.core:link-h1-s1 expect=down state=down
[2026-09-15 08:25:43.455] [MEASURE] [INFO] [cid=0bcbfcd8-c437-4d31-8c68-07e6261a8c89] CLICK subject=enableLink target=org.dt4n.core:link-h1-s1 params={} stateBefore=down
[2026-09-15 08:25:43.456] [MEASURE] [INFO] [cid=0bcbfcd8-c437-4d31-8c68-07e6261a8c89] SEND subject=enableLink target=org.dt4n.core:link-h1-s1 detail=POST http://localhost:8080/api/2/things/org.dt4n.core:controller/inbox/messages/enableLink?timeout=0 timeout=0s
[2026-09-15 08:25:43.462] [AGENT] [INFO] [cid=0bcbfcd8-c437-4d31-8c68-07e6261a8c89] SSE_EVENT subject=enableLink target=org.dt4n.core:link-h1-s1 bytes=98 correlationSource=payload:clientCorrelationId eventName=enableLink sseFields=["event"]
[2026-09-15 08:25:43.463] [AGENT] [INFO] [cid=0bcbfcd8-c437-4d31-8c68-07e6261a8c89] RECEIVE subject=enableLink target=org.dt4n.core:link-h1-s1 params={}
[2026-09-15 08:25:43.463] [AGENT] [INFO] [cid=0bcbfcd8-c437-4d31-8c68-07e6261a8c89] EXECUTE_START subject=enableLink target=org.dt4n.core:link-h1-s1
[2026-09-15 08:25:43.463] [AGENT] [INFO] [cid=0bcbfcd8-c437-4d31-8c68-07e6261a8c89] LOCK_WAIT subject=enableLink target=org.dt4n.core:link-h1-s1 waitMs=0
[2026-09-15 08:25:43.466] [AGENT] [INFO] [cid=0bcbfcd8-c437-4d31-8c68-07e6261a8c89] EXECUTE_DONE subject=enableLink target=org.dt4n.core:link-h1-s1 detail=link h1-s1 -> up code=200
[2026-09-15 08:25:43.466] [AGENT] [INFO] [cid=0bcbfcd8-c437-4d31-8c68-07e6261a8c89] RESPONSE_SEND subject=enableLink target=org.dt4n.core:controller code=200 correlationSource=payload:clientCorrelationId ok=true
[2026-09-15 08:25:43.470] [CTRL] [INFO] [cid=-] REROUTE subject=- target=link-h1-s1 detail=up edge=s1-h1
[2026-09-15 08:25:43.471] [CTRL] [INFO] [cid=-] FLOW_INSTALL subject=- target=s1 detail=1 ipv4 flows changed
[2026-09-15 08:25:43.471] [CTRL] [INFO] [cid=-] FLOW_INSTALL subject=- target=s3 detail=1 ipv4 flows changed
[2026-09-15 08:25:43.471] [CTRL] [INFO] [cid=-] FLOW_INSTALL subject=- target=s2 detail=1 ipv4 flows changed
[2026-09-15 08:25:43.484] [MEASURE] [INFO] [cid=0bcbfcd8-c437-4d31-8c68-07e6261a8c89] DITTO_RESPONSE subject=enableLink target=org.dt4n.core:link-h1-s1 durationMs=28 http=202 rejected=false timedOut=false
[2026-09-15 08:25:43.484] [MEASURE] [INFO] [cid=0bcbfcd8-c437-4d31-8c68-07e6261a8c89] UI_ACK subject=enableLink target=org.dt4n.core:link-h1-s1 http=202 ok=true rejected=false timedOut=false
[2026-09-15 08:25:43.490] [MEASURE] [INFO] [cid=0bcbfcd8-c437-4d31-8c68-07e6261a8c89] WAIT_STATE subject=enableLink target=org.dt4n.core:link-h1-s1 expect=up stateNow=down timeoutMs=20000
[2026-09-15 08:25:43.494] [AGENT] [INFO] [cid=0bcbfcd8-c437-4d31-8c68-07e6261a8c89] RESPONSE_OK subject=enableLink target=org.dt4n.core:controller http_status=202
[2026-09-15 08:25:44.161] [SYNC] [INFO] [cid=-] STATE_DETECTED subject=- target=org.dt4n.core:host-h1 detail=up cycle=101
[2026-09-15 08:25:44.169] [SYNC] [INFO] [cid=-] STATE_PUSHED subject=- target=org.dt4n.core:host-h1 detail=up cycle=101
[2026-09-15 08:25:44.182] [SYNC] [INFO] [cid=-] STATE_DETECTED subject=- target=org.dt4n.core:link-h1-s1 detail=up cycle=101
[2026-09-15 08:25:44.188] [SYNC] [INFO] [cid=-] STATE_PUSHED subject=- target=org.dt4n.core:link-h1-s1 detail=up cycle=101
[2026-09-15 08:25:44.321] [MEASURE] [INFO] [cid=0bcbfcd8-c437-4d31-8c68-07e6261a8c89] STATE_OK subject=enableLink target=org.dt4n.core:link-h1-s1 expect=up state=up
[2026-09-15 08:25:45.543] [MEASURE] [INFO] [cid=5262bd6b-1d27-4520-8837-e40cbbf73dbc] CLICK subject=disableLink target=org.dt4n.core:link-h1-s1 params={} stateBefore=up
[2026-09-15 08:25:45.543] [MEASURE] [INFO] [cid=5262bd6b-1d27-4520-8837-e40cbbf73dbc] SEND subject=disableLink target=org.dt4n.core:link-h1-s1 detail=POST http://localhost:8080/api/2/things/org.dt4n.core:controller/inbox/messages/disableLink?timeout=0 timeout=0s
[2026-09-15 08:25:45.550] [AGENT] [INFO] [cid=5262bd6b-1d27-4520-8837-e40cbbf73dbc] SSE_EVENT subject=disableLink target=org.dt4n.core:link-h1-s1 bytes=98 correlationSource=payload:clientCorrelationId eventName=disableLink sseFields=["event"]
[2026-09-15 08:25:45.550] [AGENT] [INFO] [cid=5262bd6b-1d27-4520-8837-e40cbbf73dbc] RECEIVE subject=disableLink target=org.dt4n.core:link-h1-s1 params={}
[2026-09-15 08:25:45.550] [AGENT] [INFO] [cid=5262bd6b-1d27-4520-8837-e40cbbf73dbc] EXECUTE_START subject=disableLink target=org.dt4n.core:link-h1-s1
[2026-09-15 08:25:45.550] [AGENT] [INFO] [cid=5262bd6b-1d27-4520-8837-e40cbbf73dbc] LOCK_WAIT subject=disableLink target=org.dt4n.core:link-h1-s1 waitMs=0
[2026-09-15 08:25:45.554] [AGENT] [INFO] [cid=5262bd6b-1d27-4520-8837-e40cbbf73dbc] EXECUTE_DONE subject=disableLink target=org.dt4n.core:link-h1-s1 detail=link h1-s1 -> down code=200
[2026-09-15 08:25:45.554] [AGENT] [INFO] [cid=5262bd6b-1d27-4520-8837-e40cbbf73dbc] RESPONSE_SEND subject=disableLink target=org.dt4n.core:controller code=200 correlationSource=payload:clientCorrelationId ok=true
[2026-09-15 08:25:45.554] [CTRL] [INFO] [cid=-] REROUTE subject=- target=link-h1-s1 detail=down edge=s1-h1
[2026-09-15 08:25:45.573] [MEASURE] [INFO] [cid=5262bd6b-1d27-4520-8837-e40cbbf73dbc] DITTO_RESPONSE subject=disableLink target=org.dt4n.core:link-h1-s1 durationMs=30 http=202 rejected=false timedOut=false
[2026-09-15 08:25:45.573] [MEASURE] [INFO] [cid=5262bd6b-1d27-4520-8837-e40cbbf73dbc] UI_ACK subject=disableLink target=org.dt4n.core:link-h1-s1 http=202 ok=true rejected=false timedOut=false
[2026-09-15 08:25:45.579] [MEASURE] [INFO] [cid=5262bd6b-1d27-4520-8837-e40cbbf73dbc] WAIT_STATE subject=disableLink target=org.dt4n.core:link-h1-s1 expect=down stateNow=up timeoutMs=20000
[2026-09-15 08:25:45.583] [AGENT] [INFO] [cid=5262bd6b-1d27-4520-8837-e40cbbf73dbc] RESPONSE_OK subject=disableLink target=org.dt4n.core:controller http_status=202
[2026-09-15 08:25:46.162] [SYNC] [INFO] [cid=-] STATE_DETECTED subject=- target=org.dt4n.core:host-h1 detail=down cycle=103
[2026-09-15 08:25:46.169] [SYNC] [INFO] [cid=-] STATE_PUSHED subject=- target=org.dt4n.core:host-h1 detail=down cycle=103
[2026-09-15 08:25:46.182] [SYNC] [INFO] [cid=-] STATE_DETECTED subject=- target=org.dt4n.core:link-h1-s1 detail=down cycle=103
[2026-09-15 08:25:46.188] [SYNC] [INFO] [cid=-] STATE_PUSHED subject=- target=org.dt4n.core:link-h1-s1 detail=down cycle=103
[2026-09-15 08:25:46.203] [MEASURE] [INFO] [cid=5262bd6b-1d27-4520-8837-e40cbbf73dbc] STATE_OK subject=disableLink target=org.dt4n.core:link-h1-s1 expect=down state=down
[2026-09-15 08:25:47.425] [MEASURE] [INFO] [cid=74c847c7-cd17-4e39-9b55-8adb1daebbce] CLICK subject=enableLink target=org.dt4n.core:link-h1-s1 params={} stateBefore=down
[2026-09-15 08:25:47.425] [MEASURE] [INFO] [cid=74c847c7-cd17-4e39-9b55-8adb1daebbce] SEND subject=enableLink target=org.dt4n.core:link-h1-s1 detail=POST http://localhost:8080/api/2/things/org.dt4n.core:controller/inbox/messages/enableLink?timeout=0 timeout=0s
[2026-09-15 08:25:47.432] [AGENT] [INFO] [cid=74c847c7-cd17-4e39-9b55-8adb1daebbce] SSE_EVENT subject=enableLink target=org.dt4n.core:link-h1-s1 bytes=98 correlationSource=payload:clientCorrelationId eventName=enableLink sseFields=["event"]
[2026-09-15 08:25:47.433] [AGENT] [INFO] [cid=74c847c7-cd17-4e39-9b55-8adb1daebbce] RECEIVE subject=enableLink target=org.dt4n.core:link-h1-s1 params={}
[2026-09-15 08:25:47.433] [AGENT] [INFO] [cid=74c847c7-cd17-4e39-9b55-8adb1daebbce] EXECUTE_START subject=enableLink target=org.dt4n.core:link-h1-s1
[2026-09-15 08:25:47.433] [AGENT] [INFO] [cid=74c847c7-cd17-4e39-9b55-8adb1daebbce] LOCK_WAIT subject=enableLink target=org.dt4n.core:link-h1-s1 waitMs=0
[2026-09-15 08:25:47.438] [AGENT] [INFO] [cid=74c847c7-cd17-4e39-9b55-8adb1daebbce] EXECUTE_DONE subject=enableLink target=org.dt4n.core:link-h1-s1 detail=link h1-s1 -> up code=200
[2026-09-15 08:25:47.438] [AGENT] [INFO] [cid=74c847c7-cd17-4e39-9b55-8adb1daebbce] RESPONSE_SEND subject=enableLink target=org.dt4n.core:controller code=200 correlationSource=payload:clientCorrelationId ok=true
[2026-09-15 08:25:47.441] [CTRL] [INFO] [cid=-] REROUTE subject=- target=link-h1-s1 detail=up edge=s1-h1
[2026-09-15 08:25:47.441] [CTRL] [INFO] [cid=-] FLOW_INSTALL subject=- target=s1 detail=1 ipv4 flows changed
[2026-09-15 08:25:47.442] [CTRL] [INFO] [cid=-] FLOW_INSTALL subject=- target=s3 detail=1 ipv4 flows changed
[2026-09-15 08:25:47.442] [CTRL] [INFO] [cid=-] FLOW_INSTALL subject=- target=s2 detail=1 ipv4 flows changed
[2026-09-15 08:25:47.454] [MEASURE] [INFO] [cid=74c847c7-cd17-4e39-9b55-8adb1daebbce] DITTO_RESPONSE subject=enableLink target=org.dt4n.core:link-h1-s1 durationMs=29 http=202 rejected=false timedOut=false
[2026-09-15 08:25:47.454] [MEASURE] [INFO] [cid=74c847c7-cd17-4e39-9b55-8adb1daebbce] UI_ACK subject=enableLink target=org.dt4n.core:link-h1-s1 http=202 ok=true rejected=false timedOut=false
[2026-09-15 08:25:47.460] [MEASURE] [INFO] [cid=74c847c7-cd17-4e39-9b55-8adb1daebbce] WAIT_STATE subject=enableLink target=org.dt4n.core:link-h1-s1 expect=up stateNow=down timeoutMs=20000
[2026-09-15 08:25:47.464] [AGENT] [INFO] [cid=74c847c7-cd17-4e39-9b55-8adb1daebbce] RESPONSE_OK subject=enableLink target=org.dt4n.core:controller http_status=202
[2026-09-15 08:25:48.070] [UI] TOPOLOGY_LOAD_START
[2026-09-15 08:25:48.070] [UI] event=state.resync.start level=info data={"tsServer":"2026-09-15T08:25:48.069Z","source":"dashboard","tsClient":"2026-09-15T08:25:48.067Z","seq":2,"event":"state.resync.start","level":"info","path":"/","reason":"initial-load"}
[2026-09-15 08:25:48.102] [UI] RESYNC_DONE reason=initial-load things=18 nodes=8 edges=8 durationMs=33
[2026-09-15 08:25:48.138] [UI] TOPOLOGY_LOAD_DONE
[2026-09-15 08:25:48.166] [SYNC] [INFO] [cid=-] STATE_DETECTED subject=- target=org.dt4n.core:host-h1 detail=up cycle=105
[2026-09-15 08:25:48.175] [SYNC] [INFO] [cid=-] STATE_PUSHED subject=- target=org.dt4n.core:host-h1 detail=up cycle=105
[2026-09-15 08:25:48.188] [SYNC] [INFO] [cid=-] STATE_DETECTED subject=- target=org.dt4n.core:link-h1-s1 detail=up cycle=105
[2026-09-15 08:25:48.194] [SYNC] [INFO] [cid=-] STATE_PUSHED subject=- target=org.dt4n.core:link-h1-s1 detail=up cycle=105
[2026-09-15 08:25:48.293] [MEASURE] [INFO] [cid=74c847c7-cd17-4e39-9b55-8adb1daebbce] STATE_OK subject=enableLink target=org.dt4n.core:link-h1-s1 expect=up state=up
[2026-09-15 08:25:49.168] [UI] SSE_OPEN
[2026-09-15 08:25:49.169] [UI] event=state.resync.start level=info data={"tsServer":"2026-09-15T08:25:49.168Z","source":"dashboard","tsClient":"2026-09-15T08:25:49.165Z","seq":6,"event":"state.resync.start","level":"info","path":"/","reason":"sse-open"}
[2026-09-15 08:25:49.196] [UI] RESYNC_DONE reason=sse-open things=18 nodes=8 edges=8 durationMs=29
[2026-09-15 08:25:49.514] [MEASURE] [INFO] [cid=1672fca1-5d49-4bc3-8923-604378cc0d2a] CLICK subject=disableLink target=org.dt4n.core:link-h1-s1 params={} stateBefore=up
[2026-09-15 08:25:49.514] [MEASURE] [INFO] [cid=1672fca1-5d49-4bc3-8923-604378cc0d2a] SEND subject=disableLink target=org.dt4n.core:link-h1-s1 detail=POST http://localhost:8080/api/2/things/org.dt4n.core:controller/inbox/messages/disableLink?timeout=0 timeout=0s
[2026-09-15 08:25:49.521] [AGENT] [INFO] [cid=1672fca1-5d49-4bc3-8923-604378cc0d2a] SSE_EVENT subject=disableLink target=org.dt4n.core:link-h1-s1 bytes=98 correlationSource=payload:clientCorrelationId eventName=disableLink sseFields=["event"]
[2026-09-15 08:25:49.521] [AGENT] [INFO] [cid=1672fca1-5d49-4bc3-8923-604378cc0d2a] RECEIVE subject=disableLink target=org.dt4n.core:link-h1-s1 params={}
[2026-09-15 08:25:49.521] [AGENT] [INFO] [cid=1672fca1-5d49-4bc3-8923-604378cc0d2a] EXECUTE_START subject=disableLink target=org.dt4n.core:link-h1-s1
[2026-09-15 08:25:49.521] [AGENT] [INFO] [cid=1672fca1-5d49-4bc3-8923-604378cc0d2a] LOCK_WAIT subject=disableLink target=org.dt4n.core:link-h1-s1 waitMs=0
[2026-09-15 08:25:49.526] [AGENT] [INFO] [cid=1672fca1-5d49-4bc3-8923-604378cc0d2a] EXECUTE_DONE subject=disableLink target=org.dt4n.core:link-h1-s1 detail=link h1-s1 -> down code=200
[2026-09-15 08:25:49.527] [AGENT] [INFO] [cid=1672fca1-5d49-4bc3-8923-604378cc0d2a] RESPONSE_SEND subject=disableLink target=org.dt4n.core:controller code=200 correlationSource=payload:clientCorrelationId ok=true
[2026-09-15 08:25:49.527] [CTRL] [INFO] [cid=-] REROUTE subject=- target=link-h1-s1 detail=down edge=s1-h1
[2026-09-15 08:25:49.543] [MEASURE] [INFO] [cid=1672fca1-5d49-4bc3-8923-604378cc0d2a] DITTO_RESPONSE subject=disableLink target=org.dt4n.core:link-h1-s1 durationMs=29 http=202 rejected=false timedOut=false
[2026-09-15 08:25:49.544] [MEASURE] [INFO] [cid=1672fca1-5d49-4bc3-8923-604378cc0d2a] UI_ACK subject=disableLink target=org.dt4n.core:link-h1-s1 http=202 ok=true rejected=false timedOut=false
[2026-09-15 08:25:49.549] [MEASURE] [INFO] [cid=1672fca1-5d49-4bc3-8923-604378cc0d2a] WAIT_STATE subject=disableLink target=org.dt4n.core:link-h1-s1 expect=down stateNow=up timeoutMs=20000
[2026-09-15 08:25:49.554] [AGENT] [INFO] [cid=1672fca1-5d49-4bc3-8923-604378cc0d2a] RESPONSE_OK subject=disableLink target=org.dt4n.core:controller http_status=202
[2026-09-15 08:25:50.163] [SYNC] [INFO] [cid=-] STATE_DETECTED subject=- target=org.dt4n.core:host-h1 detail=down cycle=107
[2026-09-15 08:25:50.172] [SYNC] [INFO] [cid=-] STATE_PUSHED subject=- target=org.dt4n.core:host-h1 detail=down cycle=107
[2026-09-15 08:25:50.186] [SYNC] [INFO] [cid=-] STATE_DETECTED subject=- target=org.dt4n.core:link-h1-s1 detail=down cycle=107
[2026-09-15 08:25:50.193] [SYNC] [INFO] [cid=-] STATE_PUSHED subject=- target=org.dt4n.core:link-h1-s1 detail=down cycle=107
[2026-09-15 08:25:50.379] [MEASURE] [INFO] [cid=1672fca1-5d49-4bc3-8923-604378cc0d2a] STATE_OK subject=disableLink target=org.dt4n.core:link-h1-s1 expect=down state=down
[2026-09-15 08:25:51.601] [MEASURE] [INFO] [cid=848769c9-26b6-487c-bc30-fd77f5771376] CLICK subject=enableLink target=org.dt4n.core:link-h1-s1 params={} stateBefore=down
[2026-09-15 08:25:51.602] [MEASURE] [INFO] [cid=848769c9-26b6-487c-bc30-fd77f5771376] SEND subject=enableLink target=org.dt4n.core:link-h1-s1 detail=POST http://localhost:8080/api/2/things/org.dt4n.core:controller/inbox/messages/enableLink?timeout=0 timeout=0s
[2026-09-15 08:25:51.608] [AGENT] [INFO] [cid=848769c9-26b6-487c-bc30-fd77f5771376] SSE_EVENT subject=enableLink target=org.dt4n.core:link-h1-s1 bytes=98 correlationSource=payload:clientCorrelationId eventName=enableLink sseFields=["event"]
[2026-09-15 08:25:51.608] [AGENT] [INFO] [cid=848769c9-26b6-487c-bc30-fd77f5771376] RECEIVE subject=enableLink target=org.dt4n.core:link-h1-s1 params={}
[2026-09-15 08:25:51.608] [AGENT] [INFO] [cid=848769c9-26b6-487c-bc30-fd77f5771376] EXECUTE_START subject=enableLink target=org.dt4n.core:link-h1-s1
[2026-09-15 08:25:51.609] [AGENT] [INFO] [cid=848769c9-26b6-487c-bc30-fd77f5771376] LOCK_WAIT subject=enableLink target=org.dt4n.core:link-h1-s1 waitMs=0
[2026-09-15 08:25:51.611] [AGENT] [INFO] [cid=848769c9-26b6-487c-bc30-fd77f5771376] EXECUTE_DONE subject=enableLink target=org.dt4n.core:link-h1-s1 detail=link h1-s1 -> up code=200
[2026-09-15 08:25:51.612] [AGENT] [INFO] [cid=848769c9-26b6-487c-bc30-fd77f5771376] RESPONSE_SEND subject=enableLink target=org.dt4n.core:controller code=200 correlationSource=payload:clientCorrelationId ok=true
[2026-09-15 08:25:51.615] [CTRL] [INFO] [cid=-] REROUTE subject=- target=link-h1-s1 detail=up edge=s1-h1
[2026-09-15 08:25:51.616] [CTRL] [INFO] [cid=-] FLOW_INSTALL subject=- target=s1 detail=1 ipv4 flows changed
[2026-09-15 08:25:51.616] [CTRL] [INFO] [cid=-] FLOW_INSTALL subject=- target=s3 detail=1 ipv4 flows changed
[2026-09-15 08:25:51.617] [CTRL] [INFO] [cid=-] FLOW_INSTALL subject=- target=s2 detail=1 ipv4 flows changed
[2026-09-15 08:25:51.634] [MEASURE] [INFO] [cid=848769c9-26b6-487c-bc30-fd77f5771376] DITTO_RESPONSE subject=enableLink target=org.dt4n.core:link-h1-s1 durationMs=32 http=202 rejected=false timedOut=false
[2026-09-15 08:25:51.634] [MEASURE] [INFO] [cid=848769c9-26b6-487c-bc30-fd77f5771376] UI_ACK subject=enableLink target=org.dt4n.core:link-h1-s1 http=202 ok=true rejected=false timedOut=false
[2026-09-15 08:25:51.640] [MEASURE] [INFO] [cid=848769c9-26b6-487c-bc30-fd77f5771376] WAIT_STATE subject=enableLink target=org.dt4n.core:link-h1-s1 expect=up stateNow=down timeoutMs=20000
[2026-09-15 08:25:51.644] [AGENT] [INFO] [cid=848769c9-26b6-487c-bc30-fd77f5771376] RESPONSE_OK subject=enableLink target=org.dt4n.core:controller http_status=202
[2026-09-15 08:25:52.163] [SYNC] [INFO] [cid=-] STATE_DETECTED subject=- target=org.dt4n.core:host-h1 detail=up cycle=109
[2026-09-15 08:25:52.171] [SYNC] [INFO] [cid=-] STATE_PUSHED subject=- target=org.dt4n.core:host-h1 detail=up cycle=109
[2026-09-15 08:25:52.184] [SYNC] [INFO] [cid=-] STATE_DETECTED subject=- target=org.dt4n.core:link-h1-s1 detail=up cycle=109
[2026-09-15 08:25:52.191] [SYNC] [INFO] [cid=-] STATE_PUSHED subject=- target=org.dt4n.core:link-h1-s1 detail=up cycle=109
[2026-09-15 08:25:52.264] [MEASURE] [INFO] [cid=848769c9-26b6-487c-bc30-fd77f5771376] STATE_OK subject=enableLink target=org.dt4n.core:link-h1-s1 expect=up state=up
[2026-09-15 08:25:53.492] [MEASURE] [INFO] [cid=f25ba96d-a6cb-4259-8d5f-92d034e64acf] CLICK subject=disableLink target=org.dt4n.core:link-h1-s1 params={} stateBefore=up
[2026-09-15 08:25:53.492] [MEASURE] [INFO] [cid=f25ba96d-a6cb-4259-8d5f-92d034e64acf] SEND subject=disableLink target=org.dt4n.core:link-h1-s1 detail=POST http://localhost:8080/api/2/things/org.dt4n.core:controller/inbox/messages/disableLink?timeout=0 timeout=0s
[2026-09-15 08:25:53.499] [AGENT] [INFO] [cid=f25ba96d-a6cb-4259-8d5f-92d034e64acf] SSE_EVENT subject=disableLink target=org.dt4n.core:link-h1-s1 bytes=98 correlationSource=payload:clientCorrelationId eventName=disableLink sseFields=["event"]
[2026-09-15 08:25:53.499] [AGENT] [INFO] [cid=f25ba96d-a6cb-4259-8d5f-92d034e64acf] RECEIVE subject=disableLink target=org.dt4n.core:link-h1-s1 params={}
[2026-09-15 08:25:53.499] [AGENT] [INFO] [cid=f25ba96d-a6cb-4259-8d5f-92d034e64acf] EXECUTE_START subject=disableLink target=org.dt4n.core:link-h1-s1
[2026-09-15 08:25:53.499] [AGENT] [INFO] [cid=f25ba96d-a6cb-4259-8d5f-92d034e64acf] LOCK_WAIT subject=disableLink target=org.dt4n.core:link-h1-s1 waitMs=0
[2026-09-15 08:25:53.504] [AGENT] [INFO] [cid=f25ba96d-a6cb-4259-8d5f-92d034e64acf] EXECUTE_DONE subject=disableLink target=org.dt4n.core:link-h1-s1 detail=link h1-s1 -> down code=200
[2026-09-15 08:25:53.504] [AGENT] [INFO] [cid=f25ba96d-a6cb-4259-8d5f-92d034e64acf] RESPONSE_SEND subject=disableLink target=org.dt4n.core:controller code=200 correlationSource=payload:clientCorrelationId ok=true
[2026-09-15 08:25:53.504] [CTRL] [INFO] [cid=-] REROUTE subject=- target=link-h1-s1 detail=down edge=s1-h1
[2026-09-15 08:25:53.524] [MEASURE] [INFO] [cid=f25ba96d-a6cb-4259-8d5f-92d034e64acf] DITTO_RESPONSE subject=disableLink target=org.dt4n.core:link-h1-s1 durationMs=31 http=202 rejected=false timedOut=false
[2026-09-15 08:25:53.524] [MEASURE] [INFO] [cid=f25ba96d-a6cb-4259-8d5f-92d034e64acf] UI_ACK subject=disableLink target=org.dt4n.core:link-h1-s1 http=202 ok=true rejected=false timedOut=false
[2026-09-15 08:25:53.529] [MEASURE] [INFO] [cid=f25ba96d-a6cb-4259-8d5f-92d034e64acf] WAIT_STATE subject=disableLink target=org.dt4n.core:link-h1-s1 expect=down stateNow=up timeoutMs=20000
[2026-09-15 08:25:53.533] [AGENT] [INFO] [cid=f25ba96d-a6cb-4259-8d5f-92d034e64acf] RESPONSE_OK subject=disableLink target=org.dt4n.core:controller http_status=202
[2026-09-15 08:25:54.164] [SYNC] [INFO] [cid=-] STATE_DETECTED subject=- target=org.dt4n.core:host-h1 detail=down cycle=111
[2026-09-15 08:25:54.172] [SYNC] [INFO] [cid=-] STATE_PUSHED subject=- target=org.dt4n.core:host-h1 detail=down cycle=111
[2026-09-15 08:25:54.184] [SYNC] [INFO] [cid=-] STATE_DETECTED subject=- target=org.dt4n.core:link-h1-s1 detail=down cycle=111
[2026-09-15 08:25:54.190] [SYNC] [INFO] [cid=-] STATE_PUSHED subject=- target=org.dt4n.core:link-h1-s1 detail=down cycle=111
[2026-09-15 08:25:54.361] [MEASURE] [INFO] [cid=f25ba96d-a6cb-4259-8d5f-92d034e64acf] STATE_OK subject=disableLink target=org.dt4n.core:link-h1-s1 expect=down state=down
[2026-09-15 08:25:55.584] [MEASURE] [INFO] [cid=2adbaaa5-5747-436b-9dce-78b8fc18d031] CLICK subject=enableLink target=org.dt4n.core:link-h1-s1 params={} stateBefore=down
[2026-09-15 08:25:55.584] [MEASURE] [INFO] [cid=2adbaaa5-5747-436b-9dce-78b8fc18d031] SEND subject=enableLink target=org.dt4n.core:link-h1-s1 detail=POST http://localhost:8080/api/2/things/org.dt4n.core:controller/inbox/messages/enableLink?timeout=0 timeout=0s
[2026-09-15 08:25:55.591] [AGENT] [INFO] [cid=2adbaaa5-5747-436b-9dce-78b8fc18d031] SSE_EVENT subject=enableLink target=org.dt4n.core:link-h1-s1 bytes=98 correlationSource=payload:clientCorrelationId eventName=enableLink sseFields=["event"]
[2026-09-15 08:25:55.591] [AGENT] [INFO] [cid=2adbaaa5-5747-436b-9dce-78b8fc18d031] RECEIVE subject=enableLink target=org.dt4n.core:link-h1-s1 params={}
[2026-09-15 08:25:55.591] [AGENT] [INFO] [cid=2adbaaa5-5747-436b-9dce-78b8fc18d031] EXECUTE_START subject=enableLink target=org.dt4n.core:link-h1-s1
[2026-09-15 08:25:55.591] [AGENT] [INFO] [cid=2adbaaa5-5747-436b-9dce-78b8fc18d031] LOCK_WAIT subject=enableLink target=org.dt4n.core:link-h1-s1 waitMs=0
[2026-09-15 08:25:55.595] [AGENT] [INFO] [cid=2adbaaa5-5747-436b-9dce-78b8fc18d031] EXECUTE_DONE subject=enableLink target=org.dt4n.core:link-h1-s1 detail=link h1-s1 -> up code=200
[2026-09-15 08:25:55.595] [AGENT] [INFO] [cid=2adbaaa5-5747-436b-9dce-78b8fc18d031] RESPONSE_SEND subject=enableLink target=org.dt4n.core:controller code=200 correlationSource=payload:clientCorrelationId ok=true
[2026-09-15 08:25:55.598] [CTRL] [INFO] [cid=-] REROUTE subject=- target=link-h1-s1 detail=up edge=s1-h1
[2026-09-15 08:25:55.599] [CTRL] [INFO] [cid=-] FLOW_INSTALL subject=- target=s1 detail=1 ipv4 flows changed
[2026-09-15 08:25:55.599] [CTRL] [INFO] [cid=-] FLOW_INSTALL subject=- target=s3 detail=1 ipv4 flows changed
[2026-09-15 08:25:55.600] [CTRL] [INFO] [cid=-] FLOW_INSTALL subject=- target=s2 detail=1 ipv4 flows changed
[2026-09-15 08:25:55.614] [MEASURE] [INFO] [cid=2adbaaa5-5747-436b-9dce-78b8fc18d031] DITTO_RESPONSE subject=enableLink target=org.dt4n.core:link-h1-s1 durationMs=30 http=202 rejected=false timedOut=false
[2026-09-15 08:25:55.614] [MEASURE] [INFO] [cid=2adbaaa5-5747-436b-9dce-78b8fc18d031] UI_ACK subject=enableLink target=org.dt4n.core:link-h1-s1 http=202 ok=true rejected=false timedOut=false
[2026-09-15 08:25:55.620] [MEASURE] [INFO] [cid=2adbaaa5-5747-436b-9dce-78b8fc18d031] WAIT_STATE subject=enableLink target=org.dt4n.core:link-h1-s1 expect=up stateNow=down timeoutMs=20000
[2026-09-15 08:25:55.624] [AGENT] [INFO] [cid=2adbaaa5-5747-436b-9dce-78b8fc18d031] RESPONSE_OK subject=enableLink target=org.dt4n.core:controller http_status=202
[2026-09-15 08:25:56.163] [SYNC] [INFO] [cid=-] STATE_DETECTED subject=- target=org.dt4n.core:host-h1 detail=up cycle=113
[2026-09-15 08:25:56.171] [SYNC] [INFO] [cid=-] STATE_PUSHED subject=- target=org.dt4n.core:host-h1 detail=up cycle=113
[2026-09-15 08:25:56.183] [SYNC] [INFO] [cid=-] STATE_DETECTED subject=- target=org.dt4n.core:link-h1-s1 detail=up cycle=113
[2026-09-15 08:25:56.188] [SYNC] [INFO] [cid=-] STATE_PUSHED subject=- target=org.dt4n.core:link-h1-s1 detail=up cycle=113
[2026-09-15 08:25:56.244] [MEASURE] [INFO] [cid=2adbaaa5-5747-436b-9dce-78b8fc18d031] STATE_OK subject=enableLink target=org.dt4n.core:link-h1-s1 expect=up state=up
[2026-09-15 08:25:57.467] [MEASURE] [INFO] [cid=4cd15262-dccf-406b-8f59-68930c9f6e7b] CLICK subject=disableLink target=org.dt4n.core:link-h1-s1 params={} stateBefore=up
[2026-09-15 08:25:57.467] [MEASURE] [INFO] [cid=4cd15262-dccf-406b-8f59-68930c9f6e7b] SEND subject=disableLink target=org.dt4n.core:link-h1-s1 detail=POST http://localhost:8080/api/2/things/org.dt4n.core:controller/inbox/messages/disableLink?timeout=0 timeout=0s
[2026-09-15 08:25:57.474] [AGENT] [INFO] [cid=4cd15262-dccf-406b-8f59-68930c9f6e7b] SSE_EVENT subject=disableLink target=org.dt4n.core:link-h1-s1 bytes=98 correlationSource=payload:clientCorrelationId eventName=disableLink sseFields=["event"]
[2026-09-15 08:25:57.475] [AGENT] [INFO] [cid=4cd15262-dccf-406b-8f59-68930c9f6e7b] RECEIVE subject=disableLink target=org.dt4n.core:link-h1-s1 params={}
[2026-09-15 08:25:57.475] [AGENT] [INFO] [cid=4cd15262-dccf-406b-8f59-68930c9f6e7b] EXECUTE_START subject=disableLink target=org.dt4n.core:link-h1-s1
[2026-09-15 08:25:57.475] [AGENT] [INFO] [cid=4cd15262-dccf-406b-8f59-68930c9f6e7b] LOCK_WAIT subject=disableLink target=org.dt4n.core:link-h1-s1 waitMs=0
[2026-09-15 08:25:57.478] [CTRL] [INFO] [cid=-] REROUTE subject=- target=link-h1-s1 detail=down edge=s1-h1
[2026-09-15 08:25:57.478] [AGENT] [INFO] [cid=4cd15262-dccf-406b-8f59-68930c9f6e7b] EXECUTE_DONE subject=disableLink target=org.dt4n.core:link-h1-s1 detail=link h1-s1 -> down code=200
[2026-09-15 08:25:57.479] [AGENT] [INFO] [cid=4cd15262-dccf-406b-8f59-68930c9f6e7b] RESPONSE_SEND subject=disableLink target=org.dt4n.core:controller code=200 correlationSource=payload:clientCorrelationId ok=true
[2026-09-15 08:25:57.493] [MEASURE] [INFO] [cid=4cd15262-dccf-406b-8f59-68930c9f6e7b] DITTO_RESPONSE subject=disableLink target=org.dt4n.core:link-h1-s1 durationMs=26 http=202 rejected=false timedOut=false
[2026-09-15 08:25:57.494] [MEASURE] [INFO] [cid=4cd15262-dccf-406b-8f59-68930c9f6e7b] UI_ACK subject=disableLink target=org.dt4n.core:link-h1-s1 http=202 ok=true rejected=false timedOut=false
[2026-09-15 08:25:57.499] [MEASURE] [INFO] [cid=4cd15262-dccf-406b-8f59-68930c9f6e7b] WAIT_STATE subject=disableLink target=org.dt4n.core:link-h1-s1 expect=down stateNow=up timeoutMs=20000
[2026-09-15 08:25:57.503] [AGENT] [INFO] [cid=4cd15262-dccf-406b-8f59-68930c9f6e7b] RESPONSE_OK subject=disableLink target=org.dt4n.core:controller http_status=202
[2026-09-15 08:25:58.165] [SYNC] [INFO] [cid=-] STATE_DETECTED subject=- target=org.dt4n.core:host-h1 detail=down cycle=115
[2026-09-15 08:25:58.172] [SYNC] [INFO] [cid=-] STATE_PUSHED subject=- target=org.dt4n.core:host-h1 detail=down cycle=115
[2026-09-15 08:25:58.185] [SYNC] [INFO] [cid=-] STATE_DETECTED subject=- target=org.dt4n.core:link-h1-s1 detail=down cycle=115
[2026-09-15 08:25:58.191] [SYNC] [INFO] [cid=-] STATE_PUSHED subject=- target=org.dt4n.core:link-h1-s1 detail=down cycle=115
[2026-09-15 08:25:58.330] [MEASURE] [INFO] [cid=4cd15262-dccf-406b-8f59-68930c9f6e7b] STATE_OK subject=disableLink target=org.dt4n.core:link-h1-s1 expect=down state=down
[2026-09-15 08:25:59.552] [MEASURE] [INFO] [cid=09ae25f1-2bbe-4b9d-9d62-19420fc3bafd] CLICK subject=enableLink target=org.dt4n.core:link-h1-s1 params={} stateBefore=down
[2026-09-15 08:25:59.552] [MEASURE] [INFO] [cid=09ae25f1-2bbe-4b9d-9d62-19420fc3bafd] SEND subject=enableLink target=org.dt4n.core:link-h1-s1 detail=POST http://localhost:8080/api/2/things/org.dt4n.core:controller/inbox/messages/enableLink?timeout=0 timeout=0s
[2026-09-15 08:25:59.559] [AGENT] [INFO] [cid=09ae25f1-2bbe-4b9d-9d62-19420fc3bafd] SSE_EVENT subject=enableLink target=org.dt4n.core:link-h1-s1 bytes=98 correlationSource=payload:clientCorrelationId eventName=enableLink sseFields=["event"]
[2026-09-15 08:25:59.559] [AGENT] [INFO] [cid=09ae25f1-2bbe-4b9d-9d62-19420fc3bafd] RECEIVE subject=enableLink target=org.dt4n.core:link-h1-s1 params={}
[2026-09-15 08:25:59.560] [AGENT] [INFO] [cid=09ae25f1-2bbe-4b9d-9d62-19420fc3bafd] EXECUTE_START subject=enableLink target=org.dt4n.core:link-h1-s1
[2026-09-15 08:25:59.560] [AGENT] [INFO] [cid=09ae25f1-2bbe-4b9d-9d62-19420fc3bafd] LOCK_WAIT subject=enableLink target=org.dt4n.core:link-h1-s1 waitMs=0
[2026-09-15 08:25:59.563] [AGENT] [INFO] [cid=09ae25f1-2bbe-4b9d-9d62-19420fc3bafd] EXECUTE_DONE subject=enableLink target=org.dt4n.core:link-h1-s1 detail=link h1-s1 -> up code=200
[2026-09-15 08:25:59.563] [AGENT] [INFO] [cid=09ae25f1-2bbe-4b9d-9d62-19420fc3bafd] RESPONSE_SEND subject=enableLink target=org.dt4n.core:controller code=200 correlationSource=payload:clientCorrelationId ok=true
[2026-09-15 08:25:59.566] [CTRL] [INFO] [cid=-] REROUTE subject=- target=link-h1-s1 detail=up edge=s1-h1
[2026-09-15 08:25:59.567] [CTRL] [INFO] [cid=-] FLOW_INSTALL subject=- target=s1 detail=1 ipv4 flows changed
[2026-09-15 08:25:59.567] [CTRL] [INFO] [cid=-] FLOW_INSTALL subject=- target=s3 detail=1 ipv4 flows changed
[2026-09-15 08:25:59.567] [CTRL] [INFO] [cid=-] FLOW_INSTALL subject=- target=s2 detail=1 ipv4 flows changed
[2026-09-15 08:25:59.583] [MEASURE] [INFO] [cid=09ae25f1-2bbe-4b9d-9d62-19420fc3bafd] DITTO_RESPONSE subject=enableLink target=org.dt4n.core:link-h1-s1 durationMs=31 http=202 rejected=false timedOut=false
[2026-09-15 08:25:59.583] [MEASURE] [INFO] [cid=09ae25f1-2bbe-4b9d-9d62-19420fc3bafd] UI_ACK subject=enableLink target=org.dt4n.core:link-h1-s1 http=202 ok=true rejected=false timedOut=false
[2026-09-15 08:25:59.589] [MEASURE] [INFO] [cid=09ae25f1-2bbe-4b9d-9d62-19420fc3bafd] WAIT_STATE subject=enableLink target=org.dt4n.core:link-h1-s1 expect=up stateNow=down timeoutMs=20000
[2026-09-15 08:25:59.593] [AGENT] [INFO] [cid=09ae25f1-2bbe-4b9d-9d62-19420fc3bafd] RESPONSE_OK subject=enableLink target=org.dt4n.core:controller http_status=202
[2026-09-15 08:26:00.164] [SYNC] [INFO] [cid=-] STATE_DETECTED subject=- target=org.dt4n.core:host-h1 detail=up cycle=117
[2026-09-15 08:26:00.171] [SYNC] [INFO] [cid=-] STATE_PUSHED subject=- target=org.dt4n.core:host-h1 detail=up cycle=117
[2026-09-15 08:26:00.184] [SYNC] [INFO] [cid=-] STATE_DETECTED subject=- target=org.dt4n.core:link-h1-s1 detail=up cycle=117
[2026-09-15 08:26:00.190] [SYNC] [INFO] [cid=-] STATE_PUSHED subject=- target=org.dt4n.core:link-h1-s1 detail=up cycle=117
[2026-09-15 08:26:00.217] [MEASURE] [INFO] [cid=09ae25f1-2bbe-4b9d-9d62-19420fc3bafd] STATE_OK subject=enableLink target=org.dt4n.core:link-h1-s1 expect=up state=up
[2026-09-15 08:26:01.440] [MEASURE] [INFO] [cid=7825ddd8-3531-4696-8c1d-c6c75eddfc46] CLICK subject=disableLink target=org.dt4n.core:link-h1-s1 params={} stateBefore=up
[2026-09-15 08:26:01.440] [MEASURE] [INFO] [cid=7825ddd8-3531-4696-8c1d-c6c75eddfc46] SEND subject=disableLink target=org.dt4n.core:link-h1-s1 detail=POST http://localhost:8080/api/2/things/org.dt4n.core:controller/inbox/messages/disableLink?timeout=0 timeout=0s
[2026-09-15 08:26:01.448] [AGENT] [INFO] [cid=7825ddd8-3531-4696-8c1d-c6c75eddfc46] SSE_EVENT subject=disableLink target=org.dt4n.core:link-h1-s1 bytes=98 correlationSource=payload:clientCorrelationId eventName=disableLink sseFields=["event"]
[2026-09-15 08:26:01.448] [AGENT] [INFO] [cid=7825ddd8-3531-4696-8c1d-c6c75eddfc46] RECEIVE subject=disableLink target=org.dt4n.core:link-h1-s1 params={}
[2026-09-15 08:26:01.448] [AGENT] [INFO] [cid=7825ddd8-3531-4696-8c1d-c6c75eddfc46] EXECUTE_START subject=disableLink target=org.dt4n.core:link-h1-s1
[2026-09-15 08:26:01.448] [AGENT] [INFO] [cid=7825ddd8-3531-4696-8c1d-c6c75eddfc46] LOCK_WAIT subject=disableLink target=org.dt4n.core:link-h1-s1 waitMs=0
[2026-09-15 08:26:01.453] [AGENT] [INFO] [cid=7825ddd8-3531-4696-8c1d-c6c75eddfc46] EXECUTE_DONE subject=disableLink target=org.dt4n.core:link-h1-s1 detail=link h1-s1 -> down code=200
[2026-09-15 08:26:01.453] [AGENT] [INFO] [cid=7825ddd8-3531-4696-8c1d-c6c75eddfc46] RESPONSE_SEND subject=disableLink target=org.dt4n.core:controller code=200 correlationSource=payload:clientCorrelationId ok=true
[2026-09-15 08:26:01.455] [CTRL] [INFO] [cid=-] REROUTE subject=- target=link-h1-s1 detail=down edge=s1-h1
[2026-09-15 08:26:01.474] [MEASURE] [INFO] [cid=7825ddd8-3531-4696-8c1d-c6c75eddfc46] DITTO_RESPONSE subject=disableLink target=org.dt4n.core:link-h1-s1 durationMs=33 http=202 rejected=false timedOut=false
[2026-09-15 08:26:01.474] [MEASURE] [INFO] [cid=7825ddd8-3531-4696-8c1d-c6c75eddfc46] UI_ACK subject=disableLink target=org.dt4n.core:link-h1-s1 http=202 ok=true rejected=false timedOut=false
[2026-09-15 08:26:01.480] [MEASURE] [INFO] [cid=7825ddd8-3531-4696-8c1d-c6c75eddfc46] WAIT_STATE subject=disableLink target=org.dt4n.core:link-h1-s1 expect=down stateNow=up timeoutMs=20000
[2026-09-15 08:26:01.483] [AGENT] [INFO] [cid=7825ddd8-3531-4696-8c1d-c6c75eddfc46] RESPONSE_OK subject=disableLink target=org.dt4n.core:controller http_status=202
[2026-09-15 08:26:02.164] [SYNC] [INFO] [cid=-] STATE_DETECTED subject=- target=org.dt4n.core:host-h1 detail=down cycle=119
[2026-09-15 08:26:02.172] [SYNC] [INFO] [cid=-] STATE_PUSHED subject=- target=org.dt4n.core:host-h1 detail=down cycle=119
[2026-09-15 08:26:02.191] [SYNC] [INFO] [cid=-] STATE_DETECTED subject=- target=org.dt4n.core:link-h1-s1 detail=down cycle=119
[2026-09-15 08:26:02.197] [SYNC] [INFO] [cid=-] STATE_PUSHED subject=- target=org.dt4n.core:link-h1-s1 detail=down cycle=119
[2026-09-15 08:26:02.310] [MEASURE] [INFO] [cid=7825ddd8-3531-4696-8c1d-c6c75eddfc46] STATE_OK subject=disableLink target=org.dt4n.core:link-h1-s1 expect=down state=down
[2026-09-15 08:26:03.165] [SYNC] [INFO] [cid=-] STATE_DETECTED subject=- target=org.dt4n.core:host-h1 detail=down cycle=120
[2026-09-15 08:26:03.173] [SYNC] [INFO] [cid=-] STATE_PUSHED subject=- target=org.dt4n.core:host-h1 detail=down cycle=120
[2026-09-15 08:26:03.173] [SYNC] [INFO] [cid=-] STATE_DETECTED subject=- target=org.dt4n.core:host-h2 detail=up cycle=120
[2026-09-15 08:26:03.180] [SYNC] [INFO] [cid=-] STATE_PUSHED subject=- target=org.dt4n.core:host-h2 detail=up cycle=120
[2026-09-15 08:26:03.180] [SYNC] [INFO] [cid=-] STATE_DETECTED subject=- target=org.dt4n.core:host-h3 detail=up cycle=120
[2026-09-15 08:26:03.186] [SYNC] [INFO] [cid=-] STATE_PUSHED subject=- target=org.dt4n.core:host-h3 detail=up cycle=120
[2026-09-15 08:26:03.186] [SYNC] [INFO] [cid=-] STATE_DETECTED subject=- target=org.dt4n.core:host-srv1 detail=up cycle=120
[2026-09-15 08:26:03.192] [SYNC] [INFO] [cid=-] STATE_PUSHED subject=- target=org.dt4n.core:host-srv1 detail=up cycle=120
[2026-09-15 08:26:03.192] [SYNC] [INFO] [cid=-] STATE_DETECTED subject=- target=org.dt4n.core:host-srv2 detail=up cycle=120
[2026-09-15 08:26:03.197] [SYNC] [INFO] [cid=-] STATE_PUSHED subject=- target=org.dt4n.core:host-srv2 detail=up cycle=120
[2026-09-15 08:26:03.198] [SYNC] [INFO] [cid=-] STATE_DETECTED subject=- target=org.dt4n.core:switch-s1 detail=up cycle=120
[2026-09-15 08:26:03.204] [SYNC] [INFO] [cid=-] STATE_PUSHED subject=- target=org.dt4n.core:switch-s1 detail=up cycle=120
[2026-09-15 08:26:03.204] [SYNC] [INFO] [cid=-] STATE_DETECTED subject=- target=org.dt4n.core:switch-s2 detail=up cycle=120
[2026-09-15 08:26:03.210] [SYNC] [INFO] [cid=-] STATE_PUSHED subject=- target=org.dt4n.core:switch-s2 detail=up cycle=120
[2026-09-15 08:26:03.210] [SYNC] [INFO] [cid=-] STATE_DETECTED subject=- target=org.dt4n.core:switch-s3 detail=up cycle=120
[2026-09-15 08:26:03.217] [SYNC] [INFO] [cid=-] STATE_PUSHED subject=- target=org.dt4n.core:switch-s3 detail=up cycle=120
[2026-09-15 08:26:03.217] [SYNC] [INFO] [cid=-] STATE_DETECTED subject=- target=org.dt4n.core:link-h1-s1 detail=down cycle=120
[2026-09-15 08:26:03.224] [SYNC] [INFO] [cid=-] STATE_PUSHED subject=- target=org.dt4n.core:link-h1-s1 detail=down cycle=120
[2026-09-15 08:26:03.224] [SYNC] [INFO] [cid=-] STATE_DETECTED subject=- target=org.dt4n.core:link-h2-s1 detail=up cycle=120
[2026-09-15 08:26:03.231] [SYNC] [INFO] [cid=-] STATE_PUSHED subject=- target=org.dt4n.core:link-h2-s1 detail=up cycle=120
[2026-09-15 08:26:03.231] [SYNC] [INFO] [cid=-] STATE_DETECTED subject=- target=org.dt4n.core:link-h3-s1 detail=up cycle=120
[2026-09-15 08:26:03.238] [SYNC] [INFO] [cid=-] STATE_PUSHED subject=- target=org.dt4n.core:link-h3-s1 detail=up cycle=120
[2026-09-15 08:26:03.238] [SYNC] [INFO] [cid=-] STATE_DETECTED subject=- target=org.dt4n.core:link-s1-s2 detail=up cycle=120
[2026-09-15 08:26:03.244] [SYNC] [INFO] [cid=-] STATE_PUSHED subject=- target=org.dt4n.core:link-s1-s2 detail=up cycle=120
[2026-09-15 08:26:03.244] [SYNC] [INFO] [cid=-] STATE_DETECTED subject=- target=org.dt4n.core:link-s1-s3 detail=up cycle=120
[2026-09-15 08:26:03.251] [SYNC] [INFO] [cid=-] STATE_PUSHED subject=- target=org.dt4n.core:link-s1-s3 detail=up cycle=120
[2026-09-15 08:26:03.251] [SYNC] [INFO] [cid=-] STATE_DETECTED subject=- target=org.dt4n.core:link-s2-s3 detail=up cycle=120
[2026-09-15 08:26:03.257] [SYNC] [INFO] [cid=-] STATE_PUSHED subject=- target=org.dt4n.core:link-s2-s3 detail=up cycle=120
[2026-09-15 08:26:03.257] [SYNC] [INFO] [cid=-] STATE_DETECTED subject=- target=org.dt4n.core:link-s2-srv1 detail=up cycle=120
[2026-09-15 08:26:03.264] [SYNC] [INFO] [cid=-] STATE_PUSHED subject=- target=org.dt4n.core:link-s2-srv1 detail=up cycle=120
[2026-09-15 08:26:03.264] [SYNC] [INFO] [cid=-] STATE_DETECTED subject=- target=org.dt4n.core:link-s3-srv2 detail=up cycle=120
[2026-09-15 08:26:03.270] [SYNC] [INFO] [cid=-] STATE_PUSHED subject=- target=org.dt4n.core:link-s3-srv2 detail=up cycle=120
[2026-09-15 08:26:03.534] [MEASURE] [INFO] [cid=8d91c411-dff4-46da-a831-646ccf05ea36] CLICK subject=enableLink target=org.dt4n.core:link-h1-s1 params={} stateBefore=down
[2026-09-15 08:26:03.534] [MEASURE] [INFO] [cid=8d91c411-dff4-46da-a831-646ccf05ea36] SEND subject=enableLink target=org.dt4n.core:link-h1-s1 detail=POST http://localhost:8080/api/2/things/org.dt4n.core:controller/inbox/messages/enableLink?timeout=0 timeout=0s
[2026-09-15 08:26:03.542] [AGENT] [INFO] [cid=8d91c411-dff4-46da-a831-646ccf05ea36] SSE_EVENT subject=enableLink target=org.dt4n.core:link-h1-s1 bytes=98 correlationSource=payload:clientCorrelationId eventName=enableLink sseFields=["event"]
[2026-09-15 08:26:03.543] [AGENT] [INFO] [cid=8d91c411-dff4-46da-a831-646ccf05ea36] RECEIVE subject=enableLink target=org.dt4n.core:link-h1-s1 params={}
[2026-09-15 08:26:03.543] [AGENT] [INFO] [cid=8d91c411-dff4-46da-a831-646ccf05ea36] EXECUTE_START subject=enableLink target=org.dt4n.core:link-h1-s1
[2026-09-15 08:26:03.543] [AGENT] [INFO] [cid=8d91c411-dff4-46da-a831-646ccf05ea36] LOCK_WAIT subject=enableLink target=org.dt4n.core:link-h1-s1 waitMs=0
[2026-09-15 08:26:03.546] [AGENT] [INFO] [cid=8d91c411-dff4-46da-a831-646ccf05ea36] EXECUTE_DONE subject=enableLink target=org.dt4n.core:link-h1-s1 detail=link h1-s1 -> up code=200
[2026-09-15 08:26:03.546] [AGENT] [INFO] [cid=8d91c411-dff4-46da-a831-646ccf05ea36] RESPONSE_SEND subject=enableLink target=org.dt4n.core:controller code=200 correlationSource=payload:clientCorrelationId ok=true
[2026-09-15 08:26:03.549] [CTRL] [INFO] [cid=-] REROUTE subject=- target=link-h1-s1 detail=up edge=s1-h1
[2026-09-15 08:26:03.549] [CTRL] [INFO] [cid=-] FLOW_INSTALL subject=- target=s1 detail=1 ipv4 flows changed
[2026-09-15 08:26:03.550] [CTRL] [INFO] [cid=-] FLOW_INSTALL subject=- target=s3 detail=1 ipv4 flows changed
[2026-09-15 08:26:03.550] [CTRL] [INFO] [cid=-] FLOW_INSTALL subject=- target=s2 detail=1 ipv4 flows changed
[2026-09-15 08:26:03.564] [MEASURE] [INFO] [cid=8d91c411-dff4-46da-a831-646ccf05ea36] DITTO_RESPONSE subject=enableLink target=org.dt4n.core:link-h1-s1 durationMs=30 http=202 rejected=false timedOut=false
[2026-09-15 08:26:03.564] [MEASURE] [INFO] [cid=8d91c411-dff4-46da-a831-646ccf05ea36] UI_ACK subject=enableLink target=org.dt4n.core:link-h1-s1 http=202 ok=true rejected=false timedOut=false
[2026-09-15 08:26:03.570] [MEASURE] [INFO] [cid=8d91c411-dff4-46da-a831-646ccf05ea36] WAIT_STATE subject=enableLink target=org.dt4n.core:link-h1-s1 expect=up stateNow=down timeoutMs=20000
[2026-09-15 08:26:03.573] [AGENT] [INFO] [cid=8d91c411-dff4-46da-a831-646ccf05ea36] RESPONSE_OK subject=enableLink target=org.dt4n.core:controller http_status=202
[2026-09-15 08:26:03.839] [UI] event=state.resync.start level=info data={"tsServer":"2026-09-15T08:26:03.838Z","source":"dashboard","tsClient":"2026-09-15T08:26:03.836Z","seq":2,"event":"state.resync.start","level":"info","path":"/","reason":"initial-load"}
[2026-09-15 08:26:03.839] [UI] TOPOLOGY_LOAD_START
[2026-09-15 08:26:03.867] [UI] RESYNC_DONE reason=initial-load things=18 nodes=8 edges=8 durationMs=29
[2026-09-15 08:26:03.903] [UI] TOPOLOGY_LOAD_DONE
[2026-09-15 08:26:04.165] [SYNC] [INFO] [cid=-] STATE_DETECTED subject=- target=org.dt4n.core:host-h1 detail=up cycle=121
[2026-09-15 08:26:04.173] [SYNC] [INFO] [cid=-] STATE_PUSHED subject=- target=org.dt4n.core:host-h1 detail=up cycle=121
[2026-09-15 08:26:04.190] [SYNC] [INFO] [cid=-] STATE_DETECTED subject=- target=org.dt4n.core:link-h1-s1 detail=up cycle=121
[2026-09-15 08:26:04.196] [SYNC] [INFO] [cid=-] STATE_PUSHED subject=- target=org.dt4n.core:link-h1-s1 detail=up cycle=121
[2026-09-15 08:26:04.198] [MEASURE] [INFO] [cid=8d91c411-dff4-46da-a831-646ccf05ea36] STATE_OK subject=enableLink target=org.dt4n.core:link-h1-s1 expect=up state=up
[2026-09-15 08:26:04.938] [UI] SSE_OPEN
[2026-09-15 08:26:04.938] [UI] event=state.resync.start level=info data={"tsServer":"2026-09-15T08:26:04.937Z","source":"dashboard","tsClient":"2026-09-15T08:26:04.935Z","seq":6,"event":"state.resync.start","level":"info","path":"/","reason":"sse-open"}
[2026-09-15 08:26:04.962] [UI] RESYNC_DONE reason=sse-open things=18 nodes=8 edges=8 durationMs=25
[2026-09-15 08:26:05.422] [MEASURE] [INFO] [cid=37628ce2-dcb8-4598-9df0-2b02ef5af437] CLICK subject=disableLink target=org.dt4n.core:link-h1-s1 params={} stateBefore=up
[2026-09-15 08:26:05.422] [MEASURE] [INFO] [cid=37628ce2-dcb8-4598-9df0-2b02ef5af437] SEND subject=disableLink target=org.dt4n.core:link-h1-s1 detail=POST http://localhost:8080/api/2/things/org.dt4n.core:controller/inbox/messages/disableLink?timeout=0 timeout=0s
[2026-09-15 08:26:05.429] [AGENT] [INFO] [cid=37628ce2-dcb8-4598-9df0-2b02ef5af437] SSE_EVENT subject=disableLink target=org.dt4n.core:link-h1-s1 bytes=98 correlationSource=payload:clientCorrelationId eventName=disableLink sseFields=["event"]
[2026-09-15 08:26:05.429] [AGENT] [INFO] [cid=37628ce2-dcb8-4598-9df0-2b02ef5af437] RECEIVE subject=disableLink target=org.dt4n.core:link-h1-s1 params={}
[2026-09-15 08:26:05.429] [AGENT] [INFO] [cid=37628ce2-dcb8-4598-9df0-2b02ef5af437] EXECUTE_START subject=disableLink target=org.dt4n.core:link-h1-s1
[2026-09-15 08:26:05.429] [AGENT] [INFO] [cid=37628ce2-dcb8-4598-9df0-2b02ef5af437] LOCK_WAIT subject=disableLink target=org.dt4n.core:link-h1-s1 waitMs=0
[2026-09-15 08:26:05.434] [AGENT] [INFO] [cid=37628ce2-dcb8-4598-9df0-2b02ef5af437] EXECUTE_DONE subject=disableLink target=org.dt4n.core:link-h1-s1 detail=link h1-s1 -> down code=200
[2026-09-15 08:26:05.434] [AGENT] [INFO] [cid=37628ce2-dcb8-4598-9df0-2b02ef5af437] RESPONSE_SEND subject=disableLink target=org.dt4n.core:controller code=200 correlationSource=payload:clientCorrelationId ok=true
[2026-09-15 08:26:05.435] [CTRL] [INFO] [cid=-] REROUTE subject=- target=link-h1-s1 detail=down edge=s1-h1
[2026-09-15 08:26:05.453] [MEASURE] [INFO] [cid=37628ce2-dcb8-4598-9df0-2b02ef5af437] DITTO_RESPONSE subject=disableLink target=org.dt4n.core:link-h1-s1 durationMs=31 http=202 rejected=false timedOut=false
[2026-09-15 08:26:05.454] [MEASURE] [INFO] [cid=37628ce2-dcb8-4598-9df0-2b02ef5af437] UI_ACK subject=disableLink target=org.dt4n.core:link-h1-s1 http=202 ok=true rejected=false timedOut=false
[2026-09-15 08:26:05.459] [MEASURE] [INFO] [cid=37628ce2-dcb8-4598-9df0-2b02ef5af437] WAIT_STATE subject=disableLink target=org.dt4n.core:link-h1-s1 expect=down stateNow=up timeoutMs=20000
[2026-09-15 08:26:05.463] [AGENT] [INFO] [cid=37628ce2-dcb8-4598-9df0-2b02ef5af437] RESPONSE_OK subject=disableLink target=org.dt4n.core:controller http_status=202
[2026-09-15 08:26:06.167] [SYNC] [INFO] [cid=-] STATE_DETECTED subject=- target=org.dt4n.core:host-h1 detail=down cycle=123
[2026-09-15 08:26:06.176] [SYNC] [INFO] [cid=-] STATE_PUSHED subject=- target=org.dt4n.core:host-h1 detail=down cycle=123
[2026-09-15 08:26:06.188] [SYNC] [INFO] [cid=-] STATE_DETECTED subject=- target=org.dt4n.core:link-h1-s1 detail=down cycle=123
[2026-09-15 08:26:06.195] [SYNC] [INFO] [cid=-] STATE_PUSHED subject=- target=org.dt4n.core:link-h1-s1 detail=down cycle=123
[2026-09-15 08:26:06.291] [MEASURE] [INFO] [cid=37628ce2-dcb8-4598-9df0-2b02ef5af437] STATE_OK subject=disableLink target=org.dt4n.core:link-h1-s1 expect=down state=down
[2026-09-15 08:26:07.515] [MEASURE] [INFO] [cid=8560a68b-7ff0-4540-978f-d22005c9cd79] CLICK subject=enableLink target=org.dt4n.core:link-h1-s1 params={} stateBefore=down
[2026-09-15 08:26:07.515] [MEASURE] [INFO] [cid=8560a68b-7ff0-4540-978f-d22005c9cd79] SEND subject=enableLink target=org.dt4n.core:link-h1-s1 detail=POST http://localhost:8080/api/2/things/org.dt4n.core:controller/inbox/messages/enableLink?timeout=0 timeout=0s
[2026-09-15 08:26:07.522] [AGENT] [INFO] [cid=8560a68b-7ff0-4540-978f-d22005c9cd79] SSE_EVENT subject=enableLink target=org.dt4n.core:link-h1-s1 bytes=98 correlationSource=payload:clientCorrelationId eventName=enableLink sseFields=["event"]
[2026-09-15 08:26:07.523] [AGENT] [INFO] [cid=8560a68b-7ff0-4540-978f-d22005c9cd79] RECEIVE subject=enableLink target=org.dt4n.core:link-h1-s1 params={}
[2026-09-15 08:26:07.523] [AGENT] [INFO] [cid=8560a68b-7ff0-4540-978f-d22005c9cd79] EXECUTE_START subject=enableLink target=org.dt4n.core:link-h1-s1
[2026-09-15 08:26:07.523] [AGENT] [INFO] [cid=8560a68b-7ff0-4540-978f-d22005c9cd79] LOCK_WAIT subject=enableLink target=org.dt4n.core:link-h1-s1 waitMs=0
[2026-09-15 08:26:07.526] [AGENT] [INFO] [cid=8560a68b-7ff0-4540-978f-d22005c9cd79] EXECUTE_DONE subject=enableLink target=org.dt4n.core:link-h1-s1 detail=link h1-s1 -> up code=200
[2026-09-15 08:26:07.526] [AGENT] [INFO] [cid=8560a68b-7ff0-4540-978f-d22005c9cd79] RESPONSE_SEND subject=enableLink target=org.dt4n.core:controller code=200 correlationSource=payload:clientCorrelationId ok=true
[2026-09-15 08:26:07.529] [CTRL] [INFO] [cid=-] REROUTE subject=- target=link-h1-s1 detail=up edge=s1-h1
[2026-09-15 08:26:07.530] [CTRL] [INFO] [cid=-] FLOW_INSTALL subject=- target=s1 detail=1 ipv4 flows changed
[2026-09-15 08:26:07.530] [CTRL] [INFO] [cid=-] FLOW_INSTALL subject=- target=s3 detail=1 ipv4 flows changed
[2026-09-15 08:26:07.531] [CTRL] [INFO] [cid=-] FLOW_INSTALL subject=- target=s2 detail=1 ipv4 flows changed
[2026-09-15 08:26:07.544] [MEASURE] [INFO] [cid=8560a68b-7ff0-4540-978f-d22005c9cd79] DITTO_RESPONSE subject=enableLink target=org.dt4n.core:link-h1-s1 durationMs=29 http=202 rejected=false timedOut=false
[2026-09-15 08:26:07.544] [MEASURE] [INFO] [cid=8560a68b-7ff0-4540-978f-d22005c9cd79] UI_ACK subject=enableLink target=org.dt4n.core:link-h1-s1 http=202 ok=true rejected=false timedOut=false
[2026-09-15 08:26:07.551] [MEASURE] [INFO] [cid=8560a68b-7ff0-4540-978f-d22005c9cd79] WAIT_STATE subject=enableLink target=org.dt4n.core:link-h1-s1 expect=up stateNow=down timeoutMs=20000
[2026-09-15 08:26:07.554] [AGENT] [INFO] [cid=8560a68b-7ff0-4540-978f-d22005c9cd79] RESPONSE_OK subject=enableLink target=org.dt4n.core:controller http_status=202
[2026-09-15 08:26:08.166] [SYNC] [INFO] [cid=-] STATE_DETECTED subject=- target=org.dt4n.core:host-h1 detail=up cycle=125
[2026-09-15 08:26:08.174] [SYNC] [INFO] [cid=-] STATE_PUSHED subject=- target=org.dt4n.core:host-h1 detail=up cycle=125
[2026-09-15 08:26:08.191] [SYNC] [INFO] [cid=-] STATE_DETECTED subject=- target=org.dt4n.core:link-h1-s1 detail=up cycle=125
[2026-09-15 08:26:08.197] [SYNC] [INFO] [cid=-] STATE_PUSHED subject=- target=org.dt4n.core:link-h1-s1 detail=up cycle=125
[2026-09-15 08:26:08.381] [MEASURE] [INFO] [cid=8560a68b-7ff0-4540-978f-d22005c9cd79] STATE_OK subject=enableLink target=org.dt4n.core:link-h1-s1 expect=up state=up
[2026-09-15 08:26:09.837] [AGENT] [INFO] [cid=-] SSE_EVENT subject=rebootEverything target=org.dt4n:link-h1-s1 bytes=32 correlationSource=missing eventName=rebootEverything sseFields=["event"]
[2026-09-15 08:26:09.838] [AGENT] [INFO] [cid=-] RECEIVE subject=rebootEverything target=org.dt4n:link-h1-s1 params={}
[2026-09-15 08:26:09.838] [AGENT] [WARN] [cid=-] REJECT subject=rebootEverything target=org.dt4n:link-h1-s1 detail=unknown command: rebootEverything
[2026-09-15 08:26:09.838] [AGENT] [WARN] [cid=-] RESPONSE_SKIP subject=rebootEverything target=org.dt4n.core:controller detail=missing correlation-id
[2026-09-15 08:26:22.910] [AGENT] [INFO] [cid=-] SSE_EVENT subject=setBandwidth target=org.dt4n:link-s2-s3 bytes=51 correlationSource=missing eventName=setBandwidth sseFields=["event"]
[2026-09-15 08:26:22.910] [AGENT] [INFO] [cid=-] RECEIVE subject=setBandwidth target=org.dt4n:link-s2-s3 params={"bw":"$(rm -rf /)"}
[2026-09-15 08:26:22.910] [AGENT] [INFO] [cid=-] EXECUTE_START subject=setBandwidth target=org.dt4n:link-s2-s3
[2026-09-15 08:26:22.910] [AGENT] [INFO] [cid=-] LOCK_WAIT subject=setBandwidth target=org.dt4n:link-s2-s3 waitMs=0
[2026-09-15 08:26:22.911] [AGENT] [WARN] [cid=-] REJECT subject=setBandwidth target=org.dt4n:link-s2-s3 detail=bw must be a number, got '$(rm -rf /)' code=400
[2026-09-15 08:26:22.911] [AGENT] [WARN] [cid=-] RESPONSE_SKIP subject=setBandwidth target=org.dt4n.core:controller detail=missing correlation-id
[2026-09-15 08:26:33.171] [SYNC] [INFO] [cid=-] STATE_DETECTED subject=- target=org.dt4n.core:host-h1 detail=up cycle=150
[2026-09-15 08:26:33.179] [SYNC] [INFO] [cid=-] STATE_PUSHED subject=- target=org.dt4n.core:host-h1 detail=up cycle=150
[2026-09-15 08:26:33.179] [SYNC] [INFO] [cid=-] STATE_DETECTED subject=- target=org.dt4n.core:host-h2 detail=up cycle=150
[2026-09-15 08:26:33.185] [SYNC] [INFO] [cid=-] STATE_PUSHED subject=- target=org.dt4n.core:host-h2 detail=up cycle=150
[2026-09-15 08:26:33.186] [SYNC] [INFO] [cid=-] STATE_DETECTED subject=- target=org.dt4n.core:host-h3 detail=up cycle=150
[2026-09-15 08:26:33.191] [SYNC] [INFO] [cid=-] STATE_PUSHED subject=- target=org.dt4n.core:host-h3 detail=up cycle=150
[2026-09-15 08:26:33.191] [SYNC] [INFO] [cid=-] STATE_DETECTED subject=- target=org.dt4n.core:host-srv1 detail=up cycle=150
[2026-09-15 08:26:33.197] [SYNC] [INFO] [cid=-] STATE_PUSHED subject=- target=org.dt4n.core:host-srv1 detail=up cycle=150
[2026-09-15 08:26:33.197] [SYNC] [INFO] [cid=-] STATE_DETECTED subject=- target=org.dt4n.core:host-srv2 detail=up cycle=150
[2026-09-15 08:26:33.203] [SYNC] [INFO] [cid=-] STATE_PUSHED subject=- target=org.dt4n.core:host-srv2 detail=up cycle=150
[2026-09-15 08:26:33.203] [SYNC] [INFO] [cid=-] STATE_DETECTED subject=- target=org.dt4n.core:switch-s1 detail=up cycle=150
[2026-09-15 08:26:33.209] [SYNC] [INFO] [cid=-] STATE_PUSHED subject=- target=org.dt4n.core:switch-s1 detail=up cycle=150
[2026-09-15 08:26:33.209] [SYNC] [INFO] [cid=-] STATE_DETECTED subject=- target=org.dt4n.core:switch-s2 detail=up cycle=150
[2026-09-15 08:26:33.215] [SYNC] [INFO] [cid=-] STATE_PUSHED subject=- target=org.dt4n.core:switch-s2 detail=up cycle=150
[2026-09-15 08:26:33.215] [SYNC] [INFO] [cid=-] STATE_DETECTED subject=- target=org.dt4n.core:switch-s3 detail=up cycle=150
[2026-09-15 08:26:33.221] [SYNC] [INFO] [cid=-] STATE_PUSHED subject=- target=org.dt4n.core:switch-s3 detail=up cycle=150
[2026-09-15 08:26:33.222] [SYNC] [INFO] [cid=-] STATE_DETECTED subject=- target=org.dt4n.core:link-h1-s1 detail=up cycle=150
[2026-09-15 08:26:33.227] [SYNC] [INFO] [cid=-] STATE_PUSHED subject=- target=org.dt4n.core:link-h1-s1 detail=up cycle=150
[2026-09-15 08:26:33.228] [SYNC] [INFO] [cid=-] STATE_DETECTED subject=- target=org.dt4n.core:link-h2-s1 detail=up cycle=150
[2026-09-15 08:26:33.233] [SYNC] [INFO] [cid=-] STATE_PUSHED subject=- target=org.dt4n.core:link-h2-s1 detail=up cycle=150
[2026-09-15 08:26:33.233] [SYNC] [INFO] [cid=-] STATE_DETECTED subject=- target=org.dt4n.core:link-h3-s1 detail=up cycle=150
[2026-09-15 08:26:33.239] [SYNC] [INFO] [cid=-] STATE_PUSHED subject=- target=org.dt4n.core:link-h3-s1 detail=up cycle=150
[2026-09-15 08:26:33.239] [SYNC] [INFO] [cid=-] STATE_DETECTED subject=- target=org.dt4n.core:link-s1-s2 detail=up cycle=150
[2026-09-15 08:26:33.245] [SYNC] [INFO] [cid=-] STATE_PUSHED subject=- target=org.dt4n.core:link-s1-s2 detail=up cycle=150
[2026-09-15 08:26:33.246] [SYNC] [INFO] [cid=-] STATE_DETECTED subject=- target=org.dt4n.core:link-s1-s3 detail=up cycle=150
[2026-09-15 08:26:33.251] [SYNC] [INFO] [cid=-] STATE_PUSHED subject=- target=org.dt4n.core:link-s1-s3 detail=up cycle=150
[2026-09-15 08:26:33.251] [SYNC] [INFO] [cid=-] STATE_DETECTED subject=- target=org.dt4n.core:link-s2-s3 detail=up cycle=150
[2026-09-15 08:26:33.257] [SYNC] [INFO] [cid=-] STATE_PUSHED subject=- target=org.dt4n.core:link-s2-s3 detail=up cycle=150
[2026-09-15 08:26:33.257] [SYNC] [INFO] [cid=-] STATE_DETECTED subject=- target=org.dt4n.core:link-s2-srv1 detail=up cycle=150
[2026-09-15 08:26:33.263] [SYNC] [INFO] [cid=-] STATE_PUSHED subject=- target=org.dt4n.core:link-s2-srv1 detail=up cycle=150
[2026-09-15 08:26:33.263] [SYNC] [INFO] [cid=-] STATE_DETECTED subject=- target=org.dt4n.core:link-s3-srv2 detail=up cycle=150
[2026-09-15 08:26:33.268] [SYNC] [INFO] [cid=-] STATE_PUSHED subject=- target=org.dt4n.core:link-s3-srv2 detail=up cycle=150
[2026-09-15 08:26:35.976] [AGENT] [INFO] [cid=-] SSE_EVENT subject=disableLink target=org.dt4n:link-xx-yy bytes=32 correlationSource=missing eventName=disableLink sseFields=["event"]
[2026-09-15 08:26:35.977] [AGENT] [INFO] [cid=-] RECEIVE subject=disableLink target=org.dt4n:link-xx-yy params={}
[2026-09-15 08:26:35.977] [AGENT] [INFO] [cid=-] EXECUTE_START subject=disableLink target=org.dt4n:link-xx-yy
[2026-09-15 08:26:35.977] [AGENT] [INFO] [cid=-] LOCK_WAIT subject=disableLink target=org.dt4n:link-xx-yy waitMs=0
[2026-09-15 08:26:35.977] [AGENT] [WARN] [cid=-] REJECT subject=disableLink target=org.dt4n:link-xx-yy detail=target not found: org.dt4n:link-xx-yy code=404
[2026-09-15 08:26:35.977] [AGENT] [WARN] [cid=-] RESPONSE_SKIP subject=disableLink target=org.dt4n.core:controller detail=missing correlation-id
[2026-09-15 08:26:49.033] [AGENT] [INFO] [cid=-] SSE_EVENT subject=disableLink target=org.dt4n:link-h1-s1 bytes=32 correlationSource=missing eventName=disableLink sseFields=["event"]
[2026-09-15 08:26:49.033] [AGENT] [INFO] [cid=-] RECEIVE subject=disableLink target=org.dt4n:link-h1-s1 params={}
[2026-09-15 08:26:49.034] [AGENT] [INFO] [cid=-] EXECUTE_START subject=disableLink target=org.dt4n:link-h1-s1
[2026-09-15 08:26:49.034] [AGENT] [INFO] [cid=-] LOCK_WAIT subject=disableLink target=org.dt4n:link-h1-s1 waitMs=0
[2026-09-15 08:26:49.037] [AGENT] [INFO] [cid=-] EXECUTE_DONE subject=disableLink target=org.dt4n:link-h1-s1 detail=link h1-s1 -> down code=200
[2026-09-15 08:26:49.037] [AGENT] [WARN] [cid=-] RESPONSE_SKIP subject=disableLink target=org.dt4n.core:controller detail=missing correlation-id
[2026-09-15 08:26:49.038] [CTRL] [INFO] [cid=-] REROUTE subject=- target=link-h1-s1 detail=down edge=s1-h1
[2026-09-15 08:26:49.175] [SYNC] [INFO] [cid=-] STATE_DETECTED subject=- target=org.dt4n.core:host-h1 detail=down cycle=166
[2026-09-15 08:26:49.182] [SYNC] [INFO] [cid=-] STATE_PUSHED subject=- target=org.dt4n.core:host-h1 detail=down cycle=166
[2026-09-15 08:26:49.194] [SYNC] [INFO] [cid=-] STATE_DETECTED subject=- target=org.dt4n.core:link-h1-s1 detail=down cycle=166
[2026-09-15 08:26:49.200] [SYNC] [INFO] [cid=-] STATE_PUSHED subject=- target=org.dt4n.core:link-h1-s1 detail=down cycle=166
[2026-09-15 08:27:04.801] [UI] TOPOLOGY_LOAD_START
[2026-09-15 08:27:04.801] [UI] event=state.resync.start level=info data={"tsServer":"2026-09-15T08:27:04.799Z","source":"dashboard","tsClient":"2026-09-15T08:27:04.797Z","seq":2,"event":"state.resync.start","level":"info","path":"/","reason":"initial-load"}
[2026-09-15 08:27:04.829] [UI] RESYNC_DONE reason=initial-load things=18 nodes=8 edges=8 durationMs=31
[2026-09-15 08:27:04.867] [UI] TOPOLOGY_LOAD_DONE
[2026-09-15 08:27:05.898] [UI] SSE_OPEN
[2026-09-15 08:27:05.898] [UI] event=state.resync.start level=info data={"tsServer":"2026-09-15T08:27:05.897Z","source":"dashboard","tsClient":"2026-09-15T08:27:05.895Z","seq":6,"event":"state.resync.start","level":"info","path":"/","reason":"sse-open"}
[2026-09-15 08:27:05.921] [UI] RESYNC_DONE reason=sse-open things=18 nodes=8 edges=8 durationMs=24
[2026-09-15 08:27:07.917] [UI] SSE_ERROR
[2026-09-15 08:27:32.527] [AGENT] [INFO] [cid=-] SWITCH_CONNECTED subject=- target=org.dt4n:switch-s1 detail=switch s1 connected controllers=["tcp:127.0.0.1:6653"] waitMs=1
[2026-09-15 08:27:44.528] [AGENT] [WARN] [cid=-] SWITCH_CONNECT_TIMEOUT subject=- target=org.dt4n:switch-s1 detail=controllers=tcp:127.0.0.1:6653; ports=s1-eth1; bridge=0 controllers=["tcp:127.0.0.1:6653"] waitMs=12001
[2026-09-15 08:27:44.528] [AGENT] [INFO] [cid=cid-dup-test-phase2-5] RECEIVE subject=rebootEverything target=org.dt4n:link-h1-s1 params={}
[2026-09-15 08:27:44.529] [AGENT] [WARN] [cid=cid-dup-test-phase2-5] REJECT subject=rebootEverything target=org.dt4n:link-h1-s1 detail=unknown command: rebootEverything
[2026-09-15 08:27:44.529] [AGENT] [WARN] [cid=cid-dup-test-phase2-5] DUPLICATE_IGNORED subject=rebootEverything target=org.dt4n:link-h1-s1 detail=replay suppressed cachedDetail=unknown command: rebootEverything code=400 params={}
[2026-09-15 08:27:51.813] [CTRL] [INFO] [cid=-] FLOW_INSTALL subject=- target=s1 detail=5 ipv4 flows changed
[2026-09-15 08:27:51.814] [CTRL] [INFO] [cid=-] FLOW_INSTALL subject=- target=s2 detail=5 ipv4 flows changed
[2026-09-15 08:27:51.815] [CTRL] [INFO] [cid=-] FLOW_INSTALL subject=- target=s3 detail=5 ipv4 flows changed
[2026-09-15 08:27:52.297] [AGENT] [INFO] [cid=-] SSE_OPEN subject=- target=org.dt4n.core:controller detail=http://localhost:8080/api/2/things/org.dt4n.core:controller/inbox/messages
[2026-09-15 08:27:52.331] [SYNC] [INFO] [cid=-] STATE_DETECTED subject=- target=org.dt4n.core:host-h1 detail=up cycle=0
[2026-09-15 08:27:52.339] [SYNC] [INFO] [cid=-] STATE_PUSHED subject=- target=org.dt4n.core:host-h1 detail=up cycle=0
[2026-09-15 08:27:52.339] [SYNC] [INFO] [cid=-] STATE_DETECTED subject=- target=org.dt4n.core:host-h2 detail=up cycle=0
[2026-09-15 08:27:52.346] [SYNC] [INFO] [cid=-] STATE_PUSHED subject=- target=org.dt4n.core:host-h2 detail=up cycle=0
[2026-09-15 08:27:52.346] [SYNC] [INFO] [cid=-] STATE_DETECTED subject=- target=org.dt4n.core:host-h3 detail=up cycle=0
[2026-09-15 08:27:52.352] [SYNC] [INFO] [cid=-] STATE_PUSHED subject=- target=org.dt4n.core:host-h3 detail=up cycle=0
[2026-09-15 08:27:52.352] [SYNC] [INFO] [cid=-] STATE_DETECTED subject=- target=org.dt4n.core:host-srv1 detail=up cycle=0
[2026-09-15 08:27:52.358] [SYNC] [INFO] [cid=-] STATE_PUSHED subject=- target=org.dt4n.core:host-srv1 detail=up cycle=0
[2026-09-15 08:27:52.358] [SYNC] [INFO] [cid=-] STATE_DETECTED subject=- target=org.dt4n.core:host-srv2 detail=up cycle=0
[2026-09-15 08:27:52.364] [SYNC] [INFO] [cid=-] STATE_PUSHED subject=- target=org.dt4n.core:host-srv2 detail=up cycle=0
[2026-09-15 08:27:52.364] [SYNC] [INFO] [cid=-] STATE_DETECTED subject=- target=org.dt4n.core:switch-s1 detail=up cycle=0
[2026-09-15 08:27:52.369] [SYNC] [INFO] [cid=-] STATE_PUSHED subject=- target=org.dt4n.core:switch-s1 detail=up cycle=0
[2026-09-15 08:27:52.369] [SYNC] [INFO] [cid=-] STATE_DETECTED subject=- target=org.dt4n.core:switch-s2 detail=up cycle=0
[2026-09-15 08:27:52.375] [SYNC] [INFO] [cid=-] STATE_PUSHED subject=- target=org.dt4n.core:switch-s2 detail=up cycle=0
[2026-09-15 08:27:52.375] [SYNC] [INFO] [cid=-] STATE_DETECTED subject=- target=org.dt4n.core:switch-s3 detail=up cycle=0
[2026-09-15 08:27:52.380] [SYNC] [INFO] [cid=-] STATE_PUSHED subject=- target=org.dt4n.core:switch-s3 detail=up cycle=0
[2026-09-15 08:27:52.380] [SYNC] [INFO] [cid=-] STATE_DETECTED subject=- target=org.dt4n.core:link-h1-s1 detail=up cycle=0
[2026-09-15 08:27:52.385] [SYNC] [INFO] [cid=-] STATE_PUSHED subject=- target=org.dt4n.core:link-h1-s1 detail=up cycle=0
[2026-09-15 08:27:52.385] [SYNC] [INFO] [cid=-] STATE_DETECTED subject=- target=org.dt4n.core:link-h2-s1 detail=up cycle=0
[2026-09-15 08:27:52.391] [SYNC] [INFO] [cid=-] STATE_PUSHED subject=- target=org.dt4n.core:link-h2-s1 detail=up cycle=0
[2026-09-15 08:27:52.391] [SYNC] [INFO] [cid=-] STATE_DETECTED subject=- target=org.dt4n.core:link-h3-s1 detail=up cycle=0
[2026-09-15 08:27:52.396] [SYNC] [INFO] [cid=-] STATE_PUSHED subject=- target=org.dt4n.core:link-h3-s1 detail=up cycle=0
[2026-09-15 08:27:52.396] [SYNC] [INFO] [cid=-] STATE_DETECTED subject=- target=org.dt4n.core:link-s1-s2 detail=up cycle=0
[2026-09-15 08:27:52.402] [SYNC] [INFO] [cid=-] STATE_PUSHED subject=- target=org.dt4n.core:link-s1-s2 detail=up cycle=0
[2026-09-15 08:27:52.402] [SYNC] [INFO] [cid=-] STATE_DETECTED subject=- target=org.dt4n.core:link-s1-s3 detail=up cycle=0
[2026-09-15 08:27:52.407] [SYNC] [INFO] [cid=-] STATE_PUSHED subject=- target=org.dt4n.core:link-s1-s3 detail=up cycle=0
[2026-09-15 08:27:52.407] [SYNC] [INFO] [cid=-] STATE_DETECTED subject=- target=org.dt4n.core:link-s2-s3 detail=up cycle=0
[2026-09-15 08:27:52.412] [SYNC] [INFO] [cid=-] STATE_PUSHED subject=- target=org.dt4n.core:link-s2-s3 detail=up cycle=0
[2026-09-15 08:27:52.413] [SYNC] [INFO] [cid=-] STATE_DETECTED subject=- target=org.dt4n.core:link-s2-srv1 detail=up cycle=0
[2026-09-15 08:27:52.418] [SYNC] [INFO] [cid=-] STATE_PUSHED subject=- target=org.dt4n.core:link-s2-srv1 detail=up cycle=0
[2026-09-15 08:27:52.418] [SYNC] [INFO] [cid=-] STATE_DETECTED subject=- target=org.dt4n.core:link-s3-srv2 detail=up cycle=0
[2026-09-15 08:27:52.423] [SYNC] [INFO] [cid=-] STATE_PUSHED subject=- target=org.dt4n.core:link-s3-srv2 detail=up cycle=0
[2026-09-15 08:28:00.733] [AGENT] [INFO] [cid=-] SWITCH_CONNECTED subject=- target=org.dt4n:switch-s1 detail=switch s1 connected controllers=["tcp:127.0.0.1:6653"] waitMs=1
[2026-09-15 08:28:01.896] [CTRL] [INFO] [cid=-] REROUTE subject=- target=link-h1-s1 detail=down edge=s1-h1
[2026-09-15 08:28:02.332] [SYNC] [INFO] [cid=-] STATE_DETECTED subject=- target=org.dt4n.core:host-h1 detail=down cycle=10
[2026-09-15 08:28:02.340] [SYNC] [INFO] [cid=-] STATE_PUSHED subject=- target=org.dt4n.core:host-h1 detail=down cycle=10
[2026-09-15 08:28:02.359] [SYNC] [INFO] [cid=-] STATE_DETECTED subject=- target=org.dt4n.core:link-h1-s1 detail=down cycle=10
[2026-09-15 08:28:02.364] [SYNC] [INFO] [cid=-] STATE_PUSHED subject=- target=org.dt4n.core:link-h1-s1 detail=down cycle=10
[2026-09-15 08:28:02.416] [CTRL] [INFO] [cid=-] REROUTE subject=- target=link-h1-s1 detail=up edge=s1-h1
[2026-09-15 08:28:02.417] [CTRL] [INFO] [cid=-] FLOW_INSTALL subject=- target=s1 detail=1 ipv4 flows changed
[2026-09-15 08:28:02.417] [CTRL] [INFO] [cid=-] FLOW_INSTALL subject=- target=s2 detail=1 ipv4 flows changed
[2026-09-15 08:28:02.418] [CTRL] [INFO] [cid=-] FLOW_INSTALL subject=- target=s3 detail=1 ipv4 flows changed
[2026-09-15 08:28:03.335] [SYNC] [INFO] [cid=-] STATE_DETECTED subject=- target=org.dt4n.core:host-h1 detail=up cycle=11
[2026-09-15 08:28:03.342] [SYNC] [INFO] [cid=-] STATE_PUSHED subject=- target=org.dt4n.core:host-h1 detail=up cycle=11
[2026-09-15 08:28:03.355] [SYNC] [INFO] [cid=-] STATE_DETECTED subject=- target=org.dt4n.core:link-h1-s1 detail=up cycle=11
[2026-09-15 08:28:03.361] [SYNC] [INFO] [cid=-] STATE_PUSHED subject=- target=org.dt4n.core:link-h1-s1 detail=up cycle=11
[2026-09-15 08:28:06.385] [CTRL] [INFO] [cid=-] REROUTE subject=- target=link-h1-s1 detail=down edge=s1-h1
[2026-09-15 08:28:07.333] [SYNC] [INFO] [cid=-] STATE_DETECTED subject=- target=org.dt4n.core:host-h1 detail=down cycle=15
[2026-09-15 08:28:07.341] [SYNC] [INFO] [cid=-] STATE_PUSHED subject=- target=org.dt4n.core:host-h1 detail=down cycle=15
[2026-09-15 08:28:07.352] [SYNC] [INFO] [cid=-] STATE_DETECTED subject=- target=org.dt4n.core:link-h1-s1 detail=down cycle=15
[2026-09-15 08:28:07.358] [SYNC] [INFO] [cid=-] STATE_PUSHED subject=- target=org.dt4n.core:link-h1-s1 detail=down cycle=15
[2026-09-15 08:28:07.402] [CTRL] [INFO] [cid=-] REROUTE subject=- target=link-h1-s1 detail=up edge=s1-h1
[2026-09-15 08:28:07.403] [CTRL] [INFO] [cid=-] FLOW_INSTALL subject=- target=s1 detail=1 ipv4 flows changed
[2026-09-15 08:28:07.403] [CTRL] [INFO] [cid=-] FLOW_INSTALL subject=- target=s2 detail=1 ipv4 flows changed
[2026-09-15 08:28:07.403] [CTRL] [INFO] [cid=-] FLOW_INSTALL subject=- target=s3 detail=1 ipv4 flows changed
[2026-09-15 08:28:08.335] [SYNC] [INFO] [cid=-] STATE_DETECTED subject=- target=org.dt4n.core:host-h1 detail=up cycle=16
[2026-09-15 08:28:08.343] [SYNC] [INFO] [cid=-] STATE_PUSHED subject=- target=org.dt4n.core:host-h1 detail=up cycle=16
[2026-09-15 08:28:08.356] [SYNC] [INFO] [cid=-] STATE_DETECTED subject=- target=org.dt4n.core:link-h1-s1 detail=up cycle=16
[2026-09-15 08:28:08.363] [SYNC] [INFO] [cid=-] STATE_PUSHED subject=- target=org.dt4n.core:link-h1-s1 detail=up cycle=16
[2026-09-15 08:28:11.423] [CTRL] [INFO] [cid=-] REROUTE subject=- target=link-h1-s1 detail=down edge=s1-h1
[2026-09-15 08:28:12.336] [SYNC] [INFO] [cid=-] STATE_DETECTED subject=- target=org.dt4n.core:host-h1 detail=down cycle=20
[2026-09-15 08:28:12.343] [SYNC] [INFO] [cid=-] STATE_PUSHED subject=- target=org.dt4n.core:host-h1 detail=down cycle=20
[2026-09-15 08:28:12.355] [SYNC] [INFO] [cid=-] STATE_DETECTED subject=- target=org.dt4n.core:link-h1-s1 detail=down cycle=20
[2026-09-15 08:28:12.360] [SYNC] [INFO] [cid=-] STATE_PUSHED subject=- target=org.dt4n.core:link-h1-s1 detail=down cycle=20
[2026-09-15 08:28:12.387] [CTRL] [INFO] [cid=-] REROUTE subject=- target=link-h1-s1 detail=up edge=s1-h1
[2026-09-15 08:28:12.388] [CTRL] [INFO] [cid=-] FLOW_INSTALL subject=- target=s1 detail=1 ipv4 flows changed
[2026-09-15 08:28:12.388] [CTRL] [INFO] [cid=-] FLOW_INSTALL subject=- target=s2 detail=1 ipv4 flows changed
[2026-09-15 08:28:12.389] [CTRL] [INFO] [cid=-] FLOW_INSTALL subject=- target=s3 detail=1 ipv4 flows changed
[2026-09-15 08:28:12.734] [AGENT] [WARN] [cid=-] SWITCH_CONNECT_TIMEOUT subject=- target=org.dt4n:switch-s1 detail=controllers=tcp:127.0.0.1:6653; ports=s1-eth1; bridge=0 controllers=["tcp:127.0.0.1:6653"] waitMs=12000
[2026-09-15 08:28:12.734] [AGENT] [INFO] [cid=cid-dup-test-phase2-5] RECEIVE subject=rebootEverything target=org.dt4n:link-h1-s1 params={}
[2026-09-15 08:28:12.734] [AGENT] [WARN] [cid=cid-dup-test-phase2-5] REJECT subject=rebootEverything target=org.dt4n:link-h1-s1 detail=unknown command: rebootEverything
[2026-09-15 08:28:12.734] [AGENT] [WARN] [cid=cid-dup-test-phase2-5] DUPLICATE_IGNORED subject=rebootEverything target=org.dt4n:link-h1-s1 detail=replay suppressed cachedDetail=unknown command: rebootEverything code=400 params={}
[2026-09-15 08:28:13.335] [SYNC] [INFO] [cid=-] STATE_DETECTED subject=- target=org.dt4n.core:host-h1 detail=up cycle=21
[2026-09-15 08:28:13.343] [SYNC] [INFO] [cid=-] STATE_PUSHED subject=- target=org.dt4n.core:host-h1 detail=up cycle=21
[2026-09-15 08:28:13.360] [SYNC] [INFO] [cid=-] STATE_DETECTED subject=- target=org.dt4n.core:link-h1-s1 detail=up cycle=21
[2026-09-15 08:28:13.367] [SYNC] [INFO] [cid=-] STATE_PUSHED subject=- target=org.dt4n.core:link-h1-s1 detail=up cycle=21
[2026-09-15 08:28:16.406] [CTRL] [INFO] [cid=-] REROUTE subject=- target=link-h1-s1 detail=down edge=s1-h1
[2026-09-15 08:28:17.336] [SYNC] [INFO] [cid=-] STATE_DETECTED subject=- target=org.dt4n.core:host-h1 detail=down cycle=25
[2026-09-15 08:28:17.343] [SYNC] [INFO] [cid=-] STATE_PUSHED subject=- target=org.dt4n.core:host-h1 detail=down cycle=25
[2026-09-15 08:28:17.368] [SYNC] [INFO] [cid=-] STATE_DETECTED subject=- target=org.dt4n.core:link-h1-s1 detail=down cycle=25
[2026-09-15 08:28:17.373] [SYNC] [INFO] [cid=-] STATE_PUSHED subject=- target=org.dt4n.core:link-h1-s1 detail=down cycle=25
[2026-09-15 08:28:17.423] [CTRL] [INFO] [cid=-] REROUTE subject=- target=link-h1-s1 detail=up edge=s1-h1
[2026-09-15 08:28:17.424] [CTRL] [INFO] [cid=-] FLOW_INSTALL subject=- target=s1 detail=1 ipv4 flows changed
[2026-09-15 08:28:17.424] [CTRL] [INFO] [cid=-] FLOW_INSTALL subject=- target=s2 detail=1 ipv4 flows changed
[2026-09-15 08:28:17.424] [CTRL] [INFO] [cid=-] FLOW_INSTALL subject=- target=s3 detail=1 ipv4 flows changed
[2026-09-15 08:28:18.337] [SYNC] [INFO] [cid=-] STATE_DETECTED subject=- target=org.dt4n.core:host-h1 detail=up cycle=26
[2026-09-15 08:28:18.346] [SYNC] [INFO] [cid=-] STATE_PUSHED subject=- target=org.dt4n.core:host-h1 detail=up cycle=26
[2026-09-15 08:28:18.371] [SYNC] [INFO] [cid=-] STATE_DETECTED subject=- target=org.dt4n.core:link-h1-s1 detail=up cycle=26
[2026-09-15 08:28:18.377] [SYNC] [INFO] [cid=-] STATE_PUSHED subject=- target=org.dt4n.core:link-h1-s1 detail=up cycle=26
[2026-09-15 08:28:21.393] [CTRL] [INFO] [cid=-] REROUTE subject=- target=link-h1-s1 detail=down edge=s1-h1
[2026-09-15 08:28:22.335] [SYNC] [INFO] [cid=-] STATE_DETECTED subject=- target=org.dt4n.core:host-h1 detail=down cycle=30
[2026-09-15 08:28:22.343] [SYNC] [INFO] [cid=-] STATE_PUSHED subject=- target=org.dt4n.core:host-h1 detail=down cycle=30
[2026-09-15 08:28:22.344] [SYNC] [INFO] [cid=-] STATE_DETECTED subject=- target=org.dt4n.core:host-h2 detail=up cycle=30
[2026-09-15 08:28:22.350] [SYNC] [INFO] [cid=-] STATE_PUSHED subject=- target=org.dt4n.core:host-h2 detail=up cycle=30
[2026-09-15 08:28:22.350] [SYNC] [INFO] [cid=-] STATE_DETECTED subject=- target=org.dt4n.core:host-h3 detail=up cycle=30
[2026-09-15 08:28:22.356] [SYNC] [INFO] [cid=-] STATE_PUSHED subject=- target=org.dt4n.core:host-h3 detail=up cycle=30
[2026-09-15 08:28:22.356] [SYNC] [INFO] [cid=-] STATE_DETECTED subject=- target=org.dt4n.core:host-srv1 detail=up cycle=30
[2026-09-15 08:28:22.361] [SYNC] [INFO] [cid=-] STATE_PUSHED subject=- target=org.dt4n.core:host-srv1 detail=up cycle=30
[2026-09-15 08:28:22.361] [SYNC] [INFO] [cid=-] STATE_DETECTED subject=- target=org.dt4n.core:host-srv2 detail=up cycle=30
[2026-09-15 08:28:22.366] [SYNC] [INFO] [cid=-] STATE_PUSHED subject=- target=org.dt4n.core:host-srv2 detail=up cycle=30
[2026-09-15 08:28:22.367] [SYNC] [INFO] [cid=-] STATE_DETECTED subject=- target=org.dt4n.core:switch-s1 detail=up cycle=30
[2026-09-15 08:28:22.372] [SYNC] [INFO] [cid=-] STATE_PUSHED subject=- target=org.dt4n.core:switch-s1 detail=up cycle=30
[2026-09-15 08:28:22.372] [SYNC] [INFO] [cid=-] STATE_DETECTED subject=- target=org.dt4n.core:switch-s2 detail=up cycle=30
[2026-09-15 08:28:22.377] [SYNC] [INFO] [cid=-] STATE_PUSHED subject=- target=org.dt4n.core:switch-s2 detail=up cycle=30
[2026-09-15 08:28:22.377] [SYNC] [INFO] [cid=-] STATE_DETECTED subject=- target=org.dt4n.core:switch-s3 detail=up cycle=30
[2026-09-15 08:28:22.382] [SYNC] [INFO] [cid=-] STATE_PUSHED subject=- target=org.dt4n.core:switch-s3 detail=up cycle=30
[2026-09-15 08:28:22.382] [SYNC] [INFO] [cid=-] STATE_DETECTED subject=- target=org.dt4n.core:link-h1-s1 detail=down cycle=30
[2026-09-15 08:28:22.388] [SYNC] [INFO] [cid=-] STATE_PUSHED subject=- target=org.dt4n.core:link-h1-s1 detail=down cycle=30
[2026-09-15 08:28:22.388] [SYNC] [INFO] [cid=-] STATE_DETECTED subject=- target=org.dt4n.core:link-h2-s1 detail=up cycle=30
[2026-09-15 08:28:22.394] [SYNC] [INFO] [cid=-] STATE_PUSHED subject=- target=org.dt4n.core:link-h2-s1 detail=up cycle=30
[2026-09-15 08:28:22.394] [SYNC] [INFO] [cid=-] STATE_DETECTED subject=- target=org.dt4n.core:link-h3-s1 detail=up cycle=30
[2026-09-15 08:28:22.400] [SYNC] [INFO] [cid=-] STATE_PUSHED subject=- target=org.dt4n.core:link-h3-s1 detail=up cycle=30
[2026-09-15 08:28:22.400] [SYNC] [INFO] [cid=-] STATE_DETECTED subject=- target=org.dt4n.core:link-s1-s2 detail=up cycle=30
[2026-09-15 08:28:22.406] [SYNC] [INFO] [cid=-] STATE_PUSHED subject=- target=org.dt4n.core:link-s1-s2 detail=up cycle=30
[2026-09-15 08:28:22.406] [SYNC] [INFO] [cid=-] STATE_DETECTED subject=- target=org.dt4n.core:link-s1-s3 detail=up cycle=30
[2026-09-15 08:28:22.410] [CTRL] [INFO] [cid=-] REROUTE subject=- target=link-h1-s1 detail=up edge=s1-h1
[2026-09-15 08:28:22.411] [CTRL] [INFO] [cid=-] FLOW_INSTALL subject=- target=s1 detail=1 ipv4 flows changed
[2026-09-15 08:28:22.411] [CTRL] [INFO] [cid=-] FLOW_INSTALL subject=- target=s2 detail=1 ipv4 flows changed
[2026-09-15 08:28:22.412] [CTRL] [INFO] [cid=-] FLOW_INSTALL subject=- target=s3 detail=1 ipv4 flows changed
[2026-09-15 08:28:22.413] [SYNC] [INFO] [cid=-] STATE_PUSHED subject=- target=org.dt4n.core:link-s1-s3 detail=up cycle=30
[2026-09-15 08:28:22.413] [SYNC] [INFO] [cid=-] STATE_DETECTED subject=- target=org.dt4n.core:link-s2-s3 detail=up cycle=30
[2026-09-15 08:28:22.419] [SYNC] [INFO] [cid=-] STATE_PUSHED subject=- target=org.dt4n.core:link-s2-s3 detail=up cycle=30
[2026-09-15 08:28:22.419] [SYNC] [INFO] [cid=-] STATE_DETECTED subject=- target=org.dt4n.core:link-s2-srv1 detail=up cycle=30
[2026-09-15 08:28:22.424] [SYNC] [INFO] [cid=-] STATE_PUSHED subject=- target=org.dt4n.core:link-s2-srv1 detail=up cycle=30
[2026-09-15 08:28:22.424] [SYNC] [INFO] [cid=-] STATE_DETECTED subject=- target=org.dt4n.core:link-s3-srv2 detail=up cycle=30
[2026-09-15 08:28:22.430] [SYNC] [INFO] [cid=-] STATE_PUSHED subject=- target=org.dt4n.core:link-s3-srv2 detail=up cycle=30
[2026-09-15 08:28:23.339] [SYNC] [INFO] [cid=-] STATE_DETECTED subject=- target=org.dt4n.core:host-h1 detail=up cycle=31
[2026-09-15 08:28:23.347] [SYNC] [INFO] [cid=-] STATE_PUSHED subject=- target=org.dt4n.core:host-h1 detail=up cycle=31
[2026-09-15 08:28:23.359] [SYNC] [INFO] [cid=-] STATE_DETECTED subject=- target=org.dt4n.core:link-h1-s1 detail=up cycle=31
[2026-09-15 08:28:23.366] [SYNC] [INFO] [cid=-] STATE_PUSHED subject=- target=org.dt4n.core:link-h1-s1 detail=up cycle=31
[2026-09-15 08:28:26.374] [CTRL] [INFO] [cid=-] REROUTE subject=- target=link-h1-s1 detail=down edge=s1-h1
[2026-09-15 08:28:27.338] [SYNC] [INFO] [cid=-] STATE_DETECTED subject=- target=org.dt4n.core:host-h1 detail=down cycle=35
[2026-09-15 08:28:27.345] [SYNC] [INFO] [cid=-] STATE_PUSHED subject=- target=org.dt4n.core:host-h1 detail=down cycle=35
[2026-09-15 08:28:27.357] [SYNC] [INFO] [cid=-] STATE_DETECTED subject=- target=org.dt4n.core:link-h1-s1 detail=down cycle=35
[2026-09-15 08:28:27.363] [SYNC] [INFO] [cid=-] STATE_PUSHED subject=- target=org.dt4n.core:link-h1-s1 detail=down cycle=35
[2026-09-15 08:28:27.395] [CTRL] [INFO] [cid=-] REROUTE subject=- target=link-h1-s1 detail=up edge=s1-h1
[2026-09-15 08:28:27.396] [CTRL] [INFO] [cid=-] FLOW_INSTALL subject=- target=s1 detail=1 ipv4 flows changed
[2026-09-15 08:28:27.397] [CTRL] [INFO] [cid=-] FLOW_INSTALL subject=- target=s2 detail=1 ipv4 flows changed
[2026-09-15 08:28:27.397] [CTRL] [INFO] [cid=-] FLOW_INSTALL subject=- target=s3 detail=1 ipv4 flows changed
[2026-09-15 08:28:28.338] [SYNC] [INFO] [cid=-] STATE_DETECTED subject=- target=org.dt4n.core:host-h1 detail=up cycle=36
[2026-09-15 08:28:28.345] [SYNC] [INFO] [cid=-] STATE_PUSHED subject=- target=org.dt4n.core:host-h1 detail=up cycle=36
[2026-09-15 08:28:28.357] [SYNC] [INFO] [cid=-] STATE_DETECTED subject=- target=org.dt4n.core:link-h1-s1 detail=up cycle=36
[2026-09-15 08:28:28.363] [SYNC] [INFO] [cid=-] STATE_PUSHED subject=- target=org.dt4n.core:link-h1-s1 detail=up cycle=36
[2026-09-15 08:28:31.414] [CTRL] [INFO] [cid=-] REROUTE subject=- target=link-h1-s1 detail=down edge=s1-h1
[2026-09-15 08:28:32.339] [SYNC] [INFO] [cid=-] STATE_DETECTED subject=- target=org.dt4n.core:host-h1 detail=down cycle=40
[2026-09-15 08:28:32.346] [SYNC] [INFO] [cid=-] STATE_PUSHED subject=- target=org.dt4n.core:host-h1 detail=down cycle=40
[2026-09-15 08:28:32.358] [SYNC] [INFO] [cid=-] STATE_DETECTED subject=- target=org.dt4n.core:link-h1-s1 detail=down cycle=40
[2026-09-15 08:28:32.364] [SYNC] [INFO] [cid=-] STATE_PUSHED subject=- target=org.dt4n.core:link-h1-s1 detail=down cycle=40
[2026-09-15 08:28:32.376] [CTRL] [INFO] [cid=-] REROUTE subject=- target=link-h1-s1 detail=up edge=s1-h1
[2026-09-15 08:28:32.376] [CTRL] [INFO] [cid=-] FLOW_INSTALL subject=- target=s1 detail=1 ipv4 flows changed
[2026-09-15 08:28:32.377] [CTRL] [INFO] [cid=-] FLOW_INSTALL subject=- target=s2 detail=1 ipv4 flows changed
[2026-09-15 08:28:32.377] [CTRL] [INFO] [cid=-] FLOW_INSTALL subject=- target=s3 detail=1 ipv4 flows changed
[2026-09-15 08:28:33.340] [SYNC] [INFO] [cid=-] STATE_DETECTED subject=- target=org.dt4n.core:host-h1 detail=up cycle=41
[2026-09-15 08:28:33.347] [SYNC] [INFO] [cid=-] STATE_PUSHED subject=- target=org.dt4n.core:host-h1 detail=up cycle=41
[2026-09-15 08:28:33.359] [SYNC] [INFO] [cid=-] STATE_DETECTED subject=- target=org.dt4n.core:link-h1-s1 detail=up cycle=41
[2026-09-15 08:28:33.365] [SYNC] [INFO] [cid=-] STATE_PUSHED subject=- target=org.dt4n.core:link-h1-s1 detail=up cycle=41
[2026-09-15 08:28:36.394] [CTRL] [INFO] [cid=-] REROUTE subject=- target=link-h1-s1 detail=down edge=s1-h1
[2026-09-15 08:28:37.339] [SYNC] [INFO] [cid=-] STATE_DETECTED subject=- target=org.dt4n.core:host-h1 detail=down cycle=45
[2026-09-15 08:28:37.347] [SYNC] [INFO] [cid=-] STATE_PUSHED subject=- target=org.dt4n.core:host-h1 detail=down cycle=45
[2026-09-15 08:28:37.358] [SYNC] [INFO] [cid=-] STATE_DETECTED subject=- target=org.dt4n.core:link-h1-s1 detail=down cycle=45
[2026-09-15 08:28:37.364] [SYNC] [INFO] [cid=-] STATE_PUSHED subject=- target=org.dt4n.core:link-h1-s1 detail=down cycle=45
[2026-09-15 08:28:37.411] [CTRL] [INFO] [cid=-] REROUTE subject=- target=link-h1-s1 detail=up edge=s1-h1
[2026-09-15 08:28:37.411] [CTRL] [INFO] [cid=-] FLOW_INSTALL subject=- target=s1 detail=1 ipv4 flows changed
[2026-09-15 08:28:37.412] [CTRL] [INFO] [cid=-] FLOW_INSTALL subject=- target=s2 detail=1 ipv4 flows changed
[2026-09-15 08:28:37.412] [CTRL] [INFO] [cid=-] FLOW_INSTALL subject=- target=s3 detail=1 ipv4 flows changed
[2026-09-15 08:28:38.341] [SYNC] [INFO] [cid=-] STATE_DETECTED subject=- target=org.dt4n.core:host-h1 detail=up cycle=46
[2026-09-15 08:28:38.349] [SYNC] [INFO] [cid=-] STATE_PUSHED subject=- target=org.dt4n.core:host-h1 detail=up cycle=46
[2026-09-15 08:28:38.361] [SYNC] [INFO] [cid=-] STATE_DETECTED subject=- target=org.dt4n.core:link-h1-s1 detail=up cycle=46
[2026-09-15 08:28:38.368] [SYNC] [INFO] [cid=-] STATE_PUSHED subject=- target=org.dt4n.core:link-h1-s1 detail=up cycle=46
[2026-09-15 08:28:41.432] [CTRL] [INFO] [cid=-] REROUTE subject=- target=link-h1-s1 detail=down edge=s1-h1
[2026-09-15 08:28:42.341] [SYNC] [INFO] [cid=-] STATE_DETECTED subject=- target=org.dt4n.core:host-h1 detail=down cycle=50
[2026-09-15 08:28:42.351] [SYNC] [INFO] [cid=-] STATE_PUSHED subject=- target=org.dt4n.core:host-h1 detail=down cycle=50
[2026-09-15 08:28:42.369] [SYNC] [INFO] [cid=-] STATE_DETECTED subject=- target=org.dt4n.core:link-h1-s1 detail=down cycle=50
[2026-09-15 08:28:42.375] [SYNC] [INFO] [cid=-] STATE_PUSHED subject=- target=org.dt4n.core:link-h1-s1 detail=down cycle=50
[2026-09-15 08:28:42.399] [CTRL] [INFO] [cid=-] REROUTE subject=- target=link-h1-s1 detail=up edge=s1-h1
[2026-09-15 08:28:42.400] [CTRL] [INFO] [cid=-] FLOW_INSTALL subject=- target=s1 detail=1 ipv4 flows changed
[2026-09-15 08:28:42.400] [CTRL] [INFO] [cid=-] FLOW_INSTALL subject=- target=s2 detail=1 ipv4 flows changed
[2026-09-15 08:28:42.401] [CTRL] [INFO] [cid=-] FLOW_INSTALL subject=- target=s3 detail=1 ipv4 flows changed
[2026-09-15 08:28:43.343] [SYNC] [INFO] [cid=-] STATE_DETECTED subject=- target=org.dt4n.core:host-h1 detail=up cycle=51
[2026-09-15 08:28:43.351] [SYNC] [INFO] [cid=-] STATE_PUSHED subject=- target=org.dt4n.core:host-h1 detail=up cycle=51
[2026-09-15 08:28:43.365] [SYNC] [INFO] [cid=-] STATE_DETECTED subject=- target=org.dt4n.core:link-h1-s1 detail=up cycle=51
[2026-09-15 08:28:43.372] [SYNC] [INFO] [cid=-] STATE_PUSHED subject=- target=org.dt4n.core:link-h1-s1 detail=up cycle=51
[2026-09-15 08:28:46.416] [CTRL] [INFO] [cid=-] REROUTE subject=- target=link-h1-s1 detail=down edge=s1-h1
[2026-09-15 08:28:47.343] [SYNC] [INFO] [cid=-] STATE_DETECTED subject=- target=org.dt4n.core:host-h1 detail=down cycle=55
[2026-09-15 08:28:47.350] [SYNC] [INFO] [cid=-] STATE_PUSHED subject=- target=org.dt4n.core:host-h1 detail=down cycle=55
[2026-09-15 08:28:47.361] [SYNC] [INFO] [cid=-] STATE_DETECTED subject=- target=org.dt4n.core:link-h1-s1 detail=down cycle=55
[2026-09-15 08:28:47.367] [SYNC] [INFO] [cid=-] STATE_PUSHED subject=- target=org.dt4n.core:link-h1-s1 detail=down cycle=55
[2026-09-15 08:28:47.379] [CTRL] [INFO] [cid=-] REROUTE subject=- target=link-h1-s1 detail=up edge=s1-h1
[2026-09-15 08:28:47.380] [CTRL] [INFO] [cid=-] FLOW_INSTALL subject=- target=s1 detail=1 ipv4 flows changed
[2026-09-15 08:28:47.380] [CTRL] [INFO] [cid=-] FLOW_INSTALL subject=- target=s2 detail=1 ipv4 flows changed
[2026-09-15 08:28:47.381] [CTRL] [INFO] [cid=-] FLOW_INSTALL subject=- target=s3 detail=1 ipv4 flows changed
[2026-09-15 08:28:48.343] [SYNC] [INFO] [cid=-] STATE_DETECTED subject=- target=org.dt4n.core:host-h1 detail=up cycle=56
[2026-09-15 08:28:48.350] [SYNC] [INFO] [cid=-] STATE_PUSHED subject=- target=org.dt4n.core:host-h1 detail=up cycle=56
[2026-09-15 08:28:48.367] [SYNC] [INFO] [cid=-] STATE_DETECTED subject=- target=org.dt4n.core:link-h1-s1 detail=up cycle=56
[2026-09-15 08:28:48.373] [SYNC] [INFO] [cid=-] STATE_PUSHED subject=- target=org.dt4n.core:link-h1-s1 detail=up cycle=56
[2026-09-15 08:28:51.399] [CTRL] [INFO] [cid=-] REROUTE subject=- target=link-h1-s1 detail=down edge=s1-h1
[2026-09-15 08:28:52.343] [SYNC] [INFO] [cid=-] STATE_DETECTED subject=- target=org.dt4n.core:host-h1 detail=down cycle=60
[2026-09-15 08:28:52.350] [SYNC] [INFO] [cid=-] STATE_PUSHED subject=- target=org.dt4n.core:host-h1 detail=down cycle=60
[2026-09-15 08:28:52.350] [SYNC] [INFO] [cid=-] STATE_DETECTED subject=- target=org.dt4n.core:host-h2 detail=up cycle=60
[2026-09-15 08:28:52.356] [SYNC] [INFO] [cid=-] STATE_PUSHED subject=- target=org.dt4n.core:host-h2 detail=up cycle=60
[2026-09-15 08:28:52.357] [SYNC] [INFO] [cid=-] STATE_DETECTED subject=- target=org.dt4n.core:host-h3 detail=up cycle=60
[2026-09-15 08:28:52.363] [SYNC] [INFO] [cid=-] STATE_PUSHED subject=- target=org.dt4n.core:host-h3 detail=up cycle=60
[2026-09-15 08:28:52.363] [SYNC] [INFO] [cid=-] STATE_DETECTED subject=- target=org.dt4n.core:host-srv1 detail=up cycle=60
[2026-09-15 08:28:52.369] [SYNC] [INFO] [cid=-] STATE_PUSHED subject=- target=org.dt4n.core:host-srv1 detail=up cycle=60
[2026-09-15 08:28:52.369] [SYNC] [INFO] [cid=-] STATE_DETECTED subject=- target=org.dt4n.core:host-srv2 detail=up cycle=60
[2026-09-15 08:28:52.374] [SYNC] [INFO] [cid=-] STATE_PUSHED subject=- target=org.dt4n.core:host-srv2 detail=up cycle=60
[2026-09-15 08:28:52.374] [SYNC] [INFO] [cid=-] STATE_DETECTED subject=- target=org.dt4n.core:switch-s1 detail=up cycle=60
[2026-09-15 08:28:52.379] [SYNC] [INFO] [cid=-] STATE_PUSHED subject=- target=org.dt4n.core:switch-s1 detail=up cycle=60
[2026-09-15 08:28:52.379] [SYNC] [INFO] [cid=-] STATE_DETECTED subject=- target=org.dt4n.core:switch-s2 detail=up cycle=60
[2026-09-15 08:28:52.384] [SYNC] [INFO] [cid=-] STATE_PUSHED subject=- target=org.dt4n.core:switch-s2 detail=up cycle=60
[2026-09-15 08:28:52.385] [SYNC] [INFO] [cid=-] STATE_DETECTED subject=- target=org.dt4n.core:switch-s3 detail=up cycle=60
[2026-09-15 08:28:52.390] [SYNC] [INFO] [cid=-] STATE_PUSHED subject=- target=org.dt4n.core:switch-s3 detail=up cycle=60
[2026-09-15 08:28:52.390] [SYNC] [INFO] [cid=-] STATE_DETECTED subject=- target=org.dt4n.core:link-h1-s1 detail=down cycle=60
[2026-09-15 08:28:52.395] [SYNC] [INFO] [cid=-] STATE_PUSHED subject=- target=org.dt4n.core:link-h1-s1 detail=down cycle=60
[2026-09-15 08:28:52.395] [SYNC] [INFO] [cid=-] STATE_DETECTED subject=- target=org.dt4n.core:link-h2-s1 detail=up cycle=60
[2026-09-15 08:28:52.400] [SYNC] [INFO] [cid=-] STATE_PUSHED subject=- target=org.dt4n.core:link-h2-s1 detail=up cycle=60
[2026-09-15 08:28:52.400] [SYNC] [INFO] [cid=-] STATE_DETECTED subject=- target=org.dt4n.core:link-h3-s1 detail=up cycle=60
[2026-09-15 08:28:52.407] [SYNC] [INFO] [cid=-] STATE_PUSHED subject=- target=org.dt4n.core:link-h3-s1 detail=up cycle=60
[2026-09-15 08:28:52.407] [SYNC] [INFO] [cid=-] STATE_DETECTED subject=- target=org.dt4n.core:link-s1-s2 detail=up cycle=60
[2026-09-15 08:28:52.413] [SYNC] [INFO] [cid=-] STATE_PUSHED subject=- target=org.dt4n.core:link-s1-s2 detail=up cycle=60
[2026-09-15 08:28:52.413] [SYNC] [INFO] [cid=-] STATE_DETECTED subject=- target=org.dt4n.core:link-s1-s3 detail=up cycle=60
[2026-09-15 08:28:52.419] [SYNC] [INFO] [cid=-] STATE_PUSHED subject=- target=org.dt4n.core:link-s1-s3 detail=up cycle=60
[2026-09-15 08:28:52.419] [SYNC] [INFO] [cid=-] STATE_DETECTED subject=- target=org.dt4n.core:link-s2-s3 detail=up cycle=60
[2026-09-15 08:28:52.425] [CTRL] [INFO] [cid=-] REROUTE subject=- target=link-h1-s1 detail=up edge=s1-h1
[2026-09-15 08:28:52.426] [CTRL] [INFO] [cid=-] FLOW_INSTALL subject=- target=s1 detail=1 ipv4 flows changed
[2026-09-15 08:28:52.426] [SYNC] [INFO] [cid=-] STATE_PUSHED subject=- target=org.dt4n.core:link-s2-s3 detail=up cycle=60
[2026-09-15 08:28:52.426] [CTRL] [INFO] [cid=-] FLOW_INSTALL subject=- target=s2 detail=1 ipv4 flows changed
[2026-09-15 08:28:52.426] [SYNC] [INFO] [cid=-] STATE_DETECTED subject=- target=org.dt4n.core:link-s2-srv1 detail=up cycle=60
[2026-09-15 08:28:52.427] [CTRL] [INFO] [cid=-] FLOW_INSTALL subject=- target=s3 detail=1 ipv4 flows changed
[2026-09-15 08:28:52.432] [SYNC] [INFO] [cid=-] STATE_PUSHED subject=- target=org.dt4n.core:link-s2-srv1 detail=up cycle=60
[2026-09-15 08:28:52.432] [SYNC] [INFO] [cid=-] STATE_DETECTED subject=- target=org.dt4n.core:link-s3-srv2 detail=up cycle=60
[2026-09-15 08:28:52.438] [SYNC] [INFO] [cid=-] STATE_PUSHED subject=- target=org.dt4n.core:link-s3-srv2 detail=up cycle=60
[2026-09-15 08:28:53.345] [SYNC] [INFO] [cid=-] STATE_DETECTED subject=- target=org.dt4n.core:host-h1 detail=up cycle=61
[2026-09-15 08:28:53.353] [SYNC] [INFO] [cid=-] STATE_PUSHED subject=- target=org.dt4n.core:host-h1 detail=up cycle=61
[2026-09-15 08:28:53.366] [SYNC] [INFO] [cid=-] STATE_DETECTED subject=- target=org.dt4n.core:link-h1-s1 detail=up cycle=61
[2026-09-15 08:28:53.372] [SYNC] [INFO] [cid=-] STATE_PUSHED subject=- target=org.dt4n.core:link-h1-s1 detail=up cycle=61
[2026-09-15 08:28:56.386] [CTRL] [INFO] [cid=-] REROUTE subject=- target=link-h1-s1 detail=down edge=s1-h1
[2026-09-15 08:28:57.345] [SYNC] [INFO] [cid=-] STATE_DETECTED subject=- target=org.dt4n.core:host-h1 detail=down cycle=65
[2026-09-15 08:28:57.352] [SYNC] [INFO] [cid=-] STATE_PUSHED subject=- target=org.dt4n.core:host-h1 detail=down cycle=65
[2026-09-15 08:28:57.363] [SYNC] [INFO] [cid=-] STATE_DETECTED subject=- target=org.dt4n.core:link-h1-s1 detail=down cycle=65
[2026-09-15 08:28:57.368] [SYNC] [INFO] [cid=-] STATE_PUSHED subject=- target=org.dt4n.core:link-h1-s1 detail=down cycle=65
[2026-09-15 08:28:57.402] [CTRL] [INFO] [cid=-] REROUTE subject=- target=link-h1-s1 detail=up edge=s1-h1
[2026-09-15 08:28:57.403] [CTRL] [INFO] [cid=-] FLOW_INSTALL subject=- target=s1 detail=1 ipv4 flows changed
[2026-09-15 08:28:57.404] [CTRL] [INFO] [cid=-] FLOW_INSTALL subject=- target=s2 detail=1 ipv4 flows changed
[2026-09-15 08:28:57.404] [CTRL] [INFO] [cid=-] FLOW_INSTALL subject=- target=s3 detail=1 ipv4 flows changed
[2026-09-15 08:28:58.345] [SYNC] [INFO] [cid=-] STATE_DETECTED subject=- target=org.dt4n.core:host-h1 detail=up cycle=66
[2026-09-15 08:28:58.352] [SYNC] [INFO] [cid=-] STATE_PUSHED subject=- target=org.dt4n.core:host-h1 detail=up cycle=66
[2026-09-15 08:28:58.364] [SYNC] [INFO] [cid=-] STATE_DETECTED subject=- target=org.dt4n.core:link-h1-s1 detail=up cycle=66
[2026-09-15 08:28:58.369] [SYNC] [INFO] [cid=-] STATE_PUSHED subject=- target=org.dt4n.core:link-h1-s1 detail=up cycle=66
[2026-09-15 08:29:01.416] [CTRL] [INFO] [cid=-] REROUTE subject=- target=link-h1-s1 detail=down edge=s1-h1
[2026-09-15 08:29:02.346] [SYNC] [INFO] [cid=-] STATE_DETECTED subject=- target=org.dt4n.core:host-h1 detail=down cycle=70
[2026-09-15 08:29:02.354] [SYNC] [INFO] [cid=-] STATE_PUSHED subject=- target=org.dt4n.core:host-h1 detail=down cycle=70
[2026-09-15 08:29:02.365] [SYNC] [INFO] [cid=-] STATE_DETECTED subject=- target=org.dt4n.core:link-h1-s1 detail=down cycle=70
[2026-09-15 08:29:02.370] [SYNC] [INFO] [cid=-] STATE_PUSHED subject=- target=org.dt4n.core:link-h1-s1 detail=down cycle=70
[2026-09-15 08:29:02.378] [CTRL] [INFO] [cid=-] REROUTE subject=- target=link-h1-s1 detail=up edge=s1-h1
[2026-09-15 08:29:02.379] [CTRL] [INFO] [cid=-] FLOW_INSTALL subject=- target=s1 detail=1 ipv4 flows changed
[2026-09-15 08:29:02.380] [CTRL] [INFO] [cid=-] FLOW_INSTALL subject=- target=s2 detail=1 ipv4 flows changed
[2026-09-15 08:29:02.380] [CTRL] [INFO] [cid=-] FLOW_INSTALL subject=- target=s3 detail=1 ipv4 flows changed
[2026-09-15 08:29:03.346] [SYNC] [INFO] [cid=-] STATE_DETECTED subject=- target=org.dt4n.core:host-h1 detail=up cycle=71
[2026-09-15 08:29:03.353] [SYNC] [INFO] [cid=-] STATE_PUSHED subject=- target=org.dt4n.core:host-h1 detail=up cycle=71
[2026-09-15 08:29:03.365] [SYNC] [INFO] [cid=-] STATE_DETECTED subject=- target=org.dt4n.core:link-h1-s1 detail=up cycle=71
[2026-09-15 08:29:03.371] [SYNC] [INFO] [cid=-] STATE_PUSHED subject=- target=org.dt4n.core:link-h1-s1 detail=up cycle=71
[2026-09-15 08:29:06.393] [CTRL] [INFO] [cid=-] REROUTE subject=- target=link-h1-s1 detail=down edge=s1-h1
[2026-09-15 08:29:07.346] [SYNC] [INFO] [cid=-] STATE_DETECTED subject=- target=org.dt4n.core:host-h1 detail=down cycle=75
[2026-09-15 08:29:07.353] [SYNC] [INFO] [cid=-] STATE_PUSHED subject=- target=org.dt4n.core:host-h1 detail=down cycle=75
[2026-09-15 08:29:07.364] [SYNC] [INFO] [cid=-] STATE_DETECTED subject=- target=org.dt4n.core:link-h1-s1 detail=down cycle=75
[2026-09-15 08:29:07.369] [SYNC] [INFO] [cid=-] STATE_PUSHED subject=- target=org.dt4n.core:link-h1-s1 detail=down cycle=75
[2026-09-15 08:29:07.411] [CTRL] [INFO] [cid=-] REROUTE subject=- target=link-h1-s1 detail=up edge=s1-h1
[2026-09-15 08:29:07.412] [CTRL] [INFO] [cid=-] FLOW_INSTALL subject=- target=s1 detail=1 ipv4 flows changed
[2026-09-15 08:29:07.412] [CTRL] [INFO] [cid=-] FLOW_INSTALL subject=- target=s2 detail=1 ipv4 flows changed
[2026-09-15 08:29:07.412] [CTRL] [INFO] [cid=-] FLOW_INSTALL subject=- target=s3 detail=1 ipv4 flows changed
[2026-09-15 08:29:08.347] [SYNC] [INFO] [cid=-] STATE_DETECTED subject=- target=org.dt4n.core:host-h1 detail=up cycle=76
[2026-09-15 08:29:08.355] [SYNC] [INFO] [cid=-] STATE_PUSHED subject=- target=org.dt4n.core:host-h1 detail=up cycle=76
[2026-09-15 08:29:08.367] [SYNC] [INFO] [cid=-] STATE_DETECTED subject=- target=org.dt4n.core:link-h1-s1 detail=up cycle=76
[2026-09-15 08:29:08.373] [SYNC] [INFO] [cid=-] STATE_PUSHED subject=- target=org.dt4n.core:link-h1-s1 detail=up cycle=76
[2026-09-15 08:29:11.427] [CTRL] [INFO] [cid=-] REROUTE subject=- target=link-h1-s1 detail=down edge=s1-h1
[2026-09-15 08:29:12.350] [SYNC] [INFO] [cid=-] STATE_DETECTED subject=- target=org.dt4n.core:host-h1 detail=down cycle=80
[2026-09-15 08:29:12.357] [SYNC] [INFO] [cid=-] STATE_PUSHED subject=- target=org.dt4n.core:host-h1 detail=down cycle=80
[2026-09-15 08:29:12.369] [SYNC] [INFO] [cid=-] STATE_DETECTED subject=- target=org.dt4n.core:link-h1-s1 detail=down cycle=80
[2026-09-15 08:29:12.375] [SYNC] [INFO] [cid=-] STATE_PUSHED subject=- target=org.dt4n.core:link-h1-s1 detail=down cycle=80
[2026-09-15 08:29:12.390] [CTRL] [INFO] [cid=-] REROUTE subject=- target=link-h1-s1 detail=up edge=s1-h1
[2026-09-15 08:29:12.390] [CTRL] [INFO] [cid=-] FLOW_INSTALL subject=- target=s1 detail=1 ipv4 flows changed
[2026-09-15 08:29:12.391] [CTRL] [INFO] [cid=-] FLOW_INSTALL subject=- target=s2 detail=1 ipv4 flows changed
[2026-09-15 08:29:12.391] [CTRL] [INFO] [cid=-] FLOW_INSTALL subject=- target=s3 detail=1 ipv4 flows changed
[2026-09-15 08:29:13.349] [SYNC] [INFO] [cid=-] STATE_DETECTED subject=- target=org.dt4n.core:host-h1 detail=up cycle=81
[2026-09-15 08:29:13.356] [SYNC] [INFO] [cid=-] STATE_PUSHED subject=- target=org.dt4n.core:host-h1 detail=up cycle=81
[2026-09-15 08:29:13.369] [SYNC] [INFO] [cid=-] STATE_DETECTED subject=- target=org.dt4n.core:link-h1-s1 detail=up cycle=81
[2026-09-15 08:29:13.375] [SYNC] [INFO] [cid=-] STATE_PUSHED subject=- target=org.dt4n.core:link-h1-s1 detail=up cycle=81
[2026-09-15 08:29:16.404] [CTRL] [INFO] [cid=-] REROUTE subject=- target=link-h1-s1 detail=down edge=s1-h1
[2026-09-15 08:29:17.348] [SYNC] [INFO] [cid=-] STATE_DETECTED subject=- target=org.dt4n.core:host-h1 detail=down cycle=85
[2026-09-15 08:29:17.355] [SYNC] [INFO] [cid=-] STATE_PUSHED subject=- target=org.dt4n.core:host-h1 detail=down cycle=85
[2026-09-15 08:29:17.366] [SYNC] [INFO] [cid=-] STATE_DETECTED subject=- target=org.dt4n.core:link-h1-s1 detail=down cycle=85
[2026-09-15 08:29:17.371] [SYNC] [INFO] [cid=-] STATE_PUSHED subject=- target=org.dt4n.core:link-h1-s1 detail=down cycle=85
[2026-09-15 08:29:17.420] [CTRL] [INFO] [cid=-] REROUTE subject=- target=link-h1-s1 detail=up edge=s1-h1
[2026-09-15 08:29:17.420] [CTRL] [INFO] [cid=-] FLOW_INSTALL subject=- target=s1 detail=1 ipv4 flows changed
[2026-09-15 08:29:17.421] [CTRL] [INFO] [cid=-] FLOW_INSTALL subject=- target=s2 detail=1 ipv4 flows changed
[2026-09-15 08:29:17.421] [CTRL] [INFO] [cid=-] FLOW_INSTALL subject=- target=s3 detail=1 ipv4 flows changed
[2026-09-15 08:29:18.348] [SYNC] [INFO] [cid=-] STATE_DETECTED subject=- target=org.dt4n.core:host-h1 detail=up cycle=86
[2026-09-15 08:29:18.356] [SYNC] [INFO] [cid=-] STATE_PUSHED subject=- target=org.dt4n.core:host-h1 detail=up cycle=86
[2026-09-15 08:29:18.367] [SYNC] [INFO] [cid=-] STATE_DETECTED subject=- target=org.dt4n.core:link-h1-s1 detail=up cycle=86
[2026-09-15 08:29:18.373] [SYNC] [INFO] [cid=-] STATE_PUSHED subject=- target=org.dt4n.core:link-h1-s1 detail=up cycle=86
[2026-09-15 08:29:21.431] [CTRL] [INFO] [cid=-] REROUTE subject=- target=link-h1-s1 detail=down edge=s1-h1
[2026-09-15 08:29:22.350] [SYNC] [INFO] [cid=-] STATE_DETECTED subject=- target=org.dt4n.core:host-h1 detail=down cycle=90
[2026-09-15 08:29:22.357] [SYNC] [INFO] [cid=-] STATE_PUSHED subject=- target=org.dt4n.core:host-h1 detail=down cycle=90
[2026-09-15 08:29:22.357] [SYNC] [INFO] [cid=-] STATE_DETECTED subject=- target=org.dt4n.core:host-h2 detail=up cycle=90
[2026-09-15 08:29:22.363] [SYNC] [INFO] [cid=-] STATE_PUSHED subject=- target=org.dt4n.core:host-h2 detail=up cycle=90
[2026-09-15 08:29:22.364] [SYNC] [INFO] [cid=-] STATE_DETECTED subject=- target=org.dt4n.core:host-h3 detail=up cycle=90
[2026-09-15 08:29:22.369] [SYNC] [INFO] [cid=-] STATE_PUSHED subject=- target=org.dt4n.core:host-h3 detail=up cycle=90
[2026-09-15 08:29:22.369] [SYNC] [INFO] [cid=-] STATE_DETECTED subject=- target=org.dt4n.core:host-srv1 detail=up cycle=90
[2026-09-15 08:29:22.375] [SYNC] [INFO] [cid=-] STATE_PUSHED subject=- target=org.dt4n.core:host-srv1 detail=up cycle=90
[2026-09-15 08:29:22.375] [SYNC] [INFO] [cid=-] STATE_DETECTED subject=- target=org.dt4n.core:host-srv2 detail=up cycle=90
[2026-09-15 08:29:22.380] [SYNC] [INFO] [cid=-] STATE_PUSHED subject=- target=org.dt4n.core:host-srv2 detail=up cycle=90
[2026-09-15 08:29:22.381] [SYNC] [INFO] [cid=-] STATE_DETECTED subject=- target=org.dt4n.core:switch-s1 detail=up cycle=90
[2026-09-15 08:29:22.386] [SYNC] [INFO] [cid=-] STATE_PUSHED subject=- target=org.dt4n.core:switch-s1 detail=up cycle=90
[2026-09-15 08:29:22.386] [SYNC] [INFO] [cid=-] STATE_DETECTED subject=- target=org.dt4n.core:switch-s2 detail=up cycle=90
[2026-09-15 08:29:22.392] [SYNC] [INFO] [cid=-] STATE_PUSHED subject=- target=org.dt4n.core:switch-s2 detail=up cycle=90
[2026-09-15 08:29:22.392] [SYNC] [INFO] [cid=-] STATE_DETECTED subject=- target=org.dt4n.core:switch-s3 detail=up cycle=90
[2026-09-15 08:29:22.397] [SYNC] [INFO] [cid=-] STATE_PUSHED subject=- target=org.dt4n.core:switch-s3 detail=up cycle=90
[2026-09-15 08:29:22.397] [SYNC] [INFO] [cid=-] STATE_DETECTED subject=- target=org.dt4n.core:link-h1-s1 detail=down cycle=90
[2026-09-15 08:29:22.403] [SYNC] [INFO] [cid=-] STATE_PUSHED subject=- target=org.dt4n.core:link-h1-s1 detail=down cycle=90
[2026-09-15 08:29:22.403] [SYNC] [INFO] [cid=-] STATE_DETECTED subject=- target=org.dt4n.core:link-h2-s1 detail=up cycle=90
[2026-09-15 08:29:22.409] [SYNC] [INFO] [cid=-] STATE_PUSHED subject=- target=org.dt4n.core:link-h2-s1 detail=up cycle=90
[2026-09-15 08:29:22.409] [SYNC] [INFO] [cid=-] STATE_DETECTED subject=- target=org.dt4n.core:link-h3-s1 detail=up cycle=90
[2026-09-15 08:29:22.414] [SYNC] [INFO] [cid=-] STATE_PUSHED subject=- target=org.dt4n.core:link-h3-s1 detail=up cycle=90
[2026-09-15 08:29:22.414] [SYNC] [INFO] [cid=-] STATE_DETECTED subject=- target=org.dt4n.core:link-s1-s2 detail=up cycle=90
[2026-09-15 08:29:22.420] [SYNC] [INFO] [cid=-] STATE_PUSHED subject=- target=org.dt4n.core:link-s1-s2 detail=up cycle=90
[2026-09-15 08:29:22.420] [SYNC] [INFO] [cid=-] STATE_DETECTED subject=- target=org.dt4n.core:link-s1-s3 detail=up cycle=90
[2026-09-15 08:29:22.426] [SYNC] [INFO] [cid=-] STATE_PUSHED subject=- target=org.dt4n.core:link-s1-s3 detail=up cycle=90
[2026-09-15 08:29:22.426] [SYNC] [INFO] [cid=-] STATE_DETECTED subject=- target=org.dt4n.core:link-s2-s3 detail=up cycle=90
[2026-09-15 08:29:22.431] [SYNC] [INFO] [cid=-] STATE_PUSHED subject=- target=org.dt4n.core:link-s2-s3 detail=up cycle=90
[2026-09-15 08:29:22.431] [SYNC] [INFO] [cid=-] STATE_DETECTED subject=- target=org.dt4n.core:link-s2-srv1 detail=up cycle=90
[2026-09-15 08:29:22.437] [SYNC] [INFO] [cid=-] STATE_PUSHED subject=- target=org.dt4n.core:link-s2-srv1 detail=up cycle=90
[2026-09-15 08:29:22.437] [SYNC] [INFO] [cid=-] STATE_DETECTED subject=- target=org.dt4n.core:link-s3-srv2 detail=up cycle=90
[2026-09-15 08:29:22.443] [SYNC] [INFO] [cid=-] STATE_PUSHED subject=- target=org.dt4n.core:link-s3-srv2 detail=up cycle=90
[2026-09-15 08:29:22.453] [CTRL] [INFO] [cid=-] REROUTE subject=- target=link-h1-s1 detail=up edge=s1-h1
[2026-09-15 08:29:22.454] [CTRL] [INFO] [cid=-] FLOW_INSTALL subject=- target=s1 detail=1 ipv4 flows changed
[2026-09-15 08:29:22.454] [CTRL] [INFO] [cid=-] FLOW_INSTALL subject=- target=s2 detail=1 ipv4 flows changed
[2026-09-15 08:29:22.455] [CTRL] [INFO] [cid=-] FLOW_INSTALL subject=- target=s3 detail=1 ipv4 flows changed
[2026-09-15 08:29:23.352] [SYNC] [INFO] [cid=-] STATE_DETECTED subject=- target=org.dt4n.core:host-h1 detail=up cycle=91
[2026-09-15 08:29:23.359] [SYNC] [INFO] [cid=-] STATE_PUSHED subject=- target=org.dt4n.core:host-h1 detail=up cycle=91
[2026-09-15 08:29:23.371] [SYNC] [INFO] [cid=-] STATE_DETECTED subject=- target=org.dt4n.core:link-h1-s1 detail=up cycle=91
[2026-09-15 08:29:23.378] [SYNC] [INFO] [cid=-] STATE_PUSHED subject=- target=org.dt4n.core:link-h1-s1 detail=up cycle=91
[2026-09-15 08:29:26.412] [CTRL] [INFO] [cid=-] REROUTE subject=- target=link-h1-s1 detail=down edge=s1-h1
[2026-09-15 08:29:27.350] [SYNC] [INFO] [cid=-] STATE_DETECTED subject=- target=org.dt4n.core:host-h1 detail=down cycle=95
[2026-09-15 08:29:27.358] [SYNC] [INFO] [cid=-] STATE_PUSHED subject=- target=org.dt4n.core:host-h1 detail=down cycle=95
[2026-09-15 08:29:27.375] [SYNC] [INFO] [cid=-] STATE_DETECTED subject=- target=org.dt4n.core:link-h1-s1 detail=down cycle=95
[2026-09-15 08:29:27.381] [SYNC] [INFO] [cid=-] STATE_PUSHED subject=- target=org.dt4n.core:link-h1-s1 detail=down cycle=95
[2026-09-15 08:29:27.437] [CTRL] [INFO] [cid=-] REROUTE subject=- target=link-h1-s1 detail=up edge=s1-h1
[2026-09-15 08:29:27.438] [CTRL] [INFO] [cid=-] FLOW_INSTALL subject=- target=s1 detail=1 ipv4 flows changed
[2026-09-15 08:29:27.439] [CTRL] [INFO] [cid=-] FLOW_INSTALL subject=- target=s2 detail=1 ipv4 flows changed
[2026-09-15 08:29:27.439] [CTRL] [INFO] [cid=-] FLOW_INSTALL subject=- target=s3 detail=1 ipv4 flows changed
[2026-09-15 08:29:28.352] [SYNC] [INFO] [cid=-] STATE_DETECTED subject=- target=org.dt4n.core:host-h1 detail=up cycle=96
[2026-09-15 08:29:28.359] [SYNC] [INFO] [cid=-] STATE_PUSHED subject=- target=org.dt4n.core:host-h1 detail=up cycle=96
[2026-09-15 08:29:28.370] [SYNC] [INFO] [cid=-] STATE_DETECTED subject=- target=org.dt4n.core:link-h1-s1 detail=up cycle=96
[2026-09-15 08:29:28.376] [SYNC] [INFO] [cid=-] STATE_PUSHED subject=- target=org.dt4n.core:link-h1-s1 detail=up cycle=96
[2026-09-15 08:29:31.395] [CTRL] [INFO] [cid=-] REROUTE subject=- target=link-h1-s1 detail=down edge=s1-h1
[2026-09-15 08:29:32.352] [SYNC] [INFO] [cid=-] STATE_DETECTED subject=- target=org.dt4n.core:host-h1 detail=down cycle=100
[2026-09-15 08:29:32.359] [SYNC] [INFO] [cid=-] STATE_PUSHED subject=- target=org.dt4n.core:host-h1 detail=down cycle=100
[2026-09-15 08:29:32.370] [SYNC] [INFO] [cid=-] STATE_DETECTED subject=- target=org.dt4n.core:link-h1-s1 detail=down cycle=100
[2026-09-15 08:29:32.375] [SYNC] [INFO] [cid=-] STATE_PUSHED subject=- target=org.dt4n.core:link-h1-s1 detail=down cycle=100
[2026-09-15 08:29:32.413] [CTRL] [INFO] [cid=-] REROUTE subject=- target=link-h1-s1 detail=up edge=s1-h1
[2026-09-15 08:29:32.413] [CTRL] [INFO] [cid=-] FLOW_INSTALL subject=- target=s1 detail=1 ipv4 flows changed
[2026-09-15 08:29:32.414] [CTRL] [INFO] [cid=-] FLOW_INSTALL subject=- target=s2 detail=1 ipv4 flows changed
[2026-09-15 08:29:32.414] [CTRL] [INFO] [cid=-] FLOW_INSTALL subject=- target=s3 detail=1 ipv4 flows changed
[2026-09-15 08:29:33.352] [SYNC] [INFO] [cid=-] STATE_DETECTED subject=- target=org.dt4n.core:host-h1 detail=up cycle=101
[2026-09-15 08:29:33.359] [SYNC] [INFO] [cid=-] STATE_PUSHED subject=- target=org.dt4n.core:host-h1 detail=up cycle=101
[2026-09-15 08:29:33.371] [SYNC] [INFO] [cid=-] STATE_DETECTED subject=- target=org.dt4n.core:link-h1-s1 detail=up cycle=101
[2026-09-15 08:29:33.377] [SYNC] [INFO] [cid=-] STATE_PUSHED subject=- target=org.dt4n.core:link-h1-s1 detail=up cycle=101
[2026-09-15 08:29:36.427] [CTRL] [INFO] [cid=-] REROUTE subject=- target=link-h1-s1 detail=down edge=s1-h1
[2026-09-15 08:29:37.354] [SYNC] [INFO] [cid=-] STATE_DETECTED subject=- target=org.dt4n.core:host-h1 detail=down cycle=105
[2026-09-15 08:29:37.361] [SYNC] [INFO] [cid=-] STATE_PUSHED subject=- target=org.dt4n.core:host-h1 detail=down cycle=105
[2026-09-15 08:29:37.372] [SYNC] [INFO] [cid=-] STATE_DETECTED subject=- target=org.dt4n.core:link-h1-s1 detail=down cycle=105
[2026-09-15 08:29:37.378] [SYNC] [INFO] [cid=-] STATE_PUSHED subject=- target=org.dt4n.core:link-h1-s1 detail=down cycle=105
[2026-09-15 08:29:37.392] [CTRL] [INFO] [cid=-] REROUTE subject=- target=link-h1-s1 detail=up edge=s1-h1
[2026-09-15 08:29:37.392] [CTRL] [INFO] [cid=-] FLOW_INSTALL subject=- target=s1 detail=1 ipv4 flows changed
[2026-09-15 08:29:37.392] [CTRL] [INFO] [cid=-] FLOW_INSTALL subject=- target=s2 detail=1 ipv4 flows changed
[2026-09-15 08:29:37.393] [CTRL] [INFO] [cid=-] FLOW_INSTALL subject=- target=s3 detail=1 ipv4 flows changed
[2026-09-15 08:29:37.609] [AGENT] [INFO] [cid=59dcdcd5-db27-41fb-adba-c9c03b55483e] SSE_EVENT subject=rebootEverything target=org.dt4n.core:link-h1-s1 bytes=98 correlationSource=payload:clientCorrelationId eventName=rebootEverything sseFields=["event"]
[2026-09-15 08:29:37.609] [AGENT] [INFO] [cid=59dcdcd5-db27-41fb-adba-c9c03b55483e] RECEIVE subject=rebootEverything target=org.dt4n.core:link-h1-s1 params={}
[2026-09-15 08:29:37.609] [AGENT] [WARN] [cid=59dcdcd5-db27-41fb-adba-c9c03b55483e] REJECT subject=rebootEverything target=org.dt4n.core:link-h1-s1 detail=unknown command: rebootEverything
[2026-09-15 08:29:37.609] [AGENT] [INFO] [cid=59dcdcd5-db27-41fb-adba-c9c03b55483e] RESPONSE_SEND subject=rebootEverything target=org.dt4n.core:controller code=400 correlationSource=payload:clientCorrelationId ok=false
[2026-09-15 08:29:37.634] [AGENT] [INFO] [cid=59dcdcd5-db27-41fb-adba-c9c03b55483e] RESPONSE_OK subject=rebootEverything target=org.dt4n.core:controller http_status=202
[2026-09-15 08:29:37.637] [AGENT] [INFO] [cid=2a3ae19c-af39-4baf-b0eb-7cd499492e94] SSE_EVENT subject=setBandwidth target=org.dt4n.core:link-s2-s3 bytes=117 correlationSource=payload:clientCorrelationId eventName=setBandwidth sseFields=["event"]
[2026-09-15 08:29:37.638] [AGENT] [INFO] [cid=2a3ae19c-af39-4baf-b0eb-7cd499492e94] RECEIVE subject=setBandwidth target=org.dt4n.core:link-s2-s3 params={"bw":"$(rm -rf /)"}
[2026-09-15 08:29:37.638] [AGENT] [INFO] [cid=2a3ae19c-af39-4baf-b0eb-7cd499492e94] EXECUTE_START subject=setBandwidth target=org.dt4n.core:link-s2-s3
[2026-09-15 08:29:37.638] [AGENT] [INFO] [cid=2a3ae19c-af39-4baf-b0eb-7cd499492e94] LOCK_WAIT subject=setBandwidth target=org.dt4n.core:link-s2-s3 waitMs=0
[2026-09-15 08:29:37.638] [AGENT] [WARN] [cid=2a3ae19c-af39-4baf-b0eb-7cd499492e94] REJECT subject=setBandwidth target=org.dt4n.core:link-s2-s3 detail=bw must be a number, got '$(rm -rf /)' code=400
[2026-09-15 08:29:37.638] [AGENT] [INFO] [cid=2a3ae19c-af39-4baf-b0eb-7cd499492e94] RESPONSE_SEND subject=setBandwidth target=org.dt4n.core:controller code=400 correlationSource=payload:clientCorrelationId ok=false
[2026-09-15 08:29:37.663] [AGENT] [INFO] [cid=2a3ae19c-af39-4baf-b0eb-7cd499492e94] RESPONSE_OK subject=setBandwidth target=org.dt4n.core:controller http_status=202
[2026-09-15 08:29:37.664] [AGENT] [INFO] [cid=b2facced-354c-49be-9670-ff21f51890d2] SSE_EVENT subject=disableLink target=org.dt4n.core:link-xx-yy bytes=98 correlationSource=payload:clientCorrelationId eventName=disableLink sseFields=["event"]
[2026-09-15 08:29:37.664] [AGENT] [INFO] [cid=b2facced-354c-49be-9670-ff21f51890d2] RECEIVE subject=disableLink target=org.dt4n.core:link-xx-yy params={}
[2026-09-15 08:29:37.665] [AGENT] [INFO] [cid=b2facced-354c-49be-9670-ff21f51890d2] EXECUTE_START subject=disableLink target=org.dt4n.core:link-xx-yy
[2026-09-15 08:29:37.665] [AGENT] [INFO] [cid=b2facced-354c-49be-9670-ff21f51890d2] LOCK_WAIT subject=disableLink target=org.dt4n.core:link-xx-yy waitMs=0
[2026-09-15 08:29:37.665] [AGENT] [WARN] [cid=b2facced-354c-49be-9670-ff21f51890d2] REJECT subject=disableLink target=org.dt4n.core:link-xx-yy detail=target not found: org.dt4n.core:link-xx-yy code=404
[2026-09-15 08:29:37.665] [AGENT] [INFO] [cid=b2facced-354c-49be-9670-ff21f51890d2] RESPONSE_SEND subject=disableLink target=org.dt4n.core:controller code=404 correlationSource=payload:clientCorrelationId ok=false
[2026-09-15 08:29:37.693] [AGENT] [INFO] [cid=b2facced-354c-49be-9670-ff21f51890d2] RESPONSE_OK subject=disableLink target=org.dt4n.core:controller http_status=202
[2026-09-15 08:29:37.694] [AGENT] [INFO] [cid=7657d805-5a13-4213-9193-2f05798bdd3c] SSE_EVENT subject=disableLink target=org.dt4n.core:link-h1-s1 bytes=98 correlationSource=payload:clientCorrelationId eventName=disableLink sseFields=["event"]
[2026-09-15 08:29:37.694] [AGENT] [INFO] [cid=7657d805-5a13-4213-9193-2f05798bdd3c] RECEIVE subject=disableLink target=org.dt4n.core:link-h1-s1 params={}
[2026-09-15 08:29:37.694] [AGENT] [INFO] [cid=7657d805-5a13-4213-9193-2f05798bdd3c] EXECUTE_START subject=disableLink target=org.dt4n.core:link-h1-s1
[2026-09-15 08:29:37.694] [AGENT] [INFO] [cid=7657d805-5a13-4213-9193-2f05798bdd3c] LOCK_WAIT subject=disableLink target=org.dt4n.core:link-h1-s1 waitMs=0
[2026-09-15 08:29:37.699] [AGENT] [INFO] [cid=7657d805-5a13-4213-9193-2f05798bdd3c] EXECUTE_DONE subject=disableLink target=org.dt4n.core:link-h1-s1 detail=link h1-s1 -> down code=200
[2026-09-15 08:29:37.699] [AGENT] [INFO] [cid=7657d805-5a13-4213-9193-2f05798bdd3c] RESPONSE_SEND subject=disableLink target=org.dt4n.core:controller code=200 correlationSource=payload:clientCorrelationId ok=true
[2026-09-15 08:29:37.701] [CTRL] [INFO] [cid=-] REROUTE subject=- target=link-h1-s1 detail=down edge=s1-h1
[2026-09-15 08:29:37.724] [AGENT] [INFO] [cid=7657d805-5a13-4213-9193-2f05798bdd3c] RESPONSE_OK subject=disableLink target=org.dt4n.core:controller http_status=202
[2026-09-15 08:29:37.724] [AGENT] [INFO] [cid=963c896d-5cb4-493d-9b0d-033ed51c29c4] SSE_EVENT subject=disableLink target=org.dt4n.core:link-h1-s1 bytes=98 correlationSource=payload:clientCorrelationId eventName=disableLink sseFields=["event"]
[2026-09-15 08:29:37.724] [AGENT] [INFO] [cid=963c896d-5cb4-493d-9b0d-033ed51c29c4] RECEIVE subject=disableLink target=org.dt4n.core:link-h1-s1 params={}
[2026-09-15 08:29:37.724] [AGENT] [INFO] [cid=963c896d-5cb4-493d-9b0d-033ed51c29c4] EXECUTE_START subject=disableLink target=org.dt4n.core:link-h1-s1
[2026-09-15 08:29:37.725] [AGENT] [INFO] [cid=963c896d-5cb4-493d-9b0d-033ed51c29c4] LOCK_WAIT subject=disableLink target=org.dt4n.core:link-h1-s1 waitMs=0
[2026-09-15 08:29:37.727] [AGENT] [INFO] [cid=963c896d-5cb4-493d-9b0d-033ed51c29c4] EXECUTE_DONE subject=disableLink target=org.dt4n.core:link-h1-s1 detail=link h1-s1 -> down code=200
[2026-09-15 08:29:37.727] [AGENT] [INFO] [cid=963c896d-5cb4-493d-9b0d-033ed51c29c4] RESPONSE_SEND subject=disableLink target=org.dt4n.core:controller code=200 correlationSource=payload:clientCorrelationId ok=true
[2026-09-15 08:29:37.754] [AGENT] [INFO] [cid=963c896d-5cb4-493d-9b0d-033ed51c29c4] RESPONSE_OK subject=disableLink target=org.dt4n.core:controller http_status=202
[2026-09-15 08:29:37.754] [AGENT] [INFO] [cid=b46b6753-ccb3-4f72-b480-4e9ad24e5cbd] SSE_EVENT subject=disableLink target=org.dt4n.core:link-h1-s1 bytes=98 correlationSource=payload:clientCorrelationId eventName=disableLink sseFields=["event"]
[2026-09-15 08:29:37.755] [AGENT] [INFO] [cid=b46b6753-ccb3-4f72-b480-4e9ad24e5cbd] RECEIVE subject=disableLink target=org.dt4n.core:link-h1-s1 params={}
[2026-09-15 08:29:37.755] [AGENT] [INFO] [cid=b46b6753-ccb3-4f72-b480-4e9ad24e5cbd] EXECUTE_START subject=disableLink target=org.dt4n.core:link-h1-s1
[2026-09-15 08:29:37.755] [AGENT] [INFO] [cid=b46b6753-ccb3-4f72-b480-4e9ad24e5cbd] LOCK_WAIT subject=disableLink target=org.dt4n.core:link-h1-s1 waitMs=0
[2026-09-15 08:29:37.757] [AGENT] [INFO] [cid=b46b6753-ccb3-4f72-b480-4e9ad24e5cbd] EXECUTE_DONE subject=disableLink target=org.dt4n.core:link-h1-s1 detail=link h1-s1 -> down code=200
[2026-09-15 08:29:37.757] [AGENT] [INFO] [cid=b46b6753-ccb3-4f72-b480-4e9ad24e5cbd] RESPONSE_SEND subject=disableLink target=org.dt4n.core:controller code=200 correlationSource=payload:clientCorrelationId ok=true
[2026-09-15 08:29:37.784] [AGENT] [INFO] [cid=b46b6753-ccb3-4f72-b480-4e9ad24e5cbd] RESPONSE_OK subject=disableLink target=org.dt4n.core:controller http_status=202
[2026-09-15 08:29:37.785] [AGENT] [INFO] [cid=bf20e9d5-af2c-44ca-88c3-863b8e0656aa] SSE_EVENT subject=enableLink target=org.dt4n.core:link-h1-s1 bytes=98 correlationSource=payload:clientCorrelationId eventName=enableLink sseFields=["event"]
[2026-09-15 08:29:37.785] [AGENT] [INFO] [cid=bf20e9d5-af2c-44ca-88c3-863b8e0656aa] RECEIVE subject=enableLink target=org.dt4n.core:link-h1-s1 params={}
[2026-09-15 08:29:37.785] [AGENT] [INFO] [cid=bf20e9d5-af2c-44ca-88c3-863b8e0656aa] EXECUTE_START subject=enableLink target=org.dt4n.core:link-h1-s1
[2026-09-15 08:29:37.785] [AGENT] [INFO] [cid=bf20e9d5-af2c-44ca-88c3-863b8e0656aa] LOCK_WAIT subject=enableLink target=org.dt4n.core:link-h1-s1 waitMs=0
[2026-09-15 08:29:37.788] [AGENT] [INFO] [cid=bf20e9d5-af2c-44ca-88c3-863b8e0656aa] EXECUTE_DONE subject=enableLink target=org.dt4n.core:link-h1-s1 detail=link h1-s1 -> up code=200
[2026-09-15 08:29:37.788] [AGENT] [INFO] [cid=bf20e9d5-af2c-44ca-88c3-863b8e0656aa] RESPONSE_SEND subject=enableLink target=org.dt4n.core:controller code=200 correlationSource=payload:clientCorrelationId ok=true
[2026-09-15 08:29:37.792] [CTRL] [INFO] [cid=-] REROUTE subject=- target=link-h1-s1 detail=up edge=s1-h1
[2026-09-15 08:29:37.792] [CTRL] [INFO] [cid=-] FLOW_INSTALL subject=- target=s1 detail=1 ipv4 flows changed
[2026-09-15 08:29:37.792] [CTRL] [INFO] [cid=-] FLOW_INSTALL subject=- target=s2 detail=1 ipv4 flows changed
[2026-09-15 08:29:37.793] [CTRL] [INFO] [cid=-] FLOW_INSTALL subject=- target=s3 detail=1 ipv4 flows changed
[2026-09-15 08:29:37.813] [AGENT] [INFO] [cid=bf20e9d5-af2c-44ca-88c3-863b8e0656aa] RESPONSE_OK subject=enableLink target=org.dt4n.core:controller http_status=202
[2026-09-15 08:29:38.354] [SYNC] [INFO] [cid=-] STATE_DETECTED subject=- target=org.dt4n.core:host-h1 detail=up cycle=106
[2026-09-15 08:29:38.362] [SYNC] [INFO] [cid=-] STATE_PUSHED subject=- target=org.dt4n.core:host-h1 detail=up cycle=106
[2026-09-15 08:29:38.375] [SYNC] [INFO] [cid=-] STATE_DETECTED subject=- target=org.dt4n.core:link-h1-s1 detail=up cycle=106
[2026-09-15 08:29:38.382] [SYNC] [INFO] [cid=-] STATE_PUSHED subject=- target=org.dt4n.core:link-h1-s1 detail=up cycle=106
[2026-09-15 08:29:38.766] [UI] TOPOLOGY_LOAD_START
[2026-09-15 08:29:38.766] [UI] event=state.resync.start level=info data={"tsServer":"2026-09-15T08:29:38.764Z","source":"dashboard","tsClient":"2026-09-15T08:29:38.762Z","seq":2,"event":"state.resync.start","level":"info","path":"/","reason":"initial-load"}
[2026-09-15 08:29:38.791] [UI] RESYNC_DONE reason=initial-load things=18 nodes=8 edges=8 durationMs=27
[2026-09-15 08:29:38.835] [UI] TOPOLOGY_LOAD_DONE
[2026-09-15 08:29:39.867] [UI] SSE_OPEN
[2026-09-15 08:29:39.867] [UI] event=state.resync.start level=info data={"tsServer":"2026-09-15T08:29:39.867Z","source":"dashboard","tsClient":"2026-09-15T08:29:39.865Z","seq":6,"event":"state.resync.start","level":"info","path":"/","reason":"sse-open"}
[2026-09-15 08:29:39.889] [UI] RESYNC_DONE reason=sse-open things=18 nodes=8 edges=8 durationMs=23

================================================================================
[2026-09-15 08:29:44.363] [UI] [cid=3a4e850a-39c7-46b2-8ef7-e4d632263fc6] CLICK subject=disableLink target=org.dt4n.core:link-h1-s1 stateBefore=up params={}
[2026-09-15 08:29:44.365] [UI] [cid=3a4e850a-39c7-46b2-8ef7-e4d632263fc6] WAIT_STATE target=org.dt4n.core:link-h1-s1 expect=down current=up timeoutMs=20000
[2026-09-15 08:29:44.367] [UI] [cid=3a4e850a-39c7-46b2-8ef7-e4d632263fc6] SEND  POST /ditto/api/2/things/org.dt4n.core:controller/inbox/messages/disableLink?timeout=0 timeout=0s
[2026-09-15 08:29:44.394] [AGENT] [INFO] [cid=3a4e850a-39c7-46b2-8ef7-e4d632263fc6] SSE_EVENT subject=disableLink target=org.dt4n.core:link-h1-s1 bytes=98 correlationSource=payload:clientCorrelationId eventName=disableLink sseFields=["event"]
[2026-09-15 08:29:44.395] [AGENT] [INFO] [cid=3a4e850a-39c7-46b2-8ef7-e4d632263fc6] RECEIVE subject=disableLink target=org.dt4n.core:link-h1-s1 params={}
[2026-09-15 08:29:44.395] [AGENT] [INFO] [cid=3a4e850a-39c7-46b2-8ef7-e4d632263fc6] EXECUTE_START subject=disableLink target=org.dt4n.core:link-h1-s1
[2026-09-15 08:29:44.395] [AGENT] [INFO] [cid=3a4e850a-39c7-46b2-8ef7-e4d632263fc6] LOCK_WAIT subject=disableLink target=org.dt4n.core:link-h1-s1 waitMs=0
[2026-09-15 08:29:44.399] [CTRL] [INFO] [cid=-] REROUTE subject=- target=link-h1-s1 detail=down edge=s1-h1
[2026-09-15 08:29:44.404] [AGENT] [INFO] [cid=3a4e850a-39c7-46b2-8ef7-e4d632263fc6] EXECUTE_DONE subject=disableLink target=org.dt4n.core:link-h1-s1 detail=link h1-s1 -> down code=200
[2026-09-15 08:29:44.404] [AGENT] [INFO] [cid=3a4e850a-39c7-46b2-8ef7-e4d632263fc6] RESPONSE_SEND subject=disableLink target=org.dt4n.core:controller code=200 correlationSource=payload:clientCorrelationId ok=true
[2026-09-15 08:29:44.422] [UI] [cid=3a4e850a-39c7-46b2-8ef7-e4d632263fc6] DITTO_RESPONSE http=202 timedOut=false rejected=false durationMs=55 error= message=
[2026-09-15 08:29:44.422] [UI] [cid=3a4e850a-39c7-46b2-8ef7-e4d632263fc6] UI_ACK ok=true timedOut=false rejected=false http=202
[2026-09-15 08:29:44.434] [AGENT] [INFO] [cid=3a4e850a-39c7-46b2-8ef7-e4d632263fc6] RESPONSE_OK subject=disableLink target=org.dt4n.core:controller http_status=202
[2026-09-15 08:29:45.357] [SYNC] [INFO] [cid=-] STATE_DETECTED subject=- target=org.dt4n.core:host-h1 detail=down cycle=113
[2026-09-15 08:29:45.367] [SYNC] [INFO] [cid=-] STATE_PUSHED subject=- target=org.dt4n.core:host-h1 detail=down cycle=113
[2026-09-15 08:29:45.398] [SYNC] [INFO] [cid=-] STATE_DETECTED subject=- target=org.dt4n.core:link-h1-s1 detail=down cycle=113
[2026-09-15 08:29:45.407] [SYNC] [INFO] [cid=-] STATE_PUSHED subject=- target=org.dt4n.core:link-h1-s1 detail=down cycle=113
[2026-09-15 08:29:45.867] [UI] [cid=3a4e850a-39c7-46b2-8ef7-e4d632263fc6] STATE_OK target=org.dt4n.core:link-h1-s1 expect=down state=down

================================================================================
[2026-09-15 08:29:46.587] [UI] [cid=48df5257-ce13-446d-be9b-48502b2eee4c] CLICK subject=enableLink target=org.dt4n.core:link-h1-s1 stateBefore=down params={}
[2026-09-15 08:29:46.587] [UI] [cid=48df5257-ce13-446d-be9b-48502b2eee4c] WAIT_STATE target=org.dt4n.core:link-h1-s1 expect=up current=down timeoutMs=20000
[2026-09-15 08:29:46.588] [UI] [cid=48df5257-ce13-446d-be9b-48502b2eee4c] SEND  POST /ditto/api/2/things/org.dt4n.core:controller/inbox/messages/enableLink?timeout=0 timeout=0s
[2026-09-15 08:29:46.595] [AGENT] [INFO] [cid=48df5257-ce13-446d-be9b-48502b2eee4c] SSE_EVENT subject=enableLink target=org.dt4n.core:link-h1-s1 bytes=98 correlationSource=payload:clientCorrelationId eventName=enableLink sseFields=["event"]
[2026-09-15 08:29:46.595] [AGENT] [INFO] [cid=48df5257-ce13-446d-be9b-48502b2eee4c] RECEIVE subject=enableLink target=org.dt4n.core:link-h1-s1 params={}
[2026-09-15 08:29:46.596] [AGENT] [INFO] [cid=48df5257-ce13-446d-be9b-48502b2eee4c] EXECUTE_START subject=enableLink target=org.dt4n.core:link-h1-s1
[2026-09-15 08:29:46.596] [AGENT] [INFO] [cid=48df5257-ce13-446d-be9b-48502b2eee4c] LOCK_WAIT subject=enableLink target=org.dt4n.core:link-h1-s1 waitMs=0
[2026-09-15 08:29:46.600] [AGENT] [INFO] [cid=48df5257-ce13-446d-be9b-48502b2eee4c] EXECUTE_DONE subject=enableLink target=org.dt4n.core:link-h1-s1 detail=link h1-s1 -> up code=200
[2026-09-15 08:29:46.600] [AGENT] [INFO] [cid=48df5257-ce13-446d-be9b-48502b2eee4c] RESPONSE_SEND subject=enableLink target=org.dt4n.core:controller code=200 correlationSource=payload:clientCorrelationId ok=true
[2026-09-15 08:29:46.603] [CTRL] [INFO] [cid=-] REROUTE subject=- target=link-h1-s1 detail=up edge=s1-h1
[2026-09-15 08:29:46.604] [CTRL] [INFO] [cid=-] FLOW_INSTALL subject=- target=s1 detail=1 ipv4 flows changed
[2026-09-15 08:29:46.605] [CTRL] [INFO] [cid=-] FLOW_INSTALL subject=- target=s2 detail=1 ipv4 flows changed
[2026-09-15 08:29:46.605] [CTRL] [INFO] [cid=-] FLOW_INSTALL subject=- target=s3 detail=1 ipv4 flows changed
[2026-09-15 08:29:46.617] [UI] [cid=48df5257-ce13-446d-be9b-48502b2eee4c] DITTO_RESPONSE http=202 timedOut=false rejected=false durationMs=30 error= message=
[2026-09-15 08:29:46.617] [UI] [cid=48df5257-ce13-446d-be9b-48502b2eee4c] UI_ACK ok=true timedOut=false rejected=false http=202
[2026-09-15 08:29:46.634] [AGENT] [INFO] [cid=48df5257-ce13-446d-be9b-48502b2eee4c] RESPONSE_OK subject=enableLink target=org.dt4n.core:controller http_status=202
[2026-09-15 08:29:47.370] [SYNC] [INFO] [cid=-] STATE_DETECTED subject=- target=org.dt4n.core:host-h1 detail=up cycle=115
[2026-09-15 08:29:47.380] [SYNC] [INFO] [cid=-] STATE_PUSHED subject=- target=org.dt4n.core:host-h1 detail=up cycle=115
[2026-09-15 08:29:47.400] [SYNC] [INFO] [cid=-] STATE_DETECTED subject=- target=org.dt4n.core:link-h1-s1 detail=up cycle=115
[2026-09-15 08:29:47.408] [SYNC] [INFO] [cid=-] STATE_PUSHED subject=- target=org.dt4n.core:link-h1-s1 detail=up cycle=115
[2026-09-15 08:29:47.587] [UI] [cid=48df5257-ce13-446d-be9b-48502b2eee4c] STATE_OK target=org.dt4n.core:link-h1-s1 expect=up state=up

================================================================================
[2026-09-15 08:29:48.490] [UI] [cid=8ab6ee69-109e-4816-bae1-620ee5a79640] CLICK subject=disableLink target=org.dt4n.core:link-h1-s1 stateBefore=up params={}
[2026-09-15 08:29:48.490] [UI] [cid=8ab6ee69-109e-4816-bae1-620ee5a79640] WAIT_STATE target=org.dt4n.core:link-h1-s1 expect=down current=up timeoutMs=20000
[2026-09-15 08:29:48.490] [UI] [cid=8ab6ee69-109e-4816-bae1-620ee5a79640] SEND  POST /ditto/api/2/things/org.dt4n.core:controller/inbox/messages/disableLink?timeout=0 timeout=0s
[2026-09-15 08:29:48.498] [AGENT] [INFO] [cid=8ab6ee69-109e-4816-bae1-620ee5a79640] SSE_EVENT subject=disableLink target=org.dt4n.core:link-h1-s1 bytes=98 correlationSource=payload:clientCorrelationId eventName=disableLink sseFields=["event"]
[2026-09-15 08:29:48.498] [AGENT] [INFO] [cid=8ab6ee69-109e-4816-bae1-620ee5a79640] RECEIVE subject=disableLink target=org.dt4n.core:link-h1-s1 params={}
[2026-09-15 08:29:48.498] [AGENT] [INFO] [cid=8ab6ee69-109e-4816-bae1-620ee5a79640] EXECUTE_START subject=disableLink target=org.dt4n.core:link-h1-s1
[2026-09-15 08:29:48.498] [AGENT] [INFO] [cid=8ab6ee69-109e-4816-bae1-620ee5a79640] LOCK_WAIT subject=disableLink target=org.dt4n.core:link-h1-s1 waitMs=0
[2026-09-15 08:29:48.504] [AGENT] [INFO] [cid=8ab6ee69-109e-4816-bae1-620ee5a79640] EXECUTE_DONE subject=disableLink target=org.dt4n.core:link-h1-s1 detail=link h1-s1 -> down code=200
[2026-09-15 08:29:48.504] [AGENT] [INFO] [cid=8ab6ee69-109e-4816-bae1-620ee5a79640] RESPONSE_SEND subject=disableLink target=org.dt4n.core:controller code=200 correlationSource=payload:clientCorrelationId ok=true
[2026-09-15 08:29:48.506] [CTRL] [INFO] [cid=-] REROUTE subject=- target=link-h1-s1 detail=down edge=s1-h1
[2026-09-15 08:29:48.527] [UI] [cid=8ab6ee69-109e-4816-bae1-620ee5a79640] DITTO_RESPONSE http=202 timedOut=false rejected=false durationMs=38 error= message=
[2026-09-15 08:29:48.527] [UI] [cid=8ab6ee69-109e-4816-bae1-620ee5a79640] UI_ACK ok=true timedOut=false rejected=false http=202
[2026-09-15 08:29:48.534] [AGENT] [INFO] [cid=8ab6ee69-109e-4816-bae1-620ee5a79640] RESPONSE_OK subject=disableLink target=org.dt4n.core:controller http_status=202
[2026-09-15 08:29:49.361] [SYNC] [INFO] [cid=-] STATE_DETECTED subject=- target=org.dt4n.core:host-h1 detail=down cycle=117
[2026-09-15 08:29:49.371] [SYNC] [INFO] [cid=-] STATE_PUSHED subject=- target=org.dt4n.core:host-h1 detail=down cycle=117
[2026-09-15 08:29:49.386] [SYNC] [INFO] [cid=-] STATE_DETECTED subject=- target=org.dt4n.core:link-h1-s1 detail=down cycle=117
[2026-09-15 08:29:49.393] [SYNC] [INFO] [cid=-] STATE_PUSHED subject=- target=org.dt4n.core:link-h1-s1 detail=down cycle=117
[2026-09-15 08:29:49.489] [UI] [cid=8ab6ee69-109e-4816-bae1-620ee5a79640] STATE_OK target=org.dt4n.core:link-h1-s1 expect=down state=down

================================================================================
[2026-09-15 08:29:50.448] [UI] [cid=e2f557cc-cf89-4d3f-9689-73150db76ccf] CLICK subject=enableLink target=org.dt4n.core:link-h1-s1 stateBefore=down params={}
[2026-09-15 08:29:50.448] [UI] [cid=e2f557cc-cf89-4d3f-9689-73150db76ccf] WAIT_STATE target=org.dt4n.core:link-h1-s1 expect=up current=down timeoutMs=20000
[2026-09-15 08:29:50.448] [UI] [cid=e2f557cc-cf89-4d3f-9689-73150db76ccf] SEND  POST /ditto/api/2/things/org.dt4n.core:controller/inbox/messages/enableLink?timeout=0 timeout=0s
[2026-09-15 08:29:50.456] [AGENT] [INFO] [cid=e2f557cc-cf89-4d3f-9689-73150db76ccf] SSE_EVENT subject=enableLink target=org.dt4n.core:link-h1-s1 bytes=98 correlationSource=payload:clientCorrelationId eventName=enableLink sseFields=["event"]
[2026-09-15 08:29:50.456] [AGENT] [INFO] [cid=e2f557cc-cf89-4d3f-9689-73150db76ccf] RECEIVE subject=enableLink target=org.dt4n.core:link-h1-s1 params={}
[2026-09-15 08:29:50.456] [AGENT] [INFO] [cid=e2f557cc-cf89-4d3f-9689-73150db76ccf] EXECUTE_START subject=enableLink target=org.dt4n.core:link-h1-s1
[2026-09-15 08:29:50.456] [AGENT] [INFO] [cid=e2f557cc-cf89-4d3f-9689-73150db76ccf] LOCK_WAIT subject=enableLink target=org.dt4n.core:link-h1-s1 waitMs=0
[2026-09-15 08:29:50.460] [AGENT] [INFO] [cid=e2f557cc-cf89-4d3f-9689-73150db76ccf] EXECUTE_DONE subject=enableLink target=org.dt4n.core:link-h1-s1 detail=link h1-s1 -> up code=200
[2026-09-15 08:29:50.460] [AGENT] [INFO] [cid=e2f557cc-cf89-4d3f-9689-73150db76ccf] RESPONSE_SEND subject=enableLink target=org.dt4n.core:controller code=200 correlationSource=payload:clientCorrelationId ok=true
[2026-09-15 08:29:50.464] [CTRL] [INFO] [cid=-] REROUTE subject=- target=link-h1-s1 detail=up edge=s1-h1
[2026-09-15 08:29:50.465] [CTRL] [INFO] [cid=-] FLOW_INSTALL subject=- target=s1 detail=1 ipv4 flows changed
[2026-09-15 08:29:50.465] [CTRL] [INFO] [cid=-] FLOW_INSTALL subject=- target=s2 detail=1 ipv4 flows changed
[2026-09-15 08:29:50.465] [CTRL] [INFO] [cid=-] FLOW_INSTALL subject=- target=s3 detail=1 ipv4 flows changed
[2026-09-15 08:29:50.480] [UI] [cid=e2f557cc-cf89-4d3f-9689-73150db76ccf] DITTO_RESPONSE http=202 timedOut=false rejected=false durationMs=31 error= message=
[2026-09-15 08:29:50.480] [UI] [cid=e2f557cc-cf89-4d3f-9689-73150db76ccf] UI_ACK ok=true timedOut=false rejected=false http=202
[2026-09-15 08:29:50.494] [AGENT] [INFO] [cid=e2f557cc-cf89-4d3f-9689-73150db76ccf] RESPONSE_OK subject=enableLink target=org.dt4n.core:controller http_status=202
[2026-09-15 08:29:51.366] [SYNC] [INFO] [cid=-] STATE_DETECTED subject=- target=org.dt4n.core:host-h1 detail=up cycle=119
[2026-09-15 08:29:51.378] [SYNC] [INFO] [cid=-] STATE_PUSHED subject=- target=org.dt4n.core:host-h1 detail=up cycle=119
[2026-09-15 08:29:51.393] [SYNC] [INFO] [cid=-] STATE_DETECTED subject=- target=org.dt4n.core:link-h1-s1 detail=up cycle=119
[2026-09-15 08:29:51.402] [SYNC] [INFO] [cid=-] STATE_PUSHED subject=- target=org.dt4n.core:link-h1-s1 detail=up cycle=119
[2026-09-15 08:29:51.446] [UI] [cid=e2f557cc-cf89-4d3f-9689-73150db76ccf] STATE_OK target=org.dt4n.core:link-h1-s1 expect=up state=up
[2026-09-15 08:29:52.358] [SYNC] [INFO] [cid=-] STATE_DETECTED subject=- target=org.dt4n.core:host-h1 detail=up cycle=120
[2026-09-15 08:29:52.367] [SYNC] [INFO] [cid=-] STATE_PUSHED subject=- target=org.dt4n.core:host-h1 detail=up cycle=120
[2026-09-15 08:29:52.367] [SYNC] [INFO] [cid=-] STATE_DETECTED subject=- target=org.dt4n.core:host-h2 detail=up cycle=120
[2026-09-15 08:29:52.374] [SYNC] [INFO] [cid=-] STATE_PUSHED subject=- target=org.dt4n.core:host-h2 detail=up cycle=120
[2026-09-15 08:29:52.374] [SYNC] [INFO] [cid=-] STATE_DETECTED subject=- target=org.dt4n.core:host-h3 detail=up cycle=120
[2026-09-15 08:29:52.381] [SYNC] [INFO] [cid=-] STATE_PUSHED subject=- target=org.dt4n.core:host-h3 detail=up cycle=120
[2026-09-15 08:29:52.381] [SYNC] [INFO] [cid=-] STATE_DETECTED subject=- target=org.dt4n.core:host-srv1 detail=up cycle=120
[2026-09-15 08:29:52.388] [SYNC] [INFO] [cid=-] STATE_PUSHED subject=- target=org.dt4n.core:host-srv1 detail=up cycle=120
[2026-09-15 08:29:52.388] [SYNC] [INFO] [cid=-] STATE_DETECTED subject=- target=org.dt4n.core:host-srv2 detail=up cycle=120
[2026-09-15 08:29:52.395] [SYNC] [INFO] [cid=-] STATE_PUSHED subject=- target=org.dt4n.core:host-srv2 detail=up cycle=120
[2026-09-15 08:29:52.395] [SYNC] [INFO] [cid=-] STATE_DETECTED subject=- target=org.dt4n.core:switch-s1 detail=up cycle=120
[2026-09-15 08:29:52.402] [SYNC] [INFO] [cid=-] STATE_PUSHED subject=- target=org.dt4n.core:switch-s1 detail=up cycle=120
[2026-09-15 08:29:52.403] [SYNC] [INFO] [cid=-] STATE_DETECTED subject=- target=org.dt4n.core:switch-s2 detail=up cycle=120
[2026-09-15 08:29:52.410] [SYNC] [INFO] [cid=-] STATE_PUSHED subject=- target=org.dt4n.core:switch-s2 detail=up cycle=120
[2026-09-15 08:29:52.410] [SYNC] [INFO] [cid=-] STATE_DETECTED subject=- target=org.dt4n.core:switch-s3 detail=up cycle=120
[2026-09-15 08:29:52.418] [SYNC] [INFO] [cid=-] STATE_PUSHED subject=- target=org.dt4n.core:switch-s3 detail=up cycle=120
[2026-09-15 08:29:52.418] [SYNC] [INFO] [cid=-] STATE_DETECTED subject=- target=org.dt4n.core:link-h1-s1 detail=up cycle=120
[2026-09-15 08:29:52.425] [SYNC] [INFO] [cid=-] STATE_PUSHED subject=- target=org.dt4n.core:link-h1-s1 detail=up cycle=120
[2026-09-15 08:29:52.425] [SYNC] [INFO] [cid=-] STATE_DETECTED subject=- target=org.dt4n.core:link-h2-s1 detail=up cycle=120
[2026-09-15 08:29:52.432] [SYNC] [INFO] [cid=-] STATE_PUSHED subject=- target=org.dt4n.core:link-h2-s1 detail=up cycle=120
[2026-09-15 08:29:52.432] [SYNC] [INFO] [cid=-] STATE_DETECTED subject=- target=org.dt4n.core:link-h3-s1 detail=up cycle=120
[2026-09-15 08:29:52.439] [SYNC] [INFO] [cid=-] STATE_PUSHED subject=- target=org.dt4n.core:link-h3-s1 detail=up cycle=120
[2026-09-15 08:29:52.440] [SYNC] [INFO] [cid=-] STATE_DETECTED subject=- target=org.dt4n.core:link-s1-s2 detail=up cycle=120
[2026-09-15 08:29:52.447] [SYNC] [INFO] [cid=-] STATE_PUSHED subject=- target=org.dt4n.core:link-s1-s2 detail=up cycle=120
[2026-09-15 08:29:52.448] [SYNC] [INFO] [cid=-] STATE_DETECTED subject=- target=org.dt4n.core:link-s1-s3 detail=up cycle=120
[2026-09-15 08:29:52.455] [SYNC] [INFO] [cid=-] STATE_PUSHED subject=- target=org.dt4n.core:link-s1-s3 detail=up cycle=120
[2026-09-15 08:29:52.455] [SYNC] [INFO] [cid=-] STATE_DETECTED subject=- target=org.dt4n.core:link-s2-s3 detail=up cycle=120
[2026-09-15 08:29:52.462] [SYNC] [INFO] [cid=-] STATE_PUSHED subject=- target=org.dt4n.core:link-s2-s3 detail=up cycle=120
[2026-09-15 08:29:52.463] [SYNC] [INFO] [cid=-] STATE_DETECTED subject=- target=org.dt4n.core:link-s2-srv1 detail=up cycle=120
[2026-09-15 08:29:52.470] [SYNC] [INFO] [cid=-] STATE_PUSHED subject=- target=org.dt4n.core:link-s2-srv1 detail=up cycle=120
[2026-09-15 08:29:52.470] [SYNC] [INFO] [cid=-] STATE_DETECTED subject=- target=org.dt4n.core:link-s3-srv2 detail=up cycle=120
[2026-09-15 08:29:52.477] [SYNC] [INFO] [cid=-] STATE_PUSHED subject=- target=org.dt4n.core:link-s3-srv2 detail=up cycle=120

================================================================================
[2026-09-15 08:29:52.513] [UI] [cid=4fa6e875-97f5-41a5-92a7-4a16ca537006] CLICK subject=disableLink target=org.dt4n.core:link-h1-s1 stateBefore=up params={}
[2026-09-15 08:29:52.513] [UI] [cid=4fa6e875-97f5-41a5-92a7-4a16ca537006] WAIT_STATE target=org.dt4n.core:link-h1-s1 expect=down current=up timeoutMs=20000
[2026-09-15 08:29:52.513] [UI] [cid=4fa6e875-97f5-41a5-92a7-4a16ca537006] SEND  POST /ditto/api/2/things/org.dt4n.core:controller/inbox/messages/disableLink?timeout=0 timeout=0s
[2026-09-15 08:29:52.520] [AGENT] [INFO] [cid=4fa6e875-97f5-41a5-92a7-4a16ca537006] SSE_EVENT subject=disableLink target=org.dt4n.core:link-h1-s1 bytes=98 correlationSource=payload:clientCorrelationId eventName=disableLink sseFields=["event"]
[2026-09-15 08:29:52.520] [AGENT] [INFO] [cid=4fa6e875-97f5-41a5-92a7-4a16ca537006] RECEIVE subject=disableLink target=org.dt4n.core:link-h1-s1 params={}
[2026-09-15 08:29:52.520] [AGENT] [INFO] [cid=4fa6e875-97f5-41a5-92a7-4a16ca537006] EXECUTE_START subject=disableLink target=org.dt4n.core:link-h1-s1
[2026-09-15 08:29:52.520] [AGENT] [INFO] [cid=4fa6e875-97f5-41a5-92a7-4a16ca537006] LOCK_WAIT subject=disableLink target=org.dt4n.core:link-h1-s1 waitMs=0
[2026-09-15 08:29:52.524] [AGENT] [INFO] [cid=4fa6e875-97f5-41a5-92a7-4a16ca537006] EXECUTE_DONE subject=disableLink target=org.dt4n.core:link-h1-s1 detail=link h1-s1 -> down code=200
[2026-09-15 08:29:52.525] [AGENT] [INFO] [cid=4fa6e875-97f5-41a5-92a7-4a16ca537006] RESPONSE_SEND subject=disableLink target=org.dt4n.core:controller code=200 correlationSource=payload:clientCorrelationId ok=true
[2026-09-15 08:29:52.526] [CTRL] [INFO] [cid=-] REROUTE subject=- target=link-h1-s1 detail=down edge=s1-h1
[2026-09-15 08:29:52.547] [UI] [cid=4fa6e875-97f5-41a5-92a7-4a16ca537006] DITTO_RESPONSE http=202 timedOut=false rejected=false durationMs=35 error= message=
[2026-09-15 08:29:52.547] [UI] [cid=4fa6e875-97f5-41a5-92a7-4a16ca537006] UI_ACK ok=true timedOut=false rejected=false http=202
[2026-09-15 08:29:52.554] [AGENT] [INFO] [cid=4fa6e875-97f5-41a5-92a7-4a16ca537006] RESPONSE_OK subject=disableLink target=org.dt4n.core:controller http_status=202
[2026-09-15 08:29:53.360] [SYNC] [INFO] [cid=-] STATE_DETECTED subject=- target=org.dt4n.core:host-h1 detail=down cycle=121
[2026-09-15 08:29:53.368] [SYNC] [INFO] [cid=-] STATE_PUSHED subject=- target=org.dt4n.core:host-h1 detail=down cycle=121
[2026-09-15 08:29:53.391] [SYNC] [INFO] [cid=-] STATE_DETECTED subject=- target=org.dt4n.core:link-h1-s1 detail=down cycle=121
[2026-09-15 08:29:53.401] [SYNC] [INFO] [cid=-] STATE_PUSHED subject=- target=org.dt4n.core:link-h1-s1 detail=down cycle=121
[2026-09-15 08:29:53.512] [UI] [cid=4fa6e875-97f5-41a5-92a7-4a16ca537006] STATE_OK target=org.dt4n.core:link-h1-s1 expect=down state=down

================================================================================
[2026-09-15 08:29:54.476] [UI] [cid=24d8ea86-e295-40c8-a4dc-5e1d1343f1b5] CLICK subject=enableLink target=org.dt4n.core:link-h1-s1 stateBefore=down params={}
[2026-09-15 08:29:54.476] [UI] [cid=24d8ea86-e295-40c8-a4dc-5e1d1343f1b5] WAIT_STATE target=org.dt4n.core:link-h1-s1 expect=up current=down timeoutMs=20000
[2026-09-15 08:29:54.477] [UI] [cid=24d8ea86-e295-40c8-a4dc-5e1d1343f1b5] SEND  POST /ditto/api/2/things/org.dt4n.core:controller/inbox/messages/enableLink?timeout=0 timeout=0s
[2026-09-15 08:29:54.483] [AGENT] [INFO] [cid=24d8ea86-e295-40c8-a4dc-5e1d1343f1b5] SSE_EVENT subject=enableLink target=org.dt4n.core:link-h1-s1 bytes=98 correlationSource=payload:clientCorrelationId eventName=enableLink sseFields=["event"]
[2026-09-15 08:29:54.484] [AGENT] [INFO] [cid=24d8ea86-e295-40c8-a4dc-5e1d1343f1b5] RECEIVE subject=enableLink target=org.dt4n.core:link-h1-s1 params={}
[2026-09-15 08:29:54.484] [AGENT] [INFO] [cid=24d8ea86-e295-40c8-a4dc-5e1d1343f1b5] EXECUTE_START subject=enableLink target=org.dt4n.core:link-h1-s1
[2026-09-15 08:29:54.484] [AGENT] [INFO] [cid=24d8ea86-e295-40c8-a4dc-5e1d1343f1b5] LOCK_WAIT subject=enableLink target=org.dt4n.core:link-h1-s1 waitMs=0
[2026-09-15 08:29:54.487] [AGENT] [INFO] [cid=24d8ea86-e295-40c8-a4dc-5e1d1343f1b5] EXECUTE_DONE subject=enableLink target=org.dt4n.core:link-h1-s1 detail=link h1-s1 -> up code=200
[2026-09-15 08:29:54.487] [AGENT] [INFO] [cid=24d8ea86-e295-40c8-a4dc-5e1d1343f1b5] RESPONSE_SEND subject=enableLink target=org.dt4n.core:controller code=200 correlationSource=payload:clientCorrelationId ok=true
[2026-09-15 08:29:54.492] [CTRL] [INFO] [cid=-] REROUTE subject=- target=link-h1-s1 detail=up edge=s1-h1
[2026-09-15 08:29:54.492] [CTRL] [INFO] [cid=-] FLOW_INSTALL subject=- target=s1 detail=1 ipv4 flows changed
[2026-09-15 08:29:54.493] [CTRL] [INFO] [cid=-] FLOW_INSTALL subject=- target=s2 detail=1 ipv4 flows changed
[2026-09-15 08:29:54.493] [CTRL] [INFO] [cid=-] FLOW_INSTALL subject=- target=s3 detail=1 ipv4 flows changed
[2026-09-15 08:29:54.507] [UI] [cid=24d8ea86-e295-40c8-a4dc-5e1d1343f1b5] DITTO_RESPONSE http=202 timedOut=false rejected=false durationMs=31 error= message=
[2026-09-15 08:29:54.507] [UI] [cid=24d8ea86-e295-40c8-a4dc-5e1d1343f1b5] UI_ACK ok=true timedOut=false rejected=false http=202
[2026-09-15 08:29:54.514] [AGENT] [INFO] [cid=24d8ea86-e295-40c8-a4dc-5e1d1343f1b5] RESPONSE_OK subject=enableLink target=org.dt4n.core:controller http_status=202
[2026-09-15 08:29:55.359] [SYNC] [INFO] [cid=-] STATE_DETECTED subject=- target=org.dt4n.core:host-h1 detail=up cycle=123
[2026-09-15 08:29:55.367] [SYNC] [INFO] [cid=-] STATE_PUSHED subject=- target=org.dt4n.core:host-h1 detail=up cycle=123
[2026-09-15 08:29:55.382] [SYNC] [INFO] [cid=-] STATE_DETECTED subject=- target=org.dt4n.core:link-h1-s1 detail=up cycle=123
[2026-09-15 08:29:55.389] [SYNC] [INFO] [cid=-] STATE_PUSHED subject=- target=org.dt4n.core:link-h1-s1 detail=up cycle=123
[2026-09-15 08:29:55.475] [UI] [cid=24d8ea86-e295-40c8-a4dc-5e1d1343f1b5] STATE_OK target=org.dt4n.core:link-h1-s1 expect=up state=up

================================================================================
[2026-09-15 08:29:56.459] [UI] [cid=7673a032-6bf5-42a9-9d4d-6f0d8ff2857c] CLICK subject=disableLink target=org.dt4n.core:link-h1-s1 stateBefore=up params={}
[2026-09-15 08:29:56.459] [UI] [cid=7673a032-6bf5-42a9-9d4d-6f0d8ff2857c] SEND  POST /ditto/api/2/things/org.dt4n.core:controller/inbox/messages/disableLink?timeout=0 timeout=0s
[2026-09-15 08:29:56.459] [UI] [cid=7673a032-6bf5-42a9-9d4d-6f0d8ff2857c] WAIT_STATE target=org.dt4n.core:link-h1-s1 expect=down current=up timeoutMs=20000
[2026-09-15 08:29:56.468] [AGENT] [INFO] [cid=7673a032-6bf5-42a9-9d4d-6f0d8ff2857c] SSE_EVENT subject=disableLink target=org.dt4n.core:link-h1-s1 bytes=98 correlationSource=payload:clientCorrelationId eventName=disableLink sseFields=["event"]
[2026-09-15 08:29:56.468] [AGENT] [INFO] [cid=7673a032-6bf5-42a9-9d4d-6f0d8ff2857c] RECEIVE subject=disableLink target=org.dt4n.core:link-h1-s1 params={}
[2026-09-15 08:29:56.468] [AGENT] [INFO] [cid=7673a032-6bf5-42a9-9d4d-6f0d8ff2857c] EXECUTE_START subject=disableLink target=org.dt4n.core:link-h1-s1
[2026-09-15 08:29:56.469] [AGENT] [INFO] [cid=7673a032-6bf5-42a9-9d4d-6f0d8ff2857c] LOCK_WAIT subject=disableLink target=org.dt4n.core:link-h1-s1 waitMs=0
[2026-09-15 08:29:56.473] [CTRL] [INFO] [cid=-] REROUTE subject=- target=link-h1-s1 detail=down edge=s1-h1
[2026-09-15 08:29:56.476] [AGENT] [INFO] [cid=7673a032-6bf5-42a9-9d4d-6f0d8ff2857c] EXECUTE_DONE subject=disableLink target=org.dt4n.core:link-h1-s1 detail=link h1-s1 -> down code=200
[2026-09-15 08:29:56.476] [AGENT] [INFO] [cid=7673a032-6bf5-42a9-9d4d-6f0d8ff2857c] RESPONSE_SEND subject=disableLink target=org.dt4n.core:controller code=200 correlationSource=payload:clientCorrelationId ok=true
[2026-09-15 08:29:56.487] [UI] [cid=7673a032-6bf5-42a9-9d4d-6f0d8ff2857c] DITTO_RESPONSE http=202 timedOut=false rejected=false durationMs=31 error= message=
[2026-09-15 08:29:56.488] [UI] [cid=7673a032-6bf5-42a9-9d4d-6f0d8ff2857c] UI_ACK ok=true timedOut=false rejected=false http=202
[2026-09-15 08:29:56.504] [AGENT] [INFO] [cid=7673a032-6bf5-42a9-9d4d-6f0d8ff2857c] RESPONSE_OK subject=disableLink target=org.dt4n.core:controller http_status=202
[2026-09-15 08:29:57.358] [SYNC] [INFO] [cid=-] STATE_DETECTED subject=- target=org.dt4n.core:host-h1 detail=down cycle=125
[2026-09-15 08:29:57.366] [SYNC] [INFO] [cid=-] STATE_PUSHED subject=- target=org.dt4n.core:host-h1 detail=down cycle=125
[2026-09-15 08:29:57.388] [SYNC] [INFO] [cid=-] STATE_DETECTED subject=- target=org.dt4n.core:link-h1-s1 detail=down cycle=125
[2026-09-15 08:29:57.395] [SYNC] [INFO] [cid=-] STATE_PUSHED subject=- target=org.dt4n.core:link-h1-s1 detail=down cycle=125
[2026-09-15 08:29:57.457] [UI] [cid=7673a032-6bf5-42a9-9d4d-6f0d8ff2857c] STATE_OK target=org.dt4n.core:link-h1-s1 expect=down state=down

================================================================================
[2026-09-15 08:29:58.445] [UI] [cid=6fc331c4-f36c-4cd0-96f6-d3ee87b499c1] CLICK subject=enableLink target=org.dt4n.core:link-h1-s1 stateBefore=down params={}
[2026-09-15 08:29:58.445] [UI] [cid=6fc331c4-f36c-4cd0-96f6-d3ee87b499c1] WAIT_STATE target=org.dt4n.core:link-h1-s1 expect=up current=down timeoutMs=20000
[2026-09-15 08:29:58.446] [UI] [cid=6fc331c4-f36c-4cd0-96f6-d3ee87b499c1] SEND  POST /ditto/api/2/things/org.dt4n.core:controller/inbox/messages/enableLink?timeout=0 timeout=0s
[2026-09-15 08:29:58.453] [AGENT] [INFO] [cid=6fc331c4-f36c-4cd0-96f6-d3ee87b499c1] SSE_EVENT subject=enableLink target=org.dt4n.core:link-h1-s1 bytes=98 correlationSource=payload:clientCorrelationId eventName=enableLink sseFields=["event"]
[2026-09-15 08:29:58.454] [AGENT] [INFO] [cid=6fc331c4-f36c-4cd0-96f6-d3ee87b499c1] RECEIVE subject=enableLink target=org.dt4n.core:link-h1-s1 params={}
[2026-09-15 08:29:58.454] [AGENT] [INFO] [cid=6fc331c4-f36c-4cd0-96f6-d3ee87b499c1] EXECUTE_START subject=enableLink target=org.dt4n.core:link-h1-s1
[2026-09-15 08:29:58.454] [AGENT] [INFO] [cid=6fc331c4-f36c-4cd0-96f6-d3ee87b499c1] LOCK_WAIT subject=enableLink target=org.dt4n.core:link-h1-s1 waitMs=0
[2026-09-15 08:29:58.457] [AGENT] [INFO] [cid=6fc331c4-f36c-4cd0-96f6-d3ee87b499c1] EXECUTE_DONE subject=enableLink target=org.dt4n.core:link-h1-s1 detail=link h1-s1 -> up code=200
[2026-09-15 08:29:58.457] [AGENT] [INFO] [cid=6fc331c4-f36c-4cd0-96f6-d3ee87b499c1] RESPONSE_SEND subject=enableLink target=org.dt4n.core:controller code=200 correlationSource=payload:clientCorrelationId ok=true
[2026-09-15 08:29:58.461] [CTRL] [INFO] [cid=-] REROUTE subject=- target=link-h1-s1 detail=up edge=s1-h1
[2026-09-15 08:29:58.462] [CTRL] [INFO] [cid=-] FLOW_INSTALL subject=- target=s1 detail=1 ipv4 flows changed
[2026-09-15 08:29:58.462] [CTRL] [INFO] [cid=-] FLOW_INSTALL subject=- target=s2 detail=1 ipv4 flows changed
[2026-09-15 08:29:58.463] [CTRL] [INFO] [cid=-] FLOW_INSTALL subject=- target=s3 detail=1 ipv4 flows changed
[2026-09-15 08:29:58.477] [UI] [cid=6fc331c4-f36c-4cd0-96f6-d3ee87b499c1] DITTO_RESPONSE http=202 timedOut=false rejected=false durationMs=32 error= message=
[2026-09-15 08:29:58.477] [UI] [cid=6fc331c4-f36c-4cd0-96f6-d3ee87b499c1] UI_ACK ok=true timedOut=false rejected=false http=202
[2026-09-15 08:29:58.484] [AGENT] [INFO] [cid=6fc331c4-f36c-4cd0-96f6-d3ee87b499c1] RESPONSE_OK subject=enableLink target=org.dt4n.core:controller http_status=202
[2026-09-15 08:29:59.360] [SYNC] [INFO] [cid=-] STATE_DETECTED subject=- target=org.dt4n.core:host-h1 detail=up cycle=127
[2026-09-15 08:29:59.368] [SYNC] [INFO] [cid=-] STATE_PUSHED subject=- target=org.dt4n.core:host-h1 detail=up cycle=127
[2026-09-15 08:29:59.383] [SYNC] [INFO] [cid=-] STATE_DETECTED subject=- target=org.dt4n.core:link-h1-s1 detail=up cycle=127
[2026-09-15 08:29:59.390] [SYNC] [INFO] [cid=-] STATE_PUSHED subject=- target=org.dt4n.core:link-h1-s1 detail=up cycle=127
[2026-09-15 08:29:59.445] [UI] [cid=6fc331c4-f36c-4cd0-96f6-d3ee87b499c1] STATE_OK target=org.dt4n.core:link-h1-s1 expect=up state=up

================================================================================
[2026-09-15 08:30:00.466] [UI] [cid=91fee893-cb24-463f-91ff-9fdb46789aac] CLICK subject=disableLink target=org.dt4n.core:link-h1-s1 stateBefore=up params={}
[2026-09-15 08:30:00.467] [UI] [cid=91fee893-cb24-463f-91ff-9fdb46789aac] WAIT_STATE target=org.dt4n.core:link-h1-s1 expect=down current=up timeoutMs=20000
[2026-09-15 08:30:00.467] [UI] [cid=91fee893-cb24-463f-91ff-9fdb46789aac] SEND  POST /ditto/api/2/things/org.dt4n.core:controller/inbox/messages/disableLink?timeout=0 timeout=0s
[2026-09-15 08:30:00.474] [AGENT] [INFO] [cid=91fee893-cb24-463f-91ff-9fdb46789aac] SSE_EVENT subject=disableLink target=org.dt4n.core:link-h1-s1 bytes=98 correlationSource=payload:clientCorrelationId eventName=disableLink sseFields=["event"]
[2026-09-15 08:30:00.474] [AGENT] [INFO] [cid=91fee893-cb24-463f-91ff-9fdb46789aac] RECEIVE subject=disableLink target=org.dt4n.core:link-h1-s1 params={}
[2026-09-15 08:30:00.474] [AGENT] [INFO] [cid=91fee893-cb24-463f-91ff-9fdb46789aac] EXECUTE_START subject=disableLink target=org.dt4n.core:link-h1-s1
[2026-09-15 08:30:00.474] [AGENT] [INFO] [cid=91fee893-cb24-463f-91ff-9fdb46789aac] LOCK_WAIT subject=disableLink target=org.dt4n.core:link-h1-s1 waitMs=0
[2026-09-15 08:30:00.479] [AGENT] [INFO] [cid=91fee893-cb24-463f-91ff-9fdb46789aac] EXECUTE_DONE subject=disableLink target=org.dt4n.core:link-h1-s1 detail=link h1-s1 -> down code=200
[2026-09-15 08:30:00.480] [AGENT] [INFO] [cid=91fee893-cb24-463f-91ff-9fdb46789aac] RESPONSE_SEND subject=disableLink target=org.dt4n.core:controller code=200 correlationSource=payload:clientCorrelationId ok=true
[2026-09-15 08:30:00.482] [CTRL] [INFO] [cid=-] REROUTE subject=- target=link-h1-s1 detail=down edge=s1-h1
[2026-09-15 08:30:00.497] [UI] [cid=91fee893-cb24-463f-91ff-9fdb46789aac] DITTO_RESPONSE http=202 timedOut=false rejected=false durationMs=32 error= message=
[2026-09-15 08:30:00.497] [UI] [cid=91fee893-cb24-463f-91ff-9fdb46789aac] UI_ACK ok=true timedOut=false rejected=false http=202
[2026-09-15 08:30:00.513] [AGENT] [INFO] [cid=91fee893-cb24-463f-91ff-9fdb46789aac] RESPONSE_OK subject=disableLink target=org.dt4n.core:controller http_status=202
[2026-09-15 08:30:01.360] [SYNC] [INFO] [cid=-] STATE_DETECTED subject=- target=org.dt4n.core:host-h1 detail=down cycle=129
[2026-09-15 08:30:01.368] [SYNC] [INFO] [cid=-] STATE_PUSHED subject=- target=org.dt4n.core:host-h1 detail=down cycle=129
[2026-09-15 08:30:01.383] [SYNC] [INFO] [cid=-] STATE_DETECTED subject=- target=org.dt4n.core:link-h1-s1 detail=down cycle=129
[2026-09-15 08:30:01.391] [SYNC] [INFO] [cid=-] STATE_PUSHED subject=- target=org.dt4n.core:link-h1-s1 detail=down cycle=129
[2026-09-15 08:30:01.466] [UI] [cid=91fee893-cb24-463f-91ff-9fdb46789aac] STATE_OK target=org.dt4n.core:link-h1-s1 expect=down state=down

================================================================================
[2026-09-15 08:30:02.468] [UI] [cid=caa35bbb-b67f-4d1b-aab2-cbb5ca0b2b32] CLICK subject=enableLink target=org.dt4n.core:link-h1-s1 stateBefore=down params={}
[2026-09-15 08:30:02.468] [UI] [cid=caa35bbb-b67f-4d1b-aab2-cbb5ca0b2b32] WAIT_STATE target=org.dt4n.core:link-h1-s1 expect=up current=down timeoutMs=20000
[2026-09-15 08:30:02.469] [UI] [cid=caa35bbb-b67f-4d1b-aab2-cbb5ca0b2b32] SEND  POST /ditto/api/2/things/org.dt4n.core:controller/inbox/messages/enableLink?timeout=0 timeout=0s
[2026-09-15 08:30:02.492] [AGENT] [INFO] [cid=caa35bbb-b67f-4d1b-aab2-cbb5ca0b2b32] SSE_EVENT subject=enableLink target=org.dt4n.core:link-h1-s1 bytes=98 correlationSource=payload:clientCorrelationId eventName=enableLink sseFields=["event"]
[2026-09-15 08:30:02.493] [AGENT] [INFO] [cid=caa35bbb-b67f-4d1b-aab2-cbb5ca0b2b32] RECEIVE subject=enableLink target=org.dt4n.core:link-h1-s1 params={}
[2026-09-15 08:30:02.493] [AGENT] [INFO] [cid=caa35bbb-b67f-4d1b-aab2-cbb5ca0b2b32] EXECUTE_START subject=enableLink target=org.dt4n.core:link-h1-s1
[2026-09-15 08:30:02.493] [AGENT] [INFO] [cid=caa35bbb-b67f-4d1b-aab2-cbb5ca0b2b32] LOCK_WAIT subject=enableLink target=org.dt4n.core:link-h1-s1 waitMs=0
[2026-09-15 08:30:02.497] [AGENT] [INFO] [cid=caa35bbb-b67f-4d1b-aab2-cbb5ca0b2b32] EXECUTE_DONE subject=enableLink target=org.dt4n.core:link-h1-s1 detail=link h1-s1 -> up code=200
[2026-09-15 08:30:02.497] [AGENT] [INFO] [cid=caa35bbb-b67f-4d1b-aab2-cbb5ca0b2b32] RESPONSE_SEND subject=enableLink target=org.dt4n.core:controller code=200 correlationSource=payload:clientCorrelationId ok=true
[2026-09-15 08:30:02.500] [CTRL] [INFO] [cid=-] REROUTE subject=- target=link-h1-s1 detail=up edge=s1-h1
[2026-09-15 08:30:02.500] [CTRL] [INFO] [cid=-] FLOW_INSTALL subject=- target=s1 detail=1 ipv4 flows changed
[2026-09-15 08:30:02.501] [CTRL] [INFO] [cid=-] FLOW_INSTALL subject=- target=s2 detail=1 ipv4 flows changed
[2026-09-15 08:30:02.501] [CTRL] [INFO] [cid=-] FLOW_INSTALL subject=- target=s3 detail=1 ipv4 flows changed
[2026-09-15 08:30:02.508] [UI] [cid=caa35bbb-b67f-4d1b-aab2-cbb5ca0b2b32] DITTO_RESPONSE http=202 timedOut=false rejected=false durationMs=41 error= message=
[2026-09-15 08:30:02.508] [UI] [cid=caa35bbb-b67f-4d1b-aab2-cbb5ca0b2b32] UI_ACK ok=true timedOut=false rejected=false http=202
[2026-09-15 08:30:02.534] [AGENT] [INFO] [cid=caa35bbb-b67f-4d1b-aab2-cbb5ca0b2b32] RESPONSE_OK subject=enableLink target=org.dt4n.core:controller http_status=202
[2026-09-15 08:30:03.361] [SYNC] [INFO] [cid=-] STATE_DETECTED subject=- target=org.dt4n.core:host-h1 detail=up cycle=131
[2026-09-15 08:30:03.374] [SYNC] [INFO] [cid=-] STATE_PUSHED subject=- target=org.dt4n.core:host-h1 detail=up cycle=131
[2026-09-15 08:30:03.389] [SYNC] [INFO] [cid=-] STATE_DETECTED subject=- target=org.dt4n.core:link-h1-s1 detail=up cycle=131
[2026-09-15 08:30:03.397] [SYNC] [INFO] [cid=-] STATE_PUSHED subject=- target=org.dt4n.core:link-h1-s1 detail=up cycle=131
[2026-09-15 08:30:03.468] [UI] [cid=caa35bbb-b67f-4d1b-aab2-cbb5ca0b2b32] STATE_OK target=org.dt4n.core:link-h1-s1 expect=up state=up

================================================================================
[2026-09-15 08:30:04.474] [UI] [cid=8fe3ee72-bf4a-4e9e-bb14-3df98af23540] CLICK subject=disableLink target=org.dt4n.core:link-h1-s1 stateBefore=up params={}
[2026-09-15 08:30:04.474] [UI] [cid=8fe3ee72-bf4a-4e9e-bb14-3df98af23540] WAIT_STATE target=org.dt4n.core:link-h1-s1 expect=down current=up timeoutMs=20000
[2026-09-15 08:30:04.474] [UI] [cid=8fe3ee72-bf4a-4e9e-bb14-3df98af23540] SEND  POST /ditto/api/2/things/org.dt4n.core:controller/inbox/messages/disableLink?timeout=0 timeout=0s
[2026-09-15 08:30:04.482] [AGENT] [INFO] [cid=8fe3ee72-bf4a-4e9e-bb14-3df98af23540] SSE_EVENT subject=disableLink target=org.dt4n.core:link-h1-s1 bytes=98 correlationSource=payload:clientCorrelationId eventName=disableLink sseFields=["event"]
[2026-09-15 08:30:04.483] [AGENT] [INFO] [cid=8fe3ee72-bf4a-4e9e-bb14-3df98af23540] RECEIVE subject=disableLink target=org.dt4n.core:link-h1-s1 params={}
[2026-09-15 08:30:04.483] [AGENT] [INFO] [cid=8fe3ee72-bf4a-4e9e-bb14-3df98af23540] EXECUTE_START subject=disableLink target=org.dt4n.core:link-h1-s1
[2026-09-15 08:30:04.483] [AGENT] [INFO] [cid=8fe3ee72-bf4a-4e9e-bb14-3df98af23540] LOCK_WAIT subject=disableLink target=org.dt4n.core:link-h1-s1 waitMs=0
[2026-09-15 08:30:04.487] [CTRL] [INFO] [cid=-] REROUTE subject=- target=link-h1-s1 detail=down edge=s1-h1
[2026-09-15 08:30:04.490] [AGENT] [INFO] [cid=8fe3ee72-bf4a-4e9e-bb14-3df98af23540] EXECUTE_DONE subject=disableLink target=org.dt4n.core:link-h1-s1 detail=link h1-s1 -> down code=200
[2026-09-15 08:30:04.490] [AGENT] [INFO] [cid=8fe3ee72-bf4a-4e9e-bb14-3df98af23540] RESPONSE_SEND subject=disableLink target=org.dt4n.core:controller code=200 correlationSource=payload:clientCorrelationId ok=true
[2026-09-15 08:30:04.507] [UI] [cid=8fe3ee72-bf4a-4e9e-bb14-3df98af23540] DITTO_RESPONSE http=202 timedOut=false rejected=false durationMs=34 error= message=
[2026-09-15 08:30:04.507] [UI] [cid=8fe3ee72-bf4a-4e9e-bb14-3df98af23540] UI_ACK ok=true timedOut=false rejected=false http=202
[2026-09-15 08:30:04.524] [AGENT] [INFO] [cid=8fe3ee72-bf4a-4e9e-bb14-3df98af23540] RESPONSE_OK subject=disableLink target=org.dt4n.core:controller http_status=202
[2026-09-15 08:30:05.360] [SYNC] [INFO] [cid=-] STATE_DETECTED subject=- target=org.dt4n.core:host-h1 detail=down cycle=133
[2026-09-15 08:30:05.369] [SYNC] [INFO] [cid=-] STATE_PUSHED subject=- target=org.dt4n.core:host-h1 detail=down cycle=133
[2026-09-15 08:30:05.382] [SYNC] [INFO] [cid=-] STATE_DETECTED subject=- target=org.dt4n.core:link-h1-s1 detail=down cycle=133
[2026-09-15 08:30:05.389] [SYNC] [INFO] [cid=-] STATE_PUSHED subject=- target=org.dt4n.core:link-h1-s1 detail=down cycle=133
[2026-09-15 08:30:05.473] [UI] [cid=8fe3ee72-bf4a-4e9e-bb14-3df98af23540] STATE_OK target=org.dt4n.core:link-h1-s1 expect=down state=down

================================================================================
[2026-09-15 08:30:06.462] [UI] [cid=f4745140-a2e9-448a-8bd3-e75bb3030587] CLICK subject=enableLink target=org.dt4n.core:link-h1-s1 stateBefore=down params={}
[2026-09-15 08:30:06.462] [UI] [cid=f4745140-a2e9-448a-8bd3-e75bb3030587] WAIT_STATE target=org.dt4n.core:link-h1-s1 expect=up current=down timeoutMs=20000
[2026-09-15 08:30:06.463] [UI] [cid=f4745140-a2e9-448a-8bd3-e75bb3030587] SEND  POST /ditto/api/2/things/org.dt4n.core:controller/inbox/messages/enableLink?timeout=0 timeout=0s
[2026-09-15 08:30:06.470] [AGENT] [INFO] [cid=f4745140-a2e9-448a-8bd3-e75bb3030587] SSE_EVENT subject=enableLink target=org.dt4n.core:link-h1-s1 bytes=98 correlationSource=payload:clientCorrelationId eventName=enableLink sseFields=["event"]
[2026-09-15 08:30:06.470] [AGENT] [INFO] [cid=f4745140-a2e9-448a-8bd3-e75bb3030587] RECEIVE subject=enableLink target=org.dt4n.core:link-h1-s1 params={}
[2026-09-15 08:30:06.470] [AGENT] [INFO] [cid=f4745140-a2e9-448a-8bd3-e75bb3030587] EXECUTE_START subject=enableLink target=org.dt4n.core:link-h1-s1
[2026-09-15 08:30:06.470] [AGENT] [INFO] [cid=f4745140-a2e9-448a-8bd3-e75bb3030587] LOCK_WAIT subject=enableLink target=org.dt4n.core:link-h1-s1 waitMs=0
[2026-09-15 08:30:06.473] [AGENT] [INFO] [cid=f4745140-a2e9-448a-8bd3-e75bb3030587] EXECUTE_DONE subject=enableLink target=org.dt4n.core:link-h1-s1 detail=link h1-s1 -> up code=200
[2026-09-15 08:30:06.474] [AGENT] [INFO] [cid=f4745140-a2e9-448a-8bd3-e75bb3030587] RESPONSE_SEND subject=enableLink target=org.dt4n.core:controller code=200 correlationSource=payload:clientCorrelationId ok=true
[2026-09-15 08:30:06.477] [CTRL] [INFO] [cid=-] REROUTE subject=- target=link-h1-s1 detail=up edge=s1-h1
[2026-09-15 08:30:06.478] [CTRL] [INFO] [cid=-] FLOW_INSTALL subject=- target=s1 detail=1 ipv4 flows changed
[2026-09-15 08:30:06.478] [CTRL] [INFO] [cid=-] FLOW_INSTALL subject=- target=s2 detail=1 ipv4 flows changed
[2026-09-15 08:30:06.479] [CTRL] [INFO] [cid=-] FLOW_INSTALL subject=- target=s3 detail=1 ipv4 flows changed
[2026-09-15 08:30:06.497] [UI] [cid=f4745140-a2e9-448a-8bd3-e75bb3030587] DITTO_RESPONSE http=202 timedOut=false rejected=false durationMs=35 error= message=
[2026-09-15 08:30:06.497] [UI] [cid=f4745140-a2e9-448a-8bd3-e75bb3030587] UI_ACK ok=true timedOut=false rejected=false http=202
[2026-09-15 08:30:06.504] [AGENT] [INFO] [cid=f4745140-a2e9-448a-8bd3-e75bb3030587] RESPONSE_OK subject=enableLink target=org.dt4n.core:controller http_status=202
[2026-09-15 08:30:07.362] [SYNC] [INFO] [cid=-] STATE_DETECTED subject=- target=org.dt4n.core:host-h1 detail=up cycle=135
[2026-09-15 08:30:07.370] [SYNC] [INFO] [cid=-] STATE_PUSHED subject=- target=org.dt4n.core:host-h1 detail=up cycle=135
[2026-09-15 08:30:07.387] [SYNC] [INFO] [cid=-] STATE_DETECTED subject=- target=org.dt4n.core:link-h1-s1 detail=up cycle=135
[2026-09-15 08:30:07.395] [SYNC] [INFO] [cid=-] STATE_PUSHED subject=- target=org.dt4n.core:link-h1-s1 detail=up cycle=135
[2026-09-15 08:30:07.462] [UI] [cid=f4745140-a2e9-448a-8bd3-e75bb3030587] STATE_OK target=org.dt4n.core:link-h1-s1 expect=up state=up

================================================================================
[2026-09-15 08:30:08.467] [UI] [cid=fea1a464-6509-4d3f-a853-a7b6be3d7e8c] CLICK subject=disableLink target=org.dt4n.core:link-h1-s1 stateBefore=up params={}
[2026-09-15 08:30:08.467] [UI] [cid=fea1a464-6509-4d3f-a853-a7b6be3d7e8c] WAIT_STATE target=org.dt4n.core:link-h1-s1 expect=down current=up timeoutMs=20000
[2026-09-15 08:30:08.467] [UI] [cid=fea1a464-6509-4d3f-a853-a7b6be3d7e8c] SEND  POST /ditto/api/2/things/org.dt4n.core:controller/inbox/messages/disableLink?timeout=0 timeout=0s
[2026-09-15 08:30:08.474] [AGENT] [INFO] [cid=fea1a464-6509-4d3f-a853-a7b6be3d7e8c] SSE_EVENT subject=disableLink target=org.dt4n.core:link-h1-s1 bytes=98 correlationSource=payload:clientCorrelationId eventName=disableLink sseFields=["event"]
[2026-09-15 08:30:08.475] [AGENT] [INFO] [cid=fea1a464-6509-4d3f-a853-a7b6be3d7e8c] RECEIVE subject=disableLink target=org.dt4n.core:link-h1-s1 params={}
[2026-09-15 08:30:08.475] [AGENT] [INFO] [cid=fea1a464-6509-4d3f-a853-a7b6be3d7e8c] EXECUTE_START subject=disableLink target=org.dt4n.core:link-h1-s1
[2026-09-15 08:30:08.475] [AGENT] [INFO] [cid=fea1a464-6509-4d3f-a853-a7b6be3d7e8c] LOCK_WAIT subject=disableLink target=org.dt4n.core:link-h1-s1 waitMs=0
[2026-09-15 08:30:08.480] [CTRL] [INFO] [cid=-] REROUTE subject=- target=link-h1-s1 detail=down edge=s1-h1
[2026-09-15 08:30:08.482] [AGENT] [INFO] [cid=fea1a464-6509-4d3f-a853-a7b6be3d7e8c] EXECUTE_DONE subject=disableLink target=org.dt4n.core:link-h1-s1 detail=link h1-s1 -> down code=200
[2026-09-15 08:30:08.482] [AGENT] [INFO] [cid=fea1a464-6509-4d3f-a853-a7b6be3d7e8c] RESPONSE_SEND subject=disableLink target=org.dt4n.core:controller code=200 correlationSource=payload:clientCorrelationId ok=true
[2026-09-15 08:30:08.497] [UI] [cid=fea1a464-6509-4d3f-a853-a7b6be3d7e8c] DITTO_RESPONSE http=202 timedOut=false rejected=false durationMs=32 error= message=
[2026-09-15 08:30:08.497] [UI] [cid=fea1a464-6509-4d3f-a853-a7b6be3d7e8c] UI_ACK ok=true timedOut=false rejected=false http=202
[2026-09-15 08:30:08.513] [AGENT] [INFO] [cid=fea1a464-6509-4d3f-a853-a7b6be3d7e8c] RESPONSE_OK subject=disableLink target=org.dt4n.core:controller http_status=202
[2026-09-15 08:30:09.362] [SYNC] [INFO] [cid=-] STATE_DETECTED subject=- target=org.dt4n.core:host-h1 detail=down cycle=137
[2026-09-15 08:30:09.370] [SYNC] [INFO] [cid=-] STATE_PUSHED subject=- target=org.dt4n.core:host-h1 detail=down cycle=137
[2026-09-15 08:30:09.384] [SYNC] [INFO] [cid=-] STATE_DETECTED subject=- target=org.dt4n.core:link-h1-s1 detail=down cycle=137
[2026-09-15 08:30:09.391] [SYNC] [INFO] [cid=-] STATE_PUSHED subject=- target=org.dt4n.core:link-h1-s1 detail=down cycle=137
[2026-09-15 08:30:09.465] [UI] [cid=fea1a464-6509-4d3f-a853-a7b6be3d7e8c] STATE_OK target=org.dt4n.core:link-h1-s1 expect=down state=down

================================================================================
[2026-09-15 08:30:10.465] [UI] [cid=2afba42f-0d83-406a-bba2-517645de4025] CLICK subject=enableLink target=org.dt4n.core:link-h1-s1 stateBefore=down params={}
[2026-09-15 08:30:10.465] [UI] [cid=2afba42f-0d83-406a-bba2-517645de4025] WAIT_STATE target=org.dt4n.core:link-h1-s1 expect=up current=down timeoutMs=20000
[2026-09-15 08:30:10.465] [UI] [cid=2afba42f-0d83-406a-bba2-517645de4025] SEND  POST /ditto/api/2/things/org.dt4n.core:controller/inbox/messages/enableLink?timeout=0 timeout=0s
[2026-09-15 08:30:10.472] [AGENT] [INFO] [cid=2afba42f-0d83-406a-bba2-517645de4025] SSE_EVENT subject=enableLink target=org.dt4n.core:link-h1-s1 bytes=98 correlationSource=payload:clientCorrelationId eventName=enableLink sseFields=["event"]
[2026-09-15 08:30:10.473] [AGENT] [INFO] [cid=2afba42f-0d83-406a-bba2-517645de4025] RECEIVE subject=enableLink target=org.dt4n.core:link-h1-s1 params={}
[2026-09-15 08:30:10.473] [AGENT] [INFO] [cid=2afba42f-0d83-406a-bba2-517645de4025] EXECUTE_START subject=enableLink target=org.dt4n.core:link-h1-s1
[2026-09-15 08:30:10.473] [AGENT] [INFO] [cid=2afba42f-0d83-406a-bba2-517645de4025] LOCK_WAIT subject=enableLink target=org.dt4n.core:link-h1-s1 waitMs=0
[2026-09-15 08:30:10.476] [AGENT] [INFO] [cid=2afba42f-0d83-406a-bba2-517645de4025] EXECUTE_DONE subject=enableLink target=org.dt4n.core:link-h1-s1 detail=link h1-s1 -> up code=200
[2026-09-15 08:30:10.476] [AGENT] [INFO] [cid=2afba42f-0d83-406a-bba2-517645de4025] RESPONSE_SEND subject=enableLink target=org.dt4n.core:controller code=200 correlationSource=payload:clientCorrelationId ok=true
[2026-09-15 08:30:10.480] [CTRL] [INFO] [cid=-] REROUTE subject=- target=link-h1-s1 detail=up edge=s1-h1
[2026-09-15 08:30:10.481] [CTRL] [INFO] [cid=-] FLOW_INSTALL subject=- target=s1 detail=1 ipv4 flows changed
[2026-09-15 08:30:10.482] [CTRL] [INFO] [cid=-] FLOW_INSTALL subject=- target=s2 detail=1 ipv4 flows changed
[2026-09-15 08:30:10.482] [CTRL] [INFO] [cid=-] FLOW_INSTALL subject=- target=s3 detail=1 ipv4 flows changed
[2026-09-15 08:30:10.498] [UI] [cid=2afba42f-0d83-406a-bba2-517645de4025] DITTO_RESPONSE http=202 timedOut=false rejected=false durationMs=34 error= message=
[2026-09-15 08:30:10.498] [UI] [cid=2afba42f-0d83-406a-bba2-517645de4025] UI_ACK ok=true timedOut=false rejected=false http=202
[2026-09-15 08:30:10.503] [AGENT] [INFO] [cid=2afba42f-0d83-406a-bba2-517645de4025] RESPONSE_OK subject=enableLink target=org.dt4n.core:controller http_status=202
[2026-09-15 08:30:11.362] [SYNC] [INFO] [cid=-] STATE_DETECTED subject=- target=org.dt4n.core:host-h1 detail=up cycle=139
[2026-09-15 08:30:11.371] [SYNC] [INFO] [cid=-] STATE_PUSHED subject=- target=org.dt4n.core:host-h1 detail=up cycle=139
[2026-09-15 08:30:11.386] [SYNC] [INFO] [cid=-] STATE_DETECTED subject=- target=org.dt4n.core:link-h1-s1 detail=up cycle=139
[2026-09-15 08:30:11.394] [SYNC] [INFO] [cid=-] STATE_PUSHED subject=- target=org.dt4n.core:link-h1-s1 detail=up cycle=139
[2026-09-15 08:30:11.463] [UI] [cid=2afba42f-0d83-406a-bba2-517645de4025] STATE_OK target=org.dt4n.core:link-h1-s1 expect=up state=up

================================================================================
[2026-09-15 08:30:12.467] [UI] [cid=292ba8c9-0ca9-46cd-9154-a5b8e92181ac] CLICK subject=disableLink target=org.dt4n.core:link-h1-s1 stateBefore=up params={}
[2026-09-15 08:30:12.467] [UI] [cid=292ba8c9-0ca9-46cd-9154-a5b8e92181ac] WAIT_STATE target=org.dt4n.core:link-h1-s1 expect=down current=up timeoutMs=20000
[2026-09-15 08:30:12.467] [UI] [cid=292ba8c9-0ca9-46cd-9154-a5b8e92181ac] SEND  POST /ditto/api/2/things/org.dt4n.core:controller/inbox/messages/disableLink?timeout=0 timeout=0s
[2026-09-15 08:30:12.477] [AGENT] [INFO] [cid=292ba8c9-0ca9-46cd-9154-a5b8e92181ac] SSE_EVENT subject=disableLink target=org.dt4n.core:link-h1-s1 bytes=98 correlationSource=payload:clientCorrelationId eventName=disableLink sseFields=["event"]
[2026-09-15 08:30:12.478] [AGENT] [INFO] [cid=292ba8c9-0ca9-46cd-9154-a5b8e92181ac] RECEIVE subject=disableLink target=org.dt4n.core:link-h1-s1 params={}
[2026-09-15 08:30:12.478] [AGENT] [INFO] [cid=292ba8c9-0ca9-46cd-9154-a5b8e92181ac] EXECUTE_START subject=disableLink target=org.dt4n.core:link-h1-s1
[2026-09-15 08:30:12.478] [AGENT] [INFO] [cid=292ba8c9-0ca9-46cd-9154-a5b8e92181ac] LOCK_WAIT subject=disableLink target=org.dt4n.core:link-h1-s1 waitMs=0
[2026-09-15 08:30:12.484] [AGENT] [INFO] [cid=292ba8c9-0ca9-46cd-9154-a5b8e92181ac] EXECUTE_DONE subject=disableLink target=org.dt4n.core:link-h1-s1 detail=link h1-s1 -> down code=200
[2026-09-15 08:30:12.484] [AGENT] [INFO] [cid=292ba8c9-0ca9-46cd-9154-a5b8e92181ac] RESPONSE_SEND subject=disableLink target=org.dt4n.core:controller code=200 correlationSource=payload:clientCorrelationId ok=true
[2026-09-15 08:30:12.487] [CTRL] [INFO] [cid=-] REROUTE subject=- target=link-h1-s1 detail=down edge=s1-h1
[2026-09-15 08:30:12.498] [UI] [cid=292ba8c9-0ca9-46cd-9154-a5b8e92181ac] DITTO_RESPONSE http=202 timedOut=false rejected=false durationMs=31 error= message=
[2026-09-15 08:30:12.498] [UI] [cid=292ba8c9-0ca9-46cd-9154-a5b8e92181ac] UI_ACK ok=true timedOut=false rejected=false http=202
[2026-09-15 08:30:12.514] [AGENT] [INFO] [cid=292ba8c9-0ca9-46cd-9154-a5b8e92181ac] RESPONSE_OK subject=disableLink target=org.dt4n.core:controller http_status=202
[2026-09-15 08:30:13.364] [SYNC] [INFO] [cid=-] STATE_DETECTED subject=- target=org.dt4n.core:host-h1 detail=down cycle=141
[2026-09-15 08:30:13.372] [SYNC] [INFO] [cid=-] STATE_PUSHED subject=- target=org.dt4n.core:host-h1 detail=down cycle=141
[2026-09-15 08:30:13.385] [SYNC] [INFO] [cid=-] STATE_DETECTED subject=- target=org.dt4n.core:link-h1-s1 detail=down cycle=141
[2026-09-15 08:30:13.393] [SYNC] [INFO] [cid=-] STATE_PUSHED subject=- target=org.dt4n.core:link-h1-s1 detail=down cycle=141
[2026-09-15 08:30:13.466] [UI] [cid=292ba8c9-0ca9-46cd-9154-a5b8e92181ac] STATE_OK target=org.dt4n.core:link-h1-s1 expect=down state=down

================================================================================
[2026-09-15 08:30:14.464] [UI] [cid=30ddb892-5329-4217-8143-08b11aef1b8a] CLICK subject=enableLink target=org.dt4n.core:link-h1-s1 stateBefore=down params={}
[2026-09-15 08:30:14.464] [UI] [cid=30ddb892-5329-4217-8143-08b11aef1b8a] WAIT_STATE target=org.dt4n.core:link-h1-s1 expect=up current=down timeoutMs=20000
[2026-09-15 08:30:14.464] [UI] [cid=30ddb892-5329-4217-8143-08b11aef1b8a] SEND  POST /ditto/api/2/things/org.dt4n.core:controller/inbox/messages/enableLink?timeout=0 timeout=0s
[2026-09-15 08:30:14.471] [AGENT] [INFO] [cid=30ddb892-5329-4217-8143-08b11aef1b8a] SSE_EVENT subject=enableLink target=org.dt4n.core:link-h1-s1 bytes=98 correlationSource=payload:clientCorrelationId eventName=enableLink sseFields=["event"]
[2026-09-15 08:30:14.471] [AGENT] [INFO] [cid=30ddb892-5329-4217-8143-08b11aef1b8a] RECEIVE subject=enableLink target=org.dt4n.core:link-h1-s1 params={}
[2026-09-15 08:30:14.472] [AGENT] [INFO] [cid=30ddb892-5329-4217-8143-08b11aef1b8a] EXECUTE_START subject=enableLink target=org.dt4n.core:link-h1-s1
[2026-09-15 08:30:14.472] [AGENT] [INFO] [cid=30ddb892-5329-4217-8143-08b11aef1b8a] LOCK_WAIT subject=enableLink target=org.dt4n.core:link-h1-s1 waitMs=0
[2026-09-15 08:30:14.475] [AGENT] [INFO] [cid=30ddb892-5329-4217-8143-08b11aef1b8a] EXECUTE_DONE subject=enableLink target=org.dt4n.core:link-h1-s1 detail=link h1-s1 -> up code=200
[2026-09-15 08:30:14.475] [AGENT] [INFO] [cid=30ddb892-5329-4217-8143-08b11aef1b8a] RESPONSE_SEND subject=enableLink target=org.dt4n.core:controller code=200 correlationSource=payload:clientCorrelationId ok=true
[2026-09-15 08:30:14.478] [CTRL] [INFO] [cid=-] REROUTE subject=- target=link-h1-s1 detail=up edge=s1-h1
[2026-09-15 08:30:14.479] [CTRL] [INFO] [cid=-] FLOW_INSTALL subject=- target=s1 detail=1 ipv4 flows changed
[2026-09-15 08:30:14.480] [CTRL] [INFO] [cid=-] FLOW_INSTALL subject=- target=s2 detail=1 ipv4 flows changed
[2026-09-15 08:30:14.480] [CTRL] [INFO] [cid=-] FLOW_INSTALL subject=- target=s3 detail=1 ipv4 flows changed
[2026-09-15 08:30:14.497] [UI] [cid=30ddb892-5329-4217-8143-08b11aef1b8a] DITTO_RESPONSE http=202 timedOut=false rejected=false durationMs=35 error= message=
[2026-09-15 08:30:14.497] [UI] [cid=30ddb892-5329-4217-8143-08b11aef1b8a] UI_ACK ok=true timedOut=false rejected=false http=202
[2026-09-15 08:30:14.504] [AGENT] [INFO] [cid=30ddb892-5329-4217-8143-08b11aef1b8a] RESPONSE_OK subject=enableLink target=org.dt4n.core:controller http_status=202
[2026-09-15 08:30:15.364] [SYNC] [INFO] [cid=-] STATE_DETECTED subject=- target=org.dt4n.core:host-h1 detail=up cycle=143
[2026-09-15 08:30:15.372] [SYNC] [INFO] [cid=-] STATE_PUSHED subject=- target=org.dt4n.core:host-h1 detail=up cycle=143
[2026-09-15 08:30:15.387] [SYNC] [INFO] [cid=-] STATE_DETECTED subject=- target=org.dt4n.core:link-h1-s1 detail=up cycle=143
[2026-09-15 08:30:15.394] [SYNC] [INFO] [cid=-] STATE_PUSHED subject=- target=org.dt4n.core:link-h1-s1 detail=up cycle=143
[2026-09-15 08:30:15.463] [UI] [cid=30ddb892-5329-4217-8143-08b11aef1b8a] STATE_OK target=org.dt4n.core:link-h1-s1 expect=up state=up

================================================================================
[2026-09-15 08:30:16.473] [UI] [cid=1b7b8cdf-fc61-492b-8834-adef20801280] CLICK subject=disableLink target=org.dt4n.core:link-h1-s1 stateBefore=up params={}
[2026-09-15 08:30:16.475] [UI] [cid=1b7b8cdf-fc61-492b-8834-adef20801280] WAIT_STATE target=org.dt4n.core:link-h1-s1 expect=down current=up timeoutMs=20000
[2026-09-15 08:30:16.475] [UI] [cid=1b7b8cdf-fc61-492b-8834-adef20801280] SEND  POST /ditto/api/2/things/org.dt4n.core:controller/inbox/messages/disableLink?timeout=0 timeout=0s
[2026-09-15 08:30:16.482] [AGENT] [INFO] [cid=1b7b8cdf-fc61-492b-8834-adef20801280] SSE_EVENT subject=disableLink target=org.dt4n.core:link-h1-s1 bytes=98 correlationSource=payload:clientCorrelationId eventName=disableLink sseFields=["event"]
[2026-09-15 08:30:16.482] [AGENT] [INFO] [cid=1b7b8cdf-fc61-492b-8834-adef20801280] RECEIVE subject=disableLink target=org.dt4n.core:link-h1-s1 params={}
[2026-09-15 08:30:16.482] [AGENT] [INFO] [cid=1b7b8cdf-fc61-492b-8834-adef20801280] EXECUTE_START subject=disableLink target=org.dt4n.core:link-h1-s1
[2026-09-15 08:30:16.482] [AGENT] [INFO] [cid=1b7b8cdf-fc61-492b-8834-adef20801280] LOCK_WAIT subject=disableLink target=org.dt4n.core:link-h1-s1 waitMs=0
[2026-09-15 08:30:16.488] [AGENT] [INFO] [cid=1b7b8cdf-fc61-492b-8834-adef20801280] EXECUTE_DONE subject=disableLink target=org.dt4n.core:link-h1-s1 detail=link h1-s1 -> down code=200
[2026-09-15 08:30:16.488] [AGENT] [INFO] [cid=1b7b8cdf-fc61-492b-8834-adef20801280] RESPONSE_SEND subject=disableLink target=org.dt4n.core:controller code=200 correlationSource=payload:clientCorrelationId ok=true
[2026-09-15 08:30:16.489] [CTRL] [INFO] [cid=-] REROUTE subject=- target=link-h1-s1 detail=down edge=s1-h1
[2026-09-15 08:30:16.507] [UI] [cid=1b7b8cdf-fc61-492b-8834-adef20801280] DITTO_RESPONSE http=202 timedOut=false rejected=false durationMs=33 error= message=
[2026-09-15 08:30:16.507] [UI] [cid=1b7b8cdf-fc61-492b-8834-adef20801280] UI_ACK ok=true timedOut=false rejected=false http=202
[2026-09-15 08:30:16.514] [AGENT] [INFO] [cid=1b7b8cdf-fc61-492b-8834-adef20801280] RESPONSE_OK subject=disableLink target=org.dt4n.core:controller http_status=202
[2026-09-15 08:30:17.365] [SYNC] [INFO] [cid=-] STATE_DETECTED subject=- target=org.dt4n.core:host-h1 detail=down cycle=145
[2026-09-15 08:30:17.373] [SYNC] [INFO] [cid=-] STATE_PUSHED subject=- target=org.dt4n.core:host-h1 detail=down cycle=145
[2026-09-15 08:30:17.386] [SYNC] [INFO] [cid=-] STATE_DETECTED subject=- target=org.dt4n.core:link-h1-s1 detail=down cycle=145
[2026-09-15 08:30:17.394] [SYNC] [INFO] [cid=-] STATE_PUSHED subject=- target=org.dt4n.core:link-h1-s1 detail=down cycle=145
[2026-09-15 08:30:17.474] [UI] [cid=1b7b8cdf-fc61-492b-8834-adef20801280] STATE_OK target=org.dt4n.core:link-h1-s1 expect=down state=down
[2026-09-15 08:30:18.474] [UI] [cid=473571f2-f17c-4989-a60d-ca63ba6b961e] WAIT_STATE target=org.dt4n.core:link-h1-s1 expect=up current=down timeoutMs=20000

================================================================================
[2026-09-15 08:30:18.474] [UI] [cid=473571f2-f17c-4989-a60d-ca63ba6b961e] CLICK subject=enableLink target=org.dt4n.core:link-h1-s1 stateBefore=down params={}
[2026-09-15 08:30:18.476] [UI] [cid=473571f2-f17c-4989-a60d-ca63ba6b961e] SEND  POST /ditto/api/2/things/org.dt4n.core:controller/inbox/messages/enableLink?timeout=0 timeout=0s
[2026-09-15 08:30:18.483] [AGENT] [INFO] [cid=473571f2-f17c-4989-a60d-ca63ba6b961e] SSE_EVENT subject=enableLink target=org.dt4n.core:link-h1-s1 bytes=98 correlationSource=payload:clientCorrelationId eventName=enableLink sseFields=["event"]
[2026-09-15 08:30:18.484] [AGENT] [INFO] [cid=473571f2-f17c-4989-a60d-ca63ba6b961e] RECEIVE subject=enableLink target=org.dt4n.core:link-h1-s1 params={}
[2026-09-15 08:30:18.484] [AGENT] [INFO] [cid=473571f2-f17c-4989-a60d-ca63ba6b961e] EXECUTE_START subject=enableLink target=org.dt4n.core:link-h1-s1
[2026-09-15 08:30:18.484] [AGENT] [INFO] [cid=473571f2-f17c-4989-a60d-ca63ba6b961e] LOCK_WAIT subject=enableLink target=org.dt4n.core:link-h1-s1 waitMs=0
[2026-09-15 08:30:18.487] [AGENT] [INFO] [cid=473571f2-f17c-4989-a60d-ca63ba6b961e] EXECUTE_DONE subject=enableLink target=org.dt4n.core:link-h1-s1 detail=link h1-s1 -> up code=200
[2026-09-15 08:30:18.487] [AGENT] [INFO] [cid=473571f2-f17c-4989-a60d-ca63ba6b961e] RESPONSE_SEND subject=enableLink target=org.dt4n.core:controller code=200 correlationSource=payload:clientCorrelationId ok=true
[2026-09-15 08:30:18.491] [CTRL] [INFO] [cid=-] REROUTE subject=- target=link-h1-s1 detail=up edge=s1-h1
[2026-09-15 08:30:18.492] [CTRL] [INFO] [cid=-] FLOW_INSTALL subject=- target=s1 detail=1 ipv4 flows changed
[2026-09-15 08:30:18.492] [CTRL] [INFO] [cid=-] FLOW_INSTALL subject=- target=s2 detail=1 ipv4 flows changed
[2026-09-15 08:30:18.493] [CTRL] [INFO] [cid=-] FLOW_INSTALL subject=- target=s3 detail=1 ipv4 flows changed
[2026-09-15 08:30:18.507] [UI] [cid=473571f2-f17c-4989-a60d-ca63ba6b961e] DITTO_RESPONSE http=202 timedOut=false rejected=false durationMs=33 error= message=
[2026-09-15 08:30:18.507] [UI] [cid=473571f2-f17c-4989-a60d-ca63ba6b961e] UI_ACK ok=true timedOut=false rejected=false http=202
[2026-09-15 08:30:18.514] [AGENT] [INFO] [cid=473571f2-f17c-4989-a60d-ca63ba6b961e] RESPONSE_OK subject=enableLink target=org.dt4n.core:controller http_status=202
[2026-09-15 08:30:19.364] [SYNC] [INFO] [cid=-] STATE_DETECTED subject=- target=org.dt4n.core:host-h1 detail=up cycle=147
[2026-09-15 08:30:19.372] [SYNC] [INFO] [cid=-] STATE_PUSHED subject=- target=org.dt4n.core:host-h1 detail=up cycle=147
[2026-09-15 08:30:19.387] [SYNC] [INFO] [cid=-] STATE_DETECTED subject=- target=org.dt4n.core:link-h1-s1 detail=up cycle=147
[2026-09-15 08:30:19.395] [SYNC] [INFO] [cid=-] STATE_PUSHED subject=- target=org.dt4n.core:link-h1-s1 detail=up cycle=147
[2026-09-15 08:30:19.475] [UI] [cid=473571f2-f17c-4989-a60d-ca63ba6b961e] STATE_OK target=org.dt4n.core:link-h1-s1 expect=up state=up

================================================================================
[2026-09-15 08:30:20.470] [UI] [cid=72013ab9-e715-4ccc-85f7-b87c9b3af5d3] CLICK subject=disableLink target=org.dt4n.core:link-h1-s1 stateBefore=up params={}
[2026-09-15 08:30:20.470] [UI] [cid=72013ab9-e715-4ccc-85f7-b87c9b3af5d3] WAIT_STATE target=org.dt4n.core:link-h1-s1 expect=down current=up timeoutMs=20000
[2026-09-15 08:30:20.471] [UI] [cid=72013ab9-e715-4ccc-85f7-b87c9b3af5d3] SEND  POST /ditto/api/2/things/org.dt4n.core:controller/inbox/messages/disableLink?timeout=0 timeout=0s
[2026-09-15 08:30:20.477] [AGENT] [INFO] [cid=72013ab9-e715-4ccc-85f7-b87c9b3af5d3] SSE_EVENT subject=disableLink target=org.dt4n.core:link-h1-s1 bytes=98 correlationSource=payload:clientCorrelationId eventName=disableLink sseFields=["event"]
[2026-09-15 08:30:20.478] [AGENT] [INFO] [cid=72013ab9-e715-4ccc-85f7-b87c9b3af5d3] RECEIVE subject=disableLink target=org.dt4n.core:link-h1-s1 params={}
[2026-09-15 08:30:20.478] [AGENT] [INFO] [cid=72013ab9-e715-4ccc-85f7-b87c9b3af5d3] EXECUTE_START subject=disableLink target=org.dt4n.core:link-h1-s1
[2026-09-15 08:30:20.478] [AGENT] [INFO] [cid=72013ab9-e715-4ccc-85f7-b87c9b3af5d3] LOCK_WAIT subject=disableLink target=org.dt4n.core:link-h1-s1 waitMs=0
[2026-09-15 08:30:20.482] [CTRL] [INFO] [cid=-] REROUTE subject=- target=link-h1-s1 detail=down edge=s1-h1
[2026-09-15 08:30:20.483] [AGENT] [INFO] [cid=72013ab9-e715-4ccc-85f7-b87c9b3af5d3] EXECUTE_DONE subject=disableLink target=org.dt4n.core:link-h1-s1 detail=link h1-s1 -> down code=200
[2026-09-15 08:30:20.483] [AGENT] [INFO] [cid=72013ab9-e715-4ccc-85f7-b87c9b3af5d3] RESPONSE_SEND subject=disableLink target=org.dt4n.core:controller code=200 correlationSource=payload:clientCorrelationId ok=true
[2026-09-15 08:30:20.498] [UI] [cid=72013ab9-e715-4ccc-85f7-b87c9b3af5d3] DITTO_RESPONSE http=202 timedOut=false rejected=false durationMs=29 error= message=
[2026-09-15 08:30:20.498] [UI] [cid=72013ab9-e715-4ccc-85f7-b87c9b3af5d3] UI_ACK ok=true timedOut=false rejected=false http=202
[2026-09-15 08:30:20.514] [AGENT] [INFO] [cid=72013ab9-e715-4ccc-85f7-b87c9b3af5d3] RESPONSE_OK subject=disableLink target=org.dt4n.core:controller http_status=202
[2026-09-15 08:30:21.369] [SYNC] [INFO] [cid=-] STATE_DETECTED subject=- target=org.dt4n.core:host-h1 detail=down cycle=149
[2026-09-15 08:30:21.377] [SYNC] [INFO] [cid=-] STATE_PUSHED subject=- target=org.dt4n.core:host-h1 detail=down cycle=149
[2026-09-15 08:30:21.397] [SYNC] [INFO] [cid=-] STATE_DETECTED subject=- target=org.dt4n.core:link-h1-s1 detail=down cycle=149
[2026-09-15 08:30:21.407] [SYNC] [INFO] [cid=-] STATE_PUSHED subject=- target=org.dt4n.core:link-h1-s1 detail=down cycle=149
[2026-09-15 08:30:21.469] [UI] [cid=72013ab9-e715-4ccc-85f7-b87c9b3af5d3] STATE_OK target=org.dt4n.core:link-h1-s1 expect=down state=down
[2026-09-15 08:30:22.367] [SYNC] [INFO] [cid=-] STATE_DETECTED subject=- target=org.dt4n.core:host-h1 detail=down cycle=150
[2026-09-15 08:30:22.375] [SYNC] [INFO] [cid=-] STATE_PUSHED subject=- target=org.dt4n.core:host-h1 detail=down cycle=150
[2026-09-15 08:30:22.376] [SYNC] [INFO] [cid=-] STATE_DETECTED subject=- target=org.dt4n.core:host-h2 detail=up cycle=150
[2026-09-15 08:30:22.383] [SYNC] [INFO] [cid=-] STATE_PUSHED subject=- target=org.dt4n.core:host-h2 detail=up cycle=150
[2026-09-15 08:30:22.384] [SYNC] [INFO] [cid=-] STATE_DETECTED subject=- target=org.dt4n.core:host-h3 detail=up cycle=150
[2026-09-15 08:30:22.391] [SYNC] [INFO] [cid=-] STATE_PUSHED subject=- target=org.dt4n.core:host-h3 detail=up cycle=150
[2026-09-15 08:30:22.391] [SYNC] [INFO] [cid=-] STATE_DETECTED subject=- target=org.dt4n.core:host-srv1 detail=up cycle=150
[2026-09-15 08:30:22.401] [SYNC] [INFO] [cid=-] STATE_PUSHED subject=- target=org.dt4n.core:host-srv1 detail=up cycle=150
[2026-09-15 08:30:22.402] [SYNC] [INFO] [cid=-] STATE_DETECTED subject=- target=org.dt4n.core:host-srv2 detail=up cycle=150
[2026-09-15 08:30:22.409] [SYNC] [INFO] [cid=-] STATE_PUSHED subject=- target=org.dt4n.core:host-srv2 detail=up cycle=150
[2026-09-15 08:30:22.409] [SYNC] [INFO] [cid=-] STATE_DETECTED subject=- target=org.dt4n.core:switch-s1 detail=up cycle=150
[2026-09-15 08:30:22.415] [SYNC] [INFO] [cid=-] STATE_PUSHED subject=- target=org.dt4n.core:switch-s1 detail=up cycle=150
[2026-09-15 08:30:22.415] [SYNC] [INFO] [cid=-] STATE_DETECTED subject=- target=org.dt4n.core:switch-s2 detail=up cycle=150
[2026-09-15 08:30:22.422] [SYNC] [INFO] [cid=-] STATE_PUSHED subject=- target=org.dt4n.core:switch-s2 detail=up cycle=150
[2026-09-15 08:30:22.422] [SYNC] [INFO] [cid=-] STATE_DETECTED subject=- target=org.dt4n.core:switch-s3 detail=up cycle=150
[2026-09-15 08:30:22.429] [SYNC] [INFO] [cid=-] STATE_PUSHED subject=- target=org.dt4n.core:switch-s3 detail=up cycle=150
[2026-09-15 08:30:22.429] [SYNC] [INFO] [cid=-] STATE_DETECTED subject=- target=org.dt4n.core:link-h1-s1 detail=down cycle=150
[2026-09-15 08:30:22.436] [SYNC] [INFO] [cid=-] STATE_PUSHED subject=- target=org.dt4n.core:link-h1-s1 detail=down cycle=150
[2026-09-15 08:30:22.437] [SYNC] [INFO] [cid=-] STATE_DETECTED subject=- target=org.dt4n.core:link-h2-s1 detail=up cycle=150
[2026-09-15 08:30:22.443] [SYNC] [INFO] [cid=-] STATE_PUSHED subject=- target=org.dt4n.core:link-h2-s1 detail=up cycle=150
[2026-09-15 08:30:22.443] [SYNC] [INFO] [cid=-] STATE_DETECTED subject=- target=org.dt4n.core:link-h3-s1 detail=up cycle=150
[2026-09-15 08:30:22.451] [SYNC] [INFO] [cid=-] STATE_PUSHED subject=- target=org.dt4n.core:link-h3-s1 detail=up cycle=150
[2026-09-15 08:30:22.451] [SYNC] [INFO] [cid=-] STATE_DETECTED subject=- target=org.dt4n.core:link-s1-s2 detail=up cycle=150
[2026-09-15 08:30:22.459] [SYNC] [INFO] [cid=-] STATE_PUSHED subject=- target=org.dt4n.core:link-s1-s2 detail=up cycle=150
[2026-09-15 08:30:22.459] [SYNC] [INFO] [cid=-] STATE_DETECTED subject=- target=org.dt4n.core:link-s1-s3 detail=up cycle=150
[2026-09-15 08:30:22.466] [SYNC] [INFO] [cid=-] STATE_PUSHED subject=- target=org.dt4n.core:link-s1-s3 detail=up cycle=150
[2026-09-15 08:30:22.466] [SYNC] [INFO] [cid=-] STATE_DETECTED subject=- target=org.dt4n.core:link-s2-s3 detail=up cycle=150
[2026-09-15 08:30:22.472] [SYNC] [INFO] [cid=-] STATE_PUSHED subject=- target=org.dt4n.core:link-s2-s3 detail=up cycle=150
[2026-09-15 08:30:22.473] [SYNC] [INFO] [cid=-] STATE_DETECTED subject=- target=org.dt4n.core:link-s2-srv1 detail=up cycle=150
[2026-09-15 08:30:22.480] [SYNC] [INFO] [cid=-] STATE_PUSHED subject=- target=org.dt4n.core:link-s2-srv1 detail=up cycle=150
[2026-09-15 08:30:22.480] [SYNC] [INFO] [cid=-] STATE_DETECTED subject=- target=org.dt4n.core:link-s3-srv2 detail=up cycle=150
[2026-09-15 08:30:22.490] [SYNC] [INFO] [cid=-] STATE_PUSHED subject=- target=org.dt4n.core:link-s3-srv2 detail=up cycle=150

================================================================================
[2026-09-15 08:30:22.495] [UI] [cid=fbf30237-7bf9-4fbf-b668-57c54d1b5aa4] CLICK subject=enableLink target=org.dt4n.core:link-h1-s1 stateBefore=down params={}
[2026-09-15 08:30:22.495] [UI] [cid=fbf30237-7bf9-4fbf-b668-57c54d1b5aa4] WAIT_STATE target=org.dt4n.core:link-h1-s1 expect=up current=down timeoutMs=20000
[2026-09-15 08:30:22.495] [UI] [cid=fbf30237-7bf9-4fbf-b668-57c54d1b5aa4] SEND  POST /ditto/api/2/things/org.dt4n.core:controller/inbox/messages/enableLink?timeout=0 timeout=0s
[2026-09-15 08:30:22.503] [AGENT] [INFO] [cid=fbf30237-7bf9-4fbf-b668-57c54d1b5aa4] SSE_EVENT subject=enableLink target=org.dt4n.core:link-h1-s1 bytes=98 correlationSource=payload:clientCorrelationId eventName=enableLink sseFields=["event"]
[2026-09-15 08:30:22.504] [AGENT] [INFO] [cid=fbf30237-7bf9-4fbf-b668-57c54d1b5aa4] RECEIVE subject=enableLink target=org.dt4n.core:link-h1-s1 params={}
[2026-09-15 08:30:22.504] [AGENT] [INFO] [cid=fbf30237-7bf9-4fbf-b668-57c54d1b5aa4] EXECUTE_START subject=enableLink target=org.dt4n.core:link-h1-s1
[2026-09-15 08:30:22.504] [AGENT] [INFO] [cid=fbf30237-7bf9-4fbf-b668-57c54d1b5aa4] LOCK_WAIT subject=enableLink target=org.dt4n.core:link-h1-s1 waitMs=0
[2026-09-15 08:30:22.509] [AGENT] [INFO] [cid=fbf30237-7bf9-4fbf-b668-57c54d1b5aa4] EXECUTE_DONE subject=enableLink target=org.dt4n.core:link-h1-s1 detail=link h1-s1 -> up code=200
[2026-09-15 08:30:22.509] [AGENT] [INFO] [cid=fbf30237-7bf9-4fbf-b668-57c54d1b5aa4] RESPONSE_SEND subject=enableLink target=org.dt4n.core:controller code=200 correlationSource=payload:clientCorrelationId ok=true
[2026-09-15 08:30:22.512] [CTRL] [INFO] [cid=-] REROUTE subject=- target=link-h1-s1 detail=up edge=s1-h1
[2026-09-15 08:30:22.513] [CTRL] [INFO] [cid=-] FLOW_INSTALL subject=- target=s1 detail=1 ipv4 flows changed
[2026-09-15 08:30:22.513] [CTRL] [INFO] [cid=-] FLOW_INSTALL subject=- target=s2 detail=1 ipv4 flows changed
[2026-09-15 08:30:22.513] [CTRL] [INFO] [cid=-] FLOW_INSTALL subject=- target=s3 detail=1 ipv4 flows changed
[2026-09-15 08:30:22.528] [UI] [cid=fbf30237-7bf9-4fbf-b668-57c54d1b5aa4] DITTO_RESPONSE http=202 timedOut=false rejected=false durationMs=37 error= message=
[2026-09-15 08:30:22.528] [UI] [cid=fbf30237-7bf9-4fbf-b668-57c54d1b5aa4] UI_ACK ok=true timedOut=false rejected=false http=202
[2026-09-15 08:30:22.544] [AGENT] [INFO] [cid=fbf30237-7bf9-4fbf-b668-57c54d1b5aa4] RESPONSE_OK subject=enableLink target=org.dt4n.core:controller http_status=202
[2026-09-15 08:30:23.366] [SYNC] [INFO] [cid=-] STATE_DETECTED subject=- target=org.dt4n.core:host-h1 detail=up cycle=151
[2026-09-15 08:30:23.374] [SYNC] [INFO] [cid=-] STATE_PUSHED subject=- target=org.dt4n.core:host-h1 detail=up cycle=151
[2026-09-15 08:30:23.392] [SYNC] [INFO] [cid=-] STATE_DETECTED subject=- target=org.dt4n.core:link-h1-s1 detail=up cycle=151
[2026-09-15 08:30:23.401] [SYNC] [INFO] [cid=-] STATE_PUSHED subject=- target=org.dt4n.core:link-h1-s1 detail=up cycle=151
[2026-09-15 08:30:23.490] [UI] [cid=fbf30237-7bf9-4fbf-b668-57c54d1b5aa4] STATE_OK target=org.dt4n.core:link-h1-s1 expect=up state=up

================================================================================
[2026-09-15 08:30:24.480] [UI] [cid=acb21c51-e96e-4e3f-aabd-6730e3a885e8] CLICK subject=disableLink target=org.dt4n.core:link-h1-s1 stateBefore=up params={}
[2026-09-15 08:30:24.480] [UI] [cid=acb21c51-e96e-4e3f-aabd-6730e3a885e8] WAIT_STATE target=org.dt4n.core:link-h1-s1 expect=down current=up timeoutMs=20000
[2026-09-15 08:30:24.480] [UI] [cid=acb21c51-e96e-4e3f-aabd-6730e3a885e8] SEND  POST /ditto/api/2/things/org.dt4n.core:controller/inbox/messages/disableLink?timeout=0 timeout=0s
[2026-09-15 08:30:24.487] [AGENT] [INFO] [cid=acb21c51-e96e-4e3f-aabd-6730e3a885e8] SSE_EVENT subject=disableLink target=org.dt4n.core:link-h1-s1 bytes=98 correlationSource=payload:clientCorrelationId eventName=disableLink sseFields=["event"]
[2026-09-15 08:30:24.487] [AGENT] [INFO] [cid=acb21c51-e96e-4e3f-aabd-6730e3a885e8] RECEIVE subject=disableLink target=org.dt4n.core:link-h1-s1 params={}
[2026-09-15 08:30:24.487] [AGENT] [INFO] [cid=acb21c51-e96e-4e3f-aabd-6730e3a885e8] EXECUTE_START subject=disableLink target=org.dt4n.core:link-h1-s1
[2026-09-15 08:30:24.487] [AGENT] [INFO] [cid=acb21c51-e96e-4e3f-aabd-6730e3a885e8] LOCK_WAIT subject=disableLink target=org.dt4n.core:link-h1-s1 waitMs=0
[2026-09-15 08:30:24.491] [AGENT] [INFO] [cid=acb21c51-e96e-4e3f-aabd-6730e3a885e8] EXECUTE_DONE subject=disableLink target=org.dt4n.core:link-h1-s1 detail=link h1-s1 -> down code=200
[2026-09-15 08:30:24.491] [AGENT] [INFO] [cid=acb21c51-e96e-4e3f-aabd-6730e3a885e8] RESPONSE_SEND subject=disableLink target=org.dt4n.core:controller code=200 correlationSource=payload:clientCorrelationId ok=true
[2026-09-15 08:30:24.493] [CTRL] [INFO] [cid=-] REROUTE subject=- target=link-h1-s1 detail=down edge=s1-h1
[2026-09-15 08:30:24.518] [UI] [cid=acb21c51-e96e-4e3f-aabd-6730e3a885e8] DITTO_RESPONSE http=202 timedOut=false rejected=false durationMs=38 error= message=
[2026-09-15 08:30:24.518] [UI] [cid=acb21c51-e96e-4e3f-aabd-6730e3a885e8] UI_ACK ok=true timedOut=false rejected=false http=202
[2026-09-15 08:30:24.524] [AGENT] [INFO] [cid=acb21c51-e96e-4e3f-aabd-6730e3a885e8] RESPONSE_OK subject=disableLink target=org.dt4n.core:controller http_status=202
[2026-09-15 08:30:25.367] [SYNC] [INFO] [cid=-] STATE_DETECTED subject=- target=org.dt4n.core:host-h1 detail=down cycle=153
[2026-09-15 08:30:25.375] [SYNC] [INFO] [cid=-] STATE_PUSHED subject=- target=org.dt4n.core:host-h1 detail=down cycle=153
[2026-09-15 08:30:25.389] [SYNC] [INFO] [cid=-] STATE_DETECTED subject=- target=org.dt4n.core:link-h1-s1 detail=down cycle=153
[2026-09-15 08:30:25.397] [SYNC] [INFO] [cid=-] STATE_PUSHED subject=- target=org.dt4n.core:link-h1-s1 detail=down cycle=153
[2026-09-15 08:30:25.479] [UI] [cid=acb21c51-e96e-4e3f-aabd-6730e3a885e8] STATE_OK target=org.dt4n.core:link-h1-s1 expect=down state=down

================================================================================
[2026-09-15 08:30:26.470] [UI] [cid=7c080967-90e2-42d3-ba0c-24df33b445e5] CLICK subject=enableLink target=org.dt4n.core:link-h1-s1 stateBefore=down params={}
[2026-09-15 08:30:26.470] [UI] [cid=7c080967-90e2-42d3-ba0c-24df33b445e5] WAIT_STATE target=org.dt4n.core:link-h1-s1 expect=up current=down timeoutMs=20000
[2026-09-15 08:30:26.472] [UI] [cid=7c080967-90e2-42d3-ba0c-24df33b445e5] SEND  POST /ditto/api/2/things/org.dt4n.core:controller/inbox/messages/enableLink?timeout=0 timeout=0s
[2026-09-15 08:30:26.478] [AGENT] [INFO] [cid=7c080967-90e2-42d3-ba0c-24df33b445e5] SSE_EVENT subject=enableLink target=org.dt4n.core:link-h1-s1 bytes=98 correlationSource=payload:clientCorrelationId eventName=enableLink sseFields=["event"]
[2026-09-15 08:30:26.479] [AGENT] [INFO] [cid=7c080967-90e2-42d3-ba0c-24df33b445e5] RECEIVE subject=enableLink target=org.dt4n.core:link-h1-s1 params={}
[2026-09-15 08:30:26.479] [AGENT] [INFO] [cid=7c080967-90e2-42d3-ba0c-24df33b445e5] EXECUTE_START subject=enableLink target=org.dt4n.core:link-h1-s1
[2026-09-15 08:30:26.479] [AGENT] [INFO] [cid=7c080967-90e2-42d3-ba0c-24df33b445e5] LOCK_WAIT subject=enableLink target=org.dt4n.core:link-h1-s1 waitMs=0
[2026-09-15 08:30:26.482] [AGENT] [INFO] [cid=7c080967-90e2-42d3-ba0c-24df33b445e5] EXECUTE_DONE subject=enableLink target=org.dt4n.core:link-h1-s1 detail=link h1-s1 -> up code=200
[2026-09-15 08:30:26.483] [AGENT] [INFO] [cid=7c080967-90e2-42d3-ba0c-24df33b445e5] RESPONSE_SEND subject=enableLink target=org.dt4n.core:controller code=200 correlationSource=payload:clientCorrelationId ok=true
[2026-09-15 08:30:26.486] [CTRL] [INFO] [cid=-] REROUTE subject=- target=link-h1-s1 detail=up edge=s1-h1
[2026-09-15 08:30:26.486] [CTRL] [INFO] [cid=-] FLOW_INSTALL subject=- target=s1 detail=1 ipv4 flows changed
[2026-09-15 08:30:26.487] [CTRL] [INFO] [cid=-] FLOW_INSTALL subject=- target=s2 detail=1 ipv4 flows changed
[2026-09-15 08:30:26.487] [CTRL] [INFO] [cid=-] FLOW_INSTALL subject=- target=s3 detail=1 ipv4 flows changed
[2026-09-15 08:30:26.507] [UI] [cid=7c080967-90e2-42d3-ba0c-24df33b445e5] DITTO_RESPONSE http=202 timedOut=false rejected=false durationMs=36 error= message=
[2026-09-15 08:30:26.507] [UI] [cid=7c080967-90e2-42d3-ba0c-24df33b445e5] UI_ACK ok=true timedOut=false rejected=false http=202
[2026-09-15 08:30:26.514] [AGENT] [INFO] [cid=7c080967-90e2-42d3-ba0c-24df33b445e5] RESPONSE_OK subject=enableLink target=org.dt4n.core:controller http_status=202
[2026-09-15 08:30:27.367] [SYNC] [INFO] [cid=-] STATE_DETECTED subject=- target=org.dt4n.core:host-h1 detail=up cycle=155
[2026-09-15 08:30:27.375] [SYNC] [INFO] [cid=-] STATE_PUSHED subject=- target=org.dt4n.core:host-h1 detail=up cycle=155
[2026-09-15 08:30:27.388] [SYNC] [INFO] [cid=-] STATE_DETECTED subject=- target=org.dt4n.core:link-h1-s1 detail=up cycle=155
[2026-09-15 08:30:27.395] [SYNC] [INFO] [cid=-] STATE_PUSHED subject=- target=org.dt4n.core:link-h1-s1 detail=up cycle=155
[2026-09-15 08:30:27.471] [UI] [cid=7c080967-90e2-42d3-ba0c-24df33b445e5] STATE_OK target=org.dt4n.core:link-h1-s1 expect=up state=up

================================================================================
[2026-09-15 08:30:28.465] [UI] [cid=d619f6f7-a05d-4781-9db7-8ddda2289ff2] CLICK subject=disableLink target=org.dt4n.core:link-h1-s1 stateBefore=up params={}
[2026-09-15 08:30:28.466] [UI] [cid=d619f6f7-a05d-4781-9db7-8ddda2289ff2] WAIT_STATE target=org.dt4n.core:link-h1-s1 expect=down current=up timeoutMs=20000
[2026-09-15 08:30:28.467] [UI] [cid=d619f6f7-a05d-4781-9db7-8ddda2289ff2] SEND  POST /ditto/api/2/things/org.dt4n.core:controller/inbox/messages/disableLink?timeout=0 timeout=0s
[2026-09-15 08:30:28.475] [AGENT] [INFO] [cid=d619f6f7-a05d-4781-9db7-8ddda2289ff2] SSE_EVENT subject=disableLink target=org.dt4n.core:link-h1-s1 bytes=98 correlationSource=payload:clientCorrelationId eventName=disableLink sseFields=["event"]
[2026-09-15 08:30:28.476] [AGENT] [INFO] [cid=d619f6f7-a05d-4781-9db7-8ddda2289ff2] RECEIVE subject=disableLink target=org.dt4n.core:link-h1-s1 params={}
[2026-09-15 08:30:28.476] [AGENT] [INFO] [cid=d619f6f7-a05d-4781-9db7-8ddda2289ff2] EXECUTE_START subject=disableLink target=org.dt4n.core:link-h1-s1
[2026-09-15 08:30:28.476] [AGENT] [INFO] [cid=d619f6f7-a05d-4781-9db7-8ddda2289ff2] LOCK_WAIT subject=disableLink target=org.dt4n.core:link-h1-s1 waitMs=0
[2026-09-15 08:30:28.479] [AGENT] [INFO] [cid=d619f6f7-a05d-4781-9db7-8ddda2289ff2] EXECUTE_DONE subject=disableLink target=org.dt4n.core:link-h1-s1 detail=link h1-s1 -> down code=200
[2026-09-15 08:30:28.480] [AGENT] [INFO] [cid=d619f6f7-a05d-4781-9db7-8ddda2289ff2] RESPONSE_SEND subject=disableLink target=org.dt4n.core:controller code=200 correlationSource=payload:clientCorrelationId ok=true
[2026-09-15 08:30:28.481] [CTRL] [INFO] [cid=-] REROUTE subject=- target=link-h1-s1 detail=down edge=s1-h1
[2026-09-15 08:30:28.496] [UI] [cid=d619f6f7-a05d-4781-9db7-8ddda2289ff2] DITTO_RESPONSE http=202 timedOut=false rejected=false durationMs=30 error= message=
[2026-09-15 08:30:28.496] [UI] [cid=d619f6f7-a05d-4781-9db7-8ddda2289ff2] UI_ACK ok=true timedOut=false rejected=false http=202
[2026-09-15 08:30:28.514] [AGENT] [INFO] [cid=d619f6f7-a05d-4781-9db7-8ddda2289ff2] RESPONSE_OK subject=disableLink target=org.dt4n.core:controller http_status=202
[2026-09-15 08:30:29.368] [SYNC] [INFO] [cid=-] STATE_DETECTED subject=- target=org.dt4n.core:host-h1 detail=down cycle=157
[2026-09-15 08:30:29.375] [SYNC] [INFO] [cid=-] STATE_PUSHED subject=- target=org.dt4n.core:host-h1 detail=down cycle=157
[2026-09-15 08:30:29.390] [SYNC] [INFO] [cid=-] STATE_DETECTED subject=- target=org.dt4n.core:link-h1-s1 detail=down cycle=157
[2026-09-15 08:30:29.396] [SYNC] [INFO] [cid=-] STATE_PUSHED subject=- target=org.dt4n.core:link-h1-s1 detail=down cycle=157
[2026-09-15 08:30:29.466] [UI] [cid=d619f6f7-a05d-4781-9db7-8ddda2289ff2] STATE_OK target=org.dt4n.core:link-h1-s1 expect=down state=down

================================================================================
[2026-09-15 08:30:30.471] [UI] [cid=49b79b31-943c-4479-8da7-ab9939e2720a] CLICK subject=enableLink target=org.dt4n.core:link-h1-s1 stateBefore=down params={}
[2026-09-15 08:30:30.472] [UI] [cid=49b79b31-943c-4479-8da7-ab9939e2720a] WAIT_STATE target=org.dt4n.core:link-h1-s1 expect=up current=down timeoutMs=20000
[2026-09-15 08:30:30.473] [UI] [cid=49b79b31-943c-4479-8da7-ab9939e2720a] SEND  POST /ditto/api/2/things/org.dt4n.core:controller/inbox/messages/enableLink?timeout=0 timeout=0s
[2026-09-15 08:30:30.480] [AGENT] [INFO] [cid=49b79b31-943c-4479-8da7-ab9939e2720a] SSE_EVENT subject=enableLink target=org.dt4n.core:link-h1-s1 bytes=98 correlationSource=payload:clientCorrelationId eventName=enableLink sseFields=["event"]
[2026-09-15 08:30:30.480] [AGENT] [INFO] [cid=49b79b31-943c-4479-8da7-ab9939e2720a] RECEIVE subject=enableLink target=org.dt4n.core:link-h1-s1 params={}
[2026-09-15 08:30:30.480] [AGENT] [INFO] [cid=49b79b31-943c-4479-8da7-ab9939e2720a] EXECUTE_START subject=enableLink target=org.dt4n.core:link-h1-s1
[2026-09-15 08:30:30.480] [AGENT] [INFO] [cid=49b79b31-943c-4479-8da7-ab9939e2720a] LOCK_WAIT subject=enableLink target=org.dt4n.core:link-h1-s1 waitMs=0
[2026-09-15 08:30:30.483] [AGENT] [INFO] [cid=49b79b31-943c-4479-8da7-ab9939e2720a] EXECUTE_DONE subject=enableLink target=org.dt4n.core:link-h1-s1 detail=link h1-s1 -> up code=200
[2026-09-15 08:30:30.483] [AGENT] [INFO] [cid=49b79b31-943c-4479-8da7-ab9939e2720a] RESPONSE_SEND subject=enableLink target=org.dt4n.core:controller code=200 correlationSource=payload:clientCorrelationId ok=true
[2026-09-15 08:30:30.487] [CTRL] [INFO] [cid=-] REROUTE subject=- target=link-h1-s1 detail=up edge=s1-h1
[2026-09-15 08:30:30.487] [CTRL] [INFO] [cid=-] FLOW_INSTALL subject=- target=s1 detail=1 ipv4 flows changed
[2026-09-15 08:30:30.488] [CTRL] [INFO] [cid=-] FLOW_INSTALL subject=- target=s2 detail=1 ipv4 flows changed
[2026-09-15 08:30:30.488] [CTRL] [INFO] [cid=-] FLOW_INSTALL subject=- target=s3 detail=1 ipv4 flows changed
[2026-09-15 08:30:30.507] [UI] [cid=49b79b31-943c-4479-8da7-ab9939e2720a] DITTO_RESPONSE http=202 timedOut=false rejected=false durationMs=36 error= message=
[2026-09-15 08:30:30.507] [UI] [cid=49b79b31-943c-4479-8da7-ab9939e2720a] UI_ACK ok=true timedOut=false rejected=false http=202
[2026-09-15 08:30:30.514] [AGENT] [INFO] [cid=49b79b31-943c-4479-8da7-ab9939e2720a] RESPONSE_OK subject=enableLink target=org.dt4n.core:controller http_status=202
[2026-09-15 08:30:31.367] [SYNC] [INFO] [cid=-] STATE_DETECTED subject=- target=org.dt4n.core:host-h1 detail=up cycle=159
[2026-09-15 08:30:31.375] [SYNC] [INFO] [cid=-] STATE_PUSHED subject=- target=org.dt4n.core:host-h1 detail=up cycle=159
[2026-09-15 08:30:31.388] [SYNC] [INFO] [cid=-] STATE_DETECTED subject=- target=org.dt4n.core:link-h1-s1 detail=up cycle=159
[2026-09-15 08:30:31.395] [SYNC] [INFO] [cid=-] STATE_PUSHED subject=- target=org.dt4n.core:link-h1-s1 detail=up cycle=159
[2026-09-15 08:30:31.472] [UI] [cid=49b79b31-943c-4479-8da7-ab9939e2720a] STATE_OK target=org.dt4n.core:link-h1-s1 expect=up state=up

================================================================================
[2026-09-15 08:30:32.460] [UI] [cid=9566d2ef-9dca-4072-8cf5-7b5a1aa462b6] CLICK subject=disableLink target=org.dt4n.core:link-h1-s1 stateBefore=up params={}
[2026-09-15 08:30:32.460] [UI] [cid=9566d2ef-9dca-4072-8cf5-7b5a1aa462b6] WAIT_STATE target=org.dt4n.core:link-h1-s1 expect=down current=up timeoutMs=20000
[2026-09-15 08:30:32.460] [UI] [cid=9566d2ef-9dca-4072-8cf5-7b5a1aa462b6] SEND  POST /ditto/api/2/things/org.dt4n.core:controller/inbox/messages/disableLink?timeout=0 timeout=0s
[2026-09-15 08:30:32.467] [AGENT] [INFO] [cid=9566d2ef-9dca-4072-8cf5-7b5a1aa462b6] SSE_EVENT subject=disableLink target=org.dt4n.core:link-h1-s1 bytes=98 correlationSource=payload:clientCorrelationId eventName=disableLink sseFields=["event"]
[2026-09-15 08:30:32.467] [AGENT] [INFO] [cid=9566d2ef-9dca-4072-8cf5-7b5a1aa462b6] RECEIVE subject=disableLink target=org.dt4n.core:link-h1-s1 params={}
[2026-09-15 08:30:32.468] [AGENT] [INFO] [cid=9566d2ef-9dca-4072-8cf5-7b5a1aa462b6] EXECUTE_START subject=disableLink target=org.dt4n.core:link-h1-s1
[2026-09-15 08:30:32.468] [AGENT] [INFO] [cid=9566d2ef-9dca-4072-8cf5-7b5a1aa462b6] LOCK_WAIT subject=disableLink target=org.dt4n.core:link-h1-s1 waitMs=0
[2026-09-15 08:30:32.471] [CTRL] [INFO] [cid=-] REROUTE subject=- target=link-h1-s1 detail=down edge=s1-h1
[2026-09-15 08:30:32.473] [AGENT] [INFO] [cid=9566d2ef-9dca-4072-8cf5-7b5a1aa462b6] EXECUTE_DONE subject=disableLink target=org.dt4n.core:link-h1-s1 detail=link h1-s1 -> down code=200
[2026-09-15 08:30:32.474] [AGENT] [INFO] [cid=9566d2ef-9dca-4072-8cf5-7b5a1aa462b6] RESPONSE_SEND subject=disableLink target=org.dt4n.core:controller code=200 correlationSource=payload:clientCorrelationId ok=true
[2026-09-15 08:30:32.497] [UI] [cid=9566d2ef-9dca-4072-8cf5-7b5a1aa462b6] DITTO_RESPONSE http=202 timedOut=false rejected=false durationMs=40 error= message=
[2026-09-15 08:30:32.497] [UI] [cid=9566d2ef-9dca-4072-8cf5-7b5a1aa462b6] UI_ACK ok=true timedOut=false rejected=false http=202
[2026-09-15 08:30:32.504] [AGENT] [INFO] [cid=9566d2ef-9dca-4072-8cf5-7b5a1aa462b6] RESPONSE_OK subject=disableLink target=org.dt4n.core:controller http_status=202
[2026-09-15 08:30:33.368] [SYNC] [INFO] [cid=-] STATE_DETECTED subject=- target=org.dt4n.core:host-h1 detail=down cycle=161
[2026-09-15 08:30:33.376] [SYNC] [INFO] [cid=-] STATE_PUSHED subject=- target=org.dt4n.core:host-h1 detail=down cycle=161
[2026-09-15 08:30:33.390] [SYNC] [INFO] [cid=-] STATE_DETECTED subject=- target=org.dt4n.core:link-h1-s1 detail=down cycle=161
[2026-09-15 08:30:33.397] [SYNC] [INFO] [cid=-] STATE_PUSHED subject=- target=org.dt4n.core:link-h1-s1 detail=down cycle=161
[2026-09-15 08:30:33.458] [UI] [cid=9566d2ef-9dca-4072-8cf5-7b5a1aa462b6] STATE_OK target=org.dt4n.core:link-h1-s1 expect=down state=down

================================================================================
[2026-09-15 08:30:34.476] [UI] [cid=b12a953c-77ba-4a30-a098-1599ebc56a9f] CLICK subject=enableLink target=org.dt4n.core:link-h1-s1 stateBefore=down params={}
[2026-09-15 08:30:34.477] [UI] [cid=b12a953c-77ba-4a30-a098-1599ebc56a9f] WAIT_STATE target=org.dt4n.core:link-h1-s1 expect=up current=down timeoutMs=20000
[2026-09-15 08:30:34.478] [UI] [cid=b12a953c-77ba-4a30-a098-1599ebc56a9f] SEND  POST /ditto/api/2/things/org.dt4n.core:controller/inbox/messages/enableLink?timeout=0 timeout=0s
[2026-09-15 08:30:34.485] [AGENT] [INFO] [cid=b12a953c-77ba-4a30-a098-1599ebc56a9f] SSE_EVENT subject=enableLink target=org.dt4n.core:link-h1-s1 bytes=98 correlationSource=payload:clientCorrelationId eventName=enableLink sseFields=["event"]
[2026-09-15 08:30:34.485] [AGENT] [INFO] [cid=b12a953c-77ba-4a30-a098-1599ebc56a9f] RECEIVE subject=enableLink target=org.dt4n.core:link-h1-s1 params={}
[2026-09-15 08:30:34.485] [AGENT] [INFO] [cid=b12a953c-77ba-4a30-a098-1599ebc56a9f] EXECUTE_START subject=enableLink target=org.dt4n.core:link-h1-s1
[2026-09-15 08:30:34.485] [AGENT] [INFO] [cid=b12a953c-77ba-4a30-a098-1599ebc56a9f] LOCK_WAIT subject=enableLink target=org.dt4n.core:link-h1-s1 waitMs=0
[2026-09-15 08:30:34.492] [AGENT] [INFO] [cid=b12a953c-77ba-4a30-a098-1599ebc56a9f] EXECUTE_DONE subject=enableLink target=org.dt4n.core:link-h1-s1 detail=link h1-s1 -> up code=200
[2026-09-15 08:30:34.492] [AGENT] [INFO] [cid=b12a953c-77ba-4a30-a098-1599ebc56a9f] RESPONSE_SEND subject=enableLink target=org.dt4n.core:controller code=200 correlationSource=payload:clientCorrelationId ok=true
[2026-09-15 08:30:34.492] [CTRL] [INFO] [cid=-] REROUTE subject=- target=link-h1-s1 detail=up edge=s1-h1
[2026-09-15 08:30:34.493] [CTRL] [INFO] [cid=-] FLOW_INSTALL subject=- target=s1 detail=1 ipv4 flows changed
[2026-09-15 08:30:34.493] [CTRL] [INFO] [cid=-] FLOW_INSTALL subject=- target=s2 detail=1 ipv4 flows changed
[2026-09-15 08:30:34.494] [CTRL] [INFO] [cid=-] FLOW_INSTALL subject=- target=s3 detail=1 ipv4 flows changed
[2026-09-15 08:30:34.507] [UI] [cid=b12a953c-77ba-4a30-a098-1599ebc56a9f] DITTO_RESPONSE http=202 timedOut=false rejected=false durationMs=31 error= message=
[2026-09-15 08:30:34.507] [UI] [cid=b12a953c-77ba-4a30-a098-1599ebc56a9f] UI_ACK ok=true timedOut=false rejected=false http=202
[2026-09-15 08:30:34.524] [AGENT] [INFO] [cid=b12a953c-77ba-4a30-a098-1599ebc56a9f] RESPONSE_OK subject=enableLink target=org.dt4n.core:controller http_status=202
[2026-09-15 08:30:35.368] [SYNC] [INFO] [cid=-] STATE_DETECTED subject=- target=org.dt4n.core:host-h1 detail=up cycle=163
[2026-09-15 08:30:35.375] [SYNC] [INFO] [cid=-] STATE_PUSHED subject=- target=org.dt4n.core:host-h1 detail=up cycle=163
[2026-09-15 08:30:35.390] [SYNC] [INFO] [cid=-] STATE_DETECTED subject=- target=org.dt4n.core:link-h1-s1 detail=up cycle=163
[2026-09-15 08:30:35.397] [SYNC] [INFO] [cid=-] STATE_PUSHED subject=- target=org.dt4n.core:link-h1-s1 detail=up cycle=163
[2026-09-15 08:30:35.476] [UI] [cid=b12a953c-77ba-4a30-a098-1599ebc56a9f] STATE_OK target=org.dt4n.core:link-h1-s1 expect=up state=up

================================================================================
[2026-09-15 08:30:36.450] [UI] [cid=cd35f74d-b7f9-4cb1-b8b2-4d8f624c1f22] CLICK subject=disableLink target=org.dt4n.core:link-h1-s1 stateBefore=up params={}
[2026-09-15 08:30:36.450] [UI] [cid=cd35f74d-b7f9-4cb1-b8b2-4d8f624c1f22] WAIT_STATE target=org.dt4n.core:link-h1-s1 expect=down current=up timeoutMs=20000
[2026-09-15 08:30:36.452] [UI] [cid=cd35f74d-b7f9-4cb1-b8b2-4d8f624c1f22] SEND  POST /ditto/api/2/things/org.dt4n.core:controller/inbox/messages/disableLink?timeout=0 timeout=0s
[2026-09-15 08:30:36.464] [AGENT] [INFO] [cid=cd35f74d-b7f9-4cb1-b8b2-4d8f624c1f22] SSE_EVENT subject=disableLink target=org.dt4n.core:link-h1-s1 bytes=98 correlationSource=payload:clientCorrelationId eventName=disableLink sseFields=["event"]
[2026-09-15 08:30:36.464] [AGENT] [INFO] [cid=cd35f74d-b7f9-4cb1-b8b2-4d8f624c1f22] RECEIVE subject=disableLink target=org.dt4n.core:link-h1-s1 params={}
[2026-09-15 08:30:36.464] [AGENT] [INFO] [cid=cd35f74d-b7f9-4cb1-b8b2-4d8f624c1f22] EXECUTE_START subject=disableLink target=org.dt4n.core:link-h1-s1
[2026-09-15 08:30:36.464] [AGENT] [INFO] [cid=cd35f74d-b7f9-4cb1-b8b2-4d8f624c1f22] LOCK_WAIT subject=disableLink target=org.dt4n.core:link-h1-s1 waitMs=0
[2026-09-15 08:30:36.473] [AGENT] [INFO] [cid=cd35f74d-b7f9-4cb1-b8b2-4d8f624c1f22] EXECUTE_DONE subject=disableLink target=org.dt4n.core:link-h1-s1 detail=link h1-s1 -> down code=200
[2026-09-15 08:30:36.473] [AGENT] [INFO] [cid=cd35f74d-b7f9-4cb1-b8b2-4d8f624c1f22] RESPONSE_SEND subject=disableLink target=org.dt4n.core:controller code=200 correlationSource=payload:clientCorrelationId ok=true
[2026-09-15 08:30:36.476] [CTRL] [INFO] [cid=-] REROUTE subject=- target=link-h1-s1 detail=down edge=s1-h1
[2026-09-15 08:30:36.487] [UI] [cid=cd35f74d-b7f9-4cb1-b8b2-4d8f624c1f22] DITTO_RESPONSE http=202 timedOut=false rejected=false durationMs=36 error= message=
[2026-09-15 08:30:36.487] [UI] [cid=cd35f74d-b7f9-4cb1-b8b2-4d8f624c1f22] UI_ACK ok=true timedOut=false rejected=false http=202
[2026-09-15 08:30:36.504] [AGENT] [INFO] [cid=cd35f74d-b7f9-4cb1-b8b2-4d8f624c1f22] RESPONSE_OK subject=disableLink target=org.dt4n.core:controller http_status=202
[2026-09-15 08:30:37.369] [SYNC] [INFO] [cid=-] STATE_DETECTED subject=- target=org.dt4n.core:host-h1 detail=down cycle=165
[2026-09-15 08:30:37.377] [SYNC] [INFO] [cid=-] STATE_PUSHED subject=- target=org.dt4n.core:host-h1 detail=down cycle=165
[2026-09-15 08:30:37.391] [SYNC] [INFO] [cid=-] STATE_DETECTED subject=- target=org.dt4n.core:link-h1-s1 detail=down cycle=165
[2026-09-15 08:30:37.397] [SYNC] [INFO] [cid=-] STATE_PUSHED subject=- target=org.dt4n.core:link-h1-s1 detail=down cycle=165
[2026-09-15 08:30:37.451] [UI] [cid=cd35f74d-b7f9-4cb1-b8b2-4d8f624c1f22] STATE_OK target=org.dt4n.core:link-h1-s1 expect=down state=down

================================================================================
[2026-09-15 08:30:38.459] [UI] [cid=85a05b97-0488-4b85-b12b-5abb9f2f9cf1] CLICK subject=enableLink target=org.dt4n.core:link-h1-s1 stateBefore=down params={}
[2026-09-15 08:30:38.461] [UI] [cid=85a05b97-0488-4b85-b12b-5abb9f2f9cf1] WAIT_STATE target=org.dt4n.core:link-h1-s1 expect=up current=down timeoutMs=20000
[2026-09-15 08:30:38.461] [UI] [cid=85a05b97-0488-4b85-b12b-5abb9f2f9cf1] SEND  POST /ditto/api/2/things/org.dt4n.core:controller/inbox/messages/enableLink?timeout=0 timeout=0s
[2026-09-15 08:30:38.468] [AGENT] [INFO] [cid=85a05b97-0488-4b85-b12b-5abb9f2f9cf1] SSE_EVENT subject=enableLink target=org.dt4n.core:link-h1-s1 bytes=98 correlationSource=payload:clientCorrelationId eventName=enableLink sseFields=["event"]
[2026-09-15 08:30:38.468] [AGENT] [INFO] [cid=85a05b97-0488-4b85-b12b-5abb9f2f9cf1] RECEIVE subject=enableLink target=org.dt4n.core:link-h1-s1 params={}
[2026-09-15 08:30:38.468] [AGENT] [INFO] [cid=85a05b97-0488-4b85-b12b-5abb9f2f9cf1] EXECUTE_START subject=enableLink target=org.dt4n.core:link-h1-s1
[2026-09-15 08:30:38.468] [AGENT] [INFO] [cid=85a05b97-0488-4b85-b12b-5abb9f2f9cf1] LOCK_WAIT subject=enableLink target=org.dt4n.core:link-h1-s1 waitMs=0
[2026-09-15 08:30:38.471] [AGENT] [INFO] [cid=85a05b97-0488-4b85-b12b-5abb9f2f9cf1] EXECUTE_DONE subject=enableLink target=org.dt4n.core:link-h1-s1 detail=link h1-s1 -> up code=200
[2026-09-15 08:30:38.471] [AGENT] [INFO] [cid=85a05b97-0488-4b85-b12b-5abb9f2f9cf1] RESPONSE_SEND subject=enableLink target=org.dt4n.core:controller code=200 correlationSource=payload:clientCorrelationId ok=true
[2026-09-15 08:30:38.474] [CTRL] [INFO] [cid=-] REROUTE subject=- target=link-h1-s1 detail=up edge=s1-h1
[2026-09-15 08:30:38.475] [CTRL] [INFO] [cid=-] FLOW_INSTALL subject=- target=s1 detail=1 ipv4 flows changed
[2026-09-15 08:30:38.475] [CTRL] [INFO] [cid=-] FLOW_INSTALL subject=- target=s2 detail=1 ipv4 flows changed
[2026-09-15 08:30:38.476] [CTRL] [INFO] [cid=-] FLOW_INSTALL subject=- target=s3 detail=1 ipv4 flows changed
[2026-09-15 08:30:38.497] [UI] [cid=85a05b97-0488-4b85-b12b-5abb9f2f9cf1] DITTO_RESPONSE http=202 timedOut=false rejected=false durationMs=36 error= message=
[2026-09-15 08:30:38.497] [UI] [cid=85a05b97-0488-4b85-b12b-5abb9f2f9cf1] UI_ACK ok=true timedOut=false rejected=false http=202
[2026-09-15 08:30:38.504] [AGENT] [INFO] [cid=85a05b97-0488-4b85-b12b-5abb9f2f9cf1] RESPONSE_OK subject=enableLink target=org.dt4n.core:controller http_status=202
[2026-09-15 08:30:39.370] [SYNC] [INFO] [cid=-] STATE_DETECTED subject=- target=org.dt4n.core:host-h1 detail=up cycle=167
[2026-09-15 08:30:39.379] [SYNC] [INFO] [cid=-] STATE_PUSHED subject=- target=org.dt4n.core:host-h1 detail=up cycle=167
[2026-09-15 08:30:39.393] [SYNC] [INFO] [cid=-] STATE_DETECTED subject=- target=org.dt4n.core:link-h1-s1 detail=up cycle=167
[2026-09-15 08:30:39.400] [SYNC] [INFO] [cid=-] STATE_PUSHED subject=- target=org.dt4n.core:link-h1-s1 detail=up cycle=167
[2026-09-15 08:30:39.461] [UI] [cid=85a05b97-0488-4b85-b12b-5abb9f2f9cf1] STATE_OK target=org.dt4n.core:link-h1-s1 expect=up state=up

================================================================================
[2026-09-15 08:30:40.476] [UI] [cid=043c43f9-86be-4208-abc0-6ff5d85b17a1] CLICK subject=disableLink target=org.dt4n.core:link-h1-s1 stateBefore=up params={}
[2026-09-15 08:30:40.476] [UI] [cid=043c43f9-86be-4208-abc0-6ff5d85b17a1] WAIT_STATE target=org.dt4n.core:link-h1-s1 expect=down current=up timeoutMs=20000
[2026-09-15 08:30:40.476] [UI] [cid=043c43f9-86be-4208-abc0-6ff5d85b17a1] SEND  POST /ditto/api/2/things/org.dt4n.core:controller/inbox/messages/disableLink?timeout=0 timeout=0s
[2026-09-15 08:30:40.483] [AGENT] [INFO] [cid=043c43f9-86be-4208-abc0-6ff5d85b17a1] SSE_EVENT subject=disableLink target=org.dt4n.core:link-h1-s1 bytes=98 correlationSource=payload:clientCorrelationId eventName=disableLink sseFields=["event"]
[2026-09-15 08:30:40.483] [AGENT] [INFO] [cid=043c43f9-86be-4208-abc0-6ff5d85b17a1] RECEIVE subject=disableLink target=org.dt4n.core:link-h1-s1 params={}
[2026-09-15 08:30:40.483] [AGENT] [INFO] [cid=043c43f9-86be-4208-abc0-6ff5d85b17a1] EXECUTE_START subject=disableLink target=org.dt4n.core:link-h1-s1
[2026-09-15 08:30:40.484] [AGENT] [INFO] [cid=043c43f9-86be-4208-abc0-6ff5d85b17a1] LOCK_WAIT subject=disableLink target=org.dt4n.core:link-h1-s1 waitMs=0
[2026-09-15 08:30:40.487] [AGENT] [INFO] [cid=043c43f9-86be-4208-abc0-6ff5d85b17a1] EXECUTE_DONE subject=disableLink target=org.dt4n.core:link-h1-s1 detail=link h1-s1 -> down code=200
[2026-09-15 08:30:40.487] [CTRL] [INFO] [cid=-] REROUTE subject=- target=link-h1-s1 detail=down edge=s1-h1
[2026-09-15 08:30:40.487] [AGENT] [INFO] [cid=043c43f9-86be-4208-abc0-6ff5d85b17a1] RESPONSE_SEND subject=disableLink target=org.dt4n.core:controller code=200 correlationSource=payload:clientCorrelationId ok=true
[2026-09-15 08:30:40.514] [UI] [cid=043c43f9-86be-4208-abc0-6ff5d85b17a1] DITTO_RESPONSE http=202 timedOut=false rejected=false durationMs=33 error= message=
[2026-09-15 08:30:40.514] [UI] [cid=043c43f9-86be-4208-abc0-6ff5d85b17a1] UI_ACK ok=true timedOut=false rejected=false http=202
[2026-09-15 08:30:40.518] [AGENT] [INFO] [cid=043c43f9-86be-4208-abc0-6ff5d85b17a1] RESPONSE_OK subject=disableLink target=org.dt4n.core:controller http_status=202
[2026-09-15 08:30:41.369] [SYNC] [INFO] [cid=-] STATE_DETECTED subject=- target=org.dt4n.core:host-h1 detail=down cycle=169
[2026-09-15 08:30:41.378] [SYNC] [INFO] [cid=-] STATE_PUSHED subject=- target=org.dt4n.core:host-h1 detail=down cycle=169
[2026-09-15 08:30:41.392] [SYNC] [INFO] [cid=-] STATE_DETECTED subject=- target=org.dt4n.core:link-h1-s1 detail=down cycle=169
[2026-09-15 08:30:41.399] [SYNC] [INFO] [cid=-] STATE_PUSHED subject=- target=org.dt4n.core:link-h1-s1 detail=down cycle=169
[2026-09-15 08:30:41.474] [UI] [cid=043c43f9-86be-4208-abc0-6ff5d85b17a1] STATE_OK target=org.dt4n.core:link-h1-s1 expect=down state=down

================================================================================
[2026-09-15 08:30:42.466] [UI] [cid=4c630e88-06f2-4d62-bcf2-7688be5ef2c3] CLICK subject=enableLink target=org.dt4n.core:link-h1-s1 stateBefore=down params={}
[2026-09-15 08:30:42.466] [UI] [cid=4c630e88-06f2-4d62-bcf2-7688be5ef2c3] WAIT_STATE target=org.dt4n.core:link-h1-s1 expect=up current=down timeoutMs=20000
[2026-09-15 08:30:42.466] [UI] [cid=4c630e88-06f2-4d62-bcf2-7688be5ef2c3] SEND  POST /ditto/api/2/things/org.dt4n.core:controller/inbox/messages/enableLink?timeout=0 timeout=0s
[2026-09-15 08:30:42.473] [AGENT] [INFO] [cid=4c630e88-06f2-4d62-bcf2-7688be5ef2c3] SSE_EVENT subject=enableLink target=org.dt4n.core:link-h1-s1 bytes=98 correlationSource=payload:clientCorrelationId eventName=enableLink sseFields=["event"]
[2026-09-15 08:30:42.473] [AGENT] [INFO] [cid=4c630e88-06f2-4d62-bcf2-7688be5ef2c3] RECEIVE subject=enableLink target=org.dt4n.core:link-h1-s1 params={}
[2026-09-15 08:30:42.473] [AGENT] [INFO] [cid=4c630e88-06f2-4d62-bcf2-7688be5ef2c3] EXECUTE_START subject=enableLink target=org.dt4n.core:link-h1-s1
[2026-09-15 08:30:42.473] [AGENT] [INFO] [cid=4c630e88-06f2-4d62-bcf2-7688be5ef2c3] LOCK_WAIT subject=enableLink target=org.dt4n.core:link-h1-s1 waitMs=0
[2026-09-15 08:30:42.477] [AGENT] [INFO] [cid=4c630e88-06f2-4d62-bcf2-7688be5ef2c3] EXECUTE_DONE subject=enableLink target=org.dt4n.core:link-h1-s1 detail=link h1-s1 -> up code=200
[2026-09-15 08:30:42.477] [AGENT] [INFO] [cid=4c630e88-06f2-4d62-bcf2-7688be5ef2c3] RESPONSE_SEND subject=enableLink target=org.dt4n.core:controller code=200 correlationSource=payload:clientCorrelationId ok=true
[2026-09-15 08:30:42.481] [CTRL] [INFO] [cid=-] REROUTE subject=- target=link-h1-s1 detail=up edge=s1-h1
[2026-09-15 08:30:42.481] [CTRL] [INFO] [cid=-] FLOW_INSTALL subject=- target=s1 detail=1 ipv4 flows changed
[2026-09-15 08:30:42.482] [CTRL] [INFO] [cid=-] FLOW_INSTALL subject=- target=s2 detail=1 ipv4 flows changed
[2026-09-15 08:30:42.482] [CTRL] [INFO] [cid=-] FLOW_INSTALL subject=- target=s3 detail=1 ipv4 flows changed
[2026-09-15 08:30:42.497] [UI] [cid=4c630e88-06f2-4d62-bcf2-7688be5ef2c3] DITTO_RESPONSE http=202 timedOut=false rejected=false durationMs=32 error= message=
[2026-09-15 08:30:42.497] [UI] [cid=4c630e88-06f2-4d62-bcf2-7688be5ef2c3] UI_ACK ok=true timedOut=false rejected=false http=202
[2026-09-15 08:30:42.503] [AGENT] [INFO] [cid=4c630e88-06f2-4d62-bcf2-7688be5ef2c3] RESPONSE_OK subject=enableLink target=org.dt4n.core:controller http_status=202
[2026-09-15 08:30:43.370] [SYNC] [INFO] [cid=-] STATE_DETECTED subject=- target=org.dt4n.core:host-h1 detail=up cycle=171
[2026-09-15 08:30:43.379] [SYNC] [INFO] [cid=-] STATE_PUSHED subject=- target=org.dt4n.core:host-h1 detail=up cycle=171
[2026-09-15 08:30:43.393] [SYNC] [INFO] [cid=-] STATE_DETECTED subject=- target=org.dt4n.core:link-h1-s1 detail=up cycle=171
[2026-09-15 08:30:43.400] [SYNC] [INFO] [cid=-] STATE_PUSHED subject=- target=org.dt4n.core:link-h1-s1 detail=up cycle=171
[2026-09-15 08:30:43.465] [UI] [cid=4c630e88-06f2-4d62-bcf2-7688be5ef2c3] STATE_OK target=org.dt4n.core:link-h1-s1 expect=up state=up

================================================================================
[2026-09-15 08:30:44.462] [UI] [cid=4d39f491-4555-46af-8304-3adb521e6119] CLICK subject=disableLink target=org.dt4n.core:link-h1-s1 stateBefore=up params={}
[2026-09-15 08:30:44.464] [UI] [cid=4d39f491-4555-46af-8304-3adb521e6119] WAIT_STATE target=org.dt4n.core:link-h1-s1 expect=down current=up timeoutMs=20000
[2026-09-15 08:30:44.464] [UI] [cid=4d39f491-4555-46af-8304-3adb521e6119] SEND  POST /ditto/api/2/things/org.dt4n.core:controller/inbox/messages/disableLink?timeout=0 timeout=0s
[2026-09-15 08:30:44.471] [AGENT] [INFO] [cid=4d39f491-4555-46af-8304-3adb521e6119] SSE_EVENT subject=disableLink target=org.dt4n.core:link-h1-s1 bytes=98 correlationSource=payload:clientCorrelationId eventName=disableLink sseFields=["event"]
[2026-09-15 08:30:44.471] [AGENT] [INFO] [cid=4d39f491-4555-46af-8304-3adb521e6119] RECEIVE subject=disableLink target=org.dt4n.core:link-h1-s1 params={}
[2026-09-15 08:30:44.471] [AGENT] [INFO] [cid=4d39f491-4555-46af-8304-3adb521e6119] EXECUTE_START subject=disableLink target=org.dt4n.core:link-h1-s1
[2026-09-15 08:30:44.471] [AGENT] [INFO] [cid=4d39f491-4555-46af-8304-3adb521e6119] LOCK_WAIT subject=disableLink target=org.dt4n.core:link-h1-s1 waitMs=0
[2026-09-15 08:30:44.475] [AGENT] [INFO] [cid=4d39f491-4555-46af-8304-3adb521e6119] EXECUTE_DONE subject=disableLink target=org.dt4n.core:link-h1-s1 detail=link h1-s1 -> down code=200
[2026-09-15 08:30:44.475] [AGENT] [INFO] [cid=4d39f491-4555-46af-8304-3adb521e6119] RESPONSE_SEND subject=disableLink target=org.dt4n.core:controller code=200 correlationSource=payload:clientCorrelationId ok=true
[2026-09-15 08:30:44.476] [CTRL] [INFO] [cid=-] REROUTE subject=- target=link-h1-s1 detail=down edge=s1-h1
[2026-09-15 08:30:44.500] [UI] [cid=4d39f491-4555-46af-8304-3adb521e6119] DITTO_RESPONSE http=202 timedOut=false rejected=false durationMs=34 error= message=
[2026-09-15 08:30:44.500] [UI] [cid=4d39f491-4555-46af-8304-3adb521e6119] UI_ACK ok=true timedOut=false rejected=false http=202
[2026-09-15 08:30:44.505] [AGENT] [INFO] [cid=4d39f491-4555-46af-8304-3adb521e6119] RESPONSE_OK subject=disableLink target=org.dt4n.core:controller http_status=202
[2026-09-15 08:30:45.371] [SYNC] [INFO] [cid=-] STATE_DETECTED subject=- target=org.dt4n.core:host-h1 detail=down cycle=173
[2026-09-15 08:30:45.379] [SYNC] [INFO] [cid=-] STATE_PUSHED subject=- target=org.dt4n.core:host-h1 detail=down cycle=173
[2026-09-15 08:30:45.392] [SYNC] [INFO] [cid=-] STATE_DETECTED subject=- target=org.dt4n.core:link-h1-s1 detail=down cycle=173
[2026-09-15 08:30:45.400] [SYNC] [INFO] [cid=-] STATE_PUSHED subject=- target=org.dt4n.core:link-h1-s1 detail=down cycle=173
[2026-09-15 08:30:45.463] [UI] [cid=4d39f491-4555-46af-8304-3adb521e6119] STATE_OK target=org.dt4n.core:link-h1-s1 expect=down state=down

================================================================================
[2026-09-15 08:30:46.466] [UI] [cid=afde91c1-6a1d-491f-9cff-b81c984bbce4] CLICK subject=enableLink target=org.dt4n.core:link-h1-s1 stateBefore=down params={}
[2026-09-15 08:30:46.467] [UI] [cid=afde91c1-6a1d-491f-9cff-b81c984bbce4] WAIT_STATE target=org.dt4n.core:link-h1-s1 expect=up current=down timeoutMs=20000
[2026-09-15 08:30:46.467] [UI] [cid=afde91c1-6a1d-491f-9cff-b81c984bbce4] SEND  POST /ditto/api/2/things/org.dt4n.core:controller/inbox/messages/enableLink?timeout=0 timeout=0s
[2026-09-15 08:30:46.474] [AGENT] [INFO] [cid=afde91c1-6a1d-491f-9cff-b81c984bbce4] SSE_EVENT subject=enableLink target=org.dt4n.core:link-h1-s1 bytes=98 correlationSource=payload:clientCorrelationId eventName=enableLink sseFields=["event"]
[2026-09-15 08:30:46.474] [AGENT] [INFO] [cid=afde91c1-6a1d-491f-9cff-b81c984bbce4] RECEIVE subject=enableLink target=org.dt4n.core:link-h1-s1 params={}
[2026-09-15 08:30:46.474] [AGENT] [INFO] [cid=afde91c1-6a1d-491f-9cff-b81c984bbce4] EXECUTE_START subject=enableLink target=org.dt4n.core:link-h1-s1
[2026-09-15 08:30:46.474] [AGENT] [INFO] [cid=afde91c1-6a1d-491f-9cff-b81c984bbce4] LOCK_WAIT subject=enableLink target=org.dt4n.core:link-h1-s1 waitMs=0
[2026-09-15 08:30:46.478] [AGENT] [INFO] [cid=afde91c1-6a1d-491f-9cff-b81c984bbce4] EXECUTE_DONE subject=enableLink target=org.dt4n.core:link-h1-s1 detail=link h1-s1 -> up code=200
[2026-09-15 08:30:46.478] [AGENT] [INFO] [cid=afde91c1-6a1d-491f-9cff-b81c984bbce4] RESPONSE_SEND subject=enableLink target=org.dt4n.core:controller code=200 correlationSource=payload:clientCorrelationId ok=true
[2026-09-15 08:30:46.482] [CTRL] [INFO] [cid=-] REROUTE subject=- target=link-h1-s1 detail=up edge=s1-h1
[2026-09-15 08:30:46.482] [CTRL] [INFO] [cid=-] FLOW_INSTALL subject=- target=s1 detail=1 ipv4 flows changed
[2026-09-15 08:30:46.483] [CTRL] [INFO] [cid=-] FLOW_INSTALL subject=- target=s2 detail=1 ipv4 flows changed
[2026-09-15 08:30:46.483] [CTRL] [INFO] [cid=-] FLOW_INSTALL subject=- target=s3 detail=1 ipv4 flows changed
[2026-09-15 08:30:46.497] [UI] [cid=afde91c1-6a1d-491f-9cff-b81c984bbce4] UI_ACK ok=true timedOut=false rejected=false http=202
[2026-09-15 08:30:46.497] [UI] [cid=afde91c1-6a1d-491f-9cff-b81c984bbce4] DITTO_RESPONSE http=202 timedOut=false rejected=false durationMs=31 error= message=
[2026-09-15 08:30:46.504] [AGENT] [INFO] [cid=afde91c1-6a1d-491f-9cff-b81c984bbce4] RESPONSE_OK subject=enableLink target=org.dt4n.core:controller http_status=202
[2026-09-15 08:30:47.374] [SYNC] [INFO] [cid=-] STATE_DETECTED subject=- target=org.dt4n.core:host-h1 detail=up cycle=175
[2026-09-15 08:30:47.382] [SYNC] [INFO] [cid=-] STATE_PUSHED subject=- target=org.dt4n.core:host-h1 detail=up cycle=175
[2026-09-15 08:30:47.398] [SYNC] [INFO] [cid=-] STATE_DETECTED subject=- target=org.dt4n.core:link-h1-s1 detail=up cycle=175
[2026-09-15 08:30:47.404] [SYNC] [INFO] [cid=-] STATE_PUSHED subject=- target=org.dt4n.core:link-h1-s1 detail=up cycle=175
[2026-09-15 08:30:47.466] [UI] [cid=afde91c1-6a1d-491f-9cff-b81c984bbce4] STATE_OK target=org.dt4n.core:link-h1-s1 expect=up state=up

================================================================================
[2026-09-15 08:30:48.468] [UI] [cid=e8f7123c-4740-4ef2-844b-9611f69cedd2] CLICK subject=disableLink target=org.dt4n.core:link-h1-s1 stateBefore=up params={}
[2026-09-15 08:30:48.468] [UI] [cid=e8f7123c-4740-4ef2-844b-9611f69cedd2] WAIT_STATE target=org.dt4n.core:link-h1-s1 expect=down current=up timeoutMs=20000
[2026-09-15 08:30:48.468] [UI] [cid=e8f7123c-4740-4ef2-844b-9611f69cedd2] SEND  POST /ditto/api/2/things/org.dt4n.core:controller/inbox/messages/disableLink?timeout=0 timeout=0s
[2026-09-15 08:30:48.476] [AGENT] [INFO] [cid=e8f7123c-4740-4ef2-844b-9611f69cedd2] SSE_EVENT subject=disableLink target=org.dt4n.core:link-h1-s1 bytes=98 correlationSource=payload:clientCorrelationId eventName=disableLink sseFields=["event"]
[2026-09-15 08:30:48.476] [AGENT] [INFO] [cid=e8f7123c-4740-4ef2-844b-9611f69cedd2] RECEIVE subject=disableLink target=org.dt4n.core:link-h1-s1 params={}
[2026-09-15 08:30:48.476] [AGENT] [INFO] [cid=e8f7123c-4740-4ef2-844b-9611f69cedd2] EXECUTE_START subject=disableLink target=org.dt4n.core:link-h1-s1
[2026-09-15 08:30:48.476] [AGENT] [INFO] [cid=e8f7123c-4740-4ef2-844b-9611f69cedd2] LOCK_WAIT subject=disableLink target=org.dt4n.core:link-h1-s1 waitMs=0
[2026-09-15 08:30:48.486] [AGENT] [INFO] [cid=e8f7123c-4740-4ef2-844b-9611f69cedd2] EXECUTE_DONE subject=disableLink target=org.dt4n.core:link-h1-s1 detail=link h1-s1 -> down code=200
[2026-09-15 08:30:48.486] [AGENT] [INFO] [cid=e8f7123c-4740-4ef2-844b-9611f69cedd2] RESPONSE_SEND subject=disableLink target=org.dt4n.core:controller code=200 correlationSource=payload:clientCorrelationId ok=true
[2026-09-15 08:30:48.488] [CTRL] [INFO] [cid=-] REROUTE subject=- target=link-h1-s1 detail=down edge=s1-h1
[2026-09-15 08:30:48.498] [UI] [cid=e8f7123c-4740-4ef2-844b-9611f69cedd2] DITTO_RESPONSE http=202 timedOut=false rejected=false durationMs=31 error= message=
[2026-09-15 08:30:48.498] [UI] [cid=e8f7123c-4740-4ef2-844b-9611f69cedd2] UI_ACK ok=true timedOut=false rejected=false http=202
[2026-09-15 08:30:48.513] [AGENT] [INFO] [cid=e8f7123c-4740-4ef2-844b-9611f69cedd2] RESPONSE_OK subject=disableLink target=org.dt4n.core:controller http_status=202
[2026-09-15 08:30:49.372] [SYNC] [INFO] [cid=-] STATE_DETECTED subject=- target=org.dt4n.core:host-h1 detail=down cycle=177
[2026-09-15 08:30:49.380] [SYNC] [INFO] [cid=-] STATE_PUSHED subject=- target=org.dt4n.core:host-h1 detail=down cycle=177
[2026-09-15 08:30:49.394] [SYNC] [INFO] [cid=-] STATE_DETECTED subject=- target=org.dt4n.core:link-h1-s1 detail=down cycle=177
[2026-09-15 08:30:49.401] [SYNC] [INFO] [cid=-] STATE_PUSHED subject=- target=org.dt4n.core:link-h1-s1 detail=down cycle=177
[2026-09-15 08:30:49.467] [UI] [cid=e8f7123c-4740-4ef2-844b-9611f69cedd2] STATE_OK target=org.dt4n.core:link-h1-s1 expect=down state=down

================================================================================
[2026-09-15 08:30:50.462] [UI] [cid=bd8f7755-bf9c-431d-82ed-e4fc8574505a] CLICK subject=enableLink target=org.dt4n.core:link-h1-s1 stateBefore=down params={}
[2026-09-15 08:30:50.462] [UI] [cid=bd8f7755-bf9c-431d-82ed-e4fc8574505a] WAIT_STATE target=org.dt4n.core:link-h1-s1 expect=up current=down timeoutMs=20000
[2026-09-15 08:30:50.462] [UI] [cid=bd8f7755-bf9c-431d-82ed-e4fc8574505a] SEND  POST /ditto/api/2/things/org.dt4n.core:controller/inbox/messages/enableLink?timeout=0 timeout=0s
[2026-09-15 08:30:50.477] [AGENT] [INFO] [cid=bd8f7755-bf9c-431d-82ed-e4fc8574505a] SSE_EVENT subject=enableLink target=org.dt4n.core:link-h1-s1 bytes=98 correlationSource=payload:clientCorrelationId eventName=enableLink sseFields=["event"]
[2026-09-15 08:30:50.477] [AGENT] [INFO] [cid=bd8f7755-bf9c-431d-82ed-e4fc8574505a] RECEIVE subject=enableLink target=org.dt4n.core:link-h1-s1 params={}
[2026-09-15 08:30:50.477] [AGENT] [INFO] [cid=bd8f7755-bf9c-431d-82ed-e4fc8574505a] EXECUTE_START subject=enableLink target=org.dt4n.core:link-h1-s1
[2026-09-15 08:30:50.477] [AGENT] [INFO] [cid=bd8f7755-bf9c-431d-82ed-e4fc8574505a] LOCK_WAIT subject=enableLink target=org.dt4n.core:link-h1-s1 waitMs=0
[2026-09-15 08:30:50.484] [AGENT] [INFO] [cid=bd8f7755-bf9c-431d-82ed-e4fc8574505a] EXECUTE_DONE subject=enableLink target=org.dt4n.core:link-h1-s1 detail=link h1-s1 -> up code=200
[2026-09-15 08:30:50.484] [AGENT] [INFO] [cid=bd8f7755-bf9c-431d-82ed-e4fc8574505a] RESPONSE_SEND subject=enableLink target=org.dt4n.core:controller code=200 correlationSource=payload:clientCorrelationId ok=true
[2026-09-15 08:30:50.487] [CTRL] [INFO] [cid=-] REROUTE subject=- target=link-h1-s1 detail=up edge=s1-h1
[2026-09-15 08:30:50.490] [CTRL] [INFO] [cid=-] FLOW_INSTALL subject=- target=s1 detail=1 ipv4 flows changed
[2026-09-15 08:30:50.490] [CTRL] [INFO] [cid=-] FLOW_INSTALL subject=- target=s2 detail=1 ipv4 flows changed
[2026-09-15 08:30:50.491] [CTRL] [INFO] [cid=-] FLOW_INSTALL subject=- target=s3 detail=1 ipv4 flows changed
[2026-09-15 08:30:50.497] [UI] [cid=bd8f7755-bf9c-431d-82ed-e4fc8574505a] DITTO_RESPONSE http=202 timedOut=false rejected=false durationMs=37 error= message=
[2026-09-15 08:30:50.497] [UI] [cid=bd8f7755-bf9c-431d-82ed-e4fc8574505a] UI_ACK ok=true timedOut=false rejected=false http=202
[2026-09-15 08:30:50.514] [AGENT] [INFO] [cid=bd8f7755-bf9c-431d-82ed-e4fc8574505a] RESPONSE_OK subject=enableLink target=org.dt4n.core:controller http_status=202
[2026-09-15 08:30:51.375] [SYNC] [INFO] [cid=-] STATE_DETECTED subject=- target=org.dt4n.core:host-h1 detail=up cycle=179
[2026-09-15 08:30:51.390] [SYNC] [INFO] [cid=-] STATE_PUSHED subject=- target=org.dt4n.core:host-h1 detail=up cycle=179
[2026-09-15 08:30:51.408] [SYNC] [INFO] [cid=-] STATE_DETECTED subject=- target=org.dt4n.core:link-h1-s1 detail=up cycle=179
[2026-09-15 08:30:51.416] [SYNC] [INFO] [cid=-] STATE_PUSHED subject=- target=org.dt4n.core:link-h1-s1 detail=up cycle=179
[2026-09-15 08:30:51.461] [UI] [cid=bd8f7755-bf9c-431d-82ed-e4fc8574505a] STATE_OK target=org.dt4n.core:link-h1-s1 expect=up state=up
[2026-09-15 08:30:52.373] [SYNC] [INFO] [cid=-] STATE_DETECTED subject=- target=org.dt4n.core:host-h1 detail=up cycle=180
[2026-09-15 08:30:52.381] [SYNC] [INFO] [cid=-] STATE_PUSHED subject=- target=org.dt4n.core:host-h1 detail=up cycle=180
[2026-09-15 08:30:52.381] [SYNC] [INFO] [cid=-] STATE_DETECTED subject=- target=org.dt4n.core:host-h2 detail=up cycle=180
[2026-09-15 08:30:52.388] [SYNC] [INFO] [cid=-] STATE_PUSHED subject=- target=org.dt4n.core:host-h2 detail=up cycle=180
[2026-09-15 08:30:52.389] [SYNC] [INFO] [cid=-] STATE_DETECTED subject=- target=org.dt4n.core:host-h3 detail=up cycle=180
[2026-09-15 08:30:52.395] [SYNC] [INFO] [cid=-] STATE_PUSHED subject=- target=org.dt4n.core:host-h3 detail=up cycle=180
[2026-09-15 08:30:52.396] [SYNC] [INFO] [cid=-] STATE_DETECTED subject=- target=org.dt4n.core:host-srv1 detail=up cycle=180
[2026-09-15 08:30:52.402] [SYNC] [INFO] [cid=-] STATE_PUSHED subject=- target=org.dt4n.core:host-srv1 detail=up cycle=180
[2026-09-15 08:30:52.402] [SYNC] [INFO] [cid=-] STATE_DETECTED subject=- target=org.dt4n.core:host-srv2 detail=up cycle=180
[2026-09-15 08:30:52.410] [SYNC] [INFO] [cid=-] STATE_PUSHED subject=- target=org.dt4n.core:host-srv2 detail=up cycle=180
[2026-09-15 08:30:52.410] [SYNC] [INFO] [cid=-] STATE_DETECTED subject=- target=org.dt4n.core:switch-s1 detail=up cycle=180
[2026-09-15 08:30:52.416] [SYNC] [INFO] [cid=-] STATE_PUSHED subject=- target=org.dt4n.core:switch-s1 detail=up cycle=180
[2026-09-15 08:30:52.417] [SYNC] [INFO] [cid=-] STATE_DETECTED subject=- target=org.dt4n.core:switch-s2 detail=up cycle=180
[2026-09-15 08:30:52.423] [SYNC] [INFO] [cid=-] STATE_PUSHED subject=- target=org.dt4n.core:switch-s2 detail=up cycle=180
[2026-09-15 08:30:52.424] [SYNC] [INFO] [cid=-] STATE_DETECTED subject=- target=org.dt4n.core:switch-s3 detail=up cycle=180
[2026-09-15 08:30:52.431] [SYNC] [INFO] [cid=-] STATE_PUSHED subject=- target=org.dt4n.core:switch-s3 detail=up cycle=180
[2026-09-15 08:30:52.432] [SYNC] [INFO] [cid=-] STATE_DETECTED subject=- target=org.dt4n.core:link-h1-s1 detail=up cycle=180
[2026-09-15 08:30:52.440] [SYNC] [INFO] [cid=-] STATE_PUSHED subject=- target=org.dt4n.core:link-h1-s1 detail=up cycle=180
[2026-09-15 08:30:52.440] [SYNC] [INFO] [cid=-] STATE_DETECTED subject=- target=org.dt4n.core:link-h2-s1 detail=up cycle=180
[2026-09-15 08:30:52.448] [SYNC] [INFO] [cid=-] STATE_PUSHED subject=- target=org.dt4n.core:link-h2-s1 detail=up cycle=180
[2026-09-15 08:30:52.448] [SYNC] [INFO] [cid=-] STATE_DETECTED subject=- target=org.dt4n.core:link-h3-s1 detail=up cycle=180
[2026-09-15 08:30:52.458] [SYNC] [INFO] [cid=-] STATE_PUSHED subject=- target=org.dt4n.core:link-h3-s1 detail=up cycle=180
[2026-09-15 08:30:52.458] [SYNC] [INFO] [cid=-] STATE_DETECTED subject=- target=org.dt4n.core:link-s1-s2 detail=up cycle=180
[2026-09-15 08:30:52.469] [SYNC] [INFO] [cid=-] STATE_PUSHED subject=- target=org.dt4n.core:link-s1-s2 detail=up cycle=180
[2026-09-15 08:30:52.470] [SYNC] [INFO] [cid=-] STATE_DETECTED subject=- target=org.dt4n.core:link-s1-s3 detail=up cycle=180
[2026-09-15 08:30:52.478] [SYNC] [INFO] [cid=-] STATE_PUSHED subject=- target=org.dt4n.core:link-s1-s3 detail=up cycle=180
[2026-09-15 08:30:52.478] [SYNC] [INFO] [cid=-] STATE_DETECTED subject=- target=org.dt4n.core:link-s2-s3 detail=up cycle=180
[2026-09-15 08:30:52.485] [SYNC] [INFO] [cid=-] STATE_PUSHED subject=- target=org.dt4n.core:link-s2-s3 detail=up cycle=180
[2026-09-15 08:30:52.485] [SYNC] [INFO] [cid=-] STATE_DETECTED subject=- target=org.dt4n.core:link-s2-srv1 detail=up cycle=180
[2026-09-15 08:30:52.493] [SYNC] [INFO] [cid=-] STATE_PUSHED subject=- target=org.dt4n.core:link-s2-srv1 detail=up cycle=180
[2026-09-15 08:30:52.493] [SYNC] [INFO] [cid=-] STATE_DETECTED subject=- target=org.dt4n.core:link-s3-srv2 detail=up cycle=180
[2026-09-15 08:30:52.500] [SYNC] [INFO] [cid=-] STATE_PUSHED subject=- target=org.dt4n.core:link-s3-srv2 detail=up cycle=180

================================================================================
[2026-09-15 08:30:52.535] [UI] [cid=74f84d38-c758-4321-ae5f-1ae6a020b291] CLICK subject=disableLink target=org.dt4n.core:link-h1-s1 stateBefore=up params={}
[2026-09-15 08:30:52.535] [UI] [cid=74f84d38-c758-4321-ae5f-1ae6a020b291] WAIT_STATE target=org.dt4n.core:link-h1-s1 expect=down current=up timeoutMs=20000
[2026-09-15 08:30:52.535] [UI] [cid=74f84d38-c758-4321-ae5f-1ae6a020b291] SEND  POST /ditto/api/2/things/org.dt4n.core:controller/inbox/messages/disableLink?timeout=0 timeout=0s
[2026-09-15 08:30:52.543] [AGENT] [INFO] [cid=74f84d38-c758-4321-ae5f-1ae6a020b291] SSE_EVENT subject=disableLink target=org.dt4n.core:link-h1-s1 bytes=98 correlationSource=payload:clientCorrelationId eventName=disableLink sseFields=["event"]
[2026-09-15 08:30:52.544] [AGENT] [INFO] [cid=74f84d38-c758-4321-ae5f-1ae6a020b291] RECEIVE subject=disableLink target=org.dt4n.core:link-h1-s1 params={}
[2026-09-15 08:30:52.544] [AGENT] [INFO] [cid=74f84d38-c758-4321-ae5f-1ae6a020b291] EXECUTE_START subject=disableLink target=org.dt4n.core:link-h1-s1
[2026-09-15 08:30:52.544] [AGENT] [INFO] [cid=74f84d38-c758-4321-ae5f-1ae6a020b291] LOCK_WAIT subject=disableLink target=org.dt4n.core:link-h1-s1 waitMs=0
[2026-09-15 08:30:52.547] [AGENT] [INFO] [cid=74f84d38-c758-4321-ae5f-1ae6a020b291] EXECUTE_DONE subject=disableLink target=org.dt4n.core:link-h1-s1 detail=link h1-s1 -> down code=200
[2026-09-15 08:30:52.547] [AGENT] [INFO] [cid=74f84d38-c758-4321-ae5f-1ae6a020b291] RESPONSE_SEND subject=disableLink target=org.dt4n.core:controller code=200 correlationSource=payload:clientCorrelationId ok=true
[2026-09-15 08:30:52.549] [CTRL] [INFO] [cid=-] REROUTE subject=- target=link-h1-s1 detail=down edge=s1-h1
[2026-09-15 08:30:52.568] [UI] [cid=74f84d38-c758-4321-ae5f-1ae6a020b291] DITTO_RESPONSE http=202 timedOut=false rejected=false durationMs=34 error= message=
[2026-09-15 08:30:52.569] [UI] [cid=74f84d38-c758-4321-ae5f-1ae6a020b291] UI_ACK ok=true timedOut=false rejected=false http=202
[2026-09-15 08:30:52.574] [AGENT] [INFO] [cid=74f84d38-c758-4321-ae5f-1ae6a020b291] RESPONSE_OK subject=disableLink target=org.dt4n.core:controller http_status=202
[2026-09-15 08:30:53.374] [SYNC] [INFO] [cid=-] STATE_DETECTED subject=- target=org.dt4n.core:host-h1 detail=down cycle=181
[2026-09-15 08:30:53.382] [SYNC] [INFO] [cid=-] STATE_PUSHED subject=- target=org.dt4n.core:host-h1 detail=down cycle=181
[2026-09-15 08:30:53.397] [SYNC] [INFO] [cid=-] STATE_DETECTED subject=- target=org.dt4n.core:link-h1-s1 detail=down cycle=181
[2026-09-15 08:30:53.404] [SYNC] [INFO] [cid=-] STATE_PUSHED subject=- target=org.dt4n.core:link-h1-s1 detail=down cycle=181
[2026-09-15 08:30:53.534] [UI] [cid=74f84d38-c758-4321-ae5f-1ae6a020b291] STATE_OK target=org.dt4n.core:link-h1-s1 expect=down state=down

================================================================================
[2026-09-15 08:30:54.480] [UI] [cid=2ef8992b-9e33-4c72-826b-7b5b1d6dec1e] CLICK subject=enableLink target=org.dt4n.core:link-h1-s1 stateBefore=down params={}
[2026-09-15 08:30:54.480] [UI] [cid=2ef8992b-9e33-4c72-826b-7b5b1d6dec1e] WAIT_STATE target=org.dt4n.core:link-h1-s1 expect=up current=down timeoutMs=20000
[2026-09-15 08:30:54.480] [UI] [cid=2ef8992b-9e33-4c72-826b-7b5b1d6dec1e] SEND  POST /ditto/api/2/things/org.dt4n.core:controller/inbox/messages/enableLink?timeout=0 timeout=0s
[2026-09-15 08:30:54.488] [AGENT] [INFO] [cid=2ef8992b-9e33-4c72-826b-7b5b1d6dec1e] SSE_EVENT subject=enableLink target=org.dt4n.core:link-h1-s1 bytes=98 correlationSource=payload:clientCorrelationId eventName=enableLink sseFields=["event"]
[2026-09-15 08:30:54.488] [AGENT] [INFO] [cid=2ef8992b-9e33-4c72-826b-7b5b1d6dec1e] RECEIVE subject=enableLink target=org.dt4n.core:link-h1-s1 params={}
[2026-09-15 08:30:54.488] [AGENT] [INFO] [cid=2ef8992b-9e33-4c72-826b-7b5b1d6dec1e] EXECUTE_START subject=enableLink target=org.dt4n.core:link-h1-s1
[2026-09-15 08:30:54.488] [AGENT] [INFO] [cid=2ef8992b-9e33-4c72-826b-7b5b1d6dec1e] LOCK_WAIT subject=enableLink target=org.dt4n.core:link-h1-s1 waitMs=0
[2026-09-15 08:30:54.491] [AGENT] [INFO] [cid=2ef8992b-9e33-4c72-826b-7b5b1d6dec1e] EXECUTE_DONE subject=enableLink target=org.dt4n.core:link-h1-s1 detail=link h1-s1 -> up code=200
[2026-09-15 08:30:54.491] [AGENT] [INFO] [cid=2ef8992b-9e33-4c72-826b-7b5b1d6dec1e] RESPONSE_SEND subject=enableLink target=org.dt4n.core:controller code=200 correlationSource=payload:clientCorrelationId ok=true
[2026-09-15 08:30:54.495] [CTRL] [INFO] [cid=-] REROUTE subject=- target=link-h1-s1 detail=up edge=s1-h1
[2026-09-15 08:30:54.495] [CTRL] [INFO] [cid=-] FLOW_INSTALL subject=- target=s1 detail=1 ipv4 flows changed
[2026-09-15 08:30:54.496] [CTRL] [INFO] [cid=-] FLOW_INSTALL subject=- target=s2 detail=1 ipv4 flows changed
[2026-09-15 08:30:54.496] [CTRL] [INFO] [cid=-] FLOW_INSTALL subject=- target=s3 detail=1 ipv4 flows changed
[2026-09-15 08:30:54.517] [UI] [cid=2ef8992b-9e33-4c72-826b-7b5b1d6dec1e] DITTO_RESPONSE http=202 timedOut=false rejected=false durationMs=38 error= message=
[2026-09-15 08:30:54.517] [UI] [cid=2ef8992b-9e33-4c72-826b-7b5b1d6dec1e] UI_ACK ok=true timedOut=false rejected=false http=202
[2026-09-15 08:30:54.524] [AGENT] [INFO] [cid=2ef8992b-9e33-4c72-826b-7b5b1d6dec1e] RESPONSE_OK subject=enableLink target=org.dt4n.core:controller http_status=202
[2026-09-15 08:30:55.374] [SYNC] [INFO] [cid=-] STATE_DETECTED subject=- target=org.dt4n.core:host-h1 detail=up cycle=183
[2026-09-15 08:30:55.382] [SYNC] [INFO] [cid=-] STATE_PUSHED subject=- target=org.dt4n.core:host-h1 detail=up cycle=183
[2026-09-15 08:30:55.396] [SYNC] [INFO] [cid=-] STATE_DETECTED subject=- target=org.dt4n.core:link-h1-s1 detail=up cycle=183
[2026-09-15 08:30:55.402] [SYNC] [INFO] [cid=-] STATE_PUSHED subject=- target=org.dt4n.core:link-h1-s1 detail=up cycle=183
[2026-09-15 08:30:55.479] [UI] [cid=2ef8992b-9e33-4c72-826b-7b5b1d6dec1e] STATE_OK target=org.dt4n.core:link-h1-s1 expect=up state=up

================================================================================
[2026-09-15 08:30:56.480] [UI] [cid=90c1f344-220a-41c9-b649-ff558327fde5] CLICK subject=disableLink target=org.dt4n.core:link-h1-s1 stateBefore=up params={}
[2026-09-15 08:30:56.481] [UI] [cid=90c1f344-220a-41c9-b649-ff558327fde5] SEND  POST /ditto/api/2/things/org.dt4n.core:controller/inbox/messages/disableLink?timeout=0 timeout=0s
[2026-09-15 08:30:56.481] [UI] [cid=90c1f344-220a-41c9-b649-ff558327fde5] WAIT_STATE target=org.dt4n.core:link-h1-s1 expect=down current=up timeoutMs=20000
[2026-09-15 08:30:56.488] [AGENT] [INFO] [cid=90c1f344-220a-41c9-b649-ff558327fde5] SSE_EVENT subject=disableLink target=org.dt4n.core:link-h1-s1 bytes=98 correlationSource=payload:clientCorrelationId eventName=disableLink sseFields=["event"]
[2026-09-15 08:30:56.488] [AGENT] [INFO] [cid=90c1f344-220a-41c9-b649-ff558327fde5] RECEIVE subject=disableLink target=org.dt4n.core:link-h1-s1 params={}
[2026-09-15 08:30:56.488] [AGENT] [INFO] [cid=90c1f344-220a-41c9-b649-ff558327fde5] EXECUTE_START subject=disableLink target=org.dt4n.core:link-h1-s1
[2026-09-15 08:30:56.488] [AGENT] [INFO] [cid=90c1f344-220a-41c9-b649-ff558327fde5] LOCK_WAIT subject=disableLink target=org.dt4n.core:link-h1-s1 waitMs=0
[2026-09-15 08:30:56.492] [CTRL] [INFO] [cid=-] REROUTE subject=- target=link-h1-s1 detail=down edge=s1-h1
[2026-09-15 08:30:56.493] [AGENT] [INFO] [cid=90c1f344-220a-41c9-b649-ff558327fde5] EXECUTE_DONE subject=disableLink target=org.dt4n.core:link-h1-s1 detail=link h1-s1 -> down code=200
[2026-09-15 08:30:56.493] [AGENT] [INFO] [cid=90c1f344-220a-41c9-b649-ff558327fde5] RESPONSE_SEND subject=disableLink target=org.dt4n.core:controller code=200 correlationSource=payload:clientCorrelationId ok=true
[2026-09-15 08:30:56.518] [UI] [cid=90c1f344-220a-41c9-b649-ff558327fde5] DITTO_RESPONSE http=202 timedOut=false rejected=false durationMs=37 error= message=
[2026-09-15 08:30:56.518] [UI] [cid=90c1f344-220a-41c9-b649-ff558327fde5] UI_ACK ok=true timedOut=false rejected=false http=202
[2026-09-15 08:30:56.524] [AGENT] [INFO] [cid=90c1f344-220a-41c9-b649-ff558327fde5] RESPONSE_OK subject=disableLink target=org.dt4n.core:controller http_status=202
[2026-09-15 08:30:57.374] [SYNC] [INFO] [cid=-] STATE_DETECTED subject=- target=org.dt4n.core:host-h1 detail=down cycle=185
[2026-09-15 08:30:57.382] [SYNC] [INFO] [cid=-] STATE_PUSHED subject=- target=org.dt4n.core:host-h1 detail=down cycle=185
[2026-09-15 08:30:57.396] [SYNC] [INFO] [cid=-] STATE_DETECTED subject=- target=org.dt4n.core:link-h1-s1 detail=down cycle=185
[2026-09-15 08:30:57.403] [SYNC] [INFO] [cid=-] STATE_PUSHED subject=- target=org.dt4n.core:link-h1-s1 detail=down cycle=185
[2026-09-15 08:30:57.480] [UI] [cid=90c1f344-220a-41c9-b649-ff558327fde5] STATE_OK target=org.dt4n.core:link-h1-s1 expect=down state=down

================================================================================
[2026-09-15 08:30:58.466] [UI] [cid=7a8ba6ed-49a5-472f-b45f-12dd8ac7cc01] CLICK subject=enableLink target=org.dt4n.core:link-h1-s1 stateBefore=down params={}
[2026-09-15 08:30:58.466] [UI] [cid=7a8ba6ed-49a5-472f-b45f-12dd8ac7cc01] WAIT_STATE target=org.dt4n.core:link-h1-s1 expect=up current=down timeoutMs=20000
[2026-09-15 08:30:58.466] [UI] [cid=7a8ba6ed-49a5-472f-b45f-12dd8ac7cc01] SEND  POST /ditto/api/2/things/org.dt4n.core:controller/inbox/messages/enableLink?timeout=0 timeout=0s
[2026-09-15 08:30:58.474] [AGENT] [INFO] [cid=7a8ba6ed-49a5-472f-b45f-12dd8ac7cc01] SSE_EVENT subject=enableLink target=org.dt4n.core:link-h1-s1 bytes=98 correlationSource=payload:clientCorrelationId eventName=enableLink sseFields=["event"]
[2026-09-15 08:30:58.474] [AGENT] [INFO] [cid=7a8ba6ed-49a5-472f-b45f-12dd8ac7cc01] RECEIVE subject=enableLink target=org.dt4n.core:link-h1-s1 params={}
[2026-09-15 08:30:58.475] [AGENT] [INFO] [cid=7a8ba6ed-49a5-472f-b45f-12dd8ac7cc01] EXECUTE_START subject=enableLink target=org.dt4n.core:link-h1-s1
[2026-09-15 08:30:58.475] [AGENT] [INFO] [cid=7a8ba6ed-49a5-472f-b45f-12dd8ac7cc01] LOCK_WAIT subject=enableLink target=org.dt4n.core:link-h1-s1 waitMs=0
[2026-09-15 08:30:58.479] [AGENT] [INFO] [cid=7a8ba6ed-49a5-472f-b45f-12dd8ac7cc01] EXECUTE_DONE subject=enableLink target=org.dt4n.core:link-h1-s1 detail=link h1-s1 -> up code=200
[2026-09-15 08:30:58.479] [AGENT] [INFO] [cid=7a8ba6ed-49a5-472f-b45f-12dd8ac7cc01] RESPONSE_SEND subject=enableLink target=org.dt4n.core:controller code=200 correlationSource=payload:clientCorrelationId ok=true
[2026-09-15 08:30:58.484] [CTRL] [INFO] [cid=-] REROUTE subject=- target=link-h1-s1 detail=up edge=s1-h1
[2026-09-15 08:30:58.485] [CTRL] [INFO] [cid=-] FLOW_INSTALL subject=- target=s1 detail=1 ipv4 flows changed
[2026-09-15 08:30:58.486] [CTRL] [INFO] [cid=-] FLOW_INSTALL subject=- target=s2 detail=1 ipv4 flows changed
[2026-09-15 08:30:58.486] [CTRL] [INFO] [cid=-] FLOW_INSTALL subject=- target=s3 detail=1 ipv4 flows changed
[2026-09-15 08:30:58.497] [UI] [cid=7a8ba6ed-49a5-472f-b45f-12dd8ac7cc01] DITTO_RESPONSE http=202 timedOut=false rejected=false durationMs=33 error= message=
[2026-09-15 08:30:58.497] [UI] [cid=7a8ba6ed-49a5-472f-b45f-12dd8ac7cc01] UI_ACK ok=true timedOut=false rejected=false http=202
[2026-09-15 08:30:58.504] [AGENT] [INFO] [cid=7a8ba6ed-49a5-472f-b45f-12dd8ac7cc01] RESPONSE_OK subject=enableLink target=org.dt4n.core:controller http_status=202
[2026-09-15 08:30:59.374] [SYNC] [INFO] [cid=-] STATE_DETECTED subject=- target=org.dt4n.core:host-h1 detail=up cycle=187
[2026-09-15 08:30:59.382] [SYNC] [INFO] [cid=-] STATE_PUSHED subject=- target=org.dt4n.core:host-h1 detail=up cycle=187
[2026-09-15 08:30:59.395] [SYNC] [INFO] [cid=-] STATE_DETECTED subject=- target=org.dt4n.core:link-h1-s1 detail=up cycle=187
[2026-09-15 08:30:59.402] [SYNC] [INFO] [cid=-] STATE_PUSHED subject=- target=org.dt4n.core:link-h1-s1 detail=up cycle=187
[2026-09-15 08:30:59.465] [UI] [cid=7a8ba6ed-49a5-472f-b45f-12dd8ac7cc01] STATE_OK target=org.dt4n.core:link-h1-s1 expect=up state=up

================================================================================
[2026-09-15 08:31:00.480] [UI] [cid=1dae9f9d-3b1a-4566-ad85-9aeccea19a9c] CLICK subject=disableLink target=org.dt4n.core:link-h1-s1 stateBefore=up params={}
[2026-09-15 08:31:00.480] [UI] [cid=1dae9f9d-3b1a-4566-ad85-9aeccea19a9c] WAIT_STATE target=org.dt4n.core:link-h1-s1 expect=down current=up timeoutMs=20000
[2026-09-15 08:31:00.480] [UI] [cid=1dae9f9d-3b1a-4566-ad85-9aeccea19a9c] SEND  POST /ditto/api/2/things/org.dt4n.core:controller/inbox/messages/disableLink?timeout=0 timeout=0s
[2026-09-15 08:31:00.487] [AGENT] [INFO] [cid=1dae9f9d-3b1a-4566-ad85-9aeccea19a9c] SSE_EVENT subject=disableLink target=org.dt4n.core:link-h1-s1 bytes=98 correlationSource=payload:clientCorrelationId eventName=disableLink sseFields=["event"]
[2026-09-15 08:31:00.487] [AGENT] [INFO] [cid=1dae9f9d-3b1a-4566-ad85-9aeccea19a9c] RECEIVE subject=disableLink target=org.dt4n.core:link-h1-s1 params={}
[2026-09-15 08:31:00.487] [AGENT] [INFO] [cid=1dae9f9d-3b1a-4566-ad85-9aeccea19a9c] EXECUTE_START subject=disableLink target=org.dt4n.core:link-h1-s1
[2026-09-15 08:31:00.488] [AGENT] [INFO] [cid=1dae9f9d-3b1a-4566-ad85-9aeccea19a9c] LOCK_WAIT subject=disableLink target=org.dt4n.core:link-h1-s1 waitMs=0
[2026-09-15 08:31:00.491] [AGENT] [INFO] [cid=1dae9f9d-3b1a-4566-ad85-9aeccea19a9c] EXECUTE_DONE subject=disableLink target=org.dt4n.core:link-h1-s1 detail=link h1-s1 -> down code=200
[2026-09-15 08:31:00.491] [AGENT] [INFO] [cid=1dae9f9d-3b1a-4566-ad85-9aeccea19a9c] RESPONSE_SEND subject=disableLink target=org.dt4n.core:controller code=200 correlationSource=payload:clientCorrelationId ok=true
[2026-09-15 08:31:00.494] [CTRL] [INFO] [cid=-] REROUTE subject=- target=link-h1-s1 detail=down edge=s1-h1
[2026-09-15 08:31:00.517] [UI] [cid=1dae9f9d-3b1a-4566-ad85-9aeccea19a9c] DITTO_RESPONSE http=202 timedOut=false rejected=false durationMs=38 error= message=
[2026-09-15 08:31:00.517] [UI] [cid=1dae9f9d-3b1a-4566-ad85-9aeccea19a9c] UI_ACK ok=true timedOut=false rejected=false http=202
[2026-09-15 08:31:00.524] [AGENT] [INFO] [cid=1dae9f9d-3b1a-4566-ad85-9aeccea19a9c] RESPONSE_OK subject=disableLink target=org.dt4n.core:controller http_status=202
[2026-09-15 08:31:01.374] [SYNC] [INFO] [cid=-] STATE_DETECTED subject=- target=org.dt4n.core:host-h1 detail=down cycle=189
[2026-09-15 08:31:01.383] [SYNC] [INFO] [cid=-] STATE_PUSHED subject=- target=org.dt4n.core:host-h1 detail=down cycle=189
[2026-09-15 08:31:01.396] [SYNC] [INFO] [cid=-] STATE_DETECTED subject=- target=org.dt4n.core:link-h1-s1 detail=down cycle=189
[2026-09-15 08:31:01.404] [SYNC] [INFO] [cid=-] STATE_PUSHED subject=- target=org.dt4n.core:link-h1-s1 detail=down cycle=189
[2026-09-15 08:31:01.479] [UI] [cid=1dae9f9d-3b1a-4566-ad85-9aeccea19a9c] STATE_OK target=org.dt4n.core:link-h1-s1 expect=down state=down

================================================================================
[2026-09-15 08:31:02.471] [UI] [cid=ed6aae79-f2ea-4eb8-ae9c-70d7ff6b2f7c] CLICK subject=enableLink target=org.dt4n.core:link-h1-s1 stateBefore=down params={}
[2026-09-15 08:31:02.473] [UI] [cid=ed6aae79-f2ea-4eb8-ae9c-70d7ff6b2f7c] WAIT_STATE target=org.dt4n.core:link-h1-s1 expect=up current=down timeoutMs=20000
[2026-09-15 08:31:02.473] [UI] [cid=ed6aae79-f2ea-4eb8-ae9c-70d7ff6b2f7c] SEND  POST /ditto/api/2/things/org.dt4n.core:controller/inbox/messages/enableLink?timeout=0 timeout=0s
[2026-09-15 08:31:02.479] [AGENT] [INFO] [cid=ed6aae79-f2ea-4eb8-ae9c-70d7ff6b2f7c] SSE_EVENT subject=enableLink target=org.dt4n.core:link-h1-s1 bytes=98 correlationSource=payload:clientCorrelationId eventName=enableLink sseFields=["event"]
[2026-09-15 08:31:02.480] [AGENT] [INFO] [cid=ed6aae79-f2ea-4eb8-ae9c-70d7ff6b2f7c] RECEIVE subject=enableLink target=org.dt4n.core:link-h1-s1 params={}
[2026-09-15 08:31:02.480] [AGENT] [INFO] [cid=ed6aae79-f2ea-4eb8-ae9c-70d7ff6b2f7c] EXECUTE_START subject=enableLink target=org.dt4n.core:link-h1-s1
[2026-09-15 08:31:02.480] [AGENT] [INFO] [cid=ed6aae79-f2ea-4eb8-ae9c-70d7ff6b2f7c] LOCK_WAIT subject=enableLink target=org.dt4n.core:link-h1-s1 waitMs=0
[2026-09-15 08:31:02.483] [AGENT] [INFO] [cid=ed6aae79-f2ea-4eb8-ae9c-70d7ff6b2f7c] EXECUTE_DONE subject=enableLink target=org.dt4n.core:link-h1-s1 detail=link h1-s1 -> up code=200
[2026-09-15 08:31:02.483] [AGENT] [INFO] [cid=ed6aae79-f2ea-4eb8-ae9c-70d7ff6b2f7c] RESPONSE_SEND subject=enableLink target=org.dt4n.core:controller code=200 correlationSource=payload:clientCorrelationId ok=true
[2026-09-15 08:31:02.487] [CTRL] [INFO] [cid=-] REROUTE subject=- target=link-h1-s1 detail=up edge=s1-h1
[2026-09-15 08:31:02.488] [CTRL] [INFO] [cid=-] FLOW_INSTALL subject=- target=s1 detail=1 ipv4 flows changed
[2026-09-15 08:31:02.488] [CTRL] [INFO] [cid=-] FLOW_INSTALL subject=- target=s2 detail=1 ipv4 flows changed
[2026-09-15 08:31:02.489] [CTRL] [INFO] [cid=-] FLOW_INSTALL subject=- target=s3 detail=1 ipv4 flows changed
[2026-09-15 08:31:02.507] [UI] [cid=ed6aae79-f2ea-4eb8-ae9c-70d7ff6b2f7c] DITTO_RESPONSE http=202 timedOut=false rejected=false durationMs=35 error= message=
[2026-09-15 08:31:02.507] [UI] [cid=ed6aae79-f2ea-4eb8-ae9c-70d7ff6b2f7c] UI_ACK ok=true timedOut=false rejected=false http=202
[2026-09-15 08:31:02.513] [AGENT] [INFO] [cid=ed6aae79-f2ea-4eb8-ae9c-70d7ff6b2f7c] RESPONSE_OK subject=enableLink target=org.dt4n.core:controller http_status=202
[2026-09-15 08:31:03.375] [SYNC] [INFO] [cid=-] STATE_DETECTED subject=- target=org.dt4n.core:host-h1 detail=up cycle=191
[2026-09-15 08:31:03.383] [SYNC] [INFO] [cid=-] STATE_PUSHED subject=- target=org.dt4n.core:host-h1 detail=up cycle=191
[2026-09-15 08:31:03.396] [SYNC] [INFO] [cid=-] STATE_DETECTED subject=- target=org.dt4n.core:link-h1-s1 detail=up cycle=191
[2026-09-15 08:31:03.403] [SYNC] [INFO] [cid=-] STATE_PUSHED subject=- target=org.dt4n.core:link-h1-s1 detail=up cycle=191
[2026-09-15 08:31:03.472] [UI] [cid=ed6aae79-f2ea-4eb8-ae9c-70d7ff6b2f7c] STATE_OK target=org.dt4n.core:link-h1-s1 expect=up state=up

================================================================================
[2026-09-15 08:31:04.460] [UI] [cid=0f377daa-4f83-406f-80cd-966bee796660] CLICK subject=disableLink target=org.dt4n.core:link-h1-s1 stateBefore=up params={}
[2026-09-15 08:31:04.461] [UI] [cid=0f377daa-4f83-406f-80cd-966bee796660] WAIT_STATE target=org.dt4n.core:link-h1-s1 expect=down current=up timeoutMs=20000
[2026-09-15 08:31:04.461] [UI] [cid=0f377daa-4f83-406f-80cd-966bee796660] SEND  POST /ditto/api/2/things/org.dt4n.core:controller/inbox/messages/disableLink?timeout=0 timeout=0s
[2026-09-15 08:31:04.467] [AGENT] [INFO] [cid=0f377daa-4f83-406f-80cd-966bee796660] SSE_EVENT subject=disableLink target=org.dt4n.core:link-h1-s1 bytes=98 correlationSource=payload:clientCorrelationId eventName=disableLink sseFields=["event"]
[2026-09-15 08:31:04.468] [AGENT] [INFO] [cid=0f377daa-4f83-406f-80cd-966bee796660] RECEIVE subject=disableLink target=org.dt4n.core:link-h1-s1 params={}
[2026-09-15 08:31:04.468] [AGENT] [INFO] [cid=0f377daa-4f83-406f-80cd-966bee796660] EXECUTE_START subject=disableLink target=org.dt4n.core:link-h1-s1
[2026-09-15 08:31:04.468] [AGENT] [INFO] [cid=0f377daa-4f83-406f-80cd-966bee796660] LOCK_WAIT subject=disableLink target=org.dt4n.core:link-h1-s1 waitMs=0
[2026-09-15 08:31:04.471] [AGENT] [INFO] [cid=0f377daa-4f83-406f-80cd-966bee796660] EXECUTE_DONE subject=disableLink target=org.dt4n.core:link-h1-s1 detail=link h1-s1 -> down code=200
[2026-09-15 08:31:04.471] [AGENT] [INFO] [cid=0f377daa-4f83-406f-80cd-966bee796660] RESPONSE_SEND subject=disableLink target=org.dt4n.core:controller code=200 correlationSource=payload:clientCorrelationId ok=true
[2026-09-15 08:31:04.473] [CTRL] [INFO] [cid=-] REROUTE subject=- target=link-h1-s1 detail=down edge=s1-h1
[2026-09-15 08:31:04.497] [UI] [cid=0f377daa-4f83-406f-80cd-966bee796660] DITTO_RESPONSE http=202 timedOut=false rejected=false durationMs=37 error= message=
[2026-09-15 08:31:04.497] [UI] [cid=0f377daa-4f83-406f-80cd-966bee796660] UI_ACK ok=true timedOut=false rejected=false http=202
[2026-09-15 08:31:04.504] [AGENT] [INFO] [cid=0f377daa-4f83-406f-80cd-966bee796660] RESPONSE_OK subject=disableLink target=org.dt4n.core:controller http_status=202
[2026-09-15 08:31:05.376] [SYNC] [INFO] [cid=-] STATE_DETECTED subject=- target=org.dt4n.core:host-h1 detail=down cycle=193
[2026-09-15 08:31:05.384] [SYNC] [INFO] [cid=-] STATE_PUSHED subject=- target=org.dt4n.core:host-h1 detail=down cycle=193
[2026-09-15 08:31:05.397] [SYNC] [INFO] [cid=-] STATE_DETECTED subject=- target=org.dt4n.core:link-h1-s1 detail=down cycle=193
[2026-09-15 08:31:05.413] [SYNC] [INFO] [cid=-] STATE_PUSHED subject=- target=org.dt4n.core:link-h1-s1 detail=down cycle=193
[2026-09-15 08:31:05.459] [UI] [cid=0f377daa-4f83-406f-80cd-966bee796660] STATE_OK target=org.dt4n.core:link-h1-s1 expect=down state=down

================================================================================
[2026-09-15 08:31:06.473] [UI] [cid=068d7002-335a-4d2b-973c-a0081b2ec641] CLICK subject=enableLink target=org.dt4n.core:link-h1-s1 stateBefore=down params={}
[2026-09-15 08:31:06.473] [UI] [cid=068d7002-335a-4d2b-973c-a0081b2ec641] WAIT_STATE target=org.dt4n.core:link-h1-s1 expect=up current=down timeoutMs=20000
[2026-09-15 08:31:06.474] [UI] [cid=068d7002-335a-4d2b-973c-a0081b2ec641] SEND  POST /ditto/api/2/things/org.dt4n.core:controller/inbox/messages/enableLink?timeout=0 timeout=0s
[2026-09-15 08:31:06.482] [AGENT] [INFO] [cid=068d7002-335a-4d2b-973c-a0081b2ec641] SSE_EVENT subject=enableLink target=org.dt4n.core:link-h1-s1 bytes=98 correlationSource=payload:clientCorrelationId eventName=enableLink sseFields=["event"]
[2026-09-15 08:31:06.482] [AGENT] [INFO] [cid=068d7002-335a-4d2b-973c-a0081b2ec641] RECEIVE subject=enableLink target=org.dt4n.core:link-h1-s1 params={}
[2026-09-15 08:31:06.482] [AGENT] [INFO] [cid=068d7002-335a-4d2b-973c-a0081b2ec641] EXECUTE_START subject=enableLink target=org.dt4n.core:link-h1-s1
[2026-09-15 08:31:06.482] [AGENT] [INFO] [cid=068d7002-335a-4d2b-973c-a0081b2ec641] LOCK_WAIT subject=enableLink target=org.dt4n.core:link-h1-s1 waitMs=0
[2026-09-15 08:31:06.485] [AGENT] [INFO] [cid=068d7002-335a-4d2b-973c-a0081b2ec641] EXECUTE_DONE subject=enableLink target=org.dt4n.core:link-h1-s1 detail=link h1-s1 -> up code=200
[2026-09-15 08:31:06.486] [AGENT] [INFO] [cid=068d7002-335a-4d2b-973c-a0081b2ec641] RESPONSE_SEND subject=enableLink target=org.dt4n.core:controller code=200 correlationSource=payload:clientCorrelationId ok=true
[2026-09-15 08:31:06.489] [CTRL] [INFO] [cid=-] REROUTE subject=- target=link-h1-s1 detail=up edge=s1-h1
[2026-09-15 08:31:06.489] [CTRL] [INFO] [cid=-] FLOW_INSTALL subject=- target=s1 detail=1 ipv4 flows changed
[2026-09-15 08:31:06.490] [CTRL] [INFO] [cid=-] FLOW_INSTALL subject=- target=s2 detail=1 ipv4 flows changed
[2026-09-15 08:31:06.490] [CTRL] [INFO] [cid=-] FLOW_INSTALL subject=- target=s3 detail=1 ipv4 flows changed
[2026-09-15 08:31:06.506] [UI] [cid=068d7002-335a-4d2b-973c-a0081b2ec641] DITTO_RESPONSE http=202 timedOut=false rejected=false durationMs=34 error= message=
[2026-09-15 08:31:06.507] [UI] [cid=068d7002-335a-4d2b-973c-a0081b2ec641] UI_ACK ok=true timedOut=false rejected=false http=202
[2026-09-15 08:31:06.514] [AGENT] [INFO] [cid=068d7002-335a-4d2b-973c-a0081b2ec641] RESPONSE_OK subject=enableLink target=org.dt4n.core:controller http_status=202
[2026-09-15 08:31:07.377] [SYNC] [INFO] [cid=-] STATE_DETECTED subject=- target=org.dt4n.core:host-h1 detail=up cycle=195
[2026-09-15 08:31:07.385] [SYNC] [INFO] [cid=-] STATE_PUSHED subject=- target=org.dt4n.core:host-h1 detail=up cycle=195
[2026-09-15 08:31:07.400] [SYNC] [INFO] [cid=-] STATE_DETECTED subject=- target=org.dt4n.core:link-h1-s1 detail=up cycle=195
[2026-09-15 08:31:07.406] [SYNC] [INFO] [cid=-] STATE_PUSHED subject=- target=org.dt4n.core:link-h1-s1 detail=up cycle=195
[2026-09-15 08:31:07.473] [UI] [cid=068d7002-335a-4d2b-973c-a0081b2ec641] STATE_OK target=org.dt4n.core:link-h1-s1 expect=up state=up

================================================================================
[2026-09-15 08:31:08.473] [UI] [cid=d995044e-0ae8-43bf-923d-f5350b9264b1] CLICK subject=disableLink target=org.dt4n.core:link-h1-s1 stateBefore=up params={}
[2026-09-15 08:31:08.473] [UI] [cid=d995044e-0ae8-43bf-923d-f5350b9264b1] WAIT_STATE target=org.dt4n.core:link-h1-s1 expect=down current=up timeoutMs=20000
[2026-09-15 08:31:08.473] [UI] [cid=d995044e-0ae8-43bf-923d-f5350b9264b1] SEND  POST /ditto/api/2/things/org.dt4n.core:controller/inbox/messages/disableLink?timeout=0 timeout=0s
[2026-09-15 08:31:08.480] [AGENT] [INFO] [cid=d995044e-0ae8-43bf-923d-f5350b9264b1] SSE_EVENT subject=disableLink target=org.dt4n.core:link-h1-s1 bytes=98 correlationSource=payload:clientCorrelationId eventName=disableLink sseFields=["event"]
[2026-09-15 08:31:08.480] [AGENT] [INFO] [cid=d995044e-0ae8-43bf-923d-f5350b9264b1] RECEIVE subject=disableLink target=org.dt4n.core:link-h1-s1 params={}
[2026-09-15 08:31:08.480] [AGENT] [INFO] [cid=d995044e-0ae8-43bf-923d-f5350b9264b1] EXECUTE_START subject=disableLink target=org.dt4n.core:link-h1-s1
[2026-09-15 08:31:08.480] [AGENT] [INFO] [cid=d995044e-0ae8-43bf-923d-f5350b9264b1] LOCK_WAIT subject=disableLink target=org.dt4n.core:link-h1-s1 waitMs=0
[2026-09-15 08:31:08.483] [CTRL] [INFO] [cid=-] REROUTE subject=- target=link-h1-s1 detail=down edge=s1-h1
[2026-09-15 08:31:08.484] [AGENT] [INFO] [cid=d995044e-0ae8-43bf-923d-f5350b9264b1] EXECUTE_DONE subject=disableLink target=org.dt4n.core:link-h1-s1 detail=link h1-s1 -> down code=200
[2026-09-15 08:31:08.484] [AGENT] [INFO] [cid=d995044e-0ae8-43bf-923d-f5350b9264b1] RESPONSE_SEND subject=disableLink target=org.dt4n.core:controller code=200 correlationSource=payload:clientCorrelationId ok=true
[2026-09-15 08:31:08.506] [UI] [cid=d995044e-0ae8-43bf-923d-f5350b9264b1] DITTO_RESPONSE http=202 timedOut=false rejected=false durationMs=35 error= message=
[2026-09-15 08:31:08.506] [UI] [cid=d995044e-0ae8-43bf-923d-f5350b9264b1] UI_ACK ok=true timedOut=false rejected=false http=202
[2026-09-15 08:31:08.513] [AGENT] [INFO] [cid=d995044e-0ae8-43bf-923d-f5350b9264b1] RESPONSE_OK subject=disableLink target=org.dt4n.core:controller http_status=202
[2026-09-15 08:31:09.377] [SYNC] [INFO] [cid=-] STATE_DETECTED subject=- target=org.dt4n.core:host-h1 detail=down cycle=197
[2026-09-15 08:31:09.385] [SYNC] [INFO] [cid=-] STATE_PUSHED subject=- target=org.dt4n.core:host-h1 detail=down cycle=197
[2026-09-15 08:31:09.398] [SYNC] [INFO] [cid=-] STATE_DETECTED subject=- target=org.dt4n.core:link-h1-s1 detail=down cycle=197
[2026-09-15 08:31:09.405] [SYNC] [INFO] [cid=-] STATE_PUSHED subject=- target=org.dt4n.core:link-h1-s1 detail=down cycle=197
[2026-09-15 08:31:09.471] [UI] [cid=d995044e-0ae8-43bf-923d-f5350b9264b1] STATE_OK target=org.dt4n.core:link-h1-s1 expect=down state=down

================================================================================
[2026-09-15 08:31:10.498] [UI] [cid=2ad4bd8d-a66b-440d-a82f-61b89e9ad957] CLICK subject=enableLink target=org.dt4n.core:link-h1-s1 stateBefore=down params={}
[2026-09-15 08:31:10.499] [UI] [cid=2ad4bd8d-a66b-440d-a82f-61b89e9ad957] WAIT_STATE target=org.dt4n.core:link-h1-s1 expect=up current=down timeoutMs=20000
[2026-09-15 08:31:10.499] [UI] [cid=2ad4bd8d-a66b-440d-a82f-61b89e9ad957] SEND  POST /ditto/api/2/things/org.dt4n.core:controller/inbox/messages/enableLink?timeout=0 timeout=0s
[2026-09-15 08:31:10.507] [AGENT] [INFO] [cid=2ad4bd8d-a66b-440d-a82f-61b89e9ad957] SSE_EVENT subject=enableLink target=org.dt4n.core:link-h1-s1 bytes=98 correlationSource=payload:clientCorrelationId eventName=enableLink sseFields=["event"]
[2026-09-15 08:31:10.507] [AGENT] [INFO] [cid=2ad4bd8d-a66b-440d-a82f-61b89e9ad957] RECEIVE subject=enableLink target=org.dt4n.core:link-h1-s1 params={}
[2026-09-15 08:31:10.507] [AGENT] [INFO] [cid=2ad4bd8d-a66b-440d-a82f-61b89e9ad957] EXECUTE_START subject=enableLink target=org.dt4n.core:link-h1-s1
[2026-09-15 08:31:10.507] [AGENT] [INFO] [cid=2ad4bd8d-a66b-440d-a82f-61b89e9ad957] LOCK_WAIT subject=enableLink target=org.dt4n.core:link-h1-s1 waitMs=0
[2026-09-15 08:31:10.514] [AGENT] [INFO] [cid=2ad4bd8d-a66b-440d-a82f-61b89e9ad957] EXECUTE_DONE subject=enableLink target=org.dt4n.core:link-h1-s1 detail=link h1-s1 -> up code=200
[2026-09-15 08:31:10.514] [AGENT] [INFO] [cid=2ad4bd8d-a66b-440d-a82f-61b89e9ad957] RESPONSE_SEND subject=enableLink target=org.dt4n.core:controller code=200 correlationSource=payload:clientCorrelationId ok=true
[2026-09-15 08:31:10.515] [CTRL] [INFO] [cid=-] REROUTE subject=- target=link-h1-s1 detail=up edge=s1-h1
[2026-09-15 08:31:10.516] [CTRL] [INFO] [cid=-] FLOW_INSTALL subject=- target=s1 detail=1 ipv4 flows changed
[2026-09-15 08:31:10.517] [CTRL] [INFO] [cid=-] FLOW_INSTALL subject=- target=s2 detail=1 ipv4 flows changed
[2026-09-15 08:31:10.517] [CTRL] [INFO] [cid=-] FLOW_INSTALL subject=- target=s3 detail=1 ipv4 flows changed
[2026-09-15 08:31:10.527] [UI] [cid=2ad4bd8d-a66b-440d-a82f-61b89e9ad957] DITTO_RESPONSE http=202 timedOut=false rejected=false durationMs=30 error= message=
[2026-09-15 08:31:10.527] [UI] [cid=2ad4bd8d-a66b-440d-a82f-61b89e9ad957] UI_ACK ok=true timedOut=false rejected=false http=202
[2026-09-15 08:31:10.544] [AGENT] [INFO] [cid=2ad4bd8d-a66b-440d-a82f-61b89e9ad957] RESPONSE_OK subject=enableLink target=org.dt4n.core:controller http_status=202
[2026-09-15 08:31:11.375] [SYNC] [INFO] [cid=-] STATE_DETECTED subject=- target=org.dt4n.core:host-h1 detail=up cycle=199
[2026-09-15 08:31:11.384] [SYNC] [INFO] [cid=-] STATE_PUSHED subject=- target=org.dt4n.core:host-h1 detail=up cycle=199
[2026-09-15 08:31:11.398] [SYNC] [INFO] [cid=-] STATE_DETECTED subject=- target=org.dt4n.core:link-h1-s1 detail=up cycle=199
[2026-09-15 08:31:11.405] [SYNC] [INFO] [cid=-] STATE_PUSHED subject=- target=org.dt4n.core:link-h1-s1 detail=up cycle=199
[2026-09-15 08:31:11.497] [UI] [cid=2ad4bd8d-a66b-440d-a82f-61b89e9ad957] STATE_OK target=org.dt4n.core:link-h1-s1 expect=up state=up

================================================================================
[2026-09-15 08:31:12.486] [UI] [cid=0e1e2bbd-cc72-469b-a43f-7e0af5ee7b21] CLICK subject=disableLink target=org.dt4n.core:link-h1-s1 stateBefore=up params={}
[2026-09-15 08:31:12.486] [UI] [cid=0e1e2bbd-cc72-469b-a43f-7e0af5ee7b21] WAIT_STATE target=org.dt4n.core:link-h1-s1 expect=down current=up timeoutMs=20000
[2026-09-15 08:31:12.487] [UI] [cid=0e1e2bbd-cc72-469b-a43f-7e0af5ee7b21] SEND  POST /ditto/api/2/things/org.dt4n.core:controller/inbox/messages/disableLink?timeout=0 timeout=0s
[2026-09-15 08:31:12.493] [AGENT] [INFO] [cid=0e1e2bbd-cc72-469b-a43f-7e0af5ee7b21] SSE_EVENT subject=disableLink target=org.dt4n.core:link-h1-s1 bytes=98 correlationSource=payload:clientCorrelationId eventName=disableLink sseFields=["event"]
[2026-09-15 08:31:12.494] [AGENT] [INFO] [cid=0e1e2bbd-cc72-469b-a43f-7e0af5ee7b21] RECEIVE subject=disableLink target=org.dt4n.core:link-h1-s1 params={}
[2026-09-15 08:31:12.494] [AGENT] [INFO] [cid=0e1e2bbd-cc72-469b-a43f-7e0af5ee7b21] EXECUTE_START subject=disableLink target=org.dt4n.core:link-h1-s1
[2026-09-15 08:31:12.494] [AGENT] [INFO] [cid=0e1e2bbd-cc72-469b-a43f-7e0af5ee7b21] LOCK_WAIT subject=disableLink target=org.dt4n.core:link-h1-s1 waitMs=0
[2026-09-15 08:31:12.497] [CTRL] [INFO] [cid=-] REROUTE subject=- target=link-h1-s1 detail=down edge=s1-h1
[2026-09-15 08:31:12.498] [AGENT] [INFO] [cid=0e1e2bbd-cc72-469b-a43f-7e0af5ee7b21] EXECUTE_DONE subject=disableLink target=org.dt4n.core:link-h1-s1 detail=link h1-s1 -> down code=200
[2026-09-15 08:31:12.498] [AGENT] [INFO] [cid=0e1e2bbd-cc72-469b-a43f-7e0af5ee7b21] RESPONSE_SEND subject=disableLink target=org.dt4n.core:controller code=200 correlationSource=payload:clientCorrelationId ok=true
[2026-09-15 08:31:12.517] [UI] [cid=0e1e2bbd-cc72-469b-a43f-7e0af5ee7b21] DITTO_RESPONSE http=202 timedOut=false rejected=false durationMs=32 error= message=
[2026-09-15 08:31:12.517] [UI] [cid=0e1e2bbd-cc72-469b-a43f-7e0af5ee7b21] UI_ACK ok=true timedOut=false rejected=false http=202
[2026-09-15 08:31:12.534] [AGENT] [INFO] [cid=0e1e2bbd-cc72-469b-a43f-7e0af5ee7b21] RESPONSE_OK subject=disableLink target=org.dt4n.core:controller http_status=202
[2026-09-15 08:31:13.377] [SYNC] [INFO] [cid=-] STATE_DETECTED subject=- target=org.dt4n.core:host-h1 detail=down cycle=201
[2026-09-15 08:31:13.385] [SYNC] [INFO] [cid=-] STATE_PUSHED subject=- target=org.dt4n.core:host-h1 detail=down cycle=201
[2026-09-15 08:31:13.399] [SYNC] [INFO] [cid=-] STATE_DETECTED subject=- target=org.dt4n.core:link-h1-s1 detail=down cycle=201
[2026-09-15 08:31:13.406] [SYNC] [INFO] [cid=-] STATE_PUSHED subject=- target=org.dt4n.core:link-h1-s1 detail=down cycle=201
[2026-09-15 08:31:13.485] [UI] [cid=0e1e2bbd-cc72-469b-a43f-7e0af5ee7b21] STATE_OK target=org.dt4n.core:link-h1-s1 expect=down state=down

================================================================================
[2026-09-15 08:31:14.480] [UI] [cid=34c675a1-af3a-45ee-ba98-7a253b80a6b6] CLICK subject=enableLink target=org.dt4n.core:link-h1-s1 stateBefore=down params={}
[2026-09-15 08:31:14.481] [UI] [cid=34c675a1-af3a-45ee-ba98-7a253b80a6b6] WAIT_STATE target=org.dt4n.core:link-h1-s1 expect=up current=down timeoutMs=20000
[2026-09-15 08:31:14.482] [UI] [cid=34c675a1-af3a-45ee-ba98-7a253b80a6b6] SEND  POST /ditto/api/2/things/org.dt4n.core:controller/inbox/messages/enableLink?timeout=0 timeout=0s
[2026-09-15 08:31:14.493] [AGENT] [INFO] [cid=34c675a1-af3a-45ee-ba98-7a253b80a6b6] SSE_EVENT subject=enableLink target=org.dt4n.core:link-h1-s1 bytes=98 correlationSource=payload:clientCorrelationId eventName=enableLink sseFields=["event"]
[2026-09-15 08:31:14.493] [AGENT] [INFO] [cid=34c675a1-af3a-45ee-ba98-7a253b80a6b6] RECEIVE subject=enableLink target=org.dt4n.core:link-h1-s1 params={}
[2026-09-15 08:31:14.493] [AGENT] [INFO] [cid=34c675a1-af3a-45ee-ba98-7a253b80a6b6] EXECUTE_START subject=enableLink target=org.dt4n.core:link-h1-s1
[2026-09-15 08:31:14.493] [AGENT] [INFO] [cid=34c675a1-af3a-45ee-ba98-7a253b80a6b6] LOCK_WAIT subject=enableLink target=org.dt4n.core:link-h1-s1 waitMs=0
[2026-09-15 08:31:14.497] [AGENT] [INFO] [cid=34c675a1-af3a-45ee-ba98-7a253b80a6b6] EXECUTE_DONE subject=enableLink target=org.dt4n.core:link-h1-s1 detail=link h1-s1 -> up code=200
[2026-09-15 08:31:14.498] [AGENT] [INFO] [cid=34c675a1-af3a-45ee-ba98-7a253b80a6b6] RESPONSE_SEND subject=enableLink target=org.dt4n.core:controller code=200 correlationSource=payload:clientCorrelationId ok=true
[2026-09-15 08:31:14.501] [CTRL] [INFO] [cid=-] REROUTE subject=- target=link-h1-s1 detail=up edge=s1-h1
[2026-09-15 08:31:14.501] [CTRL] [INFO] [cid=-] FLOW_INSTALL subject=- target=s1 detail=1 ipv4 flows changed
[2026-09-15 08:31:14.502] [CTRL] [INFO] [cid=-] FLOW_INSTALL subject=- target=s2 detail=1 ipv4 flows changed
[2026-09-15 08:31:14.502] [CTRL] [INFO] [cid=-] FLOW_INSTALL subject=- target=s3 detail=1 ipv4 flows changed
[2026-09-15 08:31:14.517] [UI] [cid=34c675a1-af3a-45ee-ba98-7a253b80a6b6] DITTO_RESPONSE http=202 timedOut=false rejected=false durationMs=36 error= message=
[2026-09-15 08:31:14.517] [UI] [cid=34c675a1-af3a-45ee-ba98-7a253b80a6b6] UI_ACK ok=true timedOut=false rejected=false http=202
[2026-09-15 08:31:14.524] [AGENT] [INFO] [cid=34c675a1-af3a-45ee-ba98-7a253b80a6b6] RESPONSE_OK subject=enableLink target=org.dt4n.core:controller http_status=202
[2026-09-15 08:31:15.378] [SYNC] [INFO] [cid=-] STATE_DETECTED subject=- target=org.dt4n.core:host-h1 detail=up cycle=203
[2026-09-15 08:31:15.386] [SYNC] [INFO] [cid=-] STATE_PUSHED subject=- target=org.dt4n.core:host-h1 detail=up cycle=203
[2026-09-15 08:31:15.401] [SYNC] [INFO] [cid=-] STATE_DETECTED subject=- target=org.dt4n.core:link-h1-s1 detail=up cycle=203
[2026-09-15 08:31:15.409] [SYNC] [INFO] [cid=-] STATE_PUSHED subject=- target=org.dt4n.core:link-h1-s1 detail=up cycle=203
[2026-09-15 08:31:15.481] [UI] [cid=34c675a1-af3a-45ee-ba98-7a253b80a6b6] STATE_OK target=org.dt4n.core:link-h1-s1 expect=up state=up

================================================================================
[2026-09-15 08:31:16.472] [UI] [cid=2c420238-197c-409e-8579-32127e61b5a6] CLICK subject=disableLink target=org.dt4n.core:link-h1-s1 stateBefore=up params={}
[2026-09-15 08:31:16.472] [UI] [cid=2c420238-197c-409e-8579-32127e61b5a6] WAIT_STATE target=org.dt4n.core:link-h1-s1 expect=down current=up timeoutMs=20000
[2026-09-15 08:31:16.472] [UI] [cid=2c420238-197c-409e-8579-32127e61b5a6] SEND  POST /ditto/api/2/things/org.dt4n.core:controller/inbox/messages/disableLink?timeout=0 timeout=0s
[2026-09-15 08:31:16.479] [AGENT] [INFO] [cid=2c420238-197c-409e-8579-32127e61b5a6] SSE_EVENT subject=disableLink target=org.dt4n.core:link-h1-s1 bytes=98 correlationSource=payload:clientCorrelationId eventName=disableLink sseFields=["event"]
[2026-09-15 08:31:16.479] [AGENT] [INFO] [cid=2c420238-197c-409e-8579-32127e61b5a6] RECEIVE subject=disableLink target=org.dt4n.core:link-h1-s1 params={}
[2026-09-15 08:31:16.479] [AGENT] [INFO] [cid=2c420238-197c-409e-8579-32127e61b5a6] EXECUTE_START subject=disableLink target=org.dt4n.core:link-h1-s1
[2026-09-15 08:31:16.479] [AGENT] [INFO] [cid=2c420238-197c-409e-8579-32127e61b5a6] LOCK_WAIT subject=disableLink target=org.dt4n.core:link-h1-s1 waitMs=0
[2026-09-15 08:31:16.483] [AGENT] [INFO] [cid=2c420238-197c-409e-8579-32127e61b5a6] EXECUTE_DONE subject=disableLink target=org.dt4n.core:link-h1-s1 detail=link h1-s1 -> down code=200
[2026-09-15 08:31:16.483] [AGENT] [INFO] [cid=2c420238-197c-409e-8579-32127e61b5a6] RESPONSE_SEND subject=disableLink target=org.dt4n.core:controller code=200 correlationSource=payload:clientCorrelationId ok=true
[2026-09-15 08:31:16.484] [CTRL] [INFO] [cid=-] REROUTE subject=- target=link-h1-s1 detail=down edge=s1-h1
[2026-09-15 08:31:16.507] [UI] [cid=2c420238-197c-409e-8579-32127e61b5a6] DITTO_RESPONSE http=202 timedOut=false rejected=false durationMs=36 error= message=
[2026-09-15 08:31:16.507] [UI] [cid=2c420238-197c-409e-8579-32127e61b5a6] UI_ACK ok=true timedOut=false rejected=false http=202
[2026-09-15 08:31:16.514] [AGENT] [INFO] [cid=2c420238-197c-409e-8579-32127e61b5a6] RESPONSE_OK subject=disableLink target=org.dt4n.core:controller http_status=202
[2026-09-15 08:31:17.380] [SYNC] [INFO] [cid=-] STATE_DETECTED subject=- target=org.dt4n.core:host-h1 detail=down cycle=205
[2026-09-15 08:31:17.388] [SYNC] [INFO] [cid=-] STATE_PUSHED subject=- target=org.dt4n.core:host-h1 detail=down cycle=205
[2026-09-15 08:31:17.402] [SYNC] [INFO] [cid=-] STATE_DETECTED subject=- target=org.dt4n.core:link-h1-s1 detail=down cycle=205
[2026-09-15 08:31:17.410] [SYNC] [INFO] [cid=-] STATE_PUSHED subject=- target=org.dt4n.core:link-h1-s1 detail=down cycle=205
[2026-09-15 08:31:17.471] [UI] [cid=2c420238-197c-409e-8579-32127e61b5a6] STATE_OK target=org.dt4n.core:link-h1-s1 expect=down state=down

================================================================================
[2026-09-15 08:31:18.496] [UI] [cid=4c0355f8-b95e-4bef-8dab-e5afdef74755] CLICK subject=enableLink target=org.dt4n.core:link-h1-s1 stateBefore=down params={}
[2026-09-15 08:31:18.496] [UI] [cid=4c0355f8-b95e-4bef-8dab-e5afdef74755] WAIT_STATE target=org.dt4n.core:link-h1-s1 expect=up current=down timeoutMs=20000
[2026-09-15 08:31:18.496] [UI] [cid=4c0355f8-b95e-4bef-8dab-e5afdef74755] SEND  POST /ditto/api/2/things/org.dt4n.core:controller/inbox/messages/enableLink?timeout=0 timeout=0s
[2026-09-15 08:31:18.503] [AGENT] [INFO] [cid=4c0355f8-b95e-4bef-8dab-e5afdef74755] SSE_EVENT subject=enableLink target=org.dt4n.core:link-h1-s1 bytes=98 correlationSource=payload:clientCorrelationId eventName=enableLink sseFields=["event"]
[2026-09-15 08:31:18.503] [AGENT] [INFO] [cid=4c0355f8-b95e-4bef-8dab-e5afdef74755] RECEIVE subject=enableLink target=org.dt4n.core:link-h1-s1 params={}
[2026-09-15 08:31:18.503] [AGENT] [INFO] [cid=4c0355f8-b95e-4bef-8dab-e5afdef74755] EXECUTE_START subject=enableLink target=org.dt4n.core:link-h1-s1
[2026-09-15 08:31:18.504] [AGENT] [INFO] [cid=4c0355f8-b95e-4bef-8dab-e5afdef74755] LOCK_WAIT subject=enableLink target=org.dt4n.core:link-h1-s1 waitMs=0
[2026-09-15 08:31:18.507] [AGENT] [INFO] [cid=4c0355f8-b95e-4bef-8dab-e5afdef74755] EXECUTE_DONE subject=enableLink target=org.dt4n.core:link-h1-s1 detail=link h1-s1 -> up code=200
[2026-09-15 08:31:18.507] [AGENT] [INFO] [cid=4c0355f8-b95e-4bef-8dab-e5afdef74755] RESPONSE_SEND subject=enableLink target=org.dt4n.core:controller code=200 correlationSource=payload:clientCorrelationId ok=true
[2026-09-15 08:31:18.511] [CTRL] [INFO] [cid=-] REROUTE subject=- target=link-h1-s1 detail=up edge=s1-h1
[2026-09-15 08:31:18.511] [CTRL] [INFO] [cid=-] FLOW_INSTALL subject=- target=s1 detail=1 ipv4 flows changed
[2026-09-15 08:31:18.512] [CTRL] [INFO] [cid=-] FLOW_INSTALL subject=- target=s2 detail=1 ipv4 flows changed
[2026-09-15 08:31:18.512] [CTRL] [INFO] [cid=-] FLOW_INSTALL subject=- target=s3 detail=1 ipv4 flows changed
[2026-09-15 08:31:18.527] [UI] [cid=4c0355f8-b95e-4bef-8dab-e5afdef74755] DITTO_RESPONSE http=202 timedOut=false rejected=false durationMs=31 error= message=
[2026-09-15 08:31:18.527] [UI] [cid=4c0355f8-b95e-4bef-8dab-e5afdef74755] UI_ACK ok=true timedOut=false rejected=false http=202
[2026-09-15 08:31:18.534] [AGENT] [INFO] [cid=4c0355f8-b95e-4bef-8dab-e5afdef74755] RESPONSE_OK subject=enableLink target=org.dt4n.core:controller http_status=202
[2026-09-15 08:31:19.379] [SYNC] [INFO] [cid=-] STATE_DETECTED subject=- target=org.dt4n.core:host-h1 detail=up cycle=207
[2026-09-15 08:31:19.388] [SYNC] [INFO] [cid=-] STATE_PUSHED subject=- target=org.dt4n.core:host-h1 detail=up cycle=207
[2026-09-15 08:31:19.402] [SYNC] [INFO] [cid=-] STATE_DETECTED subject=- target=org.dt4n.core:link-h1-s1 detail=up cycle=207
[2026-09-15 08:31:19.409] [SYNC] [INFO] [cid=-] STATE_PUSHED subject=- target=org.dt4n.core:link-h1-s1 detail=up cycle=207
[2026-09-15 08:31:19.496] [UI] [cid=4c0355f8-b95e-4bef-8dab-e5afdef74755] STATE_OK target=org.dt4n.core:link-h1-s1 expect=up state=up

================================================================================
[2026-09-15 08:31:20.468] [UI] [cid=f5d3cb4b-b818-48af-965a-82052a2d3cc5] CLICK subject=disableLink target=org.dt4n.core:link-h1-s1 stateBefore=up params={}
[2026-09-15 08:31:20.468] [UI] [cid=f5d3cb4b-b818-48af-965a-82052a2d3cc5] WAIT_STATE target=org.dt4n.core:link-h1-s1 expect=down current=up timeoutMs=20000
[2026-09-15 08:31:20.468] [UI] [cid=f5d3cb4b-b818-48af-965a-82052a2d3cc5] SEND  POST /ditto/api/2/things/org.dt4n.core:controller/inbox/messages/disableLink?timeout=0 timeout=0s
[2026-09-15 08:31:20.475] [AGENT] [INFO] [cid=f5d3cb4b-b818-48af-965a-82052a2d3cc5] SSE_EVENT subject=disableLink target=org.dt4n.core:link-h1-s1 bytes=98 correlationSource=payload:clientCorrelationId eventName=disableLink sseFields=["event"]
[2026-09-15 08:31:20.475] [AGENT] [INFO] [cid=f5d3cb4b-b818-48af-965a-82052a2d3cc5] RECEIVE subject=disableLink target=org.dt4n.core:link-h1-s1 params={}
[2026-09-15 08:31:20.475] [AGENT] [INFO] [cid=f5d3cb4b-b818-48af-965a-82052a2d3cc5] EXECUTE_START subject=disableLink target=org.dt4n.core:link-h1-s1
[2026-09-15 08:31:20.475] [AGENT] [INFO] [cid=f5d3cb4b-b818-48af-965a-82052a2d3cc5] LOCK_WAIT subject=disableLink target=org.dt4n.core:link-h1-s1 waitMs=0
[2026-09-15 08:31:20.479] [AGENT] [INFO] [cid=f5d3cb4b-b818-48af-965a-82052a2d3cc5] EXECUTE_DONE subject=disableLink target=org.dt4n.core:link-h1-s1 detail=link h1-s1 -> down code=200
[2026-09-15 08:31:20.479] [AGENT] [INFO] [cid=f5d3cb4b-b818-48af-965a-82052a2d3cc5] RESPONSE_SEND subject=disableLink target=org.dt4n.core:controller code=200 correlationSource=payload:clientCorrelationId ok=true
[2026-09-15 08:31:20.479] [CTRL] [INFO] [cid=-] REROUTE subject=- target=link-h1-s1 detail=down edge=s1-h1
[2026-09-15 08:31:20.497] [UI] [cid=f5d3cb4b-b818-48af-965a-82052a2d3cc5] DITTO_RESPONSE http=202 timedOut=false rejected=false durationMs=30 error= message=
[2026-09-15 08:31:20.497] [UI] [cid=f5d3cb4b-b818-48af-965a-82052a2d3cc5] UI_ACK ok=true timedOut=false rejected=false http=202
[2026-09-15 08:31:20.514] [AGENT] [INFO] [cid=f5d3cb4b-b818-48af-965a-82052a2d3cc5] RESPONSE_OK subject=disableLink target=org.dt4n.core:controller http_status=202
[2026-09-15 08:31:21.384] [SYNC] [INFO] [cid=-] STATE_DETECTED subject=- target=org.dt4n.core:host-h1 detail=down cycle=209
[2026-09-15 08:31:21.392] [SYNC] [INFO] [cid=-] STATE_PUSHED subject=- target=org.dt4n.core:host-h1 detail=down cycle=209
[2026-09-15 08:31:21.406] [SYNC] [INFO] [cid=-] STATE_DETECTED subject=- target=org.dt4n.core:link-h1-s1 detail=down cycle=209
[2026-09-15 08:31:21.416] [SYNC] [INFO] [cid=-] STATE_PUSHED subject=- target=org.dt4n.core:link-h1-s1 detail=down cycle=209
[2026-09-15 08:31:21.467] [UI] [cid=f5d3cb4b-b818-48af-965a-82052a2d3cc5] STATE_OK target=org.dt4n.core:link-h1-s1 expect=down state=down
[2026-09-15 08:31:22.379] [SYNC] [INFO] [cid=-] STATE_DETECTED subject=- target=org.dt4n.core:host-h1 detail=down cycle=210
[2026-09-15 08:31:22.387] [SYNC] [INFO] [cid=-] STATE_PUSHED subject=- target=org.dt4n.core:host-h1 detail=down cycle=210
[2026-09-15 08:31:22.387] [SYNC] [INFO] [cid=-] STATE_DETECTED subject=- target=org.dt4n.core:host-h2 detail=up cycle=210
[2026-09-15 08:31:22.394] [SYNC] [INFO] [cid=-] STATE_PUSHED subject=- target=org.dt4n.core:host-h2 detail=up cycle=210
[2026-09-15 08:31:22.394] [SYNC] [INFO] [cid=-] STATE_DETECTED subject=- target=org.dt4n.core:host-h3 detail=up cycle=210
[2026-09-15 08:31:22.401] [SYNC] [INFO] [cid=-] STATE_PUSHED subject=- target=org.dt4n.core:host-h3 detail=up cycle=210
[2026-09-15 08:31:22.401] [SYNC] [INFO] [cid=-] STATE_DETECTED subject=- target=org.dt4n.core:host-srv1 detail=up cycle=210
[2026-09-15 08:31:22.408] [SYNC] [INFO] [cid=-] STATE_PUSHED subject=- target=org.dt4n.core:host-srv1 detail=up cycle=210
[2026-09-15 08:31:22.408] [SYNC] [INFO] [cid=-] STATE_DETECTED subject=- target=org.dt4n.core:host-srv2 detail=up cycle=210
[2026-09-15 08:31:22.415] [SYNC] [INFO] [cid=-] STATE_PUSHED subject=- target=org.dt4n.core:host-srv2 detail=up cycle=210
[2026-09-15 08:31:22.415] [SYNC] [INFO] [cid=-] STATE_DETECTED subject=- target=org.dt4n.core:switch-s1 detail=up cycle=210
[2026-09-15 08:31:22.422] [SYNC] [INFO] [cid=-] STATE_PUSHED subject=- target=org.dt4n.core:switch-s1 detail=up cycle=210
[2026-09-15 08:31:22.422] [SYNC] [INFO] [cid=-] STATE_DETECTED subject=- target=org.dt4n.core:switch-s2 detail=up cycle=210
[2026-09-15 08:31:22.430] [SYNC] [INFO] [cid=-] STATE_PUSHED subject=- target=org.dt4n.core:switch-s2 detail=up cycle=210
[2026-09-15 08:31:22.430] [SYNC] [INFO] [cid=-] STATE_DETECTED subject=- target=org.dt4n.core:switch-s3 detail=up cycle=210
[2026-09-15 08:31:22.441] [SYNC] [INFO] [cid=-] STATE_PUSHED subject=- target=org.dt4n.core:switch-s3 detail=up cycle=210
[2026-09-15 08:31:22.441] [SYNC] [INFO] [cid=-] STATE_DETECTED subject=- target=org.dt4n.core:link-h1-s1 detail=down cycle=210
[2026-09-15 08:31:22.450] [SYNC] [INFO] [cid=-] STATE_PUSHED subject=- target=org.dt4n.core:link-h1-s1 detail=down cycle=210
[2026-09-15 08:31:22.450] [SYNC] [INFO] [cid=-] STATE_DETECTED subject=- target=org.dt4n.core:link-h2-s1 detail=up cycle=210
[2026-09-15 08:31:22.458] [SYNC] [INFO] [cid=-] STATE_PUSHED subject=- target=org.dt4n.core:link-h2-s1 detail=up cycle=210
[2026-09-15 08:31:22.459] [SYNC] [INFO] [cid=-] STATE_DETECTED subject=- target=org.dt4n.core:link-h3-s1 detail=up cycle=210
[2026-09-15 08:31:22.468] [SYNC] [INFO] [cid=-] STATE_PUSHED subject=- target=org.dt4n.core:link-h3-s1 detail=up cycle=210
[2026-09-15 08:31:22.468] [SYNC] [INFO] [cid=-] STATE_DETECTED subject=- target=org.dt4n.core:link-s1-s2 detail=up cycle=210
[2026-09-15 08:31:22.476] [SYNC] [INFO] [cid=-] STATE_PUSHED subject=- target=org.dt4n.core:link-s1-s2 detail=up cycle=210
[2026-09-15 08:31:22.476] [SYNC] [INFO] [cid=-] STATE_DETECTED subject=- target=org.dt4n.core:link-s1-s3 detail=up cycle=210
[2026-09-15 08:31:22.484] [SYNC] [INFO] [cid=-] STATE_PUSHED subject=- target=org.dt4n.core:link-s1-s3 detail=up cycle=210
[2026-09-15 08:31:22.485] [SYNC] [INFO] [cid=-] STATE_DETECTED subject=- target=org.dt4n.core:link-s2-s3 detail=up cycle=210

================================================================================
[2026-09-15 08:31:22.493] [UI] [cid=928a455b-6a00-459a-b8b2-3aeb9352325e] CLICK subject=enableLink target=org.dt4n.core:link-h1-s1 stateBefore=down params={}
[2026-09-15 08:31:22.493] [SYNC] [INFO] [cid=-] STATE_PUSHED subject=- target=org.dt4n.core:link-s2-s3 detail=up cycle=210
[2026-09-15 08:31:22.493] [SYNC] [INFO] [cid=-] STATE_DETECTED subject=- target=org.dt4n.core:link-s2-srv1 detail=up cycle=210
[2026-09-15 08:31:22.493] [UI] [cid=928a455b-6a00-459a-b8b2-3aeb9352325e] WAIT_STATE target=org.dt4n.core:link-h1-s1 expect=up current=down timeoutMs=20000
[2026-09-15 08:31:22.495] [UI] [cid=928a455b-6a00-459a-b8b2-3aeb9352325e] SEND  POST /ditto/api/2/things/org.dt4n.core:controller/inbox/messages/enableLink?timeout=0 timeout=0s
[2026-09-15 08:31:22.501] [AGENT] [INFO] [cid=928a455b-6a00-459a-b8b2-3aeb9352325e] SSE_EVENT subject=enableLink target=org.dt4n.core:link-h1-s1 bytes=98 correlationSource=payload:clientCorrelationId eventName=enableLink sseFields=["event"]
[2026-09-15 08:31:22.501] [SYNC] [INFO] [cid=-] STATE_PUSHED subject=- target=org.dt4n.core:link-s2-srv1 detail=up cycle=210
[2026-09-15 08:31:22.502] [AGENT] [INFO] [cid=928a455b-6a00-459a-b8b2-3aeb9352325e] RECEIVE subject=enableLink target=org.dt4n.core:link-h1-s1 params={}
[2026-09-15 08:31:22.502] [SYNC] [INFO] [cid=-] STATE_DETECTED subject=- target=org.dt4n.core:link-s3-srv2 detail=up cycle=210
[2026-09-15 08:31:22.502] [AGENT] [INFO] [cid=928a455b-6a00-459a-b8b2-3aeb9352325e] EXECUTE_START subject=enableLink target=org.dt4n.core:link-h1-s1
[2026-09-15 08:31:22.503] [AGENT] [INFO] [cid=928a455b-6a00-459a-b8b2-3aeb9352325e] LOCK_WAIT subject=enableLink target=org.dt4n.core:link-h1-s1 waitMs=0
[2026-09-15 08:31:22.507] [AGENT] [INFO] [cid=928a455b-6a00-459a-b8b2-3aeb9352325e] EXECUTE_DONE subject=enableLink target=org.dt4n.core:link-h1-s1 detail=link h1-s1 -> up code=200
[2026-09-15 08:31:22.507] [AGENT] [INFO] [cid=928a455b-6a00-459a-b8b2-3aeb9352325e] RESPONSE_SEND subject=enableLink target=org.dt4n.core:controller code=200 correlationSource=payload:clientCorrelationId ok=true
[2026-09-15 08:31:22.512] [SYNC] [INFO] [cid=-] STATE_PUSHED subject=- target=org.dt4n.core:link-s3-srv2 detail=up cycle=210
[2026-09-15 08:31:22.514] [CTRL] [INFO] [cid=-] REROUTE subject=- target=link-h1-s1 detail=up edge=s1-h1
[2026-09-15 08:31:22.514] [CTRL] [INFO] [cid=-] FLOW_INSTALL subject=- target=s1 detail=1 ipv4 flows changed
[2026-09-15 08:31:22.515] [CTRL] [INFO] [cid=-] FLOW_INSTALL subject=- target=s2 detail=1 ipv4 flows changed
[2026-09-15 08:31:22.515] [CTRL] [INFO] [cid=-] FLOW_INSTALL subject=- target=s3 detail=1 ipv4 flows changed
[2026-09-15 08:31:22.527] [UI] [cid=928a455b-6a00-459a-b8b2-3aeb9352325e] DITTO_RESPONSE http=202 timedOut=false rejected=false durationMs=34 error= message=
[2026-09-15 08:31:22.527] [UI] [cid=928a455b-6a00-459a-b8b2-3aeb9352325e] UI_ACK ok=true timedOut=false rejected=false http=202
[2026-09-15 08:31:22.534] [AGENT] [INFO] [cid=928a455b-6a00-459a-b8b2-3aeb9352325e] RESPONSE_OK subject=enableLink target=org.dt4n.core:controller http_status=202
[2026-09-15 08:31:23.381] [SYNC] [INFO] [cid=-] STATE_DETECTED subject=- target=org.dt4n.core:host-h1 detail=up cycle=211
[2026-09-15 08:31:23.390] [SYNC] [INFO] [cid=-] STATE_PUSHED subject=- target=org.dt4n.core:host-h1 detail=up cycle=211
[2026-09-15 08:31:23.403] [SYNC] [INFO] [cid=-] STATE_DETECTED subject=- target=org.dt4n.core:link-h1-s1 detail=up cycle=211
[2026-09-15 08:31:23.410] [SYNC] [INFO] [cid=-] STATE_PUSHED subject=- target=org.dt4n.core:link-h1-s1 detail=up cycle=211
[2026-09-15 08:31:23.493] [UI] [cid=928a455b-6a00-459a-b8b2-3aeb9352325e] STATE_OK target=org.dt4n.core:link-h1-s1 expect=up state=up

================================================================================
[2026-09-15 08:31:24.483] [UI] [cid=802f319d-1e7c-4ad3-b2ef-d0f4ba41a6c9] CLICK subject=disableLink target=org.dt4n.core:link-h1-s1 stateBefore=up params={}
[2026-09-15 08:31:24.485] [UI] [cid=802f319d-1e7c-4ad3-b2ef-d0f4ba41a6c9] WAIT_STATE target=org.dt4n.core:link-h1-s1 expect=down current=up timeoutMs=20000
[2026-09-15 08:31:24.485] [UI] [cid=802f319d-1e7c-4ad3-b2ef-d0f4ba41a6c9] SEND  POST /ditto/api/2/things/org.dt4n.core:controller/inbox/messages/disableLink?timeout=0 timeout=0s
[2026-09-15 08:31:24.492] [AGENT] [INFO] [cid=802f319d-1e7c-4ad3-b2ef-d0f4ba41a6c9] SSE_EVENT subject=disableLink target=org.dt4n.core:link-h1-s1 bytes=98 correlationSource=payload:clientCorrelationId eventName=disableLink sseFields=["event"]
[2026-09-15 08:31:24.492] [AGENT] [INFO] [cid=802f319d-1e7c-4ad3-b2ef-d0f4ba41a6c9] RECEIVE subject=disableLink target=org.dt4n.core:link-h1-s1 params={}
[2026-09-15 08:31:24.492] [AGENT] [INFO] [cid=802f319d-1e7c-4ad3-b2ef-d0f4ba41a6c9] EXECUTE_START subject=disableLink target=org.dt4n.core:link-h1-s1
[2026-09-15 08:31:24.493] [AGENT] [INFO] [cid=802f319d-1e7c-4ad3-b2ef-d0f4ba41a6c9] LOCK_WAIT subject=disableLink target=org.dt4n.core:link-h1-s1 waitMs=0
[2026-09-15 08:31:24.497] [AGENT] [INFO] [cid=802f319d-1e7c-4ad3-b2ef-d0f4ba41a6c9] EXECUTE_DONE subject=disableLink target=org.dt4n.core:link-h1-s1 detail=link h1-s1 -> down code=200
[2026-09-15 08:31:24.497] [AGENT] [INFO] [cid=802f319d-1e7c-4ad3-b2ef-d0f4ba41a6c9] RESPONSE_SEND subject=disableLink target=org.dt4n.core:controller code=200 correlationSource=payload:clientCorrelationId ok=true
[2026-09-15 08:31:24.498] [CTRL] [INFO] [cid=-] REROUTE subject=- target=link-h1-s1 detail=down edge=s1-h1
[2026-09-15 08:31:24.517] [UI] [cid=802f319d-1e7c-4ad3-b2ef-d0f4ba41a6c9] DITTO_RESPONSE http=202 timedOut=false rejected=false durationMs=33 error= message=
[2026-09-15 08:31:24.517] [UI] [cid=802f319d-1e7c-4ad3-b2ef-d0f4ba41a6c9] UI_ACK ok=true timedOut=false rejected=false http=202
[2026-09-15 08:31:24.523] [AGENT] [INFO] [cid=802f319d-1e7c-4ad3-b2ef-d0f4ba41a6c9] RESPONSE_OK subject=disableLink target=org.dt4n.core:controller http_status=202
[2026-09-15 08:31:25.382] [SYNC] [INFO] [cid=-] STATE_DETECTED subject=- target=org.dt4n.core:host-h1 detail=down cycle=213
[2026-09-15 08:31:25.390] [SYNC] [INFO] [cid=-] STATE_PUSHED subject=- target=org.dt4n.core:host-h1 detail=down cycle=213
[2026-09-15 08:31:25.403] [SYNC] [INFO] [cid=-] STATE_DETECTED subject=- target=org.dt4n.core:link-h1-s1 detail=down cycle=213
[2026-09-15 08:31:25.410] [SYNC] [INFO] [cid=-] STATE_PUSHED subject=- target=org.dt4n.core:link-h1-s1 detail=down cycle=213
[2026-09-15 08:31:25.484] [UI] [cid=802f319d-1e7c-4ad3-b2ef-d0f4ba41a6c9] STATE_OK target=org.dt4n.core:link-h1-s1 expect=down state=down

================================================================================
[2026-09-15 08:31:26.476] [UI] [cid=614da15c-e121-4bd1-a519-f911f7f43b2e] CLICK subject=enableLink target=org.dt4n.core:link-h1-s1 stateBefore=down params={}
[2026-09-15 08:31:26.477] [UI] [cid=614da15c-e121-4bd1-a519-f911f7f43b2e] WAIT_STATE target=org.dt4n.core:link-h1-s1 expect=up current=down timeoutMs=20000
[2026-09-15 08:31:26.477] [UI] [cid=614da15c-e121-4bd1-a519-f911f7f43b2e] SEND  POST /ditto/api/2/things/org.dt4n.core:controller/inbox/messages/enableLink?timeout=0 timeout=0s
[2026-09-15 08:31:26.485] [AGENT] [INFO] [cid=614da15c-e121-4bd1-a519-f911f7f43b2e] SSE_EVENT subject=enableLink target=org.dt4n.core:link-h1-s1 bytes=98 correlationSource=payload:clientCorrelationId eventName=enableLink sseFields=["event"]
[2026-09-15 08:31:26.486] [AGENT] [INFO] [cid=614da15c-e121-4bd1-a519-f911f7f43b2e] RECEIVE subject=enableLink target=org.dt4n.core:link-h1-s1 params={}
[2026-09-15 08:31:26.486] [AGENT] [INFO] [cid=614da15c-e121-4bd1-a519-f911f7f43b2e] EXECUTE_START subject=enableLink target=org.dt4n.core:link-h1-s1
[2026-09-15 08:31:26.486] [AGENT] [INFO] [cid=614da15c-e121-4bd1-a519-f911f7f43b2e] LOCK_WAIT subject=enableLink target=org.dt4n.core:link-h1-s1 waitMs=0
[2026-09-15 08:31:26.492] [AGENT] [INFO] [cid=614da15c-e121-4bd1-a519-f911f7f43b2e] EXECUTE_DONE subject=enableLink target=org.dt4n.core:link-h1-s1 detail=link h1-s1 -> up code=200
[2026-09-15 08:31:26.492] [AGENT] [INFO] [cid=614da15c-e121-4bd1-a519-f911f7f43b2e] RESPONSE_SEND subject=enableLink target=org.dt4n.core:controller code=200 correlationSource=payload:clientCorrelationId ok=true
[2026-09-15 08:31:26.494] [CTRL] [INFO] [cid=-] REROUTE subject=- target=link-h1-s1 detail=up edge=s1-h1
[2026-09-15 08:31:26.494] [CTRL] [INFO] [cid=-] FLOW_INSTALL subject=- target=s1 detail=1 ipv4 flows changed
[2026-09-15 08:31:26.495] [CTRL] [INFO] [cid=-] FLOW_INSTALL subject=- target=s2 detail=1 ipv4 flows changed
[2026-09-15 08:31:26.495] [CTRL] [INFO] [cid=-] FLOW_INSTALL subject=- target=s3 detail=1 ipv4 flows changed
[2026-09-15 08:31:26.508] [UI] [cid=614da15c-e121-4bd1-a519-f911f7f43b2e] UI_ACK ok=true timedOut=false rejected=false http=202
[2026-09-15 08:31:26.508] [UI] [cid=614da15c-e121-4bd1-a519-f911f7f43b2e] DITTO_RESPONSE http=202 timedOut=false rejected=false durationMs=32 error= message=
[2026-09-15 08:31:26.524] [AGENT] [INFO] [cid=614da15c-e121-4bd1-a519-f911f7f43b2e] RESPONSE_OK subject=enableLink target=org.dt4n.core:controller http_status=202
[2026-09-15 08:31:27.381] [SYNC] [INFO] [cid=-] STATE_DETECTED subject=- target=org.dt4n.core:host-h1 detail=up cycle=215
[2026-09-15 08:31:27.389] [SYNC] [INFO] [cid=-] STATE_PUSHED subject=- target=org.dt4n.core:host-h1 detail=up cycle=215
[2026-09-15 08:31:27.403] [SYNC] [INFO] [cid=-] STATE_DETECTED subject=- target=org.dt4n.core:link-h1-s1 detail=up cycle=215
[2026-09-15 08:31:27.410] [SYNC] [INFO] [cid=-] STATE_PUSHED subject=- target=org.dt4n.core:link-h1-s1 detail=up cycle=215
[2026-09-15 08:31:27.476] [UI] [cid=614da15c-e121-4bd1-a519-f911f7f43b2e] STATE_OK target=org.dt4n.core:link-h1-s1 expect=up state=up

================================================================================
[2026-09-15 08:31:28.480] [UI] [cid=0ab63853-6fb5-48d2-8dba-2fe6319ee661] CLICK subject=disableLink target=org.dt4n.core:link-h1-s1 stateBefore=up params={}
[2026-09-15 08:31:28.481] [UI] [cid=0ab63853-6fb5-48d2-8dba-2fe6319ee661] WAIT_STATE target=org.dt4n.core:link-h1-s1 expect=down current=up timeoutMs=20000
[2026-09-15 08:31:28.481] [UI] [cid=0ab63853-6fb5-48d2-8dba-2fe6319ee661] SEND  POST /ditto/api/2/things/org.dt4n.core:controller/inbox/messages/disableLink?timeout=0 timeout=0s
[2026-09-15 08:31:28.488] [AGENT] [INFO] [cid=0ab63853-6fb5-48d2-8dba-2fe6319ee661] SSE_EVENT subject=disableLink target=org.dt4n.core:link-h1-s1 bytes=98 correlationSource=payload:clientCorrelationId eventName=disableLink sseFields=["event"]
[2026-09-15 08:31:28.488] [AGENT] [INFO] [cid=0ab63853-6fb5-48d2-8dba-2fe6319ee661] RECEIVE subject=disableLink target=org.dt4n.core:link-h1-s1 params={}
[2026-09-15 08:31:28.488] [AGENT] [INFO] [cid=0ab63853-6fb5-48d2-8dba-2fe6319ee661] EXECUTE_START subject=disableLink target=org.dt4n.core:link-h1-s1
[2026-09-15 08:31:28.488] [AGENT] [INFO] [cid=0ab63853-6fb5-48d2-8dba-2fe6319ee661] LOCK_WAIT subject=disableLink target=org.dt4n.core:link-h1-s1 waitMs=0
[2026-09-15 08:31:28.492] [AGENT] [INFO] [cid=0ab63853-6fb5-48d2-8dba-2fe6319ee661] EXECUTE_DONE subject=disableLink target=org.dt4n.core:link-h1-s1 detail=link h1-s1 -> down code=200
[2026-09-15 08:31:28.492] [AGENT] [INFO] [cid=0ab63853-6fb5-48d2-8dba-2fe6319ee661] RESPONSE_SEND subject=disableLink target=org.dt4n.core:controller code=200 correlationSource=payload:clientCorrelationId ok=true
[2026-09-15 08:31:28.493] [CTRL] [INFO] [cid=-] REROUTE subject=- target=link-h1-s1 detail=down edge=s1-h1
[2026-09-15 08:31:28.517] [UI] [cid=0ab63853-6fb5-48d2-8dba-2fe6319ee661] DITTO_RESPONSE http=202 timedOut=false rejected=false durationMs=36 error= message=
[2026-09-15 08:31:28.517] [UI] [cid=0ab63853-6fb5-48d2-8dba-2fe6319ee661] UI_ACK ok=true timedOut=false rejected=false http=202
[2026-09-15 08:31:28.523] [AGENT] [INFO] [cid=0ab63853-6fb5-48d2-8dba-2fe6319ee661] RESPONSE_OK subject=disableLink target=org.dt4n.core:controller http_status=202
[2026-09-15 08:31:29.382] [SYNC] [INFO] [cid=-] STATE_DETECTED subject=- target=org.dt4n.core:host-h1 detail=down cycle=217
[2026-09-15 08:31:29.390] [SYNC] [INFO] [cid=-] STATE_PUSHED subject=- target=org.dt4n.core:host-h1 detail=down cycle=217
[2026-09-15 08:31:29.404] [SYNC] [INFO] [cid=-] STATE_DETECTED subject=- target=org.dt4n.core:link-h1-s1 detail=down cycle=217
[2026-09-15 08:31:29.411] [SYNC] [INFO] [cid=-] STATE_PUSHED subject=- target=org.dt4n.core:link-h1-s1 detail=down cycle=217
[2026-09-15 08:31:29.481] [UI] [cid=0ab63853-6fb5-48d2-8dba-2fe6319ee661] STATE_OK target=org.dt4n.core:link-h1-s1 expect=down state=down

================================================================================
[2026-09-15 08:31:30.481] [UI] [cid=2af36f18-0507-4547-81f2-cd148fc777c9] CLICK subject=enableLink target=org.dt4n.core:link-h1-s1 stateBefore=down params={}
[2026-09-15 08:31:30.481] [UI] [cid=2af36f18-0507-4547-81f2-cd148fc777c9] WAIT_STATE target=org.dt4n.core:link-h1-s1 expect=up current=down timeoutMs=20000
[2026-09-15 08:31:30.481] [UI] [cid=2af36f18-0507-4547-81f2-cd148fc777c9] SEND  POST /ditto/api/2/things/org.dt4n.core:controller/inbox/messages/enableLink?timeout=0 timeout=0s
[2026-09-15 08:31:30.487] [AGENT] [INFO] [cid=2af36f18-0507-4547-81f2-cd148fc777c9] SSE_EVENT subject=enableLink target=org.dt4n.core:link-h1-s1 bytes=98 correlationSource=payload:clientCorrelationId eventName=enableLink sseFields=["event"]
[2026-09-15 08:31:30.487] [AGENT] [INFO] [cid=2af36f18-0507-4547-81f2-cd148fc777c9] RECEIVE subject=enableLink target=org.dt4n.core:link-h1-s1 params={}
[2026-09-15 08:31:30.487] [AGENT] [INFO] [cid=2af36f18-0507-4547-81f2-cd148fc777c9] EXECUTE_START subject=enableLink target=org.dt4n.core:link-h1-s1
[2026-09-15 08:31:30.487] [AGENT] [INFO] [cid=2af36f18-0507-4547-81f2-cd148fc777c9] LOCK_WAIT subject=enableLink target=org.dt4n.core:link-h1-s1 waitMs=0
[2026-09-15 08:31:30.491] [AGENT] [INFO] [cid=2af36f18-0507-4547-81f2-cd148fc777c9] EXECUTE_DONE subject=enableLink target=org.dt4n.core:link-h1-s1 detail=link h1-s1 -> up code=200
[2026-09-15 08:31:30.491] [AGENT] [INFO] [cid=2af36f18-0507-4547-81f2-cd148fc777c9] RESPONSE_SEND subject=enableLink target=org.dt4n.core:controller code=200 correlationSource=payload:clientCorrelationId ok=true
[2026-09-15 08:31:30.494] [CTRL] [INFO] [cid=-] REROUTE subject=- target=link-h1-s1 detail=up edge=s1-h1
[2026-09-15 08:31:30.495] [CTRL] [INFO] [cid=-] FLOW_INSTALL subject=- target=s1 detail=1 ipv4 flows changed
[2026-09-15 08:31:30.496] [CTRL] [INFO] [cid=-] FLOW_INSTALL subject=- target=s2 detail=1 ipv4 flows changed
[2026-09-15 08:31:30.496] [CTRL] [INFO] [cid=-] FLOW_INSTALL subject=- target=s3 detail=1 ipv4 flows changed
[2026-09-15 08:31:30.521] [UI] [cid=2af36f18-0507-4547-81f2-cd148fc777c9] DITTO_RESPONSE http=202 timedOut=false rejected=false durationMs=38 error= message=
[2026-09-15 08:31:30.521] [UI] [cid=2af36f18-0507-4547-81f2-cd148fc777c9] UI_ACK ok=true timedOut=false rejected=false http=202
[2026-09-15 08:31:30.526] [AGENT] [INFO] [cid=2af36f18-0507-4547-81f2-cd148fc777c9] RESPONSE_OK subject=enableLink target=org.dt4n.core:controller http_status=202
[2026-09-15 08:31:31.383] [SYNC] [INFO] [cid=-] STATE_DETECTED subject=- target=org.dt4n.core:host-h1 detail=up cycle=219
[2026-09-15 08:31:31.391] [SYNC] [INFO] [cid=-] STATE_PUSHED subject=- target=org.dt4n.core:host-h1 detail=up cycle=219
[2026-09-15 08:31:31.405] [SYNC] [INFO] [cid=-] STATE_DETECTED subject=- target=org.dt4n.core:link-h1-s1 detail=up cycle=219
[2026-09-15 08:31:31.411] [SYNC] [INFO] [cid=-] STATE_PUSHED subject=- target=org.dt4n.core:link-h1-s1 detail=up cycle=219
[2026-09-15 08:31:31.480] [UI] [cid=2af36f18-0507-4547-81f2-cd148fc777c9] STATE_OK target=org.dt4n.core:link-h1-s1 expect=up state=up

================================================================================
[2026-09-15 08:31:32.460] [UI] [cid=51f7a37b-a0d1-4133-85d5-ae91747af58b] CLICK subject=disableLink target=org.dt4n.core:link-h1-s1 stateBefore=up params={}
[2026-09-15 08:31:32.461] [UI] [cid=51f7a37b-a0d1-4133-85d5-ae91747af58b] WAIT_STATE target=org.dt4n.core:link-h1-s1 expect=down current=up timeoutMs=20000
[2026-09-15 08:31:32.462] [UI] [cid=51f7a37b-a0d1-4133-85d5-ae91747af58b] SEND  POST /ditto/api/2/things/org.dt4n.core:controller/inbox/messages/disableLink?timeout=0 timeout=0s
[2026-09-15 08:31:32.468] [AGENT] [INFO] [cid=51f7a37b-a0d1-4133-85d5-ae91747af58b] SSE_EVENT subject=disableLink target=org.dt4n.core:link-h1-s1 bytes=98 correlationSource=payload:clientCorrelationId eventName=disableLink sseFields=["event"]
[2026-09-15 08:31:32.469] [AGENT] [INFO] [cid=51f7a37b-a0d1-4133-85d5-ae91747af58b] RECEIVE subject=disableLink target=org.dt4n.core:link-h1-s1 params={}
[2026-09-15 08:31:32.469] [AGENT] [INFO] [cid=51f7a37b-a0d1-4133-85d5-ae91747af58b] EXECUTE_START subject=disableLink target=org.dt4n.core:link-h1-s1
[2026-09-15 08:31:32.469] [AGENT] [INFO] [cid=51f7a37b-a0d1-4133-85d5-ae91747af58b] LOCK_WAIT subject=disableLink target=org.dt4n.core:link-h1-s1 waitMs=0
[2026-09-15 08:31:32.473] [AGENT] [INFO] [cid=51f7a37b-a0d1-4133-85d5-ae91747af58b] EXECUTE_DONE subject=disableLink target=org.dt4n.core:link-h1-s1 detail=link h1-s1 -> down code=200
[2026-09-15 08:31:32.473] [AGENT] [INFO] [cid=51f7a37b-a0d1-4133-85d5-ae91747af58b] RESPONSE_SEND subject=disableLink target=org.dt4n.core:controller code=200 correlationSource=payload:clientCorrelationId ok=true
[2026-09-15 08:31:32.474] [CTRL] [INFO] [cid=-] REROUTE subject=- target=link-h1-s1 detail=down edge=s1-h1
[2026-09-15 08:31:32.497] [UI] [cid=51f7a37b-a0d1-4133-85d5-ae91747af58b] DITTO_RESPONSE http=202 timedOut=false rejected=false durationMs=36 error= message=
[2026-09-15 08:31:32.497] [UI] [cid=51f7a37b-a0d1-4133-85d5-ae91747af58b] UI_ACK ok=true timedOut=false rejected=false http=202
[2026-09-15 08:31:32.504] [AGENT] [INFO] [cid=51f7a37b-a0d1-4133-85d5-ae91747af58b] RESPONSE_OK subject=disableLink target=org.dt4n.core:controller http_status=202
[2026-09-15 08:31:33.383] [SYNC] [INFO] [cid=-] STATE_DETECTED subject=- target=org.dt4n.core:host-h1 detail=down cycle=221
[2026-09-15 08:31:33.391] [SYNC] [INFO] [cid=-] STATE_PUSHED subject=- target=org.dt4n.core:host-h1 detail=down cycle=221
[2026-09-15 08:31:33.404] [SYNC] [INFO] [cid=-] STATE_DETECTED subject=- target=org.dt4n.core:link-h1-s1 detail=down cycle=221
[2026-09-15 08:31:33.411] [SYNC] [INFO] [cid=-] STATE_PUSHED subject=- target=org.dt4n.core:link-h1-s1 detail=down cycle=221
[2026-09-15 08:31:33.461] [UI] [cid=51f7a37b-a0d1-4133-85d5-ae91747af58b] STATE_OK target=org.dt4n.core:link-h1-s1 expect=down state=down

================================================================================
[2026-09-15 08:31:34.495] [UI] [cid=8976b4ba-8da9-4993-9d28-da25bcf3240d] CLICK subject=enableLink target=org.dt4n.core:link-h1-s1 stateBefore=down params={}
[2026-09-15 08:31:34.495] [UI] [cid=8976b4ba-8da9-4993-9d28-da25bcf3240d] WAIT_STATE target=org.dt4n.core:link-h1-s1 expect=up current=down timeoutMs=20000
[2026-09-15 08:31:34.495] [UI] [cid=8976b4ba-8da9-4993-9d28-da25bcf3240d] SEND  POST /ditto/api/2/things/org.dt4n.core:controller/inbox/messages/enableLink?timeout=0 timeout=0s
[2026-09-15 08:31:34.504] [AGENT] [INFO] [cid=8976b4ba-8da9-4993-9d28-da25bcf3240d] SSE_EVENT subject=enableLink target=org.dt4n.core:link-h1-s1 bytes=98 correlationSource=payload:clientCorrelationId eventName=enableLink sseFields=["event"]
[2026-09-15 08:31:34.504] [AGENT] [INFO] [cid=8976b4ba-8da9-4993-9d28-da25bcf3240d] RECEIVE subject=enableLink target=org.dt4n.core:link-h1-s1 params={}
[2026-09-15 08:31:34.504] [AGENT] [INFO] [cid=8976b4ba-8da9-4993-9d28-da25bcf3240d] EXECUTE_START subject=enableLink target=org.dt4n.core:link-h1-s1
[2026-09-15 08:31:34.504] [AGENT] [INFO] [cid=8976b4ba-8da9-4993-9d28-da25bcf3240d] LOCK_WAIT subject=enableLink target=org.dt4n.core:link-h1-s1 waitMs=0
[2026-09-15 08:31:34.508] [AGENT] [INFO] [cid=8976b4ba-8da9-4993-9d28-da25bcf3240d] EXECUTE_DONE subject=enableLink target=org.dt4n.core:link-h1-s1 detail=link h1-s1 -> up code=200
[2026-09-15 08:31:34.508] [AGENT] [INFO] [cid=8976b4ba-8da9-4993-9d28-da25bcf3240d] RESPONSE_SEND subject=enableLink target=org.dt4n.core:controller code=200 correlationSource=payload:clientCorrelationId ok=true
[2026-09-15 08:31:34.513] [CTRL] [INFO] [cid=-] REROUTE subject=- target=link-h1-s1 detail=up edge=s1-h1
[2026-09-15 08:31:34.514] [CTRL] [INFO] [cid=-] FLOW_INSTALL subject=- target=s1 detail=1 ipv4 flows changed
[2026-09-15 08:31:34.514] [CTRL] [INFO] [cid=-] FLOW_INSTALL subject=- target=s2 detail=1 ipv4 flows changed
[2026-09-15 08:31:34.515] [CTRL] [INFO] [cid=-] FLOW_INSTALL subject=- target=s3 detail=1 ipv4 flows changed
[2026-09-15 08:31:34.528] [UI] [cid=8976b4ba-8da9-4993-9d28-da25bcf3240d] DITTO_RESPONSE http=202 timedOut=false rejected=false durationMs=35 error= message=
[2026-09-15 08:31:34.528] [UI] [cid=8976b4ba-8da9-4993-9d28-da25bcf3240d] UI_ACK ok=true timedOut=false rejected=false http=202
[2026-09-15 08:31:34.534] [AGENT] [INFO] [cid=8976b4ba-8da9-4993-9d28-da25bcf3240d] RESPONSE_OK subject=enableLink target=org.dt4n.core:controller http_status=202
[2026-09-15 08:31:35.383] [SYNC] [INFO] [cid=-] STATE_DETECTED subject=- target=org.dt4n.core:host-h1 detail=up cycle=223
[2026-09-15 08:31:35.392] [SYNC] [INFO] [cid=-] STATE_PUSHED subject=- target=org.dt4n.core:host-h1 detail=up cycle=223
[2026-09-15 08:31:35.406] [SYNC] [INFO] [cid=-] STATE_DETECTED subject=- target=org.dt4n.core:link-h1-s1 detail=up cycle=223
[2026-09-15 08:31:35.413] [SYNC] [INFO] [cid=-] STATE_PUSHED subject=- target=org.dt4n.core:link-h1-s1 detail=up cycle=223
[2026-09-15 08:31:35.493] [UI] [cid=8976b4ba-8da9-4993-9d28-da25bcf3240d] STATE_OK target=org.dt4n.core:link-h1-s1 expect=up state=up

================================================================================
[2026-09-15 08:31:36.478] [UI] [cid=c7adddfd-df3a-4c29-8161-a75f69fa9606] CLICK subject=disableLink target=org.dt4n.core:link-h1-s1 stateBefore=up params={}
[2026-09-15 08:31:36.478] [UI] [cid=c7adddfd-df3a-4c29-8161-a75f69fa9606] WAIT_STATE target=org.dt4n.core:link-h1-s1 expect=down current=up timeoutMs=20000
[2026-09-15 08:31:36.478] [UI] [cid=c7adddfd-df3a-4c29-8161-a75f69fa9606] SEND  POST /ditto/api/2/things/org.dt4n.core:controller/inbox/messages/disableLink?timeout=0 timeout=0s
[2026-09-15 08:31:36.485] [AGENT] [INFO] [cid=c7adddfd-df3a-4c29-8161-a75f69fa9606] SSE_EVENT subject=disableLink target=org.dt4n.core:link-h1-s1 bytes=98 correlationSource=payload:clientCorrelationId eventName=disableLink sseFields=["event"]
[2026-09-15 08:31:36.486] [AGENT] [INFO] [cid=c7adddfd-df3a-4c29-8161-a75f69fa9606] RECEIVE subject=disableLink target=org.dt4n.core:link-h1-s1 params={}
[2026-09-15 08:31:36.486] [AGENT] [INFO] [cid=c7adddfd-df3a-4c29-8161-a75f69fa9606] EXECUTE_START subject=disableLink target=org.dt4n.core:link-h1-s1
[2026-09-15 08:31:36.486] [AGENT] [INFO] [cid=c7adddfd-df3a-4c29-8161-a75f69fa9606] LOCK_WAIT subject=disableLink target=org.dt4n.core:link-h1-s1 waitMs=0
[2026-09-15 08:31:36.490] [AGENT] [INFO] [cid=c7adddfd-df3a-4c29-8161-a75f69fa9606] EXECUTE_DONE subject=disableLink target=org.dt4n.core:link-h1-s1 detail=link h1-s1 -> down code=200
[2026-09-15 08:31:36.491] [AGENT] [INFO] [cid=c7adddfd-df3a-4c29-8161-a75f69fa9606] RESPONSE_SEND subject=disableLink target=org.dt4n.core:controller code=200 correlationSource=payload:clientCorrelationId ok=true
[2026-09-15 08:31:36.492] [CTRL] [INFO] [cid=-] REROUTE subject=- target=link-h1-s1 detail=down edge=s1-h1
[2026-09-15 08:31:36.506] [UI] [cid=c7adddfd-df3a-4c29-8161-a75f69fa9606] DITTO_RESPONSE http=202 timedOut=false rejected=false durationMs=29 error= message=
[2026-09-15 08:31:36.506] [UI] [cid=c7adddfd-df3a-4c29-8161-a75f69fa9606] UI_ACK ok=true timedOut=false rejected=false http=202
[2026-09-15 08:31:36.524] [AGENT] [INFO] [cid=c7adddfd-df3a-4c29-8161-a75f69fa9606] RESPONSE_OK subject=disableLink target=org.dt4n.core:controller http_status=202
[2026-09-15 08:31:37.383] [SYNC] [INFO] [cid=-] STATE_DETECTED subject=- target=org.dt4n.core:host-h1 detail=down cycle=225
[2026-09-15 08:31:37.391] [SYNC] [INFO] [cid=-] STATE_PUSHED subject=- target=org.dt4n.core:host-h1 detail=down cycle=225
[2026-09-15 08:31:37.405] [SYNC] [INFO] [cid=-] STATE_DETECTED subject=- target=org.dt4n.core:link-h1-s1 detail=down cycle=225
[2026-09-15 08:31:37.412] [SYNC] [INFO] [cid=-] STATE_PUSHED subject=- target=org.dt4n.core:link-h1-s1 detail=down cycle=225
[2026-09-15 08:31:37.478] [UI] [cid=c7adddfd-df3a-4c29-8161-a75f69fa9606] STATE_OK target=org.dt4n.core:link-h1-s1 expect=down state=down

================================================================================
[2026-09-15 08:31:38.479] [UI] [cid=5e275018-9cf9-42d1-b88c-78411cb67de5] CLICK subject=enableLink target=org.dt4n.core:link-h1-s1 stateBefore=down params={}
[2026-09-15 08:31:38.479] [UI] [cid=5e275018-9cf9-42d1-b88c-78411cb67de5] WAIT_STATE target=org.dt4n.core:link-h1-s1 expect=up current=down timeoutMs=20000
[2026-09-15 08:31:38.479] [UI] [cid=5e275018-9cf9-42d1-b88c-78411cb67de5] SEND  POST /ditto/api/2/things/org.dt4n.core:controller/inbox/messages/enableLink?timeout=0 timeout=0s
[2026-09-15 08:31:38.486] [AGENT] [INFO] [cid=5e275018-9cf9-42d1-b88c-78411cb67de5] SSE_EVENT subject=enableLink target=org.dt4n.core:link-h1-s1 bytes=98 correlationSource=payload:clientCorrelationId eventName=enableLink sseFields=["event"]
[2026-09-15 08:31:38.486] [AGENT] [INFO] [cid=5e275018-9cf9-42d1-b88c-78411cb67de5] RECEIVE subject=enableLink target=org.dt4n.core:link-h1-s1 params={}
[2026-09-15 08:31:38.486] [AGENT] [INFO] [cid=5e275018-9cf9-42d1-b88c-78411cb67de5] EXECUTE_START subject=enableLink target=org.dt4n.core:link-h1-s1
[2026-09-15 08:31:38.486] [AGENT] [INFO] [cid=5e275018-9cf9-42d1-b88c-78411cb67de5] LOCK_WAIT subject=enableLink target=org.dt4n.core:link-h1-s1 waitMs=0
[2026-09-15 08:31:38.489] [AGENT] [INFO] [cid=5e275018-9cf9-42d1-b88c-78411cb67de5] EXECUTE_DONE subject=enableLink target=org.dt4n.core:link-h1-s1 detail=link h1-s1 -> up code=200
[2026-09-15 08:31:38.489] [AGENT] [INFO] [cid=5e275018-9cf9-42d1-b88c-78411cb67de5] RESPONSE_SEND subject=enableLink target=org.dt4n.core:controller code=200 correlationSource=payload:clientCorrelationId ok=true
[2026-09-15 08:31:38.493] [CTRL] [INFO] [cid=-] REROUTE subject=- target=link-h1-s1 detail=up edge=s1-h1
[2026-09-15 08:31:38.494] [CTRL] [INFO] [cid=-] FLOW_INSTALL subject=- target=s1 detail=1 ipv4 flows changed
[2026-09-15 08:31:38.494] [CTRL] [INFO] [cid=-] FLOW_INSTALL subject=- target=s2 detail=1 ipv4 flows changed
[2026-09-15 08:31:38.495] [CTRL] [INFO] [cid=-] FLOW_INSTALL subject=- target=s3 detail=1 ipv4 flows changed
[2026-09-15 08:31:38.506] [UI] [cid=5e275018-9cf9-42d1-b88c-78411cb67de5] DITTO_RESPONSE http=202 timedOut=false rejected=false durationMs=28 error= message=
[2026-09-15 08:31:38.506] [UI] [cid=5e275018-9cf9-42d1-b88c-78411cb67de5] UI_ACK ok=true timedOut=false rejected=false http=202
[2026-09-15 08:31:38.513] [AGENT] [INFO] [cid=5e275018-9cf9-42d1-b88c-78411cb67de5] RESPONSE_OK subject=enableLink target=org.dt4n.core:controller http_status=202
[2026-09-15 08:31:39.385] [SYNC] [INFO] [cid=-] STATE_DETECTED subject=- target=org.dt4n.core:host-h1 detail=up cycle=227
[2026-09-15 08:31:39.393] [SYNC] [INFO] [cid=-] STATE_PUSHED subject=- target=org.dt4n.core:host-h1 detail=up cycle=227
[2026-09-15 08:31:39.412] [SYNC] [INFO] [cid=-] STATE_DETECTED subject=- target=org.dt4n.core:link-h1-s1 detail=up cycle=227
[2026-09-15 08:31:39.419] [SYNC] [INFO] [cid=-] STATE_PUSHED subject=- target=org.dt4n.core:link-h1-s1 detail=up cycle=227
[2026-09-15 08:31:39.478] [UI] [cid=5e275018-9cf9-42d1-b88c-78411cb67de5] STATE_OK target=org.dt4n.core:link-h1-s1 expect=up state=up

================================================================================
[2026-09-15 08:31:40.493] [UI] [cid=dfdf78d6-0095-403a-89c7-9bcc2b43ae66] CLICK subject=disableLink target=org.dt4n.core:link-h1-s1 stateBefore=up params={}
[2026-09-15 08:31:40.493] [UI] [cid=dfdf78d6-0095-403a-89c7-9bcc2b43ae66] WAIT_STATE target=org.dt4n.core:link-h1-s1 expect=down current=up timeoutMs=20000
[2026-09-15 08:31:40.493] [UI] [cid=dfdf78d6-0095-403a-89c7-9bcc2b43ae66] SEND  POST /ditto/api/2/things/org.dt4n.core:controller/inbox/messages/disableLink?timeout=0 timeout=0s
[2026-09-15 08:31:40.500] [AGENT] [INFO] [cid=dfdf78d6-0095-403a-89c7-9bcc2b43ae66] SSE_EVENT subject=disableLink target=org.dt4n.core:link-h1-s1 bytes=98 correlationSource=payload:clientCorrelationId eventName=disableLink sseFields=["event"]
[2026-09-15 08:31:40.500] [AGENT] [INFO] [cid=dfdf78d6-0095-403a-89c7-9bcc2b43ae66] RECEIVE subject=disableLink target=org.dt4n.core:link-h1-s1 params={}
[2026-09-15 08:31:40.500] [AGENT] [INFO] [cid=dfdf78d6-0095-403a-89c7-9bcc2b43ae66] EXECUTE_START subject=disableLink target=org.dt4n.core:link-h1-s1
[2026-09-15 08:31:40.500] [AGENT] [INFO] [cid=dfdf78d6-0095-403a-89c7-9bcc2b43ae66] LOCK_WAIT subject=disableLink target=org.dt4n.core:link-h1-s1 waitMs=0
[2026-09-15 08:31:40.504] [AGENT] [INFO] [cid=dfdf78d6-0095-403a-89c7-9bcc2b43ae66] EXECUTE_DONE subject=disableLink target=org.dt4n.core:link-h1-s1 detail=link h1-s1 -> down code=200
[2026-09-15 08:31:40.504] [AGENT] [INFO] [cid=dfdf78d6-0095-403a-89c7-9bcc2b43ae66] RESPONSE_SEND subject=disableLink target=org.dt4n.core:controller code=200 correlationSource=payload:clientCorrelationId ok=true
[2026-09-15 08:31:40.508] [CTRL] [INFO] [cid=-] REROUTE subject=- target=link-h1-s1 detail=down edge=s1-h1
[2026-09-15 08:31:40.526] [UI] [cid=dfdf78d6-0095-403a-89c7-9bcc2b43ae66] DITTO_RESPONSE http=202 timedOut=false rejected=false durationMs=35 error= message=
[2026-09-15 08:31:40.528] [UI] [cid=dfdf78d6-0095-403a-89c7-9bcc2b43ae66] UI_ACK ok=true timedOut=false rejected=false http=202
[2026-09-15 08:31:40.534] [AGENT] [INFO] [cid=dfdf78d6-0095-403a-89c7-9bcc2b43ae66] RESPONSE_OK subject=disableLink target=org.dt4n.core:controller http_status=202
[2026-09-15 08:31:41.384] [SYNC] [INFO] [cid=-] STATE_DETECTED subject=- target=org.dt4n.core:host-h1 detail=down cycle=229
[2026-09-15 08:31:41.393] [SYNC] [INFO] [cid=-] STATE_PUSHED subject=- target=org.dt4n.core:host-h1 detail=down cycle=229
[2026-09-15 08:31:41.409] [SYNC] [INFO] [cid=-] STATE_DETECTED subject=- target=org.dt4n.core:link-h1-s1 detail=down cycle=229
[2026-09-15 08:31:41.419] [SYNC] [INFO] [cid=-] STATE_PUSHED subject=- target=org.dt4n.core:link-h1-s1 detail=down cycle=229
[2026-09-15 08:31:41.492] [UI] [cid=dfdf78d6-0095-403a-89c7-9bcc2b43ae66] STATE_OK target=org.dt4n.core:link-h1-s1 expect=down state=down

================================================================================
[2026-09-15 08:31:42.476] [UI] [cid=cacdc5f2-3a50-4eef-984d-c1f4c51556b5] CLICK subject=enableLink target=org.dt4n.core:link-h1-s1 stateBefore=down params={}
[2026-09-15 08:31:42.478] [UI] [cid=cacdc5f2-3a50-4eef-984d-c1f4c51556b5] WAIT_STATE target=org.dt4n.core:link-h1-s1 expect=up current=down timeoutMs=20000
[2026-09-15 08:31:42.478] [UI] [cid=cacdc5f2-3a50-4eef-984d-c1f4c51556b5] SEND  POST /ditto/api/2/things/org.dt4n.core:controller/inbox/messages/enableLink?timeout=0 timeout=0s
[2026-09-15 08:31:42.485] [AGENT] [INFO] [cid=cacdc5f2-3a50-4eef-984d-c1f4c51556b5] SSE_EVENT subject=enableLink target=org.dt4n.core:link-h1-s1 bytes=98 correlationSource=payload:clientCorrelationId eventName=enableLink sseFields=["event"]
[2026-09-15 08:31:42.485] [AGENT] [INFO] [cid=cacdc5f2-3a50-4eef-984d-c1f4c51556b5] RECEIVE subject=enableLink target=org.dt4n.core:link-h1-s1 params={}
[2026-09-15 08:31:42.485] [AGENT] [INFO] [cid=cacdc5f2-3a50-4eef-984d-c1f4c51556b5] EXECUTE_START subject=enableLink target=org.dt4n.core:link-h1-s1
[2026-09-15 08:31:42.485] [AGENT] [INFO] [cid=cacdc5f2-3a50-4eef-984d-c1f4c51556b5] LOCK_WAIT subject=enableLink target=org.dt4n.core:link-h1-s1 waitMs=0
[2026-09-15 08:31:42.489] [AGENT] [INFO] [cid=cacdc5f2-3a50-4eef-984d-c1f4c51556b5] EXECUTE_DONE subject=enableLink target=org.dt4n.core:link-h1-s1 detail=link h1-s1 -> up code=200
[2026-09-15 08:31:42.489] [AGENT] [INFO] [cid=cacdc5f2-3a50-4eef-984d-c1f4c51556b5] RESPONSE_SEND subject=enableLink target=org.dt4n.core:controller code=200 correlationSource=payload:clientCorrelationId ok=true
[2026-09-15 08:31:42.491] [CTRL] [INFO] [cid=-] REROUTE subject=- target=link-h1-s1 detail=up edge=s1-h1
[2026-09-15 08:31:42.492] [CTRL] [INFO] [cid=-] FLOW_INSTALL subject=- target=s1 detail=1 ipv4 flows changed
[2026-09-15 08:31:42.492] [CTRL] [INFO] [cid=-] FLOW_INSTALL subject=- target=s2 detail=1 ipv4 flows changed
[2026-09-15 08:31:42.493] [CTRL] [INFO] [cid=-] FLOW_INSTALL subject=- target=s3 detail=1 ipv4 flows changed
[2026-09-15 08:31:42.508] [UI] [cid=cacdc5f2-3a50-4eef-984d-c1f4c51556b5] DITTO_RESPONSE http=202 timedOut=false rejected=false durationMs=30 error= message=
[2026-09-15 08:31:42.508] [UI] [cid=cacdc5f2-3a50-4eef-984d-c1f4c51556b5] UI_ACK ok=true timedOut=false rejected=false http=202
[2026-09-15 08:31:42.514] [AGENT] [INFO] [cid=cacdc5f2-3a50-4eef-984d-c1f4c51556b5] RESPONSE_OK subject=enableLink target=org.dt4n.core:controller http_status=202
[2026-09-15 08:31:43.384] [SYNC] [INFO] [cid=-] STATE_DETECTED subject=- target=org.dt4n.core:host-h1 detail=up cycle=231
[2026-09-15 08:31:43.392] [SYNC] [INFO] [cid=-] STATE_PUSHED subject=- target=org.dt4n.core:host-h1 detail=up cycle=231
[2026-09-15 08:31:43.413] [SYNC] [INFO] [cid=-] STATE_DETECTED subject=- target=org.dt4n.core:link-h1-s1 detail=up cycle=231
[2026-09-15 08:31:43.420] [SYNC] [INFO] [cid=-] STATE_PUSHED subject=- target=org.dt4n.core:link-h1-s1 detail=up cycle=231
[2026-09-15 08:31:43.477] [UI] [cid=cacdc5f2-3a50-4eef-984d-c1f4c51556b5] STATE_OK target=org.dt4n.core:link-h1-s1 expect=up state=up
[2026-09-15 08:31:44.527] [UI] SSE_ERROR
[2026-09-15 08:31:44.563] [UI] TOPOLOGY_LOAD_START
[2026-09-15 08:31:44.563] [UI] event=state.resync.start level=info data={"tsServer":"2026-09-15T08:31:44.562Z","source":"dashboard","tsClient":"2026-09-15T08:31:44.560Z","seq":2,"event":"state.resync.start","level":"info","path":"/","reason":"initial-load"}
[2026-09-15 08:31:44.597] [UI] RESYNC_DONE reason=initial-load things=18 nodes=8 edges=8 durationMs=32
[2026-09-15 08:31:44.630] [UI] TOPOLOGY_LOAD_DONE
[2026-09-15 08:31:45.667] [UI] SSE_OPEN
[2026-09-15 08:31:45.667] [UI] event=state.resync.start level=info data={"tsServer":"2026-09-15T08:31:45.666Z","source":"dashboard","tsClient":"2026-09-15T08:31:45.664Z","seq":6,"event":"state.resync.start","level":"info","path":"/","reason":"sse-open"}
[2026-09-15 08:31:45.688] [UI] RESYNC_DONE reason=sse-open things=18 nodes=8 edges=8 durationMs=22
[2026-09-15 08:31:52.384] [SYNC] [INFO] [cid=-] STATE_DETECTED subject=- target=org.dt4n.core:host-h1 detail=up cycle=240
[2026-09-15 08:31:52.391] [SYNC] [INFO] [cid=-] STATE_PUSHED subject=- target=org.dt4n.core:host-h1 detail=up cycle=240
[2026-09-15 08:31:52.392] [SYNC] [INFO] [cid=-] STATE_DETECTED subject=- target=org.dt4n.core:host-h2 detail=up cycle=240
[2026-09-15 08:31:52.397] [SYNC] [INFO] [cid=-] STATE_PUSHED subject=- target=org.dt4n.core:host-h2 detail=up cycle=240
[2026-09-15 08:31:52.397] [SYNC] [INFO] [cid=-] STATE_DETECTED subject=- target=org.dt4n.core:host-h3 detail=up cycle=240
[2026-09-15 08:31:52.403] [SYNC] [INFO] [cid=-] STATE_PUSHED subject=- target=org.dt4n.core:host-h3 detail=up cycle=240
[2026-09-15 08:31:52.403] [SYNC] [INFO] [cid=-] STATE_DETECTED subject=- target=org.dt4n.core:host-srv1 detail=up cycle=240
[2026-09-15 08:31:52.410] [SYNC] [INFO] [cid=-] STATE_PUSHED subject=- target=org.dt4n.core:host-srv1 detail=up cycle=240
[2026-09-15 08:31:52.410] [SYNC] [INFO] [cid=-] STATE_DETECTED subject=- target=org.dt4n.core:host-srv2 detail=up cycle=240
[2026-09-15 08:31:52.415] [SYNC] [INFO] [cid=-] STATE_PUSHED subject=- target=org.dt4n.core:host-srv2 detail=up cycle=240
[2026-09-15 08:31:52.415] [SYNC] [INFO] [cid=-] STATE_DETECTED subject=- target=org.dt4n.core:switch-s1 detail=up cycle=240
[2026-09-15 08:31:52.421] [SYNC] [INFO] [cid=-] STATE_PUSHED subject=- target=org.dt4n.core:switch-s1 detail=up cycle=240
[2026-09-15 08:31:52.421] [SYNC] [INFO] [cid=-] STATE_DETECTED subject=- target=org.dt4n.core:switch-s2 detail=up cycle=240
[2026-09-15 08:31:52.426] [SYNC] [INFO] [cid=-] STATE_PUSHED subject=- target=org.dt4n.core:switch-s2 detail=up cycle=240
[2026-09-15 08:31:52.426] [SYNC] [INFO] [cid=-] STATE_DETECTED subject=- target=org.dt4n.core:switch-s3 detail=up cycle=240
[2026-09-15 08:31:52.431] [SYNC] [INFO] [cid=-] STATE_PUSHED subject=- target=org.dt4n.core:switch-s3 detail=up cycle=240
[2026-09-15 08:31:52.431] [SYNC] [INFO] [cid=-] STATE_DETECTED subject=- target=org.dt4n.core:link-h1-s1 detail=up cycle=240
[2026-09-15 08:31:52.437] [SYNC] [INFO] [cid=-] STATE_PUSHED subject=- target=org.dt4n.core:link-h1-s1 detail=up cycle=240
[2026-09-15 08:31:52.437] [SYNC] [INFO] [cid=-] STATE_DETECTED subject=- target=org.dt4n.core:link-h2-s1 detail=up cycle=240
[2026-09-15 08:31:52.441] [SYNC] [INFO] [cid=-] STATE_PUSHED subject=- target=org.dt4n.core:link-h2-s1 detail=up cycle=240
[2026-09-15 08:31:52.442] [SYNC] [INFO] [cid=-] STATE_DETECTED subject=- target=org.dt4n.core:link-h3-s1 detail=up cycle=240
[2026-09-15 08:31:52.447] [SYNC] [INFO] [cid=-] STATE_PUSHED subject=- target=org.dt4n.core:link-h3-s1 detail=up cycle=240
[2026-09-15 08:31:52.447] [SYNC] [INFO] [cid=-] STATE_DETECTED subject=- target=org.dt4n.core:link-s1-s2 detail=up cycle=240
[2026-09-15 08:31:52.452] [SYNC] [INFO] [cid=-] STATE_PUSHED subject=- target=org.dt4n.core:link-s1-s2 detail=up cycle=240
[2026-09-15 08:31:52.452] [SYNC] [INFO] [cid=-] STATE_DETECTED subject=- target=org.dt4n.core:link-s1-s3 detail=up cycle=240
[2026-09-15 08:31:52.457] [SYNC] [INFO] [cid=-] STATE_PUSHED subject=- target=org.dt4n.core:link-s1-s3 detail=up cycle=240
[2026-09-15 08:31:52.457] [SYNC] [INFO] [cid=-] STATE_DETECTED subject=- target=org.dt4n.core:link-s2-s3 detail=up cycle=240
[2026-09-15 08:31:52.462] [SYNC] [INFO] [cid=-] STATE_PUSHED subject=- target=org.dt4n.core:link-s2-s3 detail=up cycle=240
[2026-09-15 08:31:52.462] [SYNC] [INFO] [cid=-] STATE_DETECTED subject=- target=org.dt4n.core:link-s2-srv1 detail=up cycle=240
[2026-09-15 08:31:52.468] [SYNC] [INFO] [cid=-] STATE_PUSHED subject=- target=org.dt4n.core:link-s2-srv1 detail=up cycle=240
[2026-09-15 08:31:52.468] [SYNC] [INFO] [cid=-] STATE_DETECTED subject=- target=org.dt4n.core:link-s3-srv2 detail=up cycle=240
[2026-09-15 08:31:52.473] [SYNC] [INFO] [cid=-] STATE_PUSHED subject=- target=org.dt4n.core:link-s3-srv2 detail=up cycle=240
[2026-09-15 08:32:22.391] [SYNC] [INFO] [cid=-] STATE_DETECTED subject=- target=org.dt4n.core:host-h1 detail=up cycle=270
[2026-09-15 08:32:22.398] [SYNC] [INFO] [cid=-] STATE_PUSHED subject=- target=org.dt4n.core:host-h1 detail=up cycle=270
[2026-09-15 08:32:22.399] [SYNC] [INFO] [cid=-] STATE_DETECTED subject=- target=org.dt4n.core:host-h2 detail=up cycle=270
[2026-09-15 08:32:22.404] [SYNC] [INFO] [cid=-] STATE_PUSHED subject=- target=org.dt4n.core:host-h2 detail=up cycle=270
[2026-09-15 08:32:22.404] [SYNC] [INFO] [cid=-] STATE_DETECTED subject=- target=org.dt4n.core:host-h3 detail=up cycle=270
[2026-09-15 08:32:22.410] [SYNC] [INFO] [cid=-] STATE_PUSHED subject=- target=org.dt4n.core:host-h3 detail=up cycle=270
[2026-09-15 08:32:22.410] [SYNC] [INFO] [cid=-] STATE_DETECTED subject=- target=org.dt4n.core:host-srv1 detail=up cycle=270
[2026-09-15 08:32:22.415] [SYNC] [INFO] [cid=-] STATE_PUSHED subject=- target=org.dt4n.core:host-srv1 detail=up cycle=270
[2026-09-15 08:32:22.415] [SYNC] [INFO] [cid=-] STATE_DETECTED subject=- target=org.dt4n.core:host-srv2 detail=up cycle=270
[2026-09-15 08:32:22.420] [SYNC] [INFO] [cid=-] STATE_PUSHED subject=- target=org.dt4n.core:host-srv2 detail=up cycle=270
[2026-09-15 08:32:22.420] [SYNC] [INFO] [cid=-] STATE_DETECTED subject=- target=org.dt4n.core:switch-s1 detail=up cycle=270
[2026-09-15 08:32:22.425] [SYNC] [INFO] [cid=-] STATE_PUSHED subject=- target=org.dt4n.core:switch-s1 detail=up cycle=270
[2026-09-15 08:32:22.426] [SYNC] [INFO] [cid=-] STATE_DETECTED subject=- target=org.dt4n.core:switch-s2 detail=up cycle=270
[2026-09-15 08:32:22.431] [SYNC] [INFO] [cid=-] STATE_PUSHED subject=- target=org.dt4n.core:switch-s2 detail=up cycle=270
[2026-09-15 08:32:22.431] [SYNC] [INFO] [cid=-] STATE_DETECTED subject=- target=org.dt4n.core:switch-s3 detail=up cycle=270
[2026-09-15 08:32:22.436] [SYNC] [INFO] [cid=-] STATE_PUSHED subject=- target=org.dt4n.core:switch-s3 detail=up cycle=270
[2026-09-15 08:32:22.437] [SYNC] [INFO] [cid=-] STATE_DETECTED subject=- target=org.dt4n.core:link-h1-s1 detail=up cycle=270
[2026-09-15 08:32:22.442] [SYNC] [INFO] [cid=-] STATE_PUSHED subject=- target=org.dt4n.core:link-h1-s1 detail=up cycle=270
[2026-09-15 08:32:22.442] [SYNC] [INFO] [cid=-] STATE_DETECTED subject=- target=org.dt4n.core:link-h2-s1 detail=up cycle=270
[2026-09-15 08:32:22.447] [SYNC] [INFO] [cid=-] STATE_PUSHED subject=- target=org.dt4n.core:link-h2-s1 detail=up cycle=270
[2026-09-15 08:32:22.447] [SYNC] [INFO] [cid=-] STATE_DETECTED subject=- target=org.dt4n.core:link-h3-s1 detail=up cycle=270
[2026-09-15 08:32:22.453] [SYNC] [INFO] [cid=-] STATE_PUSHED subject=- target=org.dt4n.core:link-h3-s1 detail=up cycle=270
[2026-09-15 08:32:22.453] [SYNC] [INFO] [cid=-] STATE_DETECTED subject=- target=org.dt4n.core:link-s1-s2 detail=up cycle=270
[2026-09-15 08:32:22.458] [SYNC] [INFO] [cid=-] STATE_PUSHED subject=- target=org.dt4n.core:link-s1-s2 detail=up cycle=270
[2026-09-15 08:32:22.458] [SYNC] [INFO] [cid=-] STATE_DETECTED subject=- target=org.dt4n.core:link-s1-s3 detail=up cycle=270
[2026-09-15 08:32:22.464] [SYNC] [INFO] [cid=-] STATE_PUSHED subject=- target=org.dt4n.core:link-s1-s3 detail=up cycle=270
[2026-09-15 08:32:22.464] [SYNC] [INFO] [cid=-] STATE_DETECTED subject=- target=org.dt4n.core:link-s2-s3 detail=up cycle=270
[2026-09-15 08:32:22.470] [SYNC] [INFO] [cid=-] STATE_PUSHED subject=- target=org.dt4n.core:link-s2-s3 detail=up cycle=270
[2026-09-15 08:32:22.470] [SYNC] [INFO] [cid=-] STATE_DETECTED subject=- target=org.dt4n.core:link-s2-srv1 detail=up cycle=270
[2026-09-15 08:32:22.475] [SYNC] [INFO] [cid=-] STATE_PUSHED subject=- target=org.dt4n.core:link-s2-srv1 detail=up cycle=270
[2026-09-15 08:32:22.475] [SYNC] [INFO] [cid=-] STATE_DETECTED subject=- target=org.dt4n.core:link-s3-srv2 detail=up cycle=270
[2026-09-15 08:32:22.481] [SYNC] [INFO] [cid=-] STATE_PUSHED subject=- target=org.dt4n.core:link-s3-srv2 detail=up cycle=270
[2026-09-15 08:32:52.398] [SYNC] [INFO] [cid=-] STATE_DETECTED subject=- target=org.dt4n.core:host-h1 detail=up cycle=300
[2026-09-15 08:32:52.405] [SYNC] [INFO] [cid=-] STATE_PUSHED subject=- target=org.dt4n.core:host-h1 detail=up cycle=300
[2026-09-15 08:32:52.405] [SYNC] [INFO] [cid=-] STATE_DETECTED subject=- target=org.dt4n.core:host-h2 detail=up cycle=300
[2026-09-15 08:32:52.411] [SYNC] [INFO] [cid=-] STATE_PUSHED subject=- target=org.dt4n.core:host-h2 detail=up cycle=300
[2026-09-15 08:32:52.411] [SYNC] [INFO] [cid=-] STATE_DETECTED subject=- target=org.dt4n.core:host-h3 detail=up cycle=300
[2026-09-15 08:32:52.417] [SYNC] [INFO] [cid=-] STATE_PUSHED subject=- target=org.dt4n.core:host-h3 detail=up cycle=300
[2026-09-15 08:32:52.417] [SYNC] [INFO] [cid=-] STATE_DETECTED subject=- target=org.dt4n.core:host-srv1 detail=up cycle=300
[2026-09-15 08:32:52.422] [SYNC] [INFO] [cid=-] STATE_PUSHED subject=- target=org.dt4n.core:host-srv1 detail=up cycle=300
[2026-09-15 08:32:52.422] [SYNC] [INFO] [cid=-] STATE_DETECTED subject=- target=org.dt4n.core:host-srv2 detail=up cycle=300
[2026-09-15 08:32:52.427] [SYNC] [INFO] [cid=-] STATE_PUSHED subject=- target=org.dt4n.core:host-srv2 detail=up cycle=300
[2026-09-15 08:32:52.427] [SYNC] [INFO] [cid=-] STATE_DETECTED subject=- target=org.dt4n.core:switch-s1 detail=up cycle=300
[2026-09-15 08:32:52.431] [SYNC] [INFO] [cid=-] STATE_PUSHED subject=- target=org.dt4n.core:switch-s1 detail=up cycle=300
[2026-09-15 08:32:52.432] [SYNC] [INFO] [cid=-] STATE_DETECTED subject=- target=org.dt4n.core:switch-s2 detail=up cycle=300
[2026-09-15 08:32:52.436] [SYNC] [INFO] [cid=-] STATE_PUSHED subject=- target=org.dt4n.core:switch-s2 detail=up cycle=300
[2026-09-15 08:32:52.436] [SYNC] [INFO] [cid=-] STATE_DETECTED subject=- target=org.dt4n.core:switch-s3 detail=up cycle=300
[2026-09-15 08:32:52.441] [SYNC] [INFO] [cid=-] STATE_PUSHED subject=- target=org.dt4n.core:switch-s3 detail=up cycle=300
[2026-09-15 08:32:52.441] [SYNC] [INFO] [cid=-] STATE_DETECTED subject=- target=org.dt4n.core:link-h1-s1 detail=up cycle=300
[2026-09-15 08:32:52.446] [SYNC] [INFO] [cid=-] STATE_PUSHED subject=- target=org.dt4n.core:link-h1-s1 detail=up cycle=300
[2026-09-15 08:32:52.446] [SYNC] [INFO] [cid=-] STATE_DETECTED subject=- target=org.dt4n.core:link-h2-s1 detail=up cycle=300
[2026-09-15 08:32:52.451] [SYNC] [INFO] [cid=-] STATE_PUSHED subject=- target=org.dt4n.core:link-h2-s1 detail=up cycle=300
[2026-09-15 08:32:52.451] [SYNC] [INFO] [cid=-] STATE_DETECTED subject=- target=org.dt4n.core:link-h3-s1 detail=up cycle=300
[2026-09-15 08:32:52.456] [SYNC] [INFO] [cid=-] STATE_PUSHED subject=- target=org.dt4n.core:link-h3-s1 detail=up cycle=300
[2026-09-15 08:32:52.456] [SYNC] [INFO] [cid=-] STATE_DETECTED subject=- target=org.dt4n.core:link-s1-s2 detail=up cycle=300
[2026-09-15 08:32:52.461] [SYNC] [INFO] [cid=-] STATE_PUSHED subject=- target=org.dt4n.core:link-s1-s2 detail=up cycle=300
[2026-09-15 08:32:52.461] [SYNC] [INFO] [cid=-] STATE_DETECTED subject=- target=org.dt4n.core:link-s1-s3 detail=up cycle=300
[2026-09-15 08:32:52.466] [SYNC] [INFO] [cid=-] STATE_PUSHED subject=- target=org.dt4n.core:link-s1-s3 detail=up cycle=300
[2026-09-15 08:32:52.466] [SYNC] [INFO] [cid=-] STATE_DETECTED subject=- target=org.dt4n.core:link-s2-s3 detail=up cycle=300
[2026-09-15 08:32:52.471] [SYNC] [INFO] [cid=-] STATE_PUSHED subject=- target=org.dt4n.core:link-s2-s3 detail=up cycle=300
[2026-09-15 08:32:52.471] [SYNC] [INFO] [cid=-] STATE_DETECTED subject=- target=org.dt4n.core:link-s2-srv1 detail=up cycle=300
[2026-09-15 08:32:52.476] [SYNC] [INFO] [cid=-] STATE_PUSHED subject=- target=org.dt4n.core:link-s2-srv1 detail=up cycle=300
[2026-09-15 08:32:52.476] [SYNC] [INFO] [cid=-] STATE_DETECTED subject=- target=org.dt4n.core:link-s3-srv2 detail=up cycle=300
[2026-09-15 08:32:52.481] [SYNC] [INFO] [cid=-] STATE_PUSHED subject=- target=org.dt4n.core:link-s3-srv2 detail=up cycle=300
[2026-09-15 08:33:22.404] [SYNC] [INFO] [cid=-] STATE_DETECTED subject=- target=org.dt4n.core:host-h1 detail=up cycle=330
[2026-09-15 08:33:22.412] [SYNC] [INFO] [cid=-] STATE_PUSHED subject=- target=org.dt4n.core:host-h1 detail=up cycle=330
[2026-09-15 08:33:22.412] [SYNC] [INFO] [cid=-] STATE_DETECTED subject=- target=org.dt4n.core:host-h2 detail=up cycle=330
[2026-09-15 08:33:22.417] [SYNC] [INFO] [cid=-] STATE_PUSHED subject=- target=org.dt4n.core:host-h2 detail=up cycle=330
[2026-09-15 08:33:22.418] [SYNC] [INFO] [cid=-] STATE_DETECTED subject=- target=org.dt4n.core:host-h3 detail=up cycle=330
[2026-09-15 08:33:22.423] [SYNC] [INFO] [cid=-] STATE_PUSHED subject=- target=org.dt4n.core:host-h3 detail=up cycle=330
[2026-09-15 08:33:22.423] [SYNC] [INFO] [cid=-] STATE_DETECTED subject=- target=org.dt4n.core:host-srv1 detail=up cycle=330
[2026-09-15 08:33:22.428] [SYNC] [INFO] [cid=-] STATE_PUSHED subject=- target=org.dt4n.core:host-srv1 detail=up cycle=330
[2026-09-15 08:33:22.428] [SYNC] [INFO] [cid=-] STATE_DETECTED subject=- target=org.dt4n.core:host-srv2 detail=up cycle=330
[2026-09-15 08:33:22.433] [SYNC] [INFO] [cid=-] STATE_PUSHED subject=- target=org.dt4n.core:host-srv2 detail=up cycle=330
[2026-09-15 08:33:22.433] [SYNC] [INFO] [cid=-] STATE_DETECTED subject=- target=org.dt4n.core:switch-s1 detail=up cycle=330
[2026-09-15 08:33:22.438] [SYNC] [INFO] [cid=-] STATE_PUSHED subject=- target=org.dt4n.core:switch-s1 detail=up cycle=330
[2026-09-15 08:33:22.438] [SYNC] [INFO] [cid=-] STATE_DETECTED subject=- target=org.dt4n.core:switch-s2 detail=up cycle=330
[2026-09-15 08:33:22.443] [SYNC] [INFO] [cid=-] STATE_PUSHED subject=- target=org.dt4n.core:switch-s2 detail=up cycle=330
[2026-09-15 08:33:22.443] [SYNC] [INFO] [cid=-] STATE_DETECTED subject=- target=org.dt4n.core:switch-s3 detail=up cycle=330
[2026-09-15 08:33:22.448] [SYNC] [INFO] [cid=-] STATE_PUSHED subject=- target=org.dt4n.core:switch-s3 detail=up cycle=330
[2026-09-15 08:33:22.448] [SYNC] [INFO] [cid=-] STATE_DETECTED subject=- target=org.dt4n.core:link-h1-s1 detail=up cycle=330
[2026-09-15 08:33:22.453] [SYNC] [INFO] [cid=-] STATE_PUSHED subject=- target=org.dt4n.core:link-h1-s1 detail=up cycle=330
[2026-09-15 08:33:22.453] [SYNC] [INFO] [cid=-] STATE_DETECTED subject=- target=org.dt4n.core:link-h2-s1 detail=up cycle=330
[2026-09-15 08:33:22.458] [SYNC] [INFO] [cid=-] STATE_PUSHED subject=- target=org.dt4n.core:link-h2-s1 detail=up cycle=330
[2026-09-15 08:33:22.458] [SYNC] [INFO] [cid=-] STATE_DETECTED subject=- target=org.dt4n.core:link-h3-s1 detail=up cycle=330
[2026-09-15 08:33:22.463] [SYNC] [INFO] [cid=-] STATE_PUSHED subject=- target=org.dt4n.core:link-h3-s1 detail=up cycle=330
[2026-09-15 08:33:22.464] [SYNC] [INFO] [cid=-] STATE_DETECTED subject=- target=org.dt4n.core:link-s1-s2 detail=up cycle=330
[2026-09-15 08:33:22.469] [SYNC] [INFO] [cid=-] STATE_PUSHED subject=- target=org.dt4n.core:link-s1-s2 detail=up cycle=330
[2026-09-15 08:33:22.469] [SYNC] [INFO] [cid=-] STATE_DETECTED subject=- target=org.dt4n.core:link-s1-s3 detail=up cycle=330
[2026-09-15 08:33:22.474] [SYNC] [INFO] [cid=-] STATE_PUSHED subject=- target=org.dt4n.core:link-s1-s3 detail=up cycle=330
[2026-09-15 08:33:22.474] [SYNC] [INFO] [cid=-] STATE_DETECTED subject=- target=org.dt4n.core:link-s2-s3 detail=up cycle=330
[2026-09-15 08:33:22.479] [SYNC] [INFO] [cid=-] STATE_PUSHED subject=- target=org.dt4n.core:link-s2-s3 detail=up cycle=330
[2026-09-15 08:33:22.479] [SYNC] [INFO] [cid=-] STATE_DETECTED subject=- target=org.dt4n.core:link-s2-srv1 detail=up cycle=330
[2026-09-15 08:33:22.484] [SYNC] [INFO] [cid=-] STATE_PUSHED subject=- target=org.dt4n.core:link-s2-srv1 detail=up cycle=330
[2026-09-15 08:33:22.484] [SYNC] [INFO] [cid=-] STATE_DETECTED subject=- target=org.dt4n.core:link-s3-srv2 detail=up cycle=330
[2026-09-15 08:33:22.489] [SYNC] [INFO] [cid=-] STATE_PUSHED subject=- target=org.dt4n.core:link-s3-srv2 detail=up cycle=330
[2026-09-15 08:33:52.410] [SYNC] [INFO] [cid=-] STATE_DETECTED subject=- target=org.dt4n.core:host-h1 detail=up cycle=360
[2026-09-15 08:33:52.418] [SYNC] [INFO] [cid=-] STATE_PUSHED subject=- target=org.dt4n.core:host-h1 detail=up cycle=360
[2026-09-15 08:33:52.418] [SYNC] [INFO] [cid=-] STATE_DETECTED subject=- target=org.dt4n.core:host-h2 detail=up cycle=360
[2026-09-15 08:33:52.423] [SYNC] [INFO] [cid=-] STATE_PUSHED subject=- target=org.dt4n.core:host-h2 detail=up cycle=360
[2026-09-15 08:33:52.424] [SYNC] [INFO] [cid=-] STATE_DETECTED subject=- target=org.dt4n.core:host-h3 detail=up cycle=360
[2026-09-15 08:33:52.429] [SYNC] [INFO] [cid=-] STATE_PUSHED subject=- target=org.dt4n.core:host-h3 detail=up cycle=360
[2026-09-15 08:33:52.429] [SYNC] [INFO] [cid=-] STATE_DETECTED subject=- target=org.dt4n.core:host-srv1 detail=up cycle=360
[2026-09-15 08:33:52.434] [SYNC] [INFO] [cid=-] STATE_PUSHED subject=- target=org.dt4n.core:host-srv1 detail=up cycle=360
[2026-09-15 08:33:52.434] [SYNC] [INFO] [cid=-] STATE_DETECTED subject=- target=org.dt4n.core:host-srv2 detail=up cycle=360
[2026-09-15 08:33:52.439] [SYNC] [INFO] [cid=-] STATE_PUSHED subject=- target=org.dt4n.core:host-srv2 detail=up cycle=360
[2026-09-15 08:33:52.439] [SYNC] [INFO] [cid=-] STATE_DETECTED subject=- target=org.dt4n.core:switch-s1 detail=up cycle=360
[2026-09-15 08:33:52.444] [SYNC] [INFO] [cid=-] STATE_PUSHED subject=- target=org.dt4n.core:switch-s1 detail=up cycle=360
[2026-09-15 08:33:52.444] [SYNC] [INFO] [cid=-] STATE_DETECTED subject=- target=org.dt4n.core:switch-s2 detail=up cycle=360
[2026-09-15 08:33:52.449] [SYNC] [INFO] [cid=-] STATE_PUSHED subject=- target=org.dt4n.core:switch-s2 detail=up cycle=360
[2026-09-15 08:33:52.449] [SYNC] [INFO] [cid=-] STATE_DETECTED subject=- target=org.dt4n.core:switch-s3 detail=up cycle=360
[2026-09-15 08:33:52.455] [SYNC] [INFO] [cid=-] STATE_PUSHED subject=- target=org.dt4n.core:switch-s3 detail=up cycle=360
[2026-09-15 08:33:52.455] [SYNC] [INFO] [cid=-] STATE_DETECTED subject=- target=org.dt4n.core:link-h1-s1 detail=up cycle=360
[2026-09-15 08:33:52.460] [SYNC] [INFO] [cid=-] STATE_PUSHED subject=- target=org.dt4n.core:link-h1-s1 detail=up cycle=360
[2026-09-15 08:33:52.460] [SYNC] [INFO] [cid=-] STATE_DETECTED subject=- target=org.dt4n.core:link-h2-s1 detail=up cycle=360
[2026-09-15 08:33:52.465] [SYNC] [INFO] [cid=-] STATE_PUSHED subject=- target=org.dt4n.core:link-h2-s1 detail=up cycle=360
[2026-09-15 08:33:52.466] [SYNC] [INFO] [cid=-] STATE_DETECTED subject=- target=org.dt4n.core:link-h3-s1 detail=up cycle=360
[2026-09-15 08:33:52.471] [SYNC] [INFO] [cid=-] STATE_PUSHED subject=- target=org.dt4n.core:link-h3-s1 detail=up cycle=360
[2026-09-15 08:33:52.471] [SYNC] [INFO] [cid=-] STATE_DETECTED subject=- target=org.dt4n.core:link-s1-s2 detail=up cycle=360
[2026-09-15 08:33:52.476] [SYNC] [INFO] [cid=-] STATE_PUSHED subject=- target=org.dt4n.core:link-s1-s2 detail=up cycle=360
[2026-09-15 08:33:52.476] [SYNC] [INFO] [cid=-] STATE_DETECTED subject=- target=org.dt4n.core:link-s1-s3 detail=up cycle=360
[2026-09-15 08:33:52.481] [SYNC] [INFO] [cid=-] STATE_PUSHED subject=- target=org.dt4n.core:link-s1-s3 detail=up cycle=360
[2026-09-15 08:33:52.481] [SYNC] [INFO] [cid=-] STATE_DETECTED subject=- target=org.dt4n.core:link-s2-s3 detail=up cycle=360
[2026-09-15 08:33:52.486] [SYNC] [INFO] [cid=-] STATE_PUSHED subject=- target=org.dt4n.core:link-s2-s3 detail=up cycle=360
[2026-09-15 08:33:52.486] [SYNC] [INFO] [cid=-] STATE_DETECTED subject=- target=org.dt4n.core:link-s2-srv1 detail=up cycle=360
[2026-09-15 08:33:52.491] [SYNC] [INFO] [cid=-] STATE_PUSHED subject=- target=org.dt4n.core:link-s2-srv1 detail=up cycle=360
[2026-09-15 08:33:52.491] [SYNC] [INFO] [cid=-] STATE_DETECTED subject=- target=org.dt4n.core:link-s3-srv2 detail=up cycle=360
[2026-09-15 08:33:52.496] [SYNC] [INFO] [cid=-] STATE_PUSHED subject=- target=org.dt4n.core:link-s3-srv2 detail=up cycle=360
[2026-09-15 08:34:22.417] [SYNC] [INFO] [cid=-] STATE_DETECTED subject=- target=org.dt4n.core:host-h1 detail=up cycle=390
[2026-09-15 08:34:22.424] [SYNC] [INFO] [cid=-] STATE_PUSHED subject=- target=org.dt4n.core:host-h1 detail=up cycle=390
[2026-09-15 08:34:22.424] [SYNC] [INFO] [cid=-] STATE_DETECTED subject=- target=org.dt4n.core:host-h2 detail=up cycle=390
[2026-09-15 08:34:22.430] [SYNC] [INFO] [cid=-] STATE_PUSHED subject=- target=org.dt4n.core:host-h2 detail=up cycle=390
[2026-09-15 08:34:22.430] [SYNC] [INFO] [cid=-] STATE_DETECTED subject=- target=org.dt4n.core:host-h3 detail=up cycle=390
[2026-09-15 08:34:22.435] [SYNC] [INFO] [cid=-] STATE_PUSHED subject=- target=org.dt4n.core:host-h3 detail=up cycle=390
[2026-09-15 08:34:22.435] [SYNC] [INFO] [cid=-] STATE_DETECTED subject=- target=org.dt4n.core:host-srv1 detail=up cycle=390
[2026-09-15 08:34:22.440] [SYNC] [INFO] [cid=-] STATE_PUSHED subject=- target=org.dt4n.core:host-srv1 detail=up cycle=390
[2026-09-15 08:34:22.440] [SYNC] [INFO] [cid=-] STATE_DETECTED subject=- target=org.dt4n.core:host-srv2 detail=up cycle=390
[2026-09-15 08:34:22.445] [SYNC] [INFO] [cid=-] STATE_PUSHED subject=- target=org.dt4n.core:host-srv2 detail=up cycle=390
[2026-09-15 08:34:22.446] [SYNC] [INFO] [cid=-] STATE_DETECTED subject=- target=org.dt4n.core:switch-s1 detail=up cycle=390
[2026-09-15 08:34:22.450] [SYNC] [INFO] [cid=-] STATE_PUSHED subject=- target=org.dt4n.core:switch-s1 detail=up cycle=390
[2026-09-15 08:34:22.450] [SYNC] [INFO] [cid=-] STATE_DETECTED subject=- target=org.dt4n.core:switch-s2 detail=up cycle=390
[2026-09-15 08:34:22.455] [SYNC] [INFO] [cid=-] STATE_PUSHED subject=- target=org.dt4n.core:switch-s2 detail=up cycle=390
[2026-09-15 08:34:22.455] [SYNC] [INFO] [cid=-] STATE_DETECTED subject=- target=org.dt4n.core:switch-s3 detail=up cycle=390
[2026-09-15 08:34:22.461] [SYNC] [INFO] [cid=-] STATE_PUSHED subject=- target=org.dt4n.core:switch-s3 detail=up cycle=390
[2026-09-15 08:34:22.461] [SYNC] [INFO] [cid=-] STATE_DETECTED subject=- target=org.dt4n.core:link-h1-s1 detail=up cycle=390
[2026-09-15 08:34:22.466] [SYNC] [INFO] [cid=-] STATE_PUSHED subject=- target=org.dt4n.core:link-h1-s1 detail=up cycle=390
[2026-09-15 08:34:22.466] [SYNC] [INFO] [cid=-] STATE_DETECTED subject=- target=org.dt4n.core:link-h2-s1 detail=up cycle=390
[2026-09-15 08:34:22.471] [SYNC] [INFO] [cid=-] STATE_PUSHED subject=- target=org.dt4n.core:link-h2-s1 detail=up cycle=390
[2026-09-15 08:34:22.471] [SYNC] [INFO] [cid=-] STATE_DETECTED subject=- target=org.dt4n.core:link-h3-s1 detail=up cycle=390
[2026-09-15 08:34:22.476] [SYNC] [INFO] [cid=-] STATE_PUSHED subject=- target=org.dt4n.core:link-h3-s1 detail=up cycle=390
[2026-09-15 08:34:22.476] [SYNC] [INFO] [cid=-] STATE_DETECTED subject=- target=org.dt4n.core:link-s1-s2 detail=up cycle=390
[2026-09-15 08:34:22.481] [SYNC] [INFO] [cid=-] STATE_PUSHED subject=- target=org.dt4n.core:link-s1-s2 detail=up cycle=390
[2026-09-15 08:34:22.482] [SYNC] [INFO] [cid=-] STATE_DETECTED subject=- target=org.dt4n.core:link-s1-s3 detail=up cycle=390
[2026-09-15 08:34:22.487] [SYNC] [INFO] [cid=-] STATE_PUSHED subject=- target=org.dt4n.core:link-s1-s3 detail=up cycle=390
[2026-09-15 08:34:22.487] [SYNC] [INFO] [cid=-] STATE_DETECTED subject=- target=org.dt4n.core:link-s2-s3 detail=up cycle=390
[2026-09-15 08:34:22.496] [SYNC] [INFO] [cid=-] STATE_PUSHED subject=- target=org.dt4n.core:link-s2-s3 detail=up cycle=390
[2026-09-15 08:34:22.496] [SYNC] [INFO] [cid=-] STATE_DETECTED subject=- target=org.dt4n.core:link-s2-srv1 detail=up cycle=390
[2026-09-15 08:34:22.501] [SYNC] [INFO] [cid=-] STATE_PUSHED subject=- target=org.dt4n.core:link-s2-srv1 detail=up cycle=390
[2026-09-15 08:34:22.502] [SYNC] [INFO] [cid=-] STATE_DETECTED subject=- target=org.dt4n.core:link-s3-srv2 detail=up cycle=390
[2026-09-15 08:34:22.507] [SYNC] [INFO] [cid=-] STATE_PUSHED subject=- target=org.dt4n.core:link-s3-srv2 detail=up cycle=390
[2026-09-15 08:34:52.425] [SYNC] [INFO] [cid=-] STATE_DETECTED subject=- target=org.dt4n.core:host-h1 detail=up cycle=420
[2026-09-15 08:34:52.432] [SYNC] [INFO] [cid=-] STATE_PUSHED subject=- target=org.dt4n.core:host-h1 detail=up cycle=420
[2026-09-15 08:34:52.432] [SYNC] [INFO] [cid=-] STATE_DETECTED subject=- target=org.dt4n.core:host-h2 detail=up cycle=420
[2026-09-15 08:34:52.438] [SYNC] [INFO] [cid=-] STATE_PUSHED subject=- target=org.dt4n.core:host-h2 detail=up cycle=420
[2026-09-15 08:34:52.438] [SYNC] [INFO] [cid=-] STATE_DETECTED subject=- target=org.dt4n.core:host-h3 detail=up cycle=420
[2026-09-15 08:34:52.443] [SYNC] [INFO] [cid=-] STATE_PUSHED subject=- target=org.dt4n.core:host-h3 detail=up cycle=420
[2026-09-15 08:34:52.443] [SYNC] [INFO] [cid=-] STATE_DETECTED subject=- target=org.dt4n.core:host-srv1 detail=up cycle=420
[2026-09-15 08:34:52.448] [SYNC] [INFO] [cid=-] STATE_PUSHED subject=- target=org.dt4n.core:host-srv1 detail=up cycle=420
[2026-09-15 08:34:52.448] [SYNC] [INFO] [cid=-] STATE_DETECTED subject=- target=org.dt4n.core:host-srv2 detail=up cycle=420
[2026-09-15 08:34:52.453] [SYNC] [INFO] [cid=-] STATE_PUSHED subject=- target=org.dt4n.core:host-srv2 detail=up cycle=420
[2026-09-15 08:34:52.454] [SYNC] [INFO] [cid=-] STATE_DETECTED subject=- target=org.dt4n.core:switch-s1 detail=up cycle=420
[2026-09-15 08:34:52.459] [SYNC] [INFO] [cid=-] STATE_PUSHED subject=- target=org.dt4n.core:switch-s1 detail=up cycle=420
[2026-09-15 08:34:52.459] [SYNC] [INFO] [cid=-] STATE_DETECTED subject=- target=org.dt4n.core:switch-s2 detail=up cycle=420
[2026-09-15 08:34:52.464] [SYNC] [INFO] [cid=-] STATE_PUSHED subject=- target=org.dt4n.core:switch-s2 detail=up cycle=420
[2026-09-15 08:34:52.464] [SYNC] [INFO] [cid=-] STATE_DETECTED subject=- target=org.dt4n.core:switch-s3 detail=up cycle=420
[2026-09-15 08:34:52.469] [SYNC] [INFO] [cid=-] STATE_PUSHED subject=- target=org.dt4n.core:switch-s3 detail=up cycle=420
[2026-09-15 08:34:52.469] [SYNC] [INFO] [cid=-] STATE_DETECTED subject=- target=org.dt4n.core:link-h1-s1 detail=up cycle=420
[2026-09-15 08:34:52.475] [SYNC] [INFO] [cid=-] STATE_PUSHED subject=- target=org.dt4n.core:link-h1-s1 detail=up cycle=420
[2026-09-15 08:34:52.476] [SYNC] [INFO] [cid=-] STATE_DETECTED subject=- target=org.dt4n.core:link-h2-s1 detail=up cycle=420
[2026-09-15 08:34:52.481] [SYNC] [INFO] [cid=-] STATE_PUSHED subject=- target=org.dt4n.core:link-h2-s1 detail=up cycle=420
[2026-09-15 08:34:52.481] [SYNC] [INFO] [cid=-] STATE_DETECTED subject=- target=org.dt4n.core:link-h3-s1 detail=up cycle=420
[2026-09-15 08:34:52.486] [SYNC] [INFO] [cid=-] STATE_PUSHED subject=- target=org.dt4n.core:link-h3-s1 detail=up cycle=420
[2026-09-15 08:34:52.486] [SYNC] [INFO] [cid=-] STATE_DETECTED subject=- target=org.dt4n.core:link-s1-s2 detail=up cycle=420
[2026-09-15 08:34:52.492] [SYNC] [INFO] [cid=-] STATE_PUSHED subject=- target=org.dt4n.core:link-s1-s2 detail=up cycle=420
[2026-09-15 08:34:52.492] [SYNC] [INFO] [cid=-] STATE_DETECTED subject=- target=org.dt4n.core:link-s1-s3 detail=up cycle=420
[2026-09-15 08:34:52.497] [SYNC] [INFO] [cid=-] STATE_PUSHED subject=- target=org.dt4n.core:link-s1-s3 detail=up cycle=420
[2026-09-15 08:34:52.497] [SYNC] [INFO] [cid=-] STATE_DETECTED subject=- target=org.dt4n.core:link-s2-s3 detail=up cycle=420
[2026-09-15 08:34:52.503] [SYNC] [INFO] [cid=-] STATE_PUSHED subject=- target=org.dt4n.core:link-s2-s3 detail=up cycle=420
[2026-09-15 08:34:52.503] [SYNC] [INFO] [cid=-] STATE_DETECTED subject=- target=org.dt4n.core:link-s2-srv1 detail=up cycle=420
[2026-09-15 08:34:52.508] [SYNC] [INFO] [cid=-] STATE_PUSHED subject=- target=org.dt4n.core:link-s2-srv1 detail=up cycle=420
[2026-09-15 08:34:52.508] [SYNC] [INFO] [cid=-] STATE_DETECTED subject=- target=org.dt4n.core:link-s3-srv2 detail=up cycle=420
[2026-09-15 08:34:52.514] [SYNC] [INFO] [cid=-] STATE_PUSHED subject=- target=org.dt4n.core:link-s3-srv2 detail=up cycle=420
[2026-09-15 08:35:22.430] [SYNC] [INFO] [cid=-] STATE_DETECTED subject=- target=org.dt4n.core:host-h1 detail=up cycle=450
[2026-09-15 08:35:22.437] [SYNC] [INFO] [cid=-] STATE_PUSHED subject=- target=org.dt4n.core:host-h1 detail=up cycle=450
[2026-09-15 08:35:22.437] [SYNC] [INFO] [cid=-] STATE_DETECTED subject=- target=org.dt4n.core:host-h2 detail=up cycle=450
[2026-09-15 08:35:22.443] [SYNC] [INFO] [cid=-] STATE_PUSHED subject=- target=org.dt4n.core:host-h2 detail=up cycle=450
[2026-09-15 08:35:22.443] [SYNC] [INFO] [cid=-] STATE_DETECTED subject=- target=org.dt4n.core:host-h3 detail=up cycle=450
[2026-09-15 08:35:22.448] [SYNC] [INFO] [cid=-] STATE_PUSHED subject=- target=org.dt4n.core:host-h3 detail=up cycle=450
[2026-09-15 08:35:22.448] [SYNC] [INFO] [cid=-] STATE_DETECTED subject=- target=org.dt4n.core:host-srv1 detail=up cycle=450
[2026-09-15 08:35:22.453] [SYNC] [INFO] [cid=-] STATE_PUSHED subject=- target=org.dt4n.core:host-srv1 detail=up cycle=450
[2026-09-15 08:35:22.453] [SYNC] [INFO] [cid=-] STATE_DETECTED subject=- target=org.dt4n.core:host-srv2 detail=up cycle=450
[2026-09-15 08:35:22.458] [SYNC] [INFO] [cid=-] STATE_PUSHED subject=- target=org.dt4n.core:host-srv2 detail=up cycle=450
[2026-09-15 08:35:22.458] [SYNC] [INFO] [cid=-] STATE_DETECTED subject=- target=org.dt4n.core:switch-s1 detail=up cycle=450
[2026-09-15 08:35:22.463] [SYNC] [INFO] [cid=-] STATE_PUSHED subject=- target=org.dt4n.core:switch-s1 detail=up cycle=450
[2026-09-15 08:35:22.463] [SYNC] [INFO] [cid=-] STATE_DETECTED subject=- target=org.dt4n.core:switch-s2 detail=up cycle=450
[2026-09-15 08:35:22.468] [SYNC] [INFO] [cid=-] STATE_PUSHED subject=- target=org.dt4n.core:switch-s2 detail=up cycle=450
[2026-09-15 08:35:22.468] [SYNC] [INFO] [cid=-] STATE_DETECTED subject=- target=org.dt4n.core:switch-s3 detail=up cycle=450
[2026-09-15 08:35:22.472] [SYNC] [INFO] [cid=-] STATE_PUSHED subject=- target=org.dt4n.core:switch-s3 detail=up cycle=450
[2026-09-15 08:35:22.473] [SYNC] [INFO] [cid=-] STATE_DETECTED subject=- target=org.dt4n.core:link-h1-s1 detail=up cycle=450
[2026-09-15 08:35:22.477] [SYNC] [INFO] [cid=-] STATE_PUSHED subject=- target=org.dt4n.core:link-h1-s1 detail=up cycle=450
[2026-09-15 08:35:22.477] [SYNC] [INFO] [cid=-] STATE_DETECTED subject=- target=org.dt4n.core:link-h2-s1 detail=up cycle=450
[2026-09-15 08:35:22.482] [SYNC] [INFO] [cid=-] STATE_PUSHED subject=- target=org.dt4n.core:link-h2-s1 detail=up cycle=450
[2026-09-15 08:35:22.482] [SYNC] [INFO] [cid=-] STATE_DETECTED subject=- target=org.dt4n.core:link-h3-s1 detail=up cycle=450
[2026-09-15 08:35:22.487] [SYNC] [INFO] [cid=-] STATE_PUSHED subject=- target=org.dt4n.core:link-h3-s1 detail=up cycle=450
[2026-09-15 08:35:22.487] [SYNC] [INFO] [cid=-] STATE_DETECTED subject=- target=org.dt4n.core:link-s1-s2 detail=up cycle=450
[2026-09-15 08:35:22.492] [SYNC] [INFO] [cid=-] STATE_PUSHED subject=- target=org.dt4n.core:link-s1-s2 detail=up cycle=450
[2026-09-15 08:35:22.492] [SYNC] [INFO] [cid=-] STATE_DETECTED subject=- target=org.dt4n.core:link-s1-s3 detail=up cycle=450
[2026-09-15 08:35:22.497] [SYNC] [INFO] [cid=-] STATE_PUSHED subject=- target=org.dt4n.core:link-s1-s3 detail=up cycle=450
[2026-09-15 08:35:22.497] [SYNC] [INFO] [cid=-] STATE_DETECTED subject=- target=org.dt4n.core:link-s2-s3 detail=up cycle=450
[2026-09-15 08:35:22.502] [SYNC] [INFO] [cid=-] STATE_PUSHED subject=- target=org.dt4n.core:link-s2-s3 detail=up cycle=450
[2026-09-15 08:35:22.502] [SYNC] [INFO] [cid=-] STATE_DETECTED subject=- target=org.dt4n.core:link-s2-srv1 detail=up cycle=450
[2026-09-15 08:35:22.506] [SYNC] [INFO] [cid=-] STATE_PUSHED subject=- target=org.dt4n.core:link-s2-srv1 detail=up cycle=450
[2026-09-15 08:35:22.507] [SYNC] [INFO] [cid=-] STATE_DETECTED subject=- target=org.dt4n.core:link-s3-srv2 detail=up cycle=450
[2026-09-15 08:35:22.511] [SYNC] [INFO] [cid=-] STATE_PUSHED subject=- target=org.dt4n.core:link-s3-srv2 detail=up cycle=450
[2026-09-15 08:35:52.439] [SYNC] [INFO] [cid=-] STATE_DETECTED subject=- target=org.dt4n.core:host-h1 detail=up cycle=480
[2026-09-15 08:35:52.447] [SYNC] [INFO] [cid=-] STATE_PUSHED subject=- target=org.dt4n.core:host-h1 detail=up cycle=480
[2026-09-15 08:35:52.447] [SYNC] [INFO] [cid=-] STATE_DETECTED subject=- target=org.dt4n.core:host-h2 detail=up cycle=480
[2026-09-15 08:35:52.453] [SYNC] [INFO] [cid=-] STATE_PUSHED subject=- target=org.dt4n.core:host-h2 detail=up cycle=480
[2026-09-15 08:35:52.453] [SYNC] [INFO] [cid=-] STATE_DETECTED subject=- target=org.dt4n.core:host-h3 detail=up cycle=480
[2026-09-15 08:35:52.459] [SYNC] [INFO] [cid=-] STATE_PUSHED subject=- target=org.dt4n.core:host-h3 detail=up cycle=480
[2026-09-15 08:35:52.459] [SYNC] [INFO] [cid=-] STATE_DETECTED subject=- target=org.dt4n.core:host-srv1 detail=up cycle=480
[2026-09-15 08:35:52.465] [SYNC] [INFO] [cid=-] STATE_PUSHED subject=- target=org.dt4n.core:host-srv1 detail=up cycle=480
[2026-09-15 08:35:52.465] [SYNC] [INFO] [cid=-] STATE_DETECTED subject=- target=org.dt4n.core:host-srv2 detail=up cycle=480
[2026-09-15 08:35:52.470] [SYNC] [INFO] [cid=-] STATE_PUSHED subject=- target=org.dt4n.core:host-srv2 detail=up cycle=480
[2026-09-15 08:35:52.470] [SYNC] [INFO] [cid=-] STATE_DETECTED subject=- target=org.dt4n.core:switch-s1 detail=up cycle=480
[2026-09-15 08:35:52.476] [SYNC] [INFO] [cid=-] STATE_PUSHED subject=- target=org.dt4n.core:switch-s1 detail=up cycle=480
[2026-09-15 08:35:52.476] [SYNC] [INFO] [cid=-] STATE_DETECTED subject=- target=org.dt4n.core:switch-s2 detail=up cycle=480
[2026-09-15 08:35:52.481] [SYNC] [INFO] [cid=-] STATE_PUSHED subject=- target=org.dt4n.core:switch-s2 detail=up cycle=480
[2026-09-15 08:35:52.481] [SYNC] [INFO] [cid=-] STATE_DETECTED subject=- target=org.dt4n.core:switch-s3 detail=up cycle=480
[2026-09-15 08:35:52.485] [SYNC] [INFO] [cid=-] STATE_PUSHED subject=- target=org.dt4n.core:switch-s3 detail=up cycle=480
[2026-09-15 08:35:52.485] [SYNC] [INFO] [cid=-] STATE_DETECTED subject=- target=org.dt4n.core:link-h1-s1 detail=up cycle=480
[2026-09-15 08:35:52.490] [SYNC] [INFO] [cid=-] STATE_PUSHED subject=- target=org.dt4n.core:link-h1-s1 detail=up cycle=480
[2026-09-15 08:35:52.490] [SYNC] [INFO] [cid=-] STATE_DETECTED subject=- target=org.dt4n.core:link-h2-s1 detail=up cycle=480
[2026-09-15 08:35:52.495] [SYNC] [INFO] [cid=-] STATE_PUSHED subject=- target=org.dt4n.core:link-h2-s1 detail=up cycle=480
[2026-09-15 08:35:52.495] [SYNC] [INFO] [cid=-] STATE_DETECTED subject=- target=org.dt4n.core:link-h3-s1 detail=up cycle=480
[2026-09-15 08:35:52.500] [SYNC] [INFO] [cid=-] STATE_PUSHED subject=- target=org.dt4n.core:link-h3-s1 detail=up cycle=480
[2026-09-15 08:35:52.500] [SYNC] [INFO] [cid=-] STATE_DETECTED subject=- target=org.dt4n.core:link-s1-s2 detail=up cycle=480
[2026-09-15 08:35:52.505] [SYNC] [INFO] [cid=-] STATE_PUSHED subject=- target=org.dt4n.core:link-s1-s2 detail=up cycle=480
[2026-09-15 08:35:52.505] [SYNC] [INFO] [cid=-] STATE_DETECTED subject=- target=org.dt4n.core:link-s1-s3 detail=up cycle=480
[2026-09-15 08:35:52.510] [SYNC] [INFO] [cid=-] STATE_PUSHED subject=- target=org.dt4n.core:link-s1-s3 detail=up cycle=480
[2026-09-15 08:35:52.510] [SYNC] [INFO] [cid=-] STATE_DETECTED subject=- target=org.dt4n.core:link-s2-s3 detail=up cycle=480
[2026-09-15 08:35:52.515] [SYNC] [INFO] [cid=-] STATE_PUSHED subject=- target=org.dt4n.core:link-s2-s3 detail=up cycle=480
[2026-09-15 08:35:52.515] [SYNC] [INFO] [cid=-] STATE_DETECTED subject=- target=org.dt4n.core:link-s2-srv1 detail=up cycle=480
[2026-09-15 08:35:52.520] [SYNC] [INFO] [cid=-] STATE_PUSHED subject=- target=org.dt4n.core:link-s2-srv1 detail=up cycle=480
[2026-09-15 08:35:52.520] [SYNC] [INFO] [cid=-] STATE_DETECTED subject=- target=org.dt4n.core:link-s3-srv2 detail=up cycle=480
[2026-09-15 08:35:52.524] [SYNC] [INFO] [cid=-] STATE_PUSHED subject=- target=org.dt4n.core:link-s3-srv2 detail=up cycle=480
[2026-09-15 08:36:22.443] [SYNC] [INFO] [cid=-] STATE_DETECTED subject=- target=org.dt4n.core:host-h1 detail=up cycle=510
[2026-09-15 08:36:22.450] [SYNC] [INFO] [cid=-] STATE_PUSHED subject=- target=org.dt4n.core:host-h1 detail=up cycle=510
[2026-09-15 08:36:22.450] [SYNC] [INFO] [cid=-] STATE_DETECTED subject=- target=org.dt4n.core:host-h2 detail=up cycle=510
[2026-09-15 08:36:22.456] [SYNC] [INFO] [cid=-] STATE_PUSHED subject=- target=org.dt4n.core:host-h2 detail=up cycle=510
[2026-09-15 08:36:22.456] [SYNC] [INFO] [cid=-] STATE_DETECTED subject=- target=org.dt4n.core:host-h3 detail=up cycle=510
[2026-09-15 08:36:22.461] [SYNC] [INFO] [cid=-] STATE_PUSHED subject=- target=org.dt4n.core:host-h3 detail=up cycle=510
[2026-09-15 08:36:22.461] [SYNC] [INFO] [cid=-] STATE_DETECTED subject=- target=org.dt4n.core:host-srv1 detail=up cycle=510
[2026-09-15 08:36:22.466] [SYNC] [INFO] [cid=-] STATE_PUSHED subject=- target=org.dt4n.core:host-srv1 detail=up cycle=510
[2026-09-15 08:36:22.466] [SYNC] [INFO] [cid=-] STATE_DETECTED subject=- target=org.dt4n.core:host-srv2 detail=up cycle=510
[2026-09-15 08:36:22.471] [SYNC] [INFO] [cid=-] STATE_PUSHED subject=- target=org.dt4n.core:host-srv2 detail=up cycle=510
[2026-09-15 08:36:22.471] [SYNC] [INFO] [cid=-] STATE_DETECTED subject=- target=org.dt4n.core:switch-s1 detail=up cycle=510
[2026-09-15 08:36:22.476] [SYNC] [INFO] [cid=-] STATE_PUSHED subject=- target=org.dt4n.core:switch-s1 detail=up cycle=510
[2026-09-15 08:36:22.476] [SYNC] [INFO] [cid=-] STATE_DETECTED subject=- target=org.dt4n.core:switch-s2 detail=up cycle=510
[2026-09-15 08:36:22.481] [SYNC] [INFO] [cid=-] STATE_PUSHED subject=- target=org.dt4n.core:switch-s2 detail=up cycle=510
[2026-09-15 08:36:22.481] [SYNC] [INFO] [cid=-] STATE_DETECTED subject=- target=org.dt4n.core:switch-s3 detail=up cycle=510
[2026-09-15 08:36:22.485] [SYNC] [INFO] [cid=-] STATE_PUSHED subject=- target=org.dt4n.core:switch-s3 detail=up cycle=510
[2026-09-15 08:36:22.486] [SYNC] [INFO] [cid=-] STATE_DETECTED subject=- target=org.dt4n.core:link-h1-s1 detail=up cycle=510
[2026-09-15 08:36:22.490] [SYNC] [INFO] [cid=-] STATE_PUSHED subject=- target=org.dt4n.core:link-h1-s1 detail=up cycle=510
[2026-09-15 08:36:22.490] [SYNC] [INFO] [cid=-] STATE_DETECTED subject=- target=org.dt4n.core:link-h2-s1 detail=up cycle=510
[2026-09-15 08:36:22.495] [SYNC] [INFO] [cid=-] STATE_PUSHED subject=- target=org.dt4n.core:link-h2-s1 detail=up cycle=510
[2026-09-15 08:36:22.495] [SYNC] [INFO] [cid=-] STATE_DETECTED subject=- target=org.dt4n.core:link-h3-s1 detail=up cycle=510
[2026-09-15 08:36:22.500] [SYNC] [INFO] [cid=-] STATE_PUSHED subject=- target=org.dt4n.core:link-h3-s1 detail=up cycle=510
[2026-09-15 08:36:22.500] [SYNC] [INFO] [cid=-] STATE_DETECTED subject=- target=org.dt4n.core:link-s1-s2 detail=up cycle=510
[2026-09-15 08:36:22.505] [SYNC] [INFO] [cid=-] STATE_PUSHED subject=- target=org.dt4n.core:link-s1-s2 detail=up cycle=510
[2026-09-15 08:36:22.505] [SYNC] [INFO] [cid=-] STATE_DETECTED subject=- target=org.dt4n.core:link-s1-s3 detail=up cycle=510
[2026-09-15 08:36:22.509] [SYNC] [INFO] [cid=-] STATE_PUSHED subject=- target=org.dt4n.core:link-s1-s3 detail=up cycle=510
[2026-09-15 08:36:22.510] [SYNC] [INFO] [cid=-] STATE_DETECTED subject=- target=org.dt4n.core:link-s2-s3 detail=up cycle=510
[2026-09-15 08:36:22.514] [SYNC] [INFO] [cid=-] STATE_PUSHED subject=- target=org.dt4n.core:link-s2-s3 detail=up cycle=510
[2026-09-15 08:36:22.514] [SYNC] [INFO] [cid=-] STATE_DETECTED subject=- target=org.dt4n.core:link-s2-srv1 detail=up cycle=510
[2026-09-15 08:36:22.519] [SYNC] [INFO] [cid=-] STATE_PUSHED subject=- target=org.dt4n.core:link-s2-srv1 detail=up cycle=510
[2026-09-15 08:36:22.519] [SYNC] [INFO] [cid=-] STATE_DETECTED subject=- target=org.dt4n.core:link-s3-srv2 detail=up cycle=510
[2026-09-15 08:36:22.524] [SYNC] [INFO] [cid=-] STATE_PUSHED subject=- target=org.dt4n.core:link-s3-srv2 detail=up cycle=510
[2026-09-15 08:36:52.450] [SYNC] [INFO] [cid=-] STATE_DETECTED subject=- target=org.dt4n.core:host-h1 detail=up cycle=540
[2026-09-15 08:36:52.457] [SYNC] [INFO] [cid=-] STATE_PUSHED subject=- target=org.dt4n.core:host-h1 detail=up cycle=540
[2026-09-15 08:36:52.457] [SYNC] [INFO] [cid=-] STATE_DETECTED subject=- target=org.dt4n.core:host-h2 detail=up cycle=540
[2026-09-15 08:36:52.463] [SYNC] [INFO] [cid=-] STATE_PUSHED subject=- target=org.dt4n.core:host-h2 detail=up cycle=540
[2026-09-15 08:36:52.463] [SYNC] [INFO] [cid=-] STATE_DETECTED subject=- target=org.dt4n.core:host-h3 detail=up cycle=540
[2026-09-15 08:36:52.469] [SYNC] [INFO] [cid=-] STATE_PUSHED subject=- target=org.dt4n.core:host-h3 detail=up cycle=540
[2026-09-15 08:36:52.469] [SYNC] [INFO] [cid=-] STATE_DETECTED subject=- target=org.dt4n.core:host-srv1 detail=up cycle=540
[2026-09-15 08:36:52.474] [SYNC] [INFO] [cid=-] STATE_PUSHED subject=- target=org.dt4n.core:host-srv1 detail=up cycle=540
[2026-09-15 08:36:52.474] [SYNC] [INFO] [cid=-] STATE_DETECTED subject=- target=org.dt4n.core:host-srv2 detail=up cycle=540
[2026-09-15 08:36:52.479] [SYNC] [INFO] [cid=-] STATE_PUSHED subject=- target=org.dt4n.core:host-srv2 detail=up cycle=540
[2026-09-15 08:36:52.479] [SYNC] [INFO] [cid=-] STATE_DETECTED subject=- target=org.dt4n.core:switch-s1 detail=up cycle=540
[2026-09-15 08:36:52.484] [SYNC] [INFO] [cid=-] STATE_PUSHED subject=- target=org.dt4n.core:switch-s1 detail=up cycle=540
[2026-09-15 08:36:52.484] [SYNC] [INFO] [cid=-] STATE_DETECTED subject=- target=org.dt4n.core:switch-s2 detail=up cycle=540
[2026-09-15 08:36:52.489] [SYNC] [INFO] [cid=-] STATE_PUSHED subject=- target=org.dt4n.core:switch-s2 detail=up cycle=540
[2026-09-15 08:36:52.489] [SYNC] [INFO] [cid=-] STATE_DETECTED subject=- target=org.dt4n.core:switch-s3 detail=up cycle=540
[2026-09-15 08:36:52.494] [SYNC] [INFO] [cid=-] STATE_PUSHED subject=- target=org.dt4n.core:switch-s3 detail=up cycle=540
[2026-09-15 08:36:52.494] [SYNC] [INFO] [cid=-] STATE_DETECTED subject=- target=org.dt4n.core:link-h1-s1 detail=up cycle=540
[2026-09-15 08:36:52.499] [SYNC] [INFO] [cid=-] STATE_PUSHED subject=- target=org.dt4n.core:link-h1-s1 detail=up cycle=540
[2026-09-15 08:36:52.499] [SYNC] [INFO] [cid=-] STATE_DETECTED subject=- target=org.dt4n.core:link-h2-s1 detail=up cycle=540
[2026-09-15 08:36:52.504] [SYNC] [INFO] [cid=-] STATE_PUSHED subject=- target=org.dt4n.core:link-h2-s1 detail=up cycle=540
[2026-09-15 08:36:52.504] [SYNC] [INFO] [cid=-] STATE_DETECTED subject=- target=org.dt4n.core:link-h3-s1 detail=up cycle=540
[2026-09-15 08:36:52.509] [SYNC] [INFO] [cid=-] STATE_PUSHED subject=- target=org.dt4n.core:link-h3-s1 detail=up cycle=540
[2026-09-15 08:36:52.509] [SYNC] [INFO] [cid=-] STATE_DETECTED subject=- target=org.dt4n.core:link-s1-s2 detail=up cycle=540
[2026-09-15 08:36:52.514] [SYNC] [INFO] [cid=-] STATE_PUSHED subject=- target=org.dt4n.core:link-s1-s2 detail=up cycle=540
[2026-09-15 08:36:52.514] [SYNC] [INFO] [cid=-] STATE_DETECTED subject=- target=org.dt4n.core:link-s1-s3 detail=up cycle=540
[2026-09-15 08:36:52.519] [SYNC] [INFO] [cid=-] STATE_PUSHED subject=- target=org.dt4n.core:link-s1-s3 detail=up cycle=540
[2026-09-15 08:36:52.519] [SYNC] [INFO] [cid=-] STATE_DETECTED subject=- target=org.dt4n.core:link-s2-s3 detail=up cycle=540
[2026-09-15 08:36:52.523] [SYNC] [INFO] [cid=-] STATE_PUSHED subject=- target=org.dt4n.core:link-s2-s3 detail=up cycle=540
[2026-09-15 08:36:52.524] [SYNC] [INFO] [cid=-] STATE_DETECTED subject=- target=org.dt4n.core:link-s2-srv1 detail=up cycle=540
[2026-09-15 08:36:52.528] [SYNC] [INFO] [cid=-] STATE_PUSHED subject=- target=org.dt4n.core:link-s2-srv1 detail=up cycle=540
[2026-09-15 08:36:52.528] [SYNC] [INFO] [cid=-] STATE_DETECTED subject=- target=org.dt4n.core:link-s3-srv2 detail=up cycle=540
[2026-09-15 08:36:52.533] [SYNC] [INFO] [cid=-] STATE_PUSHED subject=- target=org.dt4n.core:link-s3-srv2 detail=up cycle=540
[2026-09-15 08:37:22.455] [SYNC] [INFO] [cid=-] STATE_DETECTED subject=- target=org.dt4n.core:host-h1 detail=up cycle=570
[2026-09-15 08:37:22.462] [SYNC] [INFO] [cid=-] STATE_PUSHED subject=- target=org.dt4n.core:host-h1 detail=up cycle=570
[2026-09-15 08:37:22.462] [SYNC] [INFO] [cid=-] STATE_DETECTED subject=- target=org.dt4n.core:host-h2 detail=up cycle=570
[2026-09-15 08:37:22.468] [SYNC] [INFO] [cid=-] STATE_PUSHED subject=- target=org.dt4n.core:host-h2 detail=up cycle=570
[2026-09-15 08:37:22.468] [SYNC] [INFO] [cid=-] STATE_DETECTED subject=- target=org.dt4n.core:host-h3 detail=up cycle=570
[2026-09-15 08:37:22.474] [SYNC] [INFO] [cid=-] STATE_PUSHED subject=- target=org.dt4n.core:host-h3 detail=up cycle=570
[2026-09-15 08:37:22.474] [SYNC] [INFO] [cid=-] STATE_DETECTED subject=- target=org.dt4n.core:host-srv1 detail=up cycle=570
[2026-09-15 08:37:22.479] [SYNC] [INFO] [cid=-] STATE_PUSHED subject=- target=org.dt4n.core:host-srv1 detail=up cycle=570
[2026-09-15 08:37:22.479] [SYNC] [INFO] [cid=-] STATE_DETECTED subject=- target=org.dt4n.core:host-srv2 detail=up cycle=570
[2026-09-15 08:37:22.484] [SYNC] [INFO] [cid=-] STATE_PUSHED subject=- target=org.dt4n.core:host-srv2 detail=up cycle=570
[2026-09-15 08:37:22.484] [SYNC] [INFO] [cid=-] STATE_DETECTED subject=- target=org.dt4n.core:switch-s1 detail=up cycle=570
[2026-09-15 08:37:22.489] [SYNC] [INFO] [cid=-] STATE_PUSHED subject=- target=org.dt4n.core:switch-s1 detail=up cycle=570
[2026-09-15 08:37:22.489] [SYNC] [INFO] [cid=-] STATE_DETECTED subject=- target=org.dt4n.core:switch-s2 detail=up cycle=570
[2026-09-15 08:37:22.493] [SYNC] [INFO] [cid=-] STATE_PUSHED subject=- target=org.dt4n.core:switch-s2 detail=up cycle=570
[2026-09-15 08:37:22.494] [SYNC] [INFO] [cid=-] STATE_DETECTED subject=- target=org.dt4n.core:switch-s3 detail=up cycle=570
[2026-09-15 08:37:22.498] [SYNC] [INFO] [cid=-] STATE_PUSHED subject=- target=org.dt4n.core:switch-s3 detail=up cycle=570
[2026-09-15 08:37:22.499] [SYNC] [INFO] [cid=-] STATE_DETECTED subject=- target=org.dt4n.core:link-h1-s1 detail=up cycle=570
[2026-09-15 08:37:22.504] [SYNC] [INFO] [cid=-] STATE_PUSHED subject=- target=org.dt4n.core:link-h1-s1 detail=up cycle=570
[2026-09-15 08:37:22.504] [SYNC] [INFO] [cid=-] STATE_DETECTED subject=- target=org.dt4n.core:link-h2-s1 detail=up cycle=570
[2026-09-15 08:37:22.508] [SYNC] [INFO] [cid=-] STATE_PUSHED subject=- target=org.dt4n.core:link-h2-s1 detail=up cycle=570
[2026-09-15 08:37:22.509] [SYNC] [INFO] [cid=-] STATE_DETECTED subject=- target=org.dt4n.core:link-h3-s1 detail=up cycle=570
[2026-09-15 08:37:22.513] [SYNC] [INFO] [cid=-] STATE_PUSHED subject=- target=org.dt4n.core:link-h3-s1 detail=up cycle=570
[2026-09-15 08:37:22.513] [SYNC] [INFO] [cid=-] STATE_DETECTED subject=- target=org.dt4n.core:link-s1-s2 detail=up cycle=570
[2026-09-15 08:37:22.518] [SYNC] [INFO] [cid=-] STATE_PUSHED subject=- target=org.dt4n.core:link-s1-s2 detail=up cycle=570
[2026-09-15 08:37:22.518] [SYNC] [INFO] [cid=-] STATE_DETECTED subject=- target=org.dt4n.core:link-s1-s3 detail=up cycle=570
[2026-09-15 08:37:22.523] [SYNC] [INFO] [cid=-] STATE_PUSHED subject=- target=org.dt4n.core:link-s1-s3 detail=up cycle=570
[2026-09-15 08:37:22.523] [SYNC] [INFO] [cid=-] STATE_DETECTED subject=- target=org.dt4n.core:link-s2-s3 detail=up cycle=570
[2026-09-15 08:37:22.528] [SYNC] [INFO] [cid=-] STATE_PUSHED subject=- target=org.dt4n.core:link-s2-s3 detail=up cycle=570
[2026-09-15 08:37:22.528] [SYNC] [INFO] [cid=-] STATE_DETECTED subject=- target=org.dt4n.core:link-s2-srv1 detail=up cycle=570
[2026-09-15 08:37:22.533] [SYNC] [INFO] [cid=-] STATE_PUSHED subject=- target=org.dt4n.core:link-s2-srv1 detail=up cycle=570
[2026-09-15 08:37:22.533] [SYNC] [INFO] [cid=-] STATE_DETECTED subject=- target=org.dt4n.core:link-s3-srv2 detail=up cycle=570
[2026-09-15 08:37:22.538] [SYNC] [INFO] [cid=-] STATE_PUSHED subject=- target=org.dt4n.core:link-s3-srv2 detail=up cycle=570
[2026-09-15 08:37:52.463] [SYNC] [INFO] [cid=-] STATE_DETECTED subject=- target=org.dt4n.core:host-h1 detail=up cycle=600
[2026-09-15 08:37:52.470] [SYNC] [INFO] [cid=-] STATE_PUSHED subject=- target=org.dt4n.core:host-h1 detail=up cycle=600
[2026-09-15 08:37:52.470] [SYNC] [INFO] [cid=-] STATE_DETECTED subject=- target=org.dt4n.core:host-h2 detail=up cycle=600
[2026-09-15 08:37:52.476] [SYNC] [INFO] [cid=-] STATE_PUSHED subject=- target=org.dt4n.core:host-h2 detail=up cycle=600
[2026-09-15 08:37:52.476] [SYNC] [INFO] [cid=-] STATE_DETECTED subject=- target=org.dt4n.core:host-h3 detail=up cycle=600
[2026-09-15 08:37:52.482] [SYNC] [INFO] [cid=-] STATE_PUSHED subject=- target=org.dt4n.core:host-h3 detail=up cycle=600
[2026-09-15 08:37:52.482] [SYNC] [INFO] [cid=-] STATE_DETECTED subject=- target=org.dt4n.core:host-srv1 detail=up cycle=600
[2026-09-15 08:37:52.487] [SYNC] [INFO] [cid=-] STATE_PUSHED subject=- target=org.dt4n.core:host-srv1 detail=up cycle=600
[2026-09-15 08:37:52.487] [SYNC] [INFO] [cid=-] STATE_DETECTED subject=- target=org.dt4n.core:host-srv2 detail=up cycle=600
[2026-09-15 08:37:52.492] [SYNC] [INFO] [cid=-] STATE_PUSHED subject=- target=org.dt4n.core:host-srv2 detail=up cycle=600
[2026-09-15 08:37:52.492] [SYNC] [INFO] [cid=-] STATE_DETECTED subject=- target=org.dt4n.core:switch-s1 detail=up cycle=600
[2026-09-15 08:37:52.497] [SYNC] [INFO] [cid=-] STATE_PUSHED subject=- target=org.dt4n.core:switch-s1 detail=up cycle=600
[2026-09-15 08:37:52.497] [SYNC] [INFO] [cid=-] STATE_DETECTED subject=- target=org.dt4n.core:switch-s2 detail=up cycle=600
[2026-09-15 08:37:52.502] [SYNC] [INFO] [cid=-] STATE_PUSHED subject=- target=org.dt4n.core:switch-s2 detail=up cycle=600
[2026-09-15 08:37:52.502] [SYNC] [INFO] [cid=-] STATE_DETECTED subject=- target=org.dt4n.core:switch-s3 detail=up cycle=600
[2026-09-15 08:37:52.508] [SYNC] [INFO] [cid=-] STATE_PUSHED subject=- target=org.dt4n.core:switch-s3 detail=up cycle=600
[2026-09-15 08:37:52.508] [SYNC] [INFO] [cid=-] STATE_DETECTED subject=- target=org.dt4n.core:link-h1-s1 detail=up cycle=600
[2026-09-15 08:37:52.514] [SYNC] [INFO] [cid=-] STATE_PUSHED subject=- target=org.dt4n.core:link-h1-s1 detail=up cycle=600
[2026-09-15 08:37:52.514] [SYNC] [INFO] [cid=-] STATE_DETECTED subject=- target=org.dt4n.core:link-h2-s1 detail=up cycle=600
[2026-09-15 08:37:52.519] [SYNC] [INFO] [cid=-] STATE_PUSHED subject=- target=org.dt4n.core:link-h2-s1 detail=up cycle=600
[2026-09-15 08:37:52.519] [SYNC] [INFO] [cid=-] STATE_DETECTED subject=- target=org.dt4n.core:link-h3-s1 detail=up cycle=600
[2026-09-15 08:37:52.524] [SYNC] [INFO] [cid=-] STATE_PUSHED subject=- target=org.dt4n.core:link-h3-s1 detail=up cycle=600
[2026-09-15 08:37:52.524] [SYNC] [INFO] [cid=-] STATE_DETECTED subject=- target=org.dt4n.core:link-s1-s2 detail=up cycle=600
[2026-09-15 08:37:52.529] [SYNC] [INFO] [cid=-] STATE_PUSHED subject=- target=org.dt4n.core:link-s1-s2 detail=up cycle=600
[2026-09-15 08:37:52.529] [SYNC] [INFO] [cid=-] STATE_DETECTED subject=- target=org.dt4n.core:link-s1-s3 detail=up cycle=600
[2026-09-15 08:37:52.535] [SYNC] [INFO] [cid=-] STATE_PUSHED subject=- target=org.dt4n.core:link-s1-s3 detail=up cycle=600
[2026-09-15 08:37:52.535] [SYNC] [INFO] [cid=-] STATE_DETECTED subject=- target=org.dt4n.core:link-s2-s3 detail=up cycle=600
[2026-09-15 08:37:52.540] [SYNC] [INFO] [cid=-] STATE_PUSHED subject=- target=org.dt4n.core:link-s2-s3 detail=up cycle=600
[2026-09-15 08:37:52.540] [SYNC] [INFO] [cid=-] STATE_DETECTED subject=- target=org.dt4n.core:link-s2-srv1 detail=up cycle=600
[2026-09-15 08:37:52.545] [SYNC] [INFO] [cid=-] STATE_PUSHED subject=- target=org.dt4n.core:link-s2-srv1 detail=up cycle=600
[2026-09-15 08:37:52.545] [SYNC] [INFO] [cid=-] STATE_DETECTED subject=- target=org.dt4n.core:link-s3-srv2 detail=up cycle=600
[2026-09-15 08:37:52.551] [SYNC] [INFO] [cid=-] STATE_PUSHED subject=- target=org.dt4n.core:link-s3-srv2 detail=up cycle=600
[2026-09-15 08:38:22.470] [SYNC] [INFO] [cid=-] STATE_DETECTED subject=- target=org.dt4n.core:host-h1 detail=up cycle=630
[2026-09-15 08:38:22.476] [SYNC] [INFO] [cid=-] STATE_PUSHED subject=- target=org.dt4n.core:host-h1 detail=up cycle=630
[2026-09-15 08:38:22.477] [SYNC] [INFO] [cid=-] STATE_DETECTED subject=- target=org.dt4n.core:host-h2 detail=up cycle=630
[2026-09-15 08:38:22.482] [SYNC] [INFO] [cid=-] STATE_PUSHED subject=- target=org.dt4n.core:host-h2 detail=up cycle=630
[2026-09-15 08:38:22.482] [SYNC] [INFO] [cid=-] STATE_DETECTED subject=- target=org.dt4n.core:host-h3 detail=up cycle=630
[2026-09-15 08:38:22.487] [SYNC] [INFO] [cid=-] STATE_PUSHED subject=- target=org.dt4n.core:host-h3 detail=up cycle=630
[2026-09-15 08:38:22.487] [SYNC] [INFO] [cid=-] STATE_DETECTED subject=- target=org.dt4n.core:host-srv1 detail=up cycle=630
[2026-09-15 08:38:22.492] [SYNC] [INFO] [cid=-] STATE_PUSHED subject=- target=org.dt4n.core:host-srv1 detail=up cycle=630
[2026-09-15 08:38:22.492] [SYNC] [INFO] [cid=-] STATE_DETECTED subject=- target=org.dt4n.core:host-srv2 detail=up cycle=630
[2026-09-15 08:38:22.497] [SYNC] [INFO] [cid=-] STATE_PUSHED subject=- target=org.dt4n.core:host-srv2 detail=up cycle=630
[2026-09-15 08:38:22.497] [SYNC] [INFO] [cid=-] STATE_DETECTED subject=- target=org.dt4n.core:switch-s1 detail=up cycle=630
[2026-09-15 08:38:22.502] [SYNC] [INFO] [cid=-] STATE_PUSHED subject=- target=org.dt4n.core:switch-s1 detail=up cycle=630
[2026-09-15 08:38:22.502] [SYNC] [INFO] [cid=-] STATE_DETECTED subject=- target=org.dt4n.core:switch-s2 detail=up cycle=630
[2026-09-15 08:38:22.507] [SYNC] [INFO] [cid=-] STATE_PUSHED subject=- target=org.dt4n.core:switch-s2 detail=up cycle=630
[2026-09-15 08:38:22.507] [SYNC] [INFO] [cid=-] STATE_DETECTED subject=- target=org.dt4n.core:switch-s3 detail=up cycle=630
[2026-09-15 08:38:22.512] [SYNC] [INFO] [cid=-] STATE_PUSHED subject=- target=org.dt4n.core:switch-s3 detail=up cycle=630
[2026-09-15 08:38:22.512] [SYNC] [INFO] [cid=-] STATE_DETECTED subject=- target=org.dt4n.core:link-h1-s1 detail=up cycle=630
[2026-09-15 08:38:22.517] [SYNC] [INFO] [cid=-] STATE_PUSHED subject=- target=org.dt4n.core:link-h1-s1 detail=up cycle=630
[2026-09-15 08:38:22.517] [SYNC] [INFO] [cid=-] STATE_DETECTED subject=- target=org.dt4n.core:link-h2-s1 detail=up cycle=630
[2026-09-15 08:38:22.522] [SYNC] [INFO] [cid=-] STATE_PUSHED subject=- target=org.dt4n.core:link-h2-s1 detail=up cycle=630
[2026-09-15 08:38:22.522] [SYNC] [INFO] [cid=-] STATE_DETECTED subject=- target=org.dt4n.core:link-h3-s1 detail=up cycle=630
[2026-09-15 08:38:22.527] [SYNC] [INFO] [cid=-] STATE_PUSHED subject=- target=org.dt4n.core:link-h3-s1 detail=up cycle=630
[2026-09-15 08:38:22.527] [SYNC] [INFO] [cid=-] STATE_DETECTED subject=- target=org.dt4n.core:link-s1-s2 detail=up cycle=630
[2026-09-15 08:38:22.532] [SYNC] [INFO] [cid=-] STATE_PUSHED subject=- target=org.dt4n.core:link-s1-s2 detail=up cycle=630
[2026-09-15 08:38:22.533] [SYNC] [INFO] [cid=-] STATE_DETECTED subject=- target=org.dt4n.core:link-s1-s3 detail=up cycle=630
[2026-09-15 08:38:22.538] [SYNC] [INFO] [cid=-] STATE_PUSHED subject=- target=org.dt4n.core:link-s1-s3 detail=up cycle=630
[2026-09-15 08:38:22.538] [SYNC] [INFO] [cid=-] STATE_DETECTED subject=- target=org.dt4n.core:link-s2-s3 detail=up cycle=630
[2026-09-15 08:38:22.544] [SYNC] [INFO] [cid=-] STATE_PUSHED subject=- target=org.dt4n.core:link-s2-s3 detail=up cycle=630
[2026-09-15 08:38:22.544] [SYNC] [INFO] [cid=-] STATE_DETECTED subject=- target=org.dt4n.core:link-s2-srv1 detail=up cycle=630
[2026-09-15 08:38:22.549] [SYNC] [INFO] [cid=-] STATE_PUSHED subject=- target=org.dt4n.core:link-s2-srv1 detail=up cycle=630
[2026-09-15 08:38:22.550] [SYNC] [INFO] [cid=-] STATE_DETECTED subject=- target=org.dt4n.core:link-s3-srv2 detail=up cycle=630
[2026-09-15 08:38:22.555] [SYNC] [INFO] [cid=-] STATE_PUSHED subject=- target=org.dt4n.core:link-s3-srv2 detail=up cycle=630
[2026-09-15 08:38:52.476] [SYNC] [INFO] [cid=-] STATE_DETECTED subject=- target=org.dt4n.core:host-h1 detail=up cycle=660
[2026-09-15 08:38:52.483] [SYNC] [INFO] [cid=-] STATE_PUSHED subject=- target=org.dt4n.core:host-h1 detail=up cycle=660
[2026-09-15 08:38:52.483] [SYNC] [INFO] [cid=-] STATE_DETECTED subject=- target=org.dt4n.core:host-h2 detail=up cycle=660
[2026-09-15 08:38:52.489] [SYNC] [INFO] [cid=-] STATE_PUSHED subject=- target=org.dt4n.core:host-h2 detail=up cycle=660
[2026-09-15 08:38:52.489] [SYNC] [INFO] [cid=-] STATE_DETECTED subject=- target=org.dt4n.core:host-h3 detail=up cycle=660
[2026-09-15 08:38:52.495] [SYNC] [INFO] [cid=-] STATE_PUSHED subject=- target=org.dt4n.core:host-h3 detail=up cycle=660
[2026-09-15 08:38:52.495] [SYNC] [INFO] [cid=-] STATE_DETECTED subject=- target=org.dt4n.core:host-srv1 detail=up cycle=660
[2026-09-15 08:38:52.500] [SYNC] [INFO] [cid=-] STATE_PUSHED subject=- target=org.dt4n.core:host-srv1 detail=up cycle=660
[2026-09-15 08:38:52.500] [SYNC] [INFO] [cid=-] STATE_DETECTED subject=- target=org.dt4n.core:host-srv2 detail=up cycle=660
[2026-09-15 08:38:52.505] [SYNC] [INFO] [cid=-] STATE_PUSHED subject=- target=org.dt4n.core:host-srv2 detail=up cycle=660
[2026-09-15 08:38:52.505] [SYNC] [INFO] [cid=-] STATE_DETECTED subject=- target=org.dt4n.core:switch-s1 detail=up cycle=660
[2026-09-15 08:38:52.510] [SYNC] [INFO] [cid=-] STATE_PUSHED subject=- target=org.dt4n.core:switch-s1 detail=up cycle=660
[2026-09-15 08:38:52.510] [SYNC] [INFO] [cid=-] STATE_DETECTED subject=- target=org.dt4n.core:switch-s2 detail=up cycle=660
[2026-09-15 08:38:52.515] [SYNC] [INFO] [cid=-] STATE_PUSHED subject=- target=org.dt4n.core:switch-s2 detail=up cycle=660
[2026-09-15 08:38:52.515] [SYNC] [INFO] [cid=-] STATE_DETECTED subject=- target=org.dt4n.core:switch-s3 detail=up cycle=660
[2026-09-15 08:38:52.520] [SYNC] [INFO] [cid=-] STATE_PUSHED subject=- target=org.dt4n.core:switch-s3 detail=up cycle=660
[2026-09-15 08:38:52.520] [SYNC] [INFO] [cid=-] STATE_DETECTED subject=- target=org.dt4n.core:link-h1-s1 detail=up cycle=660
[2026-09-15 08:38:52.525] [SYNC] [INFO] [cid=-] STATE_PUSHED subject=- target=org.dt4n.core:link-h1-s1 detail=up cycle=660
[2026-09-15 08:38:52.525] [SYNC] [INFO] [cid=-] STATE_DETECTED subject=- target=org.dt4n.core:link-h2-s1 detail=up cycle=660
[2026-09-15 08:38:52.529] [SYNC] [INFO] [cid=-] STATE_PUSHED subject=- target=org.dt4n.core:link-h2-s1 detail=up cycle=660
[2026-09-15 08:38:52.529] [SYNC] [INFO] [cid=-] STATE_DETECTED subject=- target=org.dt4n.core:link-h3-s1 detail=up cycle=660
[2026-09-15 08:38:52.534] [SYNC] [INFO] [cid=-] STATE_PUSHED subject=- target=org.dt4n.core:link-h3-s1 detail=up cycle=660
[2026-09-15 08:38:52.534] [SYNC] [INFO] [cid=-] STATE_DETECTED subject=- target=org.dt4n.core:link-s1-s2 detail=up cycle=660
[2026-09-15 08:38:52.539] [SYNC] [INFO] [cid=-] STATE_PUSHED subject=- target=org.dt4n.core:link-s1-s2 detail=up cycle=660
[2026-09-15 08:38:52.539] [SYNC] [INFO] [cid=-] STATE_DETECTED subject=- target=org.dt4n.core:link-s1-s3 detail=up cycle=660
[2026-09-15 08:38:52.544] [SYNC] [INFO] [cid=-] STATE_PUSHED subject=- target=org.dt4n.core:link-s1-s3 detail=up cycle=660
[2026-09-15 08:38:52.544] [SYNC] [INFO] [cid=-] STATE_DETECTED subject=- target=org.dt4n.core:link-s2-s3 detail=up cycle=660
[2026-09-15 08:38:52.550] [SYNC] [INFO] [cid=-] STATE_PUSHED subject=- target=org.dt4n.core:link-s2-s3 detail=up cycle=660
[2026-09-15 08:38:52.550] [SYNC] [INFO] [cid=-] STATE_DETECTED subject=- target=org.dt4n.core:link-s2-srv1 detail=up cycle=660
[2026-09-15 08:38:52.555] [SYNC] [INFO] [cid=-] STATE_PUSHED subject=- target=org.dt4n.core:link-s2-srv1 detail=up cycle=660
[2026-09-15 08:38:52.555] [SYNC] [INFO] [cid=-] STATE_DETECTED subject=- target=org.dt4n.core:link-s3-srv2 detail=up cycle=660
[2026-09-15 08:38:52.560] [SYNC] [INFO] [cid=-] STATE_PUSHED subject=- target=org.dt4n.core:link-s3-srv2 detail=up cycle=660
[2026-09-15 08:39:22.482] [SYNC] [INFO] [cid=-] STATE_DETECTED subject=- target=org.dt4n.core:host-h1 detail=up cycle=690
[2026-09-15 08:39:22.489] [SYNC] [INFO] [cid=-] STATE_PUSHED subject=- target=org.dt4n.core:host-h1 detail=up cycle=690
[2026-09-15 08:39:22.489] [SYNC] [INFO] [cid=-] STATE_DETECTED subject=- target=org.dt4n.core:host-h2 detail=up cycle=690
[2026-09-15 08:39:22.495] [SYNC] [INFO] [cid=-] STATE_PUSHED subject=- target=org.dt4n.core:host-h2 detail=up cycle=690
[2026-09-15 08:39:22.495] [SYNC] [INFO] [cid=-] STATE_DETECTED subject=- target=org.dt4n.core:host-h3 detail=up cycle=690
[2026-09-15 08:39:22.500] [SYNC] [INFO] [cid=-] STATE_PUSHED subject=- target=org.dt4n.core:host-h3 detail=up cycle=690
[2026-09-15 08:39:22.500] [SYNC] [INFO] [cid=-] STATE_DETECTED subject=- target=org.dt4n.core:host-srv1 detail=up cycle=690
[2026-09-15 08:39:22.505] [SYNC] [INFO] [cid=-] STATE_PUSHED subject=- target=org.dt4n.core:host-srv1 detail=up cycle=690
[2026-09-15 08:39:22.505] [SYNC] [INFO] [cid=-] STATE_DETECTED subject=- target=org.dt4n.core:host-srv2 detail=up cycle=690
[2026-09-15 08:39:22.510] [SYNC] [INFO] [cid=-] STATE_PUSHED subject=- target=org.dt4n.core:host-srv2 detail=up cycle=690
[2026-09-15 08:39:22.510] [SYNC] [INFO] [cid=-] STATE_DETECTED subject=- target=org.dt4n.core:switch-s1 detail=up cycle=690
[2026-09-15 08:39:22.515] [SYNC] [INFO] [cid=-] STATE_PUSHED subject=- target=org.dt4n.core:switch-s1 detail=up cycle=690
[2026-09-15 08:39:22.515] [SYNC] [INFO] [cid=-] STATE_DETECTED subject=- target=org.dt4n.core:switch-s2 detail=up cycle=690
[2026-09-15 08:39:22.520] [SYNC] [INFO] [cid=-] STATE_PUSHED subject=- target=org.dt4n.core:switch-s2 detail=up cycle=690
[2026-09-15 08:39:22.520] [SYNC] [INFO] [cid=-] STATE_DETECTED subject=- target=org.dt4n.core:switch-s3 detail=up cycle=690
[2026-09-15 08:39:22.525] [SYNC] [INFO] [cid=-] STATE_PUSHED subject=- target=org.dt4n.core:switch-s3 detail=up cycle=690
[2026-09-15 08:39:22.525] [SYNC] [INFO] [cid=-] STATE_DETECTED subject=- target=org.dt4n.core:link-h1-s1 detail=up cycle=690
[2026-09-15 08:39:22.530] [SYNC] [INFO] [cid=-] STATE_PUSHED subject=- target=org.dt4n.core:link-h1-s1 detail=up cycle=690
[2026-09-15 08:39:22.530] [SYNC] [INFO] [cid=-] STATE_DETECTED subject=- target=org.dt4n.core:link-h2-s1 detail=up cycle=690
[2026-09-15 08:39:22.536] [SYNC] [INFO] [cid=-] STATE_PUSHED subject=- target=org.dt4n.core:link-h2-s1 detail=up cycle=690
[2026-09-15 08:39:22.536] [SYNC] [INFO] [cid=-] STATE_DETECTED subject=- target=org.dt4n.core:link-h3-s1 detail=up cycle=690
[2026-09-15 08:39:22.540] [SYNC] [INFO] [cid=-] STATE_PUSHED subject=- target=org.dt4n.core:link-h3-s1 detail=up cycle=690
[2026-09-15 08:39:22.541] [SYNC] [INFO] [cid=-] STATE_DETECTED subject=- target=org.dt4n.core:link-s1-s2 detail=up cycle=690
[2026-09-15 08:39:22.545] [SYNC] [INFO] [cid=-] STATE_PUSHED subject=- target=org.dt4n.core:link-s1-s2 detail=up cycle=690
[2026-09-15 08:39:22.545] [SYNC] [INFO] [cid=-] STATE_DETECTED subject=- target=org.dt4n.core:link-s1-s3 detail=up cycle=690
[2026-09-15 08:39:22.550] [SYNC] [INFO] [cid=-] STATE_PUSHED subject=- target=org.dt4n.core:link-s1-s3 detail=up cycle=690
[2026-09-15 08:39:22.550] [SYNC] [INFO] [cid=-] STATE_DETECTED subject=- target=org.dt4n.core:link-s2-s3 detail=up cycle=690
[2026-09-15 08:39:22.555] [SYNC] [INFO] [cid=-] STATE_PUSHED subject=- target=org.dt4n.core:link-s2-s3 detail=up cycle=690
[2026-09-15 08:39:22.555] [SYNC] [INFO] [cid=-] STATE_DETECTED subject=- target=org.dt4n.core:link-s2-srv1 detail=up cycle=690
[2026-09-15 08:39:22.560] [SYNC] [INFO] [cid=-] STATE_PUSHED subject=- target=org.dt4n.core:link-s2-srv1 detail=up cycle=690
[2026-09-15 08:39:22.560] [SYNC] [INFO] [cid=-] STATE_DETECTED subject=- target=org.dt4n.core:link-s3-srv2 detail=up cycle=690
[2026-09-15 08:39:22.565] [SYNC] [INFO] [cid=-] STATE_PUSHED subject=- target=org.dt4n.core:link-s3-srv2 detail=up cycle=690
[2026-09-15 08:39:52.489] [SYNC] [INFO] [cid=-] STATE_DETECTED subject=- target=org.dt4n.core:host-h1 detail=up cycle=720
[2026-09-15 08:39:52.496] [SYNC] [INFO] [cid=-] STATE_PUSHED subject=- target=org.dt4n.core:host-h1 detail=up cycle=720
[2026-09-15 08:39:52.496] [SYNC] [INFO] [cid=-] STATE_DETECTED subject=- target=org.dt4n.core:host-h2 detail=up cycle=720
[2026-09-15 08:39:52.502] [SYNC] [INFO] [cid=-] STATE_PUSHED subject=- target=org.dt4n.core:host-h2 detail=up cycle=720
[2026-09-15 08:39:52.502] [SYNC] [INFO] [cid=-] STATE_DETECTED subject=- target=org.dt4n.core:host-h3 detail=up cycle=720
[2026-09-15 08:39:52.507] [SYNC] [INFO] [cid=-] STATE_PUSHED subject=- target=org.dt4n.core:host-h3 detail=up cycle=720
[2026-09-15 08:39:52.508] [SYNC] [INFO] [cid=-] STATE_DETECTED subject=- target=org.dt4n.core:host-srv1 detail=up cycle=720
[2026-09-15 08:39:52.513] [SYNC] [INFO] [cid=-] STATE_PUSHED subject=- target=org.dt4n.core:host-srv1 detail=up cycle=720
[2026-09-15 08:39:52.513] [SYNC] [INFO] [cid=-] STATE_DETECTED subject=- target=org.dt4n.core:host-srv2 detail=up cycle=720
[2026-09-15 08:39:52.518] [SYNC] [INFO] [cid=-] STATE_PUSHED subject=- target=org.dt4n.core:host-srv2 detail=up cycle=720
[2026-09-15 08:39:52.518] [SYNC] [INFO] [cid=-] STATE_DETECTED subject=- target=org.dt4n.core:switch-s1 detail=up cycle=720
[2026-09-15 08:39:52.523] [SYNC] [INFO] [cid=-] STATE_PUSHED subject=- target=org.dt4n.core:switch-s1 detail=up cycle=720
[2026-09-15 08:39:52.523] [SYNC] [INFO] [cid=-] STATE_DETECTED subject=- target=org.dt4n.core:switch-s2 detail=up cycle=720
[2026-09-15 08:39:52.527] [SYNC] [INFO] [cid=-] STATE_PUSHED subject=- target=org.dt4n.core:switch-s2 detail=up cycle=720
[2026-09-15 08:39:52.528] [SYNC] [INFO] [cid=-] STATE_DETECTED subject=- target=org.dt4n.core:switch-s3 detail=up cycle=720
[2026-09-15 08:39:52.532] [SYNC] [INFO] [cid=-] STATE_PUSHED subject=- target=org.dt4n.core:switch-s3 detail=up cycle=720
[2026-09-15 08:39:52.532] [SYNC] [INFO] [cid=-] STATE_DETECTED subject=- target=org.dt4n.core:link-h1-s1 detail=up cycle=720
[2026-09-15 08:39:52.537] [SYNC] [INFO] [cid=-] STATE_PUSHED subject=- target=org.dt4n.core:link-h1-s1 detail=up cycle=720
[2026-09-15 08:39:52.537] [SYNC] [INFO] [cid=-] STATE_DETECTED subject=- target=org.dt4n.core:link-h2-s1 detail=up cycle=720
[2026-09-15 08:39:52.542] [SYNC] [INFO] [cid=-] STATE_PUSHED subject=- target=org.dt4n.core:link-h2-s1 detail=up cycle=720
[2026-09-15 08:39:52.542] [SYNC] [INFO] [cid=-] STATE_DETECTED subject=- target=org.dt4n.core:link-h3-s1 detail=up cycle=720
[2026-09-15 08:39:52.547] [SYNC] [INFO] [cid=-] STATE_PUSHED subject=- target=org.dt4n.core:link-h3-s1 detail=up cycle=720
[2026-09-15 08:39:52.547] [SYNC] [INFO] [cid=-] STATE_DETECTED subject=- target=org.dt4n.core:link-s1-s2 detail=up cycle=720
[2026-09-15 08:39:52.552] [SYNC] [INFO] [cid=-] STATE_PUSHED subject=- target=org.dt4n.core:link-s1-s2 detail=up cycle=720
[2026-09-15 08:39:52.552] [SYNC] [INFO] [cid=-] STATE_DETECTED subject=- target=org.dt4n.core:link-s1-s3 detail=up cycle=720
[2026-09-15 08:39:52.557] [SYNC] [INFO] [cid=-] STATE_PUSHED subject=- target=org.dt4n.core:link-s1-s3 detail=up cycle=720
[2026-09-15 08:39:52.557] [SYNC] [INFO] [cid=-] STATE_DETECTED subject=- target=org.dt4n.core:link-s2-s3 detail=up cycle=720
[2026-09-15 08:39:52.562] [SYNC] [INFO] [cid=-] STATE_PUSHED subject=- target=org.dt4n.core:link-s2-s3 detail=up cycle=720
[2026-09-15 08:39:52.562] [SYNC] [INFO] [cid=-] STATE_DETECTED subject=- target=org.dt4n.core:link-s2-srv1 detail=up cycle=720
[2026-09-15 08:39:52.567] [SYNC] [INFO] [cid=-] STATE_PUSHED subject=- target=org.dt4n.core:link-s2-srv1 detail=up cycle=720
[2026-09-15 08:39:52.567] [SYNC] [INFO] [cid=-] STATE_DETECTED subject=- target=org.dt4n.core:link-s3-srv2 detail=up cycle=720
[2026-09-15 08:39:52.573] [SYNC] [INFO] [cid=-] STATE_PUSHED subject=- target=org.dt4n.core:link-s3-srv2 detail=up cycle=720
[2026-09-15 08:40:22.495] [SYNC] [INFO] [cid=-] STATE_DETECTED subject=- target=org.dt4n.core:host-h1 detail=up cycle=750
[2026-09-15 08:40:22.502] [SYNC] [INFO] [cid=-] STATE_PUSHED subject=- target=org.dt4n.core:host-h1 detail=up cycle=750
[2026-09-15 08:40:22.502] [SYNC] [INFO] [cid=-] STATE_DETECTED subject=- target=org.dt4n.core:host-h2 detail=up cycle=750
[2026-09-15 08:40:22.508] [SYNC] [INFO] [cid=-] STATE_PUSHED subject=- target=org.dt4n.core:host-h2 detail=up cycle=750
[2026-09-15 08:40:22.508] [SYNC] [INFO] [cid=-] STATE_DETECTED subject=- target=org.dt4n.core:host-h3 detail=up cycle=750
[2026-09-15 08:40:22.513] [SYNC] [INFO] [cid=-] STATE_PUSHED subject=- target=org.dt4n.core:host-h3 detail=up cycle=750
[2026-09-15 08:40:22.513] [SYNC] [INFO] [cid=-] STATE_DETECTED subject=- target=org.dt4n.core:host-srv1 detail=up cycle=750
[2026-09-15 08:40:22.518] [SYNC] [INFO] [cid=-] STATE_PUSHED subject=- target=org.dt4n.core:host-srv1 detail=up cycle=750
[2026-09-15 08:40:22.518] [SYNC] [INFO] [cid=-] STATE_DETECTED subject=- target=org.dt4n.core:host-srv2 detail=up cycle=750
[2026-09-15 08:40:22.523] [SYNC] [INFO] [cid=-] STATE_PUSHED subject=- target=org.dt4n.core:host-srv2 detail=up cycle=750
[2026-09-15 08:40:22.523] [SYNC] [INFO] [cid=-] STATE_DETECTED subject=- target=org.dt4n.core:switch-s1 detail=up cycle=750
[2026-09-15 08:40:22.528] [SYNC] [INFO] [cid=-] STATE_PUSHED subject=- target=org.dt4n.core:switch-s1 detail=up cycle=750
[2026-09-15 08:40:22.528] [SYNC] [INFO] [cid=-] STATE_DETECTED subject=- target=org.dt4n.core:switch-s2 detail=up cycle=750
[2026-09-15 08:40:22.532] [SYNC] [INFO] [cid=-] STATE_PUSHED subject=- target=org.dt4n.core:switch-s2 detail=up cycle=750
[2026-09-15 08:40:22.532] [SYNC] [INFO] [cid=-] STATE_DETECTED subject=- target=org.dt4n.core:switch-s3 detail=up cycle=750
[2026-09-15 08:40:22.537] [SYNC] [INFO] [cid=-] STATE_PUSHED subject=- target=org.dt4n.core:switch-s3 detail=up cycle=750
[2026-09-15 08:40:22.537] [SYNC] [INFO] [cid=-] STATE_DETECTED subject=- target=org.dt4n.core:link-h1-s1 detail=up cycle=750
[2026-09-15 08:40:22.542] [SYNC] [INFO] [cid=-] STATE_PUSHED subject=- target=org.dt4n.core:link-h1-s1 detail=up cycle=750
[2026-09-15 08:40:22.542] [SYNC] [INFO] [cid=-] STATE_DETECTED subject=- target=org.dt4n.core:link-h2-s1 detail=up cycle=750
[2026-09-15 08:40:22.547] [SYNC] [INFO] [cid=-] STATE_PUSHED subject=- target=org.dt4n.core:link-h2-s1 detail=up cycle=750
[2026-09-15 08:40:22.547] [SYNC] [INFO] [cid=-] STATE_DETECTED subject=- target=org.dt4n.core:link-h3-s1 detail=up cycle=750
[2026-09-15 08:40:22.552] [SYNC] [INFO] [cid=-] STATE_PUSHED subject=- target=org.dt4n.core:link-h3-s1 detail=up cycle=750
[2026-09-15 08:40:22.552] [SYNC] [INFO] [cid=-] STATE_DETECTED subject=- target=org.dt4n.core:link-s1-s2 detail=up cycle=750
[2026-09-15 08:40:22.557] [SYNC] [INFO] [cid=-] STATE_PUSHED subject=- target=org.dt4n.core:link-s1-s2 detail=up cycle=750
[2026-09-15 08:40:22.557] [SYNC] [INFO] [cid=-] STATE_DETECTED subject=- target=org.dt4n.core:link-s1-s3 detail=up cycle=750
[2026-09-15 08:40:22.562] [SYNC] [INFO] [cid=-] STATE_PUSHED subject=- target=org.dt4n.core:link-s1-s3 detail=up cycle=750
[2026-09-15 08:40:22.562] [SYNC] [INFO] [cid=-] STATE_DETECTED subject=- target=org.dt4n.core:link-s2-s3 detail=up cycle=750
[2026-09-15 08:40:22.567] [SYNC] [INFO] [cid=-] STATE_PUSHED subject=- target=org.dt4n.core:link-s2-s3 detail=up cycle=750
[2026-09-15 08:40:22.567] [SYNC] [INFO] [cid=-] STATE_DETECTED subject=- target=org.dt4n.core:link-s2-srv1 detail=up cycle=750
[2026-09-15 08:40:22.571] [SYNC] [INFO] [cid=-] STATE_PUSHED subject=- target=org.dt4n.core:link-s2-srv1 detail=up cycle=750
[2026-09-15 08:40:22.571] [SYNC] [INFO] [cid=-] STATE_DETECTED subject=- target=org.dt4n.core:link-s3-srv2 detail=up cycle=750
[2026-09-15 08:40:22.576] [SYNC] [INFO] [cid=-] STATE_PUSHED subject=- target=org.dt4n.core:link-s3-srv2 detail=up cycle=750
[2026-09-15 08:40:52.502] [SYNC] [INFO] [cid=-] STATE_DETECTED subject=- target=org.dt4n.core:host-h1 detail=up cycle=780
[2026-09-15 08:40:52.509] [SYNC] [INFO] [cid=-] STATE_PUSHED subject=- target=org.dt4n.core:host-h1 detail=up cycle=780
[2026-09-15 08:40:52.509] [SYNC] [INFO] [cid=-] STATE_DETECTED subject=- target=org.dt4n.core:host-h2 detail=up cycle=780
[2026-09-15 08:40:52.515] [SYNC] [INFO] [cid=-] STATE_PUSHED subject=- target=org.dt4n.core:host-h2 detail=up cycle=780
[2026-09-15 08:40:52.515] [SYNC] [INFO] [cid=-] STATE_DETECTED subject=- target=org.dt4n.core:host-h3 detail=up cycle=780
[2026-09-15 08:40:52.520] [SYNC] [INFO] [cid=-] STATE_PUSHED subject=- target=org.dt4n.core:host-h3 detail=up cycle=780
[2026-09-15 08:40:52.520] [SYNC] [INFO] [cid=-] STATE_DETECTED subject=- target=org.dt4n.core:host-srv1 detail=up cycle=780
[2026-09-15 08:40:52.525] [SYNC] [INFO] [cid=-] STATE_PUSHED subject=- target=org.dt4n.core:host-srv1 detail=up cycle=780
[2026-09-15 08:40:52.525] [SYNC] [INFO] [cid=-] STATE_DETECTED subject=- target=org.dt4n.core:host-srv2 detail=up cycle=780
[2026-09-15 08:40:52.530] [SYNC] [INFO] [cid=-] STATE_PUSHED subject=- target=org.dt4n.core:host-srv2 detail=up cycle=780
[2026-09-15 08:40:52.530] [SYNC] [INFO] [cid=-] STATE_DETECTED subject=- target=org.dt4n.core:switch-s1 detail=up cycle=780
[2026-09-15 08:40:52.535] [SYNC] [INFO] [cid=-] STATE_PUSHED subject=- target=org.dt4n.core:switch-s1 detail=up cycle=780
[2026-09-15 08:40:52.535] [SYNC] [INFO] [cid=-] STATE_DETECTED subject=- target=org.dt4n.core:switch-s2 detail=up cycle=780
[2026-09-15 08:40:52.539] [SYNC] [INFO] [cid=-] STATE_PUSHED subject=- target=org.dt4n.core:switch-s2 detail=up cycle=780
[2026-09-15 08:40:52.539] [SYNC] [INFO] [cid=-] STATE_DETECTED subject=- target=org.dt4n.core:switch-s3 detail=up cycle=780
[2026-09-15 08:40:52.544] [SYNC] [INFO] [cid=-] STATE_PUSHED subject=- target=org.dt4n.core:switch-s3 detail=up cycle=780
[2026-09-15 08:40:52.544] [SYNC] [INFO] [cid=-] STATE_DETECTED subject=- target=org.dt4n.core:link-h1-s1 detail=up cycle=780
[2026-09-15 08:40:52.549] [SYNC] [INFO] [cid=-] STATE_PUSHED subject=- target=org.dt4n.core:link-h1-s1 detail=up cycle=780
[2026-09-15 08:40:52.549] [SYNC] [INFO] [cid=-] STATE_DETECTED subject=- target=org.dt4n.core:link-h2-s1 detail=up cycle=780
[2026-09-15 08:40:52.554] [SYNC] [INFO] [cid=-] STATE_PUSHED subject=- target=org.dt4n.core:link-h2-s1 detail=up cycle=780
[2026-09-15 08:40:52.554] [SYNC] [INFO] [cid=-] STATE_DETECTED subject=- target=org.dt4n.core:link-h3-s1 detail=up cycle=780
[2026-09-15 08:40:52.559] [SYNC] [INFO] [cid=-] STATE_PUSHED subject=- target=org.dt4n.core:link-h3-s1 detail=up cycle=780
[2026-09-15 08:40:52.559] [SYNC] [INFO] [cid=-] STATE_DETECTED subject=- target=org.dt4n.core:link-s1-s2 detail=up cycle=780
[2026-09-15 08:40:52.564] [SYNC] [INFO] [cid=-] STATE_PUSHED subject=- target=org.dt4n.core:link-s1-s2 detail=up cycle=780
[2026-09-15 08:40:52.564] [SYNC] [INFO] [cid=-] STATE_DETECTED subject=- target=org.dt4n.core:link-s1-s3 detail=up cycle=780
[2026-09-15 08:40:52.569] [SYNC] [INFO] [cid=-] STATE_PUSHED subject=- target=org.dt4n.core:link-s1-s3 detail=up cycle=780
[2026-09-15 08:40:52.569] [SYNC] [INFO] [cid=-] STATE_DETECTED subject=- target=org.dt4n.core:link-s2-s3 detail=up cycle=780
[2026-09-15 08:40:52.574] [SYNC] [INFO] [cid=-] STATE_PUSHED subject=- target=org.dt4n.core:link-s2-s3 detail=up cycle=780
[2026-09-15 08:40:52.574] [SYNC] [INFO] [cid=-] STATE_DETECTED subject=- target=org.dt4n.core:link-s2-srv1 detail=up cycle=780
[2026-09-15 08:40:52.579] [SYNC] [INFO] [cid=-] STATE_PUSHED subject=- target=org.dt4n.core:link-s2-srv1 detail=up cycle=780
[2026-09-15 08:40:52.579] [SYNC] [INFO] [cid=-] STATE_DETECTED subject=- target=org.dt4n.core:link-s3-srv2 detail=up cycle=780
[2026-09-15 08:40:52.584] [SYNC] [INFO] [cid=-] STATE_PUSHED subject=- target=org.dt4n.core:link-s3-srv2 detail=up cycle=780
[2026-09-15 08:41:22.507] [SYNC] [INFO] [cid=-] STATE_DETECTED subject=- target=org.dt4n.core:host-h1 detail=up cycle=810
[2026-09-15 08:41:22.514] [SYNC] [INFO] [cid=-] STATE_PUSHED subject=- target=org.dt4n.core:host-h1 detail=up cycle=810
[2026-09-15 08:41:22.514] [SYNC] [INFO] [cid=-] STATE_DETECTED subject=- target=org.dt4n.core:host-h2 detail=up cycle=810
[2026-09-15 08:41:22.520] [SYNC] [INFO] [cid=-] STATE_PUSHED subject=- target=org.dt4n.core:host-h2 detail=up cycle=810
[2026-09-15 08:41:22.520] [SYNC] [INFO] [cid=-] STATE_DETECTED subject=- target=org.dt4n.core:host-h3 detail=up cycle=810
[2026-09-15 08:41:22.525] [SYNC] [INFO] [cid=-] STATE_PUSHED subject=- target=org.dt4n.core:host-h3 detail=up cycle=810
[2026-09-15 08:41:22.525] [SYNC] [INFO] [cid=-] STATE_DETECTED subject=- target=org.dt4n.core:host-srv1 detail=up cycle=810
[2026-09-15 08:41:22.531] [SYNC] [INFO] [cid=-] STATE_PUSHED subject=- target=org.dt4n.core:host-srv1 detail=up cycle=810
[2026-09-15 08:41:22.531] [SYNC] [INFO] [cid=-] STATE_DETECTED subject=- target=org.dt4n.core:host-srv2 detail=up cycle=810
[2026-09-15 08:41:22.536] [SYNC] [INFO] [cid=-] STATE_PUSHED subject=- target=org.dt4n.core:host-srv2 detail=up cycle=810
[2026-09-15 08:41:22.536] [SYNC] [INFO] [cid=-] STATE_DETECTED subject=- target=org.dt4n.core:switch-s1 detail=up cycle=810
[2026-09-15 08:41:22.540] [SYNC] [INFO] [cid=-] STATE_PUSHED subject=- target=org.dt4n.core:switch-s1 detail=up cycle=810
[2026-09-15 08:41:22.540] [SYNC] [INFO] [cid=-] STATE_DETECTED subject=- target=org.dt4n.core:switch-s2 detail=up cycle=810
[2026-09-15 08:41:22.545] [SYNC] [INFO] [cid=-] STATE_PUSHED subject=- target=org.dt4n.core:switch-s2 detail=up cycle=810
[2026-09-15 08:41:22.545] [SYNC] [INFO] [cid=-] STATE_DETECTED subject=- target=org.dt4n.core:switch-s3 detail=up cycle=810
[2026-09-15 08:41:22.550] [SYNC] [INFO] [cid=-] STATE_PUSHED subject=- target=org.dt4n.core:switch-s3 detail=up cycle=810
[2026-09-15 08:41:22.550] [SYNC] [INFO] [cid=-] STATE_DETECTED subject=- target=org.dt4n.core:link-h1-s1 detail=up cycle=810
[2026-09-15 08:41:22.555] [SYNC] [INFO] [cid=-] STATE_PUSHED subject=- target=org.dt4n.core:link-h1-s1 detail=up cycle=810
[2026-09-15 08:41:22.555] [SYNC] [INFO] [cid=-] STATE_DETECTED subject=- target=org.dt4n.core:link-h2-s1 detail=up cycle=810
[2026-09-15 08:41:22.560] [SYNC] [INFO] [cid=-] STATE_PUSHED subject=- target=org.dt4n.core:link-h2-s1 detail=up cycle=810
[2026-09-15 08:41:22.560] [SYNC] [INFO] [cid=-] STATE_DETECTED subject=- target=org.dt4n.core:link-h3-s1 detail=up cycle=810
[2026-09-15 08:41:22.565] [SYNC] [INFO] [cid=-] STATE_PUSHED subject=- target=org.dt4n.core:link-h3-s1 detail=up cycle=810
[2026-09-15 08:41:22.565] [SYNC] [INFO] [cid=-] STATE_DETECTED subject=- target=org.dt4n.core:link-s1-s2 detail=up cycle=810
[2026-09-15 08:41:22.570] [SYNC] [INFO] [cid=-] STATE_PUSHED subject=- target=org.dt4n.core:link-s1-s2 detail=up cycle=810
[2026-09-15 08:41:22.570] [SYNC] [INFO] [cid=-] STATE_DETECTED subject=- target=org.dt4n.core:link-s1-s3 detail=up cycle=810
[2026-09-15 08:41:22.575] [SYNC] [INFO] [cid=-] STATE_PUSHED subject=- target=org.dt4n.core:link-s1-s3 detail=up cycle=810
[2026-09-15 08:41:22.575] [SYNC] [INFO] [cid=-] STATE_DETECTED subject=- target=org.dt4n.core:link-s2-s3 detail=up cycle=810
[2026-09-15 08:41:22.581] [SYNC] [INFO] [cid=-] STATE_PUSHED subject=- target=org.dt4n.core:link-s2-s3 detail=up cycle=810
[2026-09-15 08:41:22.581] [SYNC] [INFO] [cid=-] STATE_DETECTED subject=- target=org.dt4n.core:link-s2-srv1 detail=up cycle=810
[2026-09-15 08:41:22.585] [SYNC] [INFO] [cid=-] STATE_PUSHED subject=- target=org.dt4n.core:link-s2-srv1 detail=up cycle=810
[2026-09-15 08:41:22.585] [SYNC] [INFO] [cid=-] STATE_DETECTED subject=- target=org.dt4n.core:link-s3-srv2 detail=up cycle=810
[2026-09-15 08:41:22.590] [SYNC] [INFO] [cid=-] STATE_PUSHED subject=- target=org.dt4n.core:link-s3-srv2 detail=up cycle=810
[2026-09-15 08:41:52.523] [SYNC] [INFO] [cid=-] STATE_DETECTED subject=- target=org.dt4n.core:host-h1 detail=up cycle=840
[2026-09-15 08:41:52.530] [SYNC] [INFO] [cid=-] STATE_PUSHED subject=- target=org.dt4n.core:host-h1 detail=up cycle=840
[2026-09-15 08:41:52.531] [SYNC] [INFO] [cid=-] STATE_DETECTED subject=- target=org.dt4n.core:host-h2 detail=up cycle=840
[2026-09-15 08:41:52.538] [SYNC] [INFO] [cid=-] STATE_PUSHED subject=- target=org.dt4n.core:host-h2 detail=up cycle=840
[2026-09-15 08:41:52.539] [SYNC] [INFO] [cid=-] STATE_DETECTED subject=- target=org.dt4n.core:host-h3 detail=up cycle=840
[2026-09-15 08:41:52.545] [SYNC] [INFO] [cid=-] STATE_PUSHED subject=- target=org.dt4n.core:host-h3 detail=up cycle=840
[2026-09-15 08:41:52.545] [SYNC] [INFO] [cid=-] STATE_DETECTED subject=- target=org.dt4n.core:host-srv1 detail=up cycle=840
[2026-09-15 08:41:52.551] [SYNC] [INFO] [cid=-] STATE_PUSHED subject=- target=org.dt4n.core:host-srv1 detail=up cycle=840
[2026-09-15 08:41:52.551] [SYNC] [INFO] [cid=-] STATE_DETECTED subject=- target=org.dt4n.core:host-srv2 detail=up cycle=840
[2026-09-15 08:41:52.556] [SYNC] [INFO] [cid=-] STATE_PUSHED subject=- target=org.dt4n.core:host-srv2 detail=up cycle=840
[2026-09-15 08:41:52.556] [SYNC] [INFO] [cid=-] STATE_DETECTED subject=- target=org.dt4n.core:switch-s1 detail=up cycle=840
[2026-09-15 08:41:52.561] [SYNC] [INFO] [cid=-] STATE_PUSHED subject=- target=org.dt4n.core:switch-s1 detail=up cycle=840
[2026-09-15 08:41:52.561] [SYNC] [INFO] [cid=-] STATE_DETECTED subject=- target=org.dt4n.core:switch-s2 detail=up cycle=840
[2026-09-15 08:41:52.567] [SYNC] [INFO] [cid=-] STATE_PUSHED subject=- target=org.dt4n.core:switch-s2 detail=up cycle=840
[2026-09-15 08:41:52.568] [SYNC] [INFO] [cid=-] STATE_DETECTED subject=- target=org.dt4n.core:switch-s3 detail=up cycle=840
[2026-09-15 08:41:52.573] [SYNC] [INFO] [cid=-] STATE_PUSHED subject=- target=org.dt4n.core:switch-s3 detail=up cycle=840
[2026-09-15 08:41:52.573] [SYNC] [INFO] [cid=-] STATE_DETECTED subject=- target=org.dt4n.core:link-h1-s1 detail=up cycle=840
[2026-09-15 08:41:52.579] [SYNC] [INFO] [cid=-] STATE_PUSHED subject=- target=org.dt4n.core:link-h1-s1 detail=up cycle=840
[2026-09-15 08:41:52.579] [SYNC] [INFO] [cid=-] STATE_DETECTED subject=- target=org.dt4n.core:link-h2-s1 detail=up cycle=840
[2026-09-15 08:41:52.584] [SYNC] [INFO] [cid=-] STATE_PUSHED subject=- target=org.dt4n.core:link-h2-s1 detail=up cycle=840
[2026-09-15 08:41:52.584] [SYNC] [INFO] [cid=-] STATE_DETECTED subject=- target=org.dt4n.core:link-h3-s1 detail=up cycle=840
[2026-09-15 08:41:52.589] [SYNC] [INFO] [cid=-] STATE_PUSHED subject=- target=org.dt4n.core:link-h3-s1 detail=up cycle=840
[2026-09-15 08:41:52.589] [SYNC] [INFO] [cid=-] STATE_DETECTED subject=- target=org.dt4n.core:link-s1-s2 detail=up cycle=840
[2026-09-15 08:41:52.594] [SYNC] [INFO] [cid=-] STATE_PUSHED subject=- target=org.dt4n.core:link-s1-s2 detail=up cycle=840
[2026-09-15 08:41:52.594] [SYNC] [INFO] [cid=-] STATE_DETECTED subject=- target=org.dt4n.core:link-s1-s3 detail=up cycle=840
[2026-09-15 08:41:52.599] [SYNC] [INFO] [cid=-] STATE_PUSHED subject=- target=org.dt4n.core:link-s1-s3 detail=up cycle=840
[2026-09-15 08:41:52.599] [SYNC] [INFO] [cid=-] STATE_DETECTED subject=- target=org.dt4n.core:link-s2-s3 detail=up cycle=840
[2026-09-15 08:41:52.604] [SYNC] [INFO] [cid=-] STATE_PUSHED subject=- target=org.dt4n.core:link-s2-s3 detail=up cycle=840
[2026-09-15 08:41:52.604] [SYNC] [INFO] [cid=-] STATE_DETECTED subject=- target=org.dt4n.core:link-s2-srv1 detail=up cycle=840
[2026-09-15 08:41:52.609] [SYNC] [INFO] [cid=-] STATE_PUSHED subject=- target=org.dt4n.core:link-s2-srv1 detail=up cycle=840
[2026-09-15 08:41:52.609] [SYNC] [INFO] [cid=-] STATE_DETECTED subject=- target=org.dt4n.core:link-s3-srv2 detail=up cycle=840
[2026-09-15 08:41:52.614] [SYNC] [INFO] [cid=-] STATE_PUSHED subject=- target=org.dt4n.core:link-s3-srv2 detail=up cycle=840
[2026-09-15 08:42:22.523] [SYNC] [INFO] [cid=-] STATE_DETECTED subject=- target=org.dt4n.core:host-h1 detail=up cycle=870
[2026-09-15 08:42:22.530] [SYNC] [INFO] [cid=-] STATE_PUSHED subject=- target=org.dt4n.core:host-h1 detail=up cycle=870
[2026-09-15 08:42:22.531] [SYNC] [INFO] [cid=-] STATE_DETECTED subject=- target=org.dt4n.core:host-h2 detail=up cycle=870
[2026-09-15 08:42:22.537] [SYNC] [INFO] [cid=-] STATE_PUSHED subject=- target=org.dt4n.core:host-h2 detail=up cycle=870
[2026-09-15 08:42:22.537] [SYNC] [INFO] [cid=-] STATE_DETECTED subject=- target=org.dt4n.core:host-h3 detail=up cycle=870
[2026-09-15 08:42:22.542] [SYNC] [INFO] [cid=-] STATE_PUSHED subject=- target=org.dt4n.core:host-h3 detail=up cycle=870
[2026-09-15 08:42:22.542] [SYNC] [INFO] [cid=-] STATE_DETECTED subject=- target=org.dt4n.core:host-srv1 detail=up cycle=870
[2026-09-15 08:42:22.547] [SYNC] [INFO] [cid=-] STATE_PUSHED subject=- target=org.dt4n.core:host-srv1 detail=up cycle=870
[2026-09-15 08:42:22.547] [SYNC] [INFO] [cid=-] STATE_DETECTED subject=- target=org.dt4n.core:host-srv2 detail=up cycle=870
[2026-09-15 08:42:22.553] [SYNC] [INFO] [cid=-] STATE_PUSHED subject=- target=org.dt4n.core:host-srv2 detail=up cycle=870
[2026-09-15 08:42:22.553] [SYNC] [INFO] [cid=-] STATE_DETECTED subject=- target=org.dt4n.core:switch-s1 detail=up cycle=870
[2026-09-15 08:42:22.558] [SYNC] [INFO] [cid=-] STATE_PUSHED subject=- target=org.dt4n.core:switch-s1 detail=up cycle=870
[2026-09-15 08:42:22.558] [SYNC] [INFO] [cid=-] STATE_DETECTED subject=- target=org.dt4n.core:switch-s2 detail=up cycle=870
[2026-09-15 08:42:22.563] [SYNC] [INFO] [cid=-] STATE_PUSHED subject=- target=org.dt4n.core:switch-s2 detail=up cycle=870
[2026-09-15 08:42:22.563] [SYNC] [INFO] [cid=-] STATE_DETECTED subject=- target=org.dt4n.core:switch-s3 detail=up cycle=870
[2026-09-15 08:42:22.568] [SYNC] [INFO] [cid=-] STATE_PUSHED subject=- target=org.dt4n.core:switch-s3 detail=up cycle=870
[2026-09-15 08:42:22.568] [SYNC] [INFO] [cid=-] STATE_DETECTED subject=- target=org.dt4n.core:link-h1-s1 detail=up cycle=870
[2026-09-15 08:42:22.573] [SYNC] [INFO] [cid=-] STATE_PUSHED subject=- target=org.dt4n.core:link-h1-s1 detail=up cycle=870
[2026-09-15 08:42:22.573] [SYNC] [INFO] [cid=-] STATE_DETECTED subject=- target=org.dt4n.core:link-h2-s1 detail=up cycle=870
[2026-09-15 08:42:22.578] [SYNC] [INFO] [cid=-] STATE_PUSHED subject=- target=org.dt4n.core:link-h2-s1 detail=up cycle=870
[2026-09-15 08:42:22.578] [SYNC] [INFO] [cid=-] STATE_DETECTED subject=- target=org.dt4n.core:link-h3-s1 detail=up cycle=870
[2026-09-15 08:42:22.583] [SYNC] [INFO] [cid=-] STATE_PUSHED subject=- target=org.dt4n.core:link-h3-s1 detail=up cycle=870
[2026-09-15 08:42:22.583] [SYNC] [INFO] [cid=-] STATE_DETECTED subject=- target=org.dt4n.core:link-s1-s2 detail=up cycle=870
[2026-09-15 08:42:22.588] [SYNC] [INFO] [cid=-] STATE_PUSHED subject=- target=org.dt4n.core:link-s1-s2 detail=up cycle=870
[2026-09-15 08:42:22.588] [SYNC] [INFO] [cid=-] STATE_DETECTED subject=- target=org.dt4n.core:link-s1-s3 detail=up cycle=870
[2026-09-15 08:42:22.593] [SYNC] [INFO] [cid=-] STATE_PUSHED subject=- target=org.dt4n.core:link-s1-s3 detail=up cycle=870
[2026-09-15 08:42:22.593] [SYNC] [INFO] [cid=-] STATE_DETECTED subject=- target=org.dt4n.core:link-s2-s3 detail=up cycle=870
[2026-09-15 08:42:22.598] [SYNC] [INFO] [cid=-] STATE_PUSHED subject=- target=org.dt4n.core:link-s2-s3 detail=up cycle=870
[2026-09-15 08:42:22.598] [SYNC] [INFO] [cid=-] STATE_DETECTED subject=- target=org.dt4n.core:link-s2-srv1 detail=up cycle=870
[2026-09-15 08:42:22.602] [SYNC] [INFO] [cid=-] STATE_PUSHED subject=- target=org.dt4n.core:link-s2-srv1 detail=up cycle=870
[2026-09-15 08:42:22.602] [SYNC] [INFO] [cid=-] STATE_DETECTED subject=- target=org.dt4n.core:link-s3-srv2 detail=up cycle=870
[2026-09-15 08:42:22.607] [SYNC] [INFO] [cid=-] STATE_PUSHED subject=- target=org.dt4n.core:link-s3-srv2 detail=up cycle=870
[2026-09-15 08:42:52.534] [SYNC] [INFO] [cid=-] STATE_DETECTED subject=- target=org.dt4n.core:host-h1 detail=up cycle=900
[2026-09-15 08:42:52.543] [SYNC] [INFO] [cid=-] STATE_PUSHED subject=- target=org.dt4n.core:host-h1 detail=up cycle=900
[2026-09-15 08:42:52.543] [SYNC] [INFO] [cid=-] STATE_DETECTED subject=- target=org.dt4n.core:host-h2 detail=up cycle=900
[2026-09-15 08:42:52.550] [SYNC] [INFO] [cid=-] STATE_PUSHED subject=- target=org.dt4n.core:host-h2 detail=up cycle=900
[2026-09-15 08:42:52.550] [SYNC] [INFO] [cid=-] STATE_DETECTED subject=- target=org.dt4n.core:host-h3 detail=up cycle=900
[2026-09-15 08:42:52.556] [SYNC] [INFO] [cid=-] STATE_PUSHED subject=- target=org.dt4n.core:host-h3 detail=up cycle=900
[2026-09-15 08:42:52.556] [SYNC] [INFO] [cid=-] STATE_DETECTED subject=- target=org.dt4n.core:host-srv1 detail=up cycle=900
[2026-09-15 08:42:52.561] [SYNC] [INFO] [cid=-] STATE_PUSHED subject=- target=org.dt4n.core:host-srv1 detail=up cycle=900
[2026-09-15 08:42:52.561] [SYNC] [INFO] [cid=-] STATE_DETECTED subject=- target=org.dt4n.core:host-srv2 detail=up cycle=900
[2026-09-15 08:42:52.567] [SYNC] [INFO] [cid=-] STATE_PUSHED subject=- target=org.dt4n.core:host-srv2 detail=up cycle=900
[2026-09-15 08:42:52.567] [SYNC] [INFO] [cid=-] STATE_DETECTED subject=- target=org.dt4n.core:switch-s1 detail=up cycle=900
[2026-09-15 08:42:52.573] [SYNC] [INFO] [cid=-] STATE_PUSHED subject=- target=org.dt4n.core:switch-s1 detail=up cycle=900
[2026-09-15 08:42:52.573] [SYNC] [INFO] [cid=-] STATE_DETECTED subject=- target=org.dt4n.core:switch-s2 detail=up cycle=900
[2026-09-15 08:42:52.578] [SYNC] [INFO] [cid=-] STATE_PUSHED subject=- target=org.dt4n.core:switch-s2 detail=up cycle=900
[2026-09-15 08:42:52.578] [SYNC] [INFO] [cid=-] STATE_DETECTED subject=- target=org.dt4n.core:switch-s3 detail=up cycle=900
[2026-09-15 08:42:52.583] [SYNC] [INFO] [cid=-] STATE_PUSHED subject=- target=org.dt4n.core:switch-s3 detail=up cycle=900
[2026-09-15 08:42:52.583] [SYNC] [INFO] [cid=-] STATE_DETECTED subject=- target=org.dt4n.core:link-h1-s1 detail=up cycle=900
[2026-09-15 08:42:52.589] [SYNC] [INFO] [cid=-] STATE_PUSHED subject=- target=org.dt4n.core:link-h1-s1 detail=up cycle=900
[2026-09-15 08:42:52.589] [SYNC] [INFO] [cid=-] STATE_DETECTED subject=- target=org.dt4n.core:link-h2-s1 detail=up cycle=900
[2026-09-15 08:42:52.594] [SYNC] [INFO] [cid=-] STATE_PUSHED subject=- target=org.dt4n.core:link-h2-s1 detail=up cycle=900
[2026-09-15 08:42:52.594] [SYNC] [INFO] [cid=-] STATE_DETECTED subject=- target=org.dt4n.core:link-h3-s1 detail=up cycle=900
[2026-09-15 08:42:52.599] [SYNC] [INFO] [cid=-] STATE_PUSHED subject=- target=org.dt4n.core:link-h3-s1 detail=up cycle=900
[2026-09-15 08:42:52.599] [SYNC] [INFO] [cid=-] STATE_DETECTED subject=- target=org.dt4n.core:link-s1-s2 detail=up cycle=900
[2026-09-15 08:42:52.604] [SYNC] [INFO] [cid=-] STATE_PUSHED subject=- target=org.dt4n.core:link-s1-s2 detail=up cycle=900
[2026-09-15 08:42:52.605] [SYNC] [INFO] [cid=-] STATE_DETECTED subject=- target=org.dt4n.core:link-s1-s3 detail=up cycle=900
[2026-09-15 08:42:52.610] [SYNC] [INFO] [cid=-] STATE_PUSHED subject=- target=org.dt4n.core:link-s1-s3 detail=up cycle=900
[2026-09-15 08:42:52.610] [SYNC] [INFO] [cid=-] STATE_DETECTED subject=- target=org.dt4n.core:link-s2-s3 detail=up cycle=900
[2026-09-15 08:42:52.615] [SYNC] [INFO] [cid=-] STATE_PUSHED subject=- target=org.dt4n.core:link-s2-s3 detail=up cycle=900
[2026-09-15 08:42:52.615] [SYNC] [INFO] [cid=-] STATE_DETECTED subject=- target=org.dt4n.core:link-s2-srv1 detail=up cycle=900
[2026-09-15 08:42:52.620] [SYNC] [INFO] [cid=-] STATE_PUSHED subject=- target=org.dt4n.core:link-s2-srv1 detail=up cycle=900
[2026-09-15 08:42:52.620] [SYNC] [INFO] [cid=-] STATE_DETECTED subject=- target=org.dt4n.core:link-s3-srv2 detail=up cycle=900
[2026-09-15 08:42:52.625] [SYNC] [INFO] [cid=-] STATE_PUSHED subject=- target=org.dt4n.core:link-s3-srv2 detail=up cycle=900
[2026-09-15 08:43:22.534] [SYNC] [INFO] [cid=-] STATE_DETECTED subject=- target=org.dt4n.core:host-h1 detail=up cycle=930
[2026-09-15 08:43:22.541] [SYNC] [INFO] [cid=-] STATE_PUSHED subject=- target=org.dt4n.core:host-h1 detail=up cycle=930
[2026-09-15 08:43:22.541] [SYNC] [INFO] [cid=-] STATE_DETECTED subject=- target=org.dt4n.core:host-h2 detail=up cycle=930
[2026-09-15 08:43:22.548] [SYNC] [INFO] [cid=-] STATE_PUSHED subject=- target=org.dt4n.core:host-h2 detail=up cycle=930
[2026-09-15 08:43:22.548] [SYNC] [INFO] [cid=-] STATE_DETECTED subject=- target=org.dt4n.core:host-h3 detail=up cycle=930
[2026-09-15 08:43:22.555] [SYNC] [INFO] [cid=-] STATE_PUSHED subject=- target=org.dt4n.core:host-h3 detail=up cycle=930
[2026-09-15 08:43:22.556] [SYNC] [INFO] [cid=-] STATE_DETECTED subject=- target=org.dt4n.core:host-srv1 detail=up cycle=930
[2026-09-15 08:43:22.562] [SYNC] [INFO] [cid=-] STATE_PUSHED subject=- target=org.dt4n.core:host-srv1 detail=up cycle=930
[2026-09-15 08:43:22.562] [SYNC] [INFO] [cid=-] STATE_DETECTED subject=- target=org.dt4n.core:host-srv2 detail=up cycle=930
[2026-09-15 08:43:22.576] [SYNC] [INFO] [cid=-] STATE_PUSHED subject=- target=org.dt4n.core:host-srv2 detail=up cycle=930
[2026-09-15 08:43:22.576] [SYNC] [INFO] [cid=-] STATE_DETECTED subject=- target=org.dt4n.core:switch-s1 detail=up cycle=930
[2026-09-15 08:43:22.585] [SYNC] [INFO] [cid=-] STATE_PUSHED subject=- target=org.dt4n.core:switch-s1 detail=up cycle=930
[2026-09-15 08:43:22.585] [SYNC] [INFO] [cid=-] STATE_DETECTED subject=- target=org.dt4n.core:switch-s2 detail=up cycle=930
[2026-09-15 08:43:22.593] [SYNC] [INFO] [cid=-] STATE_PUSHED subject=- target=org.dt4n.core:switch-s2 detail=up cycle=930
[2026-09-15 08:43:22.594] [SYNC] [INFO] [cid=-] STATE_DETECTED subject=- target=org.dt4n.core:switch-s3 detail=up cycle=930
[2026-09-15 08:43:22.599] [SYNC] [INFO] [cid=-] STATE_PUSHED subject=- target=org.dt4n.core:switch-s3 detail=up cycle=930
[2026-09-15 08:43:22.599] [SYNC] [INFO] [cid=-] STATE_DETECTED subject=- target=org.dt4n.core:link-h1-s1 detail=up cycle=930
[2026-09-15 08:43:22.604] [SYNC] [INFO] [cid=-] STATE_PUSHED subject=- target=org.dt4n.core:link-h1-s1 detail=up cycle=930
[2026-09-15 08:43:22.604] [SYNC] [INFO] [cid=-] STATE_DETECTED subject=- target=org.dt4n.core:link-h2-s1 detail=up cycle=930
[2026-09-15 08:43:22.609] [SYNC] [INFO] [cid=-] STATE_PUSHED subject=- target=org.dt4n.core:link-h2-s1 detail=up cycle=930
[2026-09-15 08:43:22.609] [SYNC] [INFO] [cid=-] STATE_DETECTED subject=- target=org.dt4n.core:link-h3-s1 detail=up cycle=930
[2026-09-15 08:43:22.614] [SYNC] [INFO] [cid=-] STATE_PUSHED subject=- target=org.dt4n.core:link-h3-s1 detail=up cycle=930
[2026-09-15 08:43:22.614] [SYNC] [INFO] [cid=-] STATE_DETECTED subject=- target=org.dt4n.core:link-s1-s2 detail=up cycle=930
[2026-09-15 08:43:22.619] [SYNC] [INFO] [cid=-] STATE_PUSHED subject=- target=org.dt4n.core:link-s1-s2 detail=up cycle=930
[2026-09-15 08:43:22.619] [SYNC] [INFO] [cid=-] STATE_DETECTED subject=- target=org.dt4n.core:link-s1-s3 detail=up cycle=930
[2026-09-15 08:43:22.624] [SYNC] [INFO] [cid=-] STATE_PUSHED subject=- target=org.dt4n.core:link-s1-s3 detail=up cycle=930
[2026-09-15 08:43:22.624] [SYNC] [INFO] [cid=-] STATE_DETECTED subject=- target=org.dt4n.core:link-s2-s3 detail=up cycle=930
[2026-09-15 08:43:22.629] [SYNC] [INFO] [cid=-] STATE_PUSHED subject=- target=org.dt4n.core:link-s2-s3 detail=up cycle=930
[2026-09-15 08:43:22.629] [SYNC] [INFO] [cid=-] STATE_DETECTED subject=- target=org.dt4n.core:link-s2-srv1 detail=up cycle=930
[2026-09-15 08:43:22.634] [SYNC] [INFO] [cid=-] STATE_PUSHED subject=- target=org.dt4n.core:link-s2-srv1 detail=up cycle=930
[2026-09-15 08:43:22.634] [SYNC] [INFO] [cid=-] STATE_DETECTED subject=- target=org.dt4n.core:link-s3-srv2 detail=up cycle=930
[2026-09-15 08:43:22.638] [SYNC] [INFO] [cid=-] STATE_PUSHED subject=- target=org.dt4n.core:link-s3-srv2 detail=up cycle=930
[2026-09-15 08:43:52.543] [SYNC] [INFO] [cid=-] STATE_DETECTED subject=- target=org.dt4n.core:host-h1 detail=up cycle=960
[2026-09-15 08:43:52.551] [SYNC] [INFO] [cid=-] STATE_PUSHED subject=- target=org.dt4n.core:host-h1 detail=up cycle=960
[2026-09-15 08:43:52.551] [SYNC] [INFO] [cid=-] STATE_DETECTED subject=- target=org.dt4n.core:host-h2 detail=up cycle=960
[2026-09-15 08:43:52.556] [SYNC] [INFO] [cid=-] STATE_PUSHED subject=- target=org.dt4n.core:host-h2 detail=up cycle=960
[2026-09-15 08:43:52.557] [SYNC] [INFO] [cid=-] STATE_DETECTED subject=- target=org.dt4n.core:host-h3 detail=up cycle=960
[2026-09-15 08:43:52.562] [SYNC] [INFO] [cid=-] STATE_PUSHED subject=- target=org.dt4n.core:host-h3 detail=up cycle=960
[2026-09-15 08:43:52.562] [SYNC] [INFO] [cid=-] STATE_DETECTED subject=- target=org.dt4n.core:host-srv1 detail=up cycle=960
[2026-09-15 08:43:52.567] [SYNC] [INFO] [cid=-] STATE_PUSHED subject=- target=org.dt4n.core:host-srv1 detail=up cycle=960
[2026-09-15 08:43:52.568] [SYNC] [INFO] [cid=-] STATE_DETECTED subject=- target=org.dt4n.core:host-srv2 detail=up cycle=960
[2026-09-15 08:43:52.573] [SYNC] [INFO] [cid=-] STATE_PUSHED subject=- target=org.dt4n.core:host-srv2 detail=up cycle=960
[2026-09-15 08:43:52.573] [SYNC] [INFO] [cid=-] STATE_DETECTED subject=- target=org.dt4n.core:switch-s1 detail=up cycle=960
[2026-09-15 08:43:52.578] [SYNC] [INFO] [cid=-] STATE_PUSHED subject=- target=org.dt4n.core:switch-s1 detail=up cycle=960
[2026-09-15 08:43:52.579] [SYNC] [INFO] [cid=-] STATE_DETECTED subject=- target=org.dt4n.core:switch-s2 detail=up cycle=960
[2026-09-15 08:43:52.583] [SYNC] [INFO] [cid=-] STATE_PUSHED subject=- target=org.dt4n.core:switch-s2 detail=up cycle=960
[2026-09-15 08:43:52.584] [SYNC] [INFO] [cid=-] STATE_DETECTED subject=- target=org.dt4n.core:switch-s3 detail=up cycle=960
[2026-09-15 08:43:52.589] [SYNC] [INFO] [cid=-] STATE_PUSHED subject=- target=org.dt4n.core:switch-s3 detail=up cycle=960
[2026-09-15 08:43:52.589] [SYNC] [INFO] [cid=-] STATE_DETECTED subject=- target=org.dt4n.core:link-h1-s1 detail=up cycle=960
[2026-09-15 08:43:52.594] [SYNC] [INFO] [cid=-] STATE_PUSHED subject=- target=org.dt4n.core:link-h1-s1 detail=up cycle=960
[2026-09-15 08:43:52.594] [SYNC] [INFO] [cid=-] STATE_DETECTED subject=- target=org.dt4n.core:link-h2-s1 detail=up cycle=960
[2026-09-15 08:43:52.600] [SYNC] [INFO] [cid=-] STATE_PUSHED subject=- target=org.dt4n.core:link-h2-s1 detail=up cycle=960
[2026-09-15 08:43:52.600] [SYNC] [INFO] [cid=-] STATE_DETECTED subject=- target=org.dt4n.core:link-h3-s1 detail=up cycle=960
[2026-09-15 08:43:52.606] [SYNC] [INFO] [cid=-] STATE_PUSHED subject=- target=org.dt4n.core:link-h3-s1 detail=up cycle=960
[2026-09-15 08:43:52.606] [SYNC] [INFO] [cid=-] STATE_DETECTED subject=- target=org.dt4n.core:link-s1-s2 detail=up cycle=960
[2026-09-15 08:43:52.611] [SYNC] [INFO] [cid=-] STATE_PUSHED subject=- target=org.dt4n.core:link-s1-s2 detail=up cycle=960
[2026-09-15 08:43:52.611] [SYNC] [INFO] [cid=-] STATE_DETECTED subject=- target=org.dt4n.core:link-s1-s3 detail=up cycle=960
[2026-09-15 08:43:52.617] [SYNC] [INFO] [cid=-] STATE_PUSHED subject=- target=org.dt4n.core:link-s1-s3 detail=up cycle=960
[2026-09-15 08:43:52.617] [SYNC] [INFO] [cid=-] STATE_DETECTED subject=- target=org.dt4n.core:link-s2-s3 detail=up cycle=960
[2026-09-15 08:43:52.622] [SYNC] [INFO] [cid=-] STATE_PUSHED subject=- target=org.dt4n.core:link-s2-s3 detail=up cycle=960
[2026-09-15 08:43:52.622] [SYNC] [INFO] [cid=-] STATE_DETECTED subject=- target=org.dt4n.core:link-s2-srv1 detail=up cycle=960
[2026-09-15 08:43:52.628] [SYNC] [INFO] [cid=-] STATE_PUSHED subject=- target=org.dt4n.core:link-s2-srv1 detail=up cycle=960
[2026-09-15 08:43:52.628] [SYNC] [INFO] [cid=-] STATE_DETECTED subject=- target=org.dt4n.core:link-s3-srv2 detail=up cycle=960
[2026-09-15 08:43:52.640] [SYNC] [INFO] [cid=-] STATE_PUSHED subject=- target=org.dt4n.core:link-s3-srv2 detail=up cycle=960
[2026-09-15 08:44:22.550] [SYNC] [INFO] [cid=-] STATE_DETECTED subject=- target=org.dt4n.core:host-h1 detail=up cycle=990
[2026-09-15 08:44:22.558] [SYNC] [INFO] [cid=-] STATE_PUSHED subject=- target=org.dt4n.core:host-h1 detail=up cycle=990
[2026-09-15 08:44:22.558] [SYNC] [INFO] [cid=-] STATE_DETECTED subject=- target=org.dt4n.core:host-h2 detail=up cycle=990
[2026-09-15 08:44:22.564] [SYNC] [INFO] [cid=-] STATE_PUSHED subject=- target=org.dt4n.core:host-h2 detail=up cycle=990
[2026-09-15 08:44:22.564] [SYNC] [INFO] [cid=-] STATE_DETECTED subject=- target=org.dt4n.core:host-h3 detail=up cycle=990
[2026-09-15 08:44:22.570] [SYNC] [INFO] [cid=-] STATE_PUSHED subject=- target=org.dt4n.core:host-h3 detail=up cycle=990
[2026-09-15 08:44:22.570] [SYNC] [INFO] [cid=-] STATE_DETECTED subject=- target=org.dt4n.core:host-srv1 detail=up cycle=990
[2026-09-15 08:44:22.576] [SYNC] [INFO] [cid=-] STATE_PUSHED subject=- target=org.dt4n.core:host-srv1 detail=up cycle=990
[2026-09-15 08:44:22.577] [SYNC] [INFO] [cid=-] STATE_DETECTED subject=- target=org.dt4n.core:host-srv2 detail=up cycle=990
[2026-09-15 08:44:22.582] [SYNC] [INFO] [cid=-] STATE_PUSHED subject=- target=org.dt4n.core:host-srv2 detail=up cycle=990
[2026-09-15 08:44:22.582] [SYNC] [INFO] [cid=-] STATE_DETECTED subject=- target=org.dt4n.core:switch-s1 detail=up cycle=990
[2026-09-15 08:44:22.589] [SYNC] [INFO] [cid=-] STATE_PUSHED subject=- target=org.dt4n.core:switch-s1 detail=up cycle=990
[2026-09-15 08:44:22.589] [SYNC] [INFO] [cid=-] STATE_DETECTED subject=- target=org.dt4n.core:switch-s2 detail=up cycle=990
[2026-09-15 08:44:22.594] [SYNC] [INFO] [cid=-] STATE_PUSHED subject=- target=org.dt4n.core:switch-s2 detail=up cycle=990
[2026-09-15 08:44:22.594] [SYNC] [INFO] [cid=-] STATE_DETECTED subject=- target=org.dt4n.core:switch-s3 detail=up cycle=990
[2026-09-15 08:44:22.599] [SYNC] [INFO] [cid=-] STATE_PUSHED subject=- target=org.dt4n.core:switch-s3 detail=up cycle=990
[2026-09-15 08:44:22.599] [SYNC] [INFO] [cid=-] STATE_DETECTED subject=- target=org.dt4n.core:link-h1-s1 detail=up cycle=990
[2026-09-15 08:44:22.604] [SYNC] [INFO] [cid=-] STATE_PUSHED subject=- target=org.dt4n.core:link-h1-s1 detail=up cycle=990
[2026-09-15 08:44:22.604] [SYNC] [INFO] [cid=-] STATE_DETECTED subject=- target=org.dt4n.core:link-h2-s1 detail=up cycle=990
[2026-09-15 08:44:22.609] [SYNC] [INFO] [cid=-] STATE_PUSHED subject=- target=org.dt4n.core:link-h2-s1 detail=up cycle=990
[2026-09-15 08:44:22.609] [SYNC] [INFO] [cid=-] STATE_DETECTED subject=- target=org.dt4n.core:link-h3-s1 detail=up cycle=990
[2026-09-15 08:44:22.614] [SYNC] [INFO] [cid=-] STATE_PUSHED subject=- target=org.dt4n.core:link-h3-s1 detail=up cycle=990
[2026-09-15 08:44:22.614] [SYNC] [INFO] [cid=-] STATE_DETECTED subject=- target=org.dt4n.core:link-s1-s2 detail=up cycle=990
[2026-09-15 08:44:22.618] [SYNC] [INFO] [cid=-] STATE_PUSHED subject=- target=org.dt4n.core:link-s1-s2 detail=up cycle=990
[2026-09-15 08:44:22.618] [SYNC] [INFO] [cid=-] STATE_DETECTED subject=- target=org.dt4n.core:link-s1-s3 detail=up cycle=990
[2026-09-15 08:44:22.623] [SYNC] [INFO] [cid=-] STATE_PUSHED subject=- target=org.dt4n.core:link-s1-s3 detail=up cycle=990
[2026-09-15 08:44:22.623] [SYNC] [INFO] [cid=-] STATE_DETECTED subject=- target=org.dt4n.core:link-s2-s3 detail=up cycle=990
[2026-09-15 08:44:22.628] [SYNC] [INFO] [cid=-] STATE_PUSHED subject=- target=org.dt4n.core:link-s2-s3 detail=up cycle=990
[2026-09-15 08:44:22.628] [SYNC] [INFO] [cid=-] STATE_DETECTED subject=- target=org.dt4n.core:link-s2-srv1 detail=up cycle=990
[2026-09-15 08:44:22.633] [SYNC] [INFO] [cid=-] STATE_PUSHED subject=- target=org.dt4n.core:link-s2-srv1 detail=up cycle=990
[2026-09-15 08:44:22.633] [SYNC] [INFO] [cid=-] STATE_DETECTED subject=- target=org.dt4n.core:link-s3-srv2 detail=up cycle=990
[2026-09-15 08:44:22.637] [SYNC] [INFO] [cid=-] STATE_PUSHED subject=- target=org.dt4n.core:link-s3-srv2 detail=up cycle=990
[2026-09-15 08:44:52.559] [SYNC] [INFO] [cid=-] STATE_DETECTED subject=- target=org.dt4n.core:host-h1 detail=up cycle=1020
[2026-09-15 08:44:52.566] [SYNC] [INFO] [cid=-] STATE_PUSHED subject=- target=org.dt4n.core:host-h1 detail=up cycle=1020
[2026-09-15 08:44:52.566] [SYNC] [INFO] [cid=-] STATE_DETECTED subject=- target=org.dt4n.core:host-h2 detail=up cycle=1020
[2026-09-15 08:44:52.572] [SYNC] [INFO] [cid=-] STATE_PUSHED subject=- target=org.dt4n.core:host-h2 detail=up cycle=1020
[2026-09-15 08:44:52.572] [SYNC] [INFO] [cid=-] STATE_DETECTED subject=- target=org.dt4n.core:host-h3 detail=up cycle=1020
[2026-09-15 08:44:52.577] [SYNC] [INFO] [cid=-] STATE_PUSHED subject=- target=org.dt4n.core:host-h3 detail=up cycle=1020
[2026-09-15 08:44:52.578] [SYNC] [INFO] [cid=-] STATE_DETECTED subject=- target=org.dt4n.core:host-srv1 detail=up cycle=1020
[2026-09-15 08:44:52.582] [SYNC] [INFO] [cid=-] STATE_PUSHED subject=- target=org.dt4n.core:host-srv1 detail=up cycle=1020
[2026-09-15 08:44:52.582] [SYNC] [INFO] [cid=-] STATE_DETECTED subject=- target=org.dt4n.core:host-srv2 detail=up cycle=1020
[2026-09-15 08:44:52.587] [SYNC] [INFO] [cid=-] STATE_PUSHED subject=- target=org.dt4n.core:host-srv2 detail=up cycle=1020
[2026-09-15 08:44:52.588] [SYNC] [INFO] [cid=-] STATE_DETECTED subject=- target=org.dt4n.core:switch-s1 detail=up cycle=1020
[2026-09-15 08:44:52.593] [SYNC] [INFO] [cid=-] STATE_PUSHED subject=- target=org.dt4n.core:switch-s1 detail=up cycle=1020
[2026-09-15 08:44:52.593] [SYNC] [INFO] [cid=-] STATE_DETECTED subject=- target=org.dt4n.core:switch-s2 detail=up cycle=1020
[2026-09-15 08:44:52.598] [SYNC] [INFO] [cid=-] STATE_PUSHED subject=- target=org.dt4n.core:switch-s2 detail=up cycle=1020
[2026-09-15 08:44:52.599] [SYNC] [INFO] [cid=-] STATE_DETECTED subject=- target=org.dt4n.core:switch-s3 detail=up cycle=1020
[2026-09-15 08:44:52.605] [SYNC] [INFO] [cid=-] STATE_PUSHED subject=- target=org.dt4n.core:switch-s3 detail=up cycle=1020
[2026-09-15 08:44:52.605] [SYNC] [INFO] [cid=-] STATE_DETECTED subject=- target=org.dt4n.core:link-h1-s1 detail=up cycle=1020
[2026-09-15 08:44:52.610] [SYNC] [INFO] [cid=-] STATE_PUSHED subject=- target=org.dt4n.core:link-h1-s1 detail=up cycle=1020
[2026-09-15 08:44:52.610] [SYNC] [INFO] [cid=-] STATE_DETECTED subject=- target=org.dt4n.core:link-h2-s1 detail=up cycle=1020
[2026-09-15 08:44:52.615] [SYNC] [INFO] [cid=-] STATE_PUSHED subject=- target=org.dt4n.core:link-h2-s1 detail=up cycle=1020
[2026-09-15 08:44:52.615] [SYNC] [INFO] [cid=-] STATE_DETECTED subject=- target=org.dt4n.core:link-h3-s1 detail=up cycle=1020
[2026-09-15 08:44:52.620] [SYNC] [INFO] [cid=-] STATE_PUSHED subject=- target=org.dt4n.core:link-h3-s1 detail=up cycle=1020
[2026-09-15 08:44:52.620] [SYNC] [INFO] [cid=-] STATE_DETECTED subject=- target=org.dt4n.core:link-s1-s2 detail=up cycle=1020
[2026-09-15 08:44:52.625] [SYNC] [INFO] [cid=-] STATE_PUSHED subject=- target=org.dt4n.core:link-s1-s2 detail=up cycle=1020
[2026-09-15 08:44:52.626] [SYNC] [INFO] [cid=-] STATE_DETECTED subject=- target=org.dt4n.core:link-s1-s3 detail=up cycle=1020
[2026-09-15 08:44:52.631] [SYNC] [INFO] [cid=-] STATE_PUSHED subject=- target=org.dt4n.core:link-s1-s3 detail=up cycle=1020
[2026-09-15 08:44:52.631] [SYNC] [INFO] [cid=-] STATE_DETECTED subject=- target=org.dt4n.core:link-s2-s3 detail=up cycle=1020
[2026-09-15 08:44:52.636] [SYNC] [INFO] [cid=-] STATE_PUSHED subject=- target=org.dt4n.core:link-s2-s3 detail=up cycle=1020
[2026-09-15 08:44:52.636] [SYNC] [INFO] [cid=-] STATE_DETECTED subject=- target=org.dt4n.core:link-s2-srv1 detail=up cycle=1020
[2026-09-15 08:44:52.641] [SYNC] [INFO] [cid=-] STATE_PUSHED subject=- target=org.dt4n.core:link-s2-srv1 detail=up cycle=1020
[2026-09-15 08:44:52.641] [SYNC] [INFO] [cid=-] STATE_DETECTED subject=- target=org.dt4n.core:link-s3-srv2 detail=up cycle=1020
[2026-09-15 08:44:52.646] [SYNC] [INFO] [cid=-] STATE_PUSHED subject=- target=org.dt4n.core:link-s3-srv2 detail=up cycle=1020
[2026-09-15 08:45:22.567] [SYNC] [INFO] [cid=-] STATE_DETECTED subject=- target=org.dt4n.core:host-h1 detail=up cycle=1050
[2026-09-15 08:45:22.576] [SYNC] [INFO] [cid=-] STATE_PUSHED subject=- target=org.dt4n.core:host-h1 detail=up cycle=1050
[2026-09-15 08:45:22.576] [SYNC] [INFO] [cid=-] STATE_DETECTED subject=- target=org.dt4n.core:host-h2 detail=up cycle=1050
[2026-09-15 08:45:22.583] [SYNC] [INFO] [cid=-] STATE_PUSHED subject=- target=org.dt4n.core:host-h2 detail=up cycle=1050
[2026-09-15 08:45:22.583] [SYNC] [INFO] [cid=-] STATE_DETECTED subject=- target=org.dt4n.core:host-h3 detail=up cycle=1050
[2026-09-15 08:45:22.590] [SYNC] [INFO] [cid=-] STATE_PUSHED subject=- target=org.dt4n.core:host-h3 detail=up cycle=1050
[2026-09-15 08:45:22.590] [SYNC] [INFO] [cid=-] STATE_DETECTED subject=- target=org.dt4n.core:host-srv1 detail=up cycle=1050
[2026-09-15 08:45:22.596] [SYNC] [INFO] [cid=-] STATE_PUSHED subject=- target=org.dt4n.core:host-srv1 detail=up cycle=1050
[2026-09-15 08:45:22.596] [SYNC] [INFO] [cid=-] STATE_DETECTED subject=- target=org.dt4n.core:host-srv2 detail=up cycle=1050
[2026-09-15 08:45:22.602] [SYNC] [INFO] [cid=-] STATE_PUSHED subject=- target=org.dt4n.core:host-srv2 detail=up cycle=1050
[2026-09-15 08:45:22.603] [SYNC] [INFO] [cid=-] STATE_DETECTED subject=- target=org.dt4n.core:switch-s1 detail=up cycle=1050
[2026-09-15 08:45:22.609] [SYNC] [INFO] [cid=-] STATE_PUSHED subject=- target=org.dt4n.core:switch-s1 detail=up cycle=1050
[2026-09-15 08:45:22.610] [SYNC] [INFO] [cid=-] STATE_DETECTED subject=- target=org.dt4n.core:switch-s2 detail=up cycle=1050
[2026-09-15 08:45:22.615] [SYNC] [INFO] [cid=-] STATE_PUSHED subject=- target=org.dt4n.core:switch-s2 detail=up cycle=1050
[2026-09-15 08:45:22.615] [SYNC] [INFO] [cid=-] STATE_DETECTED subject=- target=org.dt4n.core:switch-s3 detail=up cycle=1050
[2026-09-15 08:45:22.620] [SYNC] [INFO] [cid=-] STATE_PUSHED subject=- target=org.dt4n.core:switch-s3 detail=up cycle=1050
[2026-09-15 08:45:22.620] [SYNC] [INFO] [cid=-] STATE_DETECTED subject=- target=org.dt4n.core:link-h1-s1 detail=up cycle=1050
[2026-09-15 08:45:22.624] [SYNC] [INFO] [cid=-] STATE_PUSHED subject=- target=org.dt4n.core:link-h1-s1 detail=up cycle=1050
[2026-09-15 08:45:22.625] [SYNC] [INFO] [cid=-] STATE_DETECTED subject=- target=org.dt4n.core:link-h2-s1 detail=up cycle=1050
[2026-09-15 08:45:22.629] [SYNC] [INFO] [cid=-] STATE_PUSHED subject=- target=org.dt4n.core:link-h2-s1 detail=up cycle=1050
[2026-09-15 08:45:22.629] [SYNC] [INFO] [cid=-] STATE_DETECTED subject=- target=org.dt4n.core:link-h3-s1 detail=up cycle=1050
[2026-09-15 08:45:22.634] [SYNC] [INFO] [cid=-] STATE_PUSHED subject=- target=org.dt4n.core:link-h3-s1 detail=up cycle=1050
[2026-09-15 08:45:22.634] [SYNC] [INFO] [cid=-] STATE_DETECTED subject=- target=org.dt4n.core:link-s1-s2 detail=up cycle=1050
[2026-09-15 08:45:22.639] [SYNC] [INFO] [cid=-] STATE_PUSHED subject=- target=org.dt4n.core:link-s1-s2 detail=up cycle=1050
[2026-09-15 08:45:22.640] [SYNC] [INFO] [cid=-] STATE_DETECTED subject=- target=org.dt4n.core:link-s1-s3 detail=up cycle=1050
[2026-09-15 08:45:22.645] [SYNC] [INFO] [cid=-] STATE_PUSHED subject=- target=org.dt4n.core:link-s1-s3 detail=up cycle=1050
[2026-09-15 08:45:22.645] [SYNC] [INFO] [cid=-] STATE_DETECTED subject=- target=org.dt4n.core:link-s2-s3 detail=up cycle=1050
[2026-09-15 08:45:22.650] [SYNC] [INFO] [cid=-] STATE_PUSHED subject=- target=org.dt4n.core:link-s2-s3 detail=up cycle=1050
[2026-09-15 08:45:22.651] [SYNC] [INFO] [cid=-] STATE_DETECTED subject=- target=org.dt4n.core:link-s2-srv1 detail=up cycle=1050
[2026-09-15 08:45:22.656] [SYNC] [INFO] [cid=-] STATE_PUSHED subject=- target=org.dt4n.core:link-s2-srv1 detail=up cycle=1050
[2026-09-15 08:45:22.656] [SYNC] [INFO] [cid=-] STATE_DETECTED subject=- target=org.dt4n.core:link-s3-srv2 detail=up cycle=1050
[2026-09-15 08:45:22.661] [SYNC] [INFO] [cid=-] STATE_PUSHED subject=- target=org.dt4n.core:link-s3-srv2 detail=up cycle=1050
[2026-09-15 08:45:52.570] [SYNC] [INFO] [cid=-] STATE_DETECTED subject=- target=org.dt4n.core:host-h1 detail=up cycle=1080
[2026-09-15 08:45:52.577] [SYNC] [INFO] [cid=-] STATE_PUSHED subject=- target=org.dt4n.core:host-h1 detail=up cycle=1080
[2026-09-15 08:45:52.577] [SYNC] [INFO] [cid=-] STATE_DETECTED subject=- target=org.dt4n.core:host-h2 detail=up cycle=1080
[2026-09-15 08:45:52.583] [SYNC] [INFO] [cid=-] STATE_PUSHED subject=- target=org.dt4n.core:host-h2 detail=up cycle=1080
[2026-09-15 08:45:52.583] [SYNC] [INFO] [cid=-] STATE_DETECTED subject=- target=org.dt4n.core:host-h3 detail=up cycle=1080
[2026-09-15 08:45:52.588] [SYNC] [INFO] [cid=-] STATE_PUSHED subject=- target=org.dt4n.core:host-h3 detail=up cycle=1080
[2026-09-15 08:45:52.588] [SYNC] [INFO] [cid=-] STATE_DETECTED subject=- target=org.dt4n.core:host-srv1 detail=up cycle=1080
[2026-09-15 08:45:52.594] [SYNC] [INFO] [cid=-] STATE_PUSHED subject=- target=org.dt4n.core:host-srv1 detail=up cycle=1080
[2026-09-15 08:45:52.594] [SYNC] [INFO] [cid=-] STATE_DETECTED subject=- target=org.dt4n.core:host-srv2 detail=up cycle=1080
[2026-09-15 08:45:52.599] [SYNC] [INFO] [cid=-] STATE_PUSHED subject=- target=org.dt4n.core:host-srv2 detail=up cycle=1080
[2026-09-15 08:45:52.599] [SYNC] [INFO] [cid=-] STATE_DETECTED subject=- target=org.dt4n.core:switch-s1 detail=up cycle=1080
[2026-09-15 08:45:52.606] [SYNC] [INFO] [cid=-] STATE_PUSHED subject=- target=org.dt4n.core:switch-s1 detail=up cycle=1080
[2026-09-15 08:45:52.606] [SYNC] [INFO] [cid=-] STATE_DETECTED subject=- target=org.dt4n.core:switch-s2 detail=up cycle=1080
[2026-09-15 08:45:52.612] [SYNC] [INFO] [cid=-] STATE_PUSHED subject=- target=org.dt4n.core:switch-s2 detail=up cycle=1080
[2026-09-15 08:45:52.612] [SYNC] [INFO] [cid=-] STATE_DETECTED subject=- target=org.dt4n.core:switch-s3 detail=up cycle=1080
[2026-09-15 08:45:52.618] [SYNC] [INFO] [cid=-] STATE_PUSHED subject=- target=org.dt4n.core:switch-s3 detail=up cycle=1080
[2026-09-15 08:45:52.618] [SYNC] [INFO] [cid=-] STATE_DETECTED subject=- target=org.dt4n.core:link-h1-s1 detail=up cycle=1080
[2026-09-15 08:45:52.624] [SYNC] [INFO] [cid=-] STATE_PUSHED subject=- target=org.dt4n.core:link-h1-s1 detail=up cycle=1080
[2026-09-15 08:45:52.624] [SYNC] [INFO] [cid=-] STATE_DETECTED subject=- target=org.dt4n.core:link-h2-s1 detail=up cycle=1080
[2026-09-15 08:45:52.630] [SYNC] [INFO] [cid=-] STATE_PUSHED subject=- target=org.dt4n.core:link-h2-s1 detail=up cycle=1080
[2026-09-15 08:45:52.630] [SYNC] [INFO] [cid=-] STATE_DETECTED subject=- target=org.dt4n.core:link-h3-s1 detail=up cycle=1080
[2026-09-15 08:45:52.635] [SYNC] [INFO] [cid=-] STATE_PUSHED subject=- target=org.dt4n.core:link-h3-s1 detail=up cycle=1080
[2026-09-15 08:45:52.636] [SYNC] [INFO] [cid=-] STATE_DETECTED subject=- target=org.dt4n.core:link-s1-s2 detail=up cycle=1080
[2026-09-15 08:45:52.641] [SYNC] [INFO] [cid=-] STATE_PUSHED subject=- target=org.dt4n.core:link-s1-s2 detail=up cycle=1080
[2026-09-15 08:45:52.641] [SYNC] [INFO] [cid=-] STATE_DETECTED subject=- target=org.dt4n.core:link-s1-s3 detail=up cycle=1080
[2026-09-15 08:45:52.647] [SYNC] [INFO] [cid=-] STATE_PUSHED subject=- target=org.dt4n.core:link-s1-s3 detail=up cycle=1080
[2026-09-15 08:45:52.647] [SYNC] [INFO] [cid=-] STATE_DETECTED subject=- target=org.dt4n.core:link-s2-s3 detail=up cycle=1080
[2026-09-15 08:45:52.652] [SYNC] [INFO] [cid=-] STATE_PUSHED subject=- target=org.dt4n.core:link-s2-s3 detail=up cycle=1080
[2026-09-15 08:45:52.652] [SYNC] [INFO] [cid=-] STATE_DETECTED subject=- target=org.dt4n.core:link-s2-srv1 detail=up cycle=1080
[2026-09-15 08:45:52.665] [SYNC] [INFO] [cid=-] STATE_PUSHED subject=- target=org.dt4n.core:link-s2-srv1 detail=up cycle=1080
[2026-09-15 08:45:52.665] [SYNC] [INFO] [cid=-] STATE_DETECTED subject=- target=org.dt4n.core:link-s3-srv2 detail=up cycle=1080
[2026-09-15 08:45:52.672] [SYNC] [INFO] [cid=-] STATE_PUSHED subject=- target=org.dt4n.core:link-s3-srv2 detail=up cycle=1080
[2026-09-15 08:46:22.577] [SYNC] [INFO] [cid=-] STATE_DETECTED subject=- target=org.dt4n.core:host-h1 detail=up cycle=1110
[2026-09-15 08:46:22.584] [SYNC] [INFO] [cid=-] STATE_PUSHED subject=- target=org.dt4n.core:host-h1 detail=up cycle=1110
[2026-09-15 08:46:22.584] [SYNC] [INFO] [cid=-] STATE_DETECTED subject=- target=org.dt4n.core:host-h2 detail=up cycle=1110
[2026-09-15 08:46:22.590] [SYNC] [INFO] [cid=-] STATE_PUSHED subject=- target=org.dt4n.core:host-h2 detail=up cycle=1110
[2026-09-15 08:46:22.590] [SYNC] [INFO] [cid=-] STATE_DETECTED subject=- target=org.dt4n.core:host-h3 detail=up cycle=1110
[2026-09-15 08:46:22.595] [SYNC] [INFO] [cid=-] STATE_PUSHED subject=- target=org.dt4n.core:host-h3 detail=up cycle=1110
[2026-09-15 08:46:22.595] [SYNC] [INFO] [cid=-] STATE_DETECTED subject=- target=org.dt4n.core:host-srv1 detail=up cycle=1110
[2026-09-15 08:46:22.601] [SYNC] [INFO] [cid=-] STATE_PUSHED subject=- target=org.dt4n.core:host-srv1 detail=up cycle=1110
[2026-09-15 08:46:22.601] [SYNC] [INFO] [cid=-] STATE_DETECTED subject=- target=org.dt4n.core:host-srv2 detail=up cycle=1110
[2026-09-15 08:46:22.606] [SYNC] [INFO] [cid=-] STATE_PUSHED subject=- target=org.dt4n.core:host-srv2 detail=up cycle=1110
[2026-09-15 08:46:22.606] [SYNC] [INFO] [cid=-] STATE_DETECTED subject=- target=org.dt4n.core:switch-s1 detail=up cycle=1110
[2026-09-15 08:46:22.611] [SYNC] [INFO] [cid=-] STATE_PUSHED subject=- target=org.dt4n.core:switch-s1 detail=up cycle=1110
[2026-09-15 08:46:22.611] [SYNC] [INFO] [cid=-] STATE_DETECTED subject=- target=org.dt4n.core:switch-s2 detail=up cycle=1110
[2026-09-15 08:46:22.616] [SYNC] [INFO] [cid=-] STATE_PUSHED subject=- target=org.dt4n.core:switch-s2 detail=up cycle=1110
[2026-09-15 08:46:22.616] [SYNC] [INFO] [cid=-] STATE_DETECTED subject=- target=org.dt4n.core:switch-s3 detail=up cycle=1110
[2026-09-15 08:46:22.621] [SYNC] [INFO] [cid=-] STATE_PUSHED subject=- target=org.dt4n.core:switch-s3 detail=up cycle=1110
[2026-09-15 08:46:22.621] [SYNC] [INFO] [cid=-] STATE_DETECTED subject=- target=org.dt4n.core:link-h1-s1 detail=up cycle=1110
[2026-09-15 08:46:22.625] [SYNC] [INFO] [cid=-] STATE_PUSHED subject=- target=org.dt4n.core:link-h1-s1 detail=up cycle=1110
[2026-09-15 08:46:22.625] [SYNC] [INFO] [cid=-] STATE_DETECTED subject=- target=org.dt4n.core:link-h2-s1 detail=up cycle=1110
[2026-09-15 08:46:22.630] [SYNC] [INFO] [cid=-] STATE_PUSHED subject=- target=org.dt4n.core:link-h2-s1 detail=up cycle=1110
[2026-09-15 08:46:22.630] [SYNC] [INFO] [cid=-] STATE_DETECTED subject=- target=org.dt4n.core:link-h3-s1 detail=up cycle=1110
[2026-09-15 08:46:22.635] [SYNC] [INFO] [cid=-] STATE_PUSHED subject=- target=org.dt4n.core:link-h3-s1 detail=up cycle=1110
[2026-09-15 08:46:22.635] [SYNC] [INFO] [cid=-] STATE_DETECTED subject=- target=org.dt4n.core:link-s1-s2 detail=up cycle=1110
[2026-09-15 08:46:22.640] [SYNC] [INFO] [cid=-] STATE_PUSHED subject=- target=org.dt4n.core:link-s1-s2 detail=up cycle=1110
[2026-09-15 08:46:22.640] [SYNC] [INFO] [cid=-] STATE_DETECTED subject=- target=org.dt4n.core:link-s1-s3 detail=up cycle=1110
[2026-09-15 08:46:22.646] [SYNC] [INFO] [cid=-] STATE_PUSHED subject=- target=org.dt4n.core:link-s1-s3 detail=up cycle=1110
[2026-09-15 08:46:22.646] [SYNC] [INFO] [cid=-] STATE_DETECTED subject=- target=org.dt4n.core:link-s2-s3 detail=up cycle=1110
[2026-09-15 08:46:22.651] [SYNC] [INFO] [cid=-] STATE_PUSHED subject=- target=org.dt4n.core:link-s2-s3 detail=up cycle=1110
[2026-09-15 08:46:22.651] [SYNC] [INFO] [cid=-] STATE_DETECTED subject=- target=org.dt4n.core:link-s2-srv1 detail=up cycle=1110
[2026-09-15 08:46:22.658] [SYNC] [INFO] [cid=-] STATE_PUSHED subject=- target=org.dt4n.core:link-s2-srv1 detail=up cycle=1110
[2026-09-15 08:46:22.658] [SYNC] [INFO] [cid=-] STATE_DETECTED subject=- target=org.dt4n.core:link-s3-srv2 detail=up cycle=1110
[2026-09-15 08:46:22.664] [SYNC] [INFO] [cid=-] STATE_PUSHED subject=- target=org.dt4n.core:link-s3-srv2 detail=up cycle=1110
[2026-09-15 08:46:52.584] [SYNC] [INFO] [cid=-] STATE_DETECTED subject=- target=org.dt4n.core:host-h1 detail=up cycle=1140
[2026-09-15 08:46:52.591] [SYNC] [INFO] [cid=-] STATE_PUSHED subject=- target=org.dt4n.core:host-h1 detail=up cycle=1140
[2026-09-15 08:46:52.591] [SYNC] [INFO] [cid=-] STATE_DETECTED subject=- target=org.dt4n.core:host-h2 detail=up cycle=1140
[2026-09-15 08:46:52.596] [SYNC] [INFO] [cid=-] STATE_PUSHED subject=- target=org.dt4n.core:host-h2 detail=up cycle=1140
[2026-09-15 08:46:52.596] [SYNC] [INFO] [cid=-] STATE_DETECTED subject=- target=org.dt4n.core:host-h3 detail=up cycle=1140
[2026-09-15 08:46:52.602] [SYNC] [INFO] [cid=-] STATE_PUSHED subject=- target=org.dt4n.core:host-h3 detail=up cycle=1140
[2026-09-15 08:46:52.602] [SYNC] [INFO] [cid=-] STATE_DETECTED subject=- target=org.dt4n.core:host-srv1 detail=up cycle=1140
[2026-09-15 08:46:52.607] [SYNC] [INFO] [cid=-] STATE_PUSHED subject=- target=org.dt4n.core:host-srv1 detail=up cycle=1140
[2026-09-15 08:46:52.607] [SYNC] [INFO] [cid=-] STATE_DETECTED subject=- target=org.dt4n.core:host-srv2 detail=up cycle=1140
[2026-09-15 08:46:52.612] [SYNC] [INFO] [cid=-] STATE_PUSHED subject=- target=org.dt4n.core:host-srv2 detail=up cycle=1140
[2026-09-15 08:46:52.612] [SYNC] [INFO] [cid=-] STATE_DETECTED subject=- target=org.dt4n.core:switch-s1 detail=up cycle=1140
[2026-09-15 08:46:52.617] [SYNC] [INFO] [cid=-] STATE_PUSHED subject=- target=org.dt4n.core:switch-s1 detail=up cycle=1140
[2026-09-15 08:46:52.617] [SYNC] [INFO] [cid=-] STATE_DETECTED subject=- target=org.dt4n.core:switch-s2 detail=up cycle=1140
[2026-09-15 08:46:52.622] [SYNC] [INFO] [cid=-] STATE_PUSHED subject=- target=org.dt4n.core:switch-s2 detail=up cycle=1140
[2026-09-15 08:46:52.622] [SYNC] [INFO] [cid=-] STATE_DETECTED subject=- target=org.dt4n.core:switch-s3 detail=up cycle=1140
[2026-09-15 08:46:52.627] [SYNC] [INFO] [cid=-] STATE_PUSHED subject=- target=org.dt4n.core:switch-s3 detail=up cycle=1140
[2026-09-15 08:46:52.627] [SYNC] [INFO] [cid=-] STATE_DETECTED subject=- target=org.dt4n.core:link-h1-s1 detail=up cycle=1140
[2026-09-15 08:46:52.633] [SYNC] [INFO] [cid=-] STATE_PUSHED subject=- target=org.dt4n.core:link-h1-s1 detail=up cycle=1140
[2026-09-15 08:46:52.633] [SYNC] [INFO] [cid=-] STATE_DETECTED subject=- target=org.dt4n.core:link-h2-s1 detail=up cycle=1140
[2026-09-15 08:46:52.638] [SYNC] [INFO] [cid=-] STATE_PUSHED subject=- target=org.dt4n.core:link-h2-s1 detail=up cycle=1140
[2026-09-15 08:46:52.638] [SYNC] [INFO] [cid=-] STATE_DETECTED subject=- target=org.dt4n.core:link-h3-s1 detail=up cycle=1140
[2026-09-15 08:46:52.643] [SYNC] [INFO] [cid=-] STATE_PUSHED subject=- target=org.dt4n.core:link-h3-s1 detail=up cycle=1140
[2026-09-15 08:46:52.643] [SYNC] [INFO] [cid=-] STATE_DETECTED subject=- target=org.dt4n.core:link-s1-s2 detail=up cycle=1140
[2026-09-15 08:46:52.648] [SYNC] [INFO] [cid=-] STATE_PUSHED subject=- target=org.dt4n.core:link-s1-s2 detail=up cycle=1140
[2026-09-15 08:46:52.648] [SYNC] [INFO] [cid=-] STATE_DETECTED subject=- target=org.dt4n.core:link-s1-s3 detail=up cycle=1140
[2026-09-15 08:46:52.652] [SYNC] [INFO] [cid=-] STATE_PUSHED subject=- target=org.dt4n.core:link-s1-s3 detail=up cycle=1140
[2026-09-15 08:46:52.653] [SYNC] [INFO] [cid=-] STATE_DETECTED subject=- target=org.dt4n.core:link-s2-s3 detail=up cycle=1140
[2026-09-15 08:46:52.657] [SYNC] [INFO] [cid=-] STATE_PUSHED subject=- target=org.dt4n.core:link-s2-s3 detail=up cycle=1140
[2026-09-15 08:46:52.658] [SYNC] [INFO] [cid=-] STATE_DETECTED subject=- target=org.dt4n.core:link-s2-srv1 detail=up cycle=1140
[2026-09-15 08:46:52.662] [SYNC] [INFO] [cid=-] STATE_PUSHED subject=- target=org.dt4n.core:link-s2-srv1 detail=up cycle=1140
[2026-09-15 08:46:52.662] [SYNC] [INFO] [cid=-] STATE_DETECTED subject=- target=org.dt4n.core:link-s3-srv2 detail=up cycle=1140
[2026-09-15 08:46:52.667] [SYNC] [INFO] [cid=-] STATE_PUSHED subject=- target=org.dt4n.core:link-s3-srv2 detail=up cycle=1140
[2026-09-15 08:47:22.593] [SYNC] [INFO] [cid=-] STATE_DETECTED subject=- target=org.dt4n.core:host-h1 detail=up cycle=1170
[2026-09-15 08:47:22.600] [SYNC] [INFO] [cid=-] STATE_PUSHED subject=- target=org.dt4n.core:host-h1 detail=up cycle=1170
[2026-09-15 08:47:22.600] [SYNC] [INFO] [cid=-] STATE_DETECTED subject=- target=org.dt4n.core:host-h2 detail=up cycle=1170
[2026-09-15 08:47:22.606] [SYNC] [INFO] [cid=-] STATE_PUSHED subject=- target=org.dt4n.core:host-h2 detail=up cycle=1170
[2026-09-15 08:47:22.606] [SYNC] [INFO] [cid=-] STATE_DETECTED subject=- target=org.dt4n.core:host-h3 detail=up cycle=1170
[2026-09-15 08:47:22.612] [SYNC] [INFO] [cid=-] STATE_PUSHED subject=- target=org.dt4n.core:host-h3 detail=up cycle=1170
[2026-09-15 08:47:22.612] [SYNC] [INFO] [cid=-] STATE_DETECTED subject=- target=org.dt4n.core:host-srv1 detail=up cycle=1170
[2026-09-15 08:47:22.617] [SYNC] [INFO] [cid=-] STATE_PUSHED subject=- target=org.dt4n.core:host-srv1 detail=up cycle=1170
[2026-09-15 08:47:22.617] [SYNC] [INFO] [cid=-] STATE_DETECTED subject=- target=org.dt4n.core:host-srv2 detail=up cycle=1170
[2026-09-15 08:47:22.622] [SYNC] [INFO] [cid=-] STATE_PUSHED subject=- target=org.dt4n.core:host-srv2 detail=up cycle=1170
[2026-09-15 08:47:22.622] [SYNC] [INFO] [cid=-] STATE_DETECTED subject=- target=org.dt4n.core:switch-s1 detail=up cycle=1170
[2026-09-15 08:47:22.627] [SYNC] [INFO] [cid=-] STATE_PUSHED subject=- target=org.dt4n.core:switch-s1 detail=up cycle=1170
[2026-09-15 08:47:22.627] [SYNC] [INFO] [cid=-] STATE_DETECTED subject=- target=org.dt4n.core:switch-s2 detail=up cycle=1170
[2026-09-15 08:47:22.632] [SYNC] [INFO] [cid=-] STATE_PUSHED subject=- target=org.dt4n.core:switch-s2 detail=up cycle=1170
[2026-09-15 08:47:22.632] [SYNC] [INFO] [cid=-] STATE_DETECTED subject=- target=org.dt4n.core:switch-s3 detail=up cycle=1170
[2026-09-15 08:47:22.638] [SYNC] [INFO] [cid=-] STATE_PUSHED subject=- target=org.dt4n.core:switch-s3 detail=up cycle=1170
[2026-09-15 08:47:22.638] [SYNC] [INFO] [cid=-] STATE_DETECTED subject=- target=org.dt4n.core:link-h1-s1 detail=up cycle=1170
[2026-09-15 08:47:22.643] [SYNC] [INFO] [cid=-] STATE_PUSHED subject=- target=org.dt4n.core:link-h1-s1 detail=up cycle=1170
[2026-09-15 08:47:22.643] [SYNC] [INFO] [cid=-] STATE_DETECTED subject=- target=org.dt4n.core:link-h2-s1 detail=up cycle=1170
[2026-09-15 08:47:22.648] [SYNC] [INFO] [cid=-] STATE_PUSHED subject=- target=org.dt4n.core:link-h2-s1 detail=up cycle=1170
[2026-09-15 08:47:22.648] [SYNC] [INFO] [cid=-] STATE_DETECTED subject=- target=org.dt4n.core:link-h3-s1 detail=up cycle=1170
[2026-09-15 08:47:22.653] [SYNC] [INFO] [cid=-] STATE_PUSHED subject=- target=org.dt4n.core:link-h3-s1 detail=up cycle=1170
[2026-09-15 08:47:22.653] [SYNC] [INFO] [cid=-] STATE_DETECTED subject=- target=org.dt4n.core:link-s1-s2 detail=up cycle=1170
[2026-09-15 08:47:22.658] [SYNC] [INFO] [cid=-] STATE_PUSHED subject=- target=org.dt4n.core:link-s1-s2 detail=up cycle=1170
[2026-09-15 08:47:22.658] [SYNC] [INFO] [cid=-] STATE_DETECTED subject=- target=org.dt4n.core:link-s1-s3 detail=up cycle=1170
[2026-09-15 08:47:22.663] [SYNC] [INFO] [cid=-] STATE_PUSHED subject=- target=org.dt4n.core:link-s1-s3 detail=up cycle=1170
[2026-09-15 08:47:22.663] [SYNC] [INFO] [cid=-] STATE_DETECTED subject=- target=org.dt4n.core:link-s2-s3 detail=up cycle=1170
[2026-09-15 08:47:22.668] [SYNC] [INFO] [cid=-] STATE_PUSHED subject=- target=org.dt4n.core:link-s2-s3 detail=up cycle=1170
[2026-09-15 08:47:22.668] [SYNC] [INFO] [cid=-] STATE_DETECTED subject=- target=org.dt4n.core:link-s2-srv1 detail=up cycle=1170
[2026-09-15 08:47:22.672] [SYNC] [INFO] [cid=-] STATE_PUSHED subject=- target=org.dt4n.core:link-s2-srv1 detail=up cycle=1170
[2026-09-15 08:47:22.673] [SYNC] [INFO] [cid=-] STATE_DETECTED subject=- target=org.dt4n.core:link-s3-srv2 detail=up cycle=1170
[2026-09-15 08:47:22.677] [SYNC] [INFO] [cid=-] STATE_PUSHED subject=- target=org.dt4n.core:link-s3-srv2 detail=up cycle=1170
[2026-09-15 08:47:51.718] [AGENT] [INFO] [cid=-] SWITCH_CONNECTED subject=- target=org.dt4n:switch-s1 detail=switch s1 connected controllers=["tcp:127.0.0.1:6653"] waitMs=1
[2026-09-15 08:47:52.596] [SYNC] [INFO] [cid=-] STATE_DETECTED subject=- target=org.dt4n.core:host-h1 detail=up cycle=1200
[2026-09-15 08:47:52.603] [SYNC] [INFO] [cid=-] STATE_PUSHED subject=- target=org.dt4n.core:host-h1 detail=up cycle=1200
[2026-09-15 08:47:52.603] [SYNC] [INFO] [cid=-] STATE_DETECTED subject=- target=org.dt4n.core:host-h2 detail=up cycle=1200
[2026-09-15 08:47:52.609] [SYNC] [INFO] [cid=-] STATE_PUSHED subject=- target=org.dt4n.core:host-h2 detail=up cycle=1200
[2026-09-15 08:47:52.609] [SYNC] [INFO] [cid=-] STATE_DETECTED subject=- target=org.dt4n.core:host-h3 detail=up cycle=1200
[2026-09-15 08:47:52.615] [SYNC] [INFO] [cid=-] STATE_PUSHED subject=- target=org.dt4n.core:host-h3 detail=up cycle=1200
[2026-09-15 08:47:52.615] [SYNC] [INFO] [cid=-] STATE_DETECTED subject=- target=org.dt4n.core:host-srv1 detail=up cycle=1200
[2026-09-15 08:47:52.620] [SYNC] [INFO] [cid=-] STATE_PUSHED subject=- target=org.dt4n.core:host-srv1 detail=up cycle=1200
[2026-09-15 08:47:52.620] [SYNC] [INFO] [cid=-] STATE_DETECTED subject=- target=org.dt4n.core:host-srv2 detail=up cycle=1200
[2026-09-15 08:47:52.625] [SYNC] [INFO] [cid=-] STATE_PUSHED subject=- target=org.dt4n.core:host-srv2 detail=up cycle=1200
[2026-09-15 08:47:52.625] [SYNC] [INFO] [cid=-] STATE_DETECTED subject=- target=org.dt4n.core:switch-s1 detail=up cycle=1200
[2026-09-15 08:47:52.630] [SYNC] [INFO] [cid=-] STATE_PUSHED subject=- target=org.dt4n.core:switch-s1 detail=up cycle=1200
[2026-09-15 08:47:52.630] [SYNC] [INFO] [cid=-] STATE_DETECTED subject=- target=org.dt4n.core:switch-s2 detail=up cycle=1200
[2026-09-15 08:47:52.635] [SYNC] [INFO] [cid=-] STATE_PUSHED subject=- target=org.dt4n.core:switch-s2 detail=up cycle=1200
[2026-09-15 08:47:52.635] [SYNC] [INFO] [cid=-] STATE_DETECTED subject=- target=org.dt4n.core:switch-s3 detail=up cycle=1200
[2026-09-15 08:47:52.640] [SYNC] [INFO] [cid=-] STATE_PUSHED subject=- target=org.dt4n.core:switch-s3 detail=up cycle=1200
[2026-09-15 08:47:52.640] [SYNC] [INFO] [cid=-] STATE_DETECTED subject=- target=org.dt4n.core:link-h1-s1 detail=up cycle=1200
[2026-09-15 08:47:52.645] [SYNC] [INFO] [cid=-] STATE_PUSHED subject=- target=org.dt4n.core:link-h1-s1 detail=up cycle=1200
[2026-09-15 08:47:52.645] [SYNC] [INFO] [cid=-] STATE_DETECTED subject=- target=org.dt4n.core:link-h2-s1 detail=up cycle=1200
[2026-09-15 08:47:52.649] [SYNC] [INFO] [cid=-] STATE_PUSHED subject=- target=org.dt4n.core:link-h2-s1 detail=up cycle=1200
[2026-09-15 08:47:52.649] [SYNC] [INFO] [cid=-] STATE_DETECTED subject=- target=org.dt4n.core:link-h3-s1 detail=up cycle=1200
[2026-09-15 08:47:52.654] [SYNC] [INFO] [cid=-] STATE_PUSHED subject=- target=org.dt4n.core:link-h3-s1 detail=up cycle=1200
[2026-09-15 08:47:52.654] [SYNC] [INFO] [cid=-] STATE_DETECTED subject=- target=org.dt4n.core:link-s1-s2 detail=up cycle=1200
[2026-09-15 08:47:52.659] [SYNC] [INFO] [cid=-] STATE_PUSHED subject=- target=org.dt4n.core:link-s1-s2 detail=up cycle=1200
[2026-09-15 08:47:52.659] [SYNC] [INFO] [cid=-] STATE_DETECTED subject=- target=org.dt4n.core:link-s1-s3 detail=up cycle=1200
[2026-09-15 08:47:52.664] [SYNC] [INFO] [cid=-] STATE_PUSHED subject=- target=org.dt4n.core:link-s1-s3 detail=up cycle=1200
[2026-09-15 08:47:52.664] [SYNC] [INFO] [cid=-] STATE_DETECTED subject=- target=org.dt4n.core:link-s2-s3 detail=up cycle=1200
[2026-09-15 08:47:52.669] [SYNC] [INFO] [cid=-] STATE_PUSHED subject=- target=org.dt4n.core:link-s2-s3 detail=up cycle=1200
[2026-09-15 08:47:52.669] [SYNC] [INFO] [cid=-] STATE_DETECTED subject=- target=org.dt4n.core:link-s2-srv1 detail=up cycle=1200
[2026-09-15 08:47:52.674] [SYNC] [INFO] [cid=-] STATE_PUSHED subject=- target=org.dt4n.core:link-s2-srv1 detail=up cycle=1200
[2026-09-15 08:47:52.674] [SYNC] [INFO] [cid=-] STATE_DETECTED subject=- target=org.dt4n.core:link-s3-srv2 detail=up cycle=1200
[2026-09-15 08:47:52.679] [SYNC] [INFO] [cid=-] STATE_PUSHED subject=- target=org.dt4n.core:link-s3-srv2 detail=up cycle=1200
[2026-09-15 08:48:03.718] [AGENT] [WARN] [cid=-] SWITCH_CONNECT_TIMEOUT subject=- target=org.dt4n:switch-s1 detail=controllers=tcp:127.0.0.1:6653; ports=s1-eth1; bridge=0 controllers=["tcp:127.0.0.1:6653"] waitMs=12000
[2026-09-15 08:48:03.719] [AGENT] [INFO] [cid=cid-dup-test-phase2-5] RECEIVE subject=rebootEverything target=org.dt4n:link-h1-s1 params={}
[2026-09-15 08:48:03.719] [AGENT] [WARN] [cid=cid-dup-test-phase2-5] REJECT subject=rebootEverything target=org.dt4n:link-h1-s1 detail=unknown command: rebootEverything
[2026-09-15 08:48:03.719] [AGENT] [WARN] [cid=cid-dup-test-phase2-5] DUPLICATE_IGNORED subject=rebootEverything target=org.dt4n:link-h1-s1 detail=replay suppressed cachedDetail=unknown command: rebootEverything code=400 params={}
[2026-09-15 08:48:22.601] [SYNC] [INFO] [cid=-] STATE_DETECTED subject=- target=org.dt4n.core:host-h1 detail=up cycle=1230
[2026-09-15 08:48:22.608] [SYNC] [INFO] [cid=-] STATE_PUSHED subject=- target=org.dt4n.core:host-h1 detail=up cycle=1230
[2026-09-15 08:48:22.608] [SYNC] [INFO] [cid=-] STATE_DETECTED subject=- target=org.dt4n.core:host-h2 detail=up cycle=1230
[2026-09-15 08:48:22.615] [SYNC] [INFO] [cid=-] STATE_PUSHED subject=- target=org.dt4n.core:host-h2 detail=up cycle=1230
[2026-09-15 08:48:22.615] [SYNC] [INFO] [cid=-] STATE_DETECTED subject=- target=org.dt4n.core:host-h3 detail=up cycle=1230
[2026-09-15 08:48:22.620] [SYNC] [INFO] [cid=-] STATE_PUSHED subject=- target=org.dt4n.core:host-h3 detail=up cycle=1230
[2026-09-15 08:48:22.620] [SYNC] [INFO] [cid=-] STATE_DETECTED subject=- target=org.dt4n.core:host-srv1 detail=up cycle=1230
[2026-09-15 08:48:22.630] [SYNC] [INFO] [cid=-] STATE_PUSHED subject=- target=org.dt4n.core:host-srv1 detail=up cycle=1230
[2026-09-15 08:48:22.630] [SYNC] [INFO] [cid=-] STATE_DETECTED subject=- target=org.dt4n.core:host-srv2 detail=up cycle=1230
[2026-09-15 08:48:22.638] [SYNC] [INFO] [cid=-] STATE_PUSHED subject=- target=org.dt4n.core:host-srv2 detail=up cycle=1230
[2026-09-15 08:48:22.638] [SYNC] [INFO] [cid=-] STATE_DETECTED subject=- target=org.dt4n.core:switch-s1 detail=up cycle=1230
[2026-09-15 08:48:22.643] [SYNC] [INFO] [cid=-] STATE_PUSHED subject=- target=org.dt4n.core:switch-s1 detail=up cycle=1230
[2026-09-15 08:48:22.643] [SYNC] [INFO] [cid=-] STATE_DETECTED subject=- target=org.dt4n.core:switch-s2 detail=up cycle=1230
[2026-09-15 08:48:22.649] [SYNC] [INFO] [cid=-] STATE_PUSHED subject=- target=org.dt4n.core:switch-s2 detail=up cycle=1230
[2026-09-15 08:48:22.649] [SYNC] [INFO] [cid=-] STATE_DETECTED subject=- target=org.dt4n.core:switch-s3 detail=up cycle=1230
[2026-09-15 08:48:22.654] [SYNC] [INFO] [cid=-] STATE_PUSHED subject=- target=org.dt4n.core:switch-s3 detail=up cycle=1230
[2026-09-15 08:48:22.654] [SYNC] [INFO] [cid=-] STATE_DETECTED subject=- target=org.dt4n.core:link-h1-s1 detail=up cycle=1230
[2026-09-15 08:48:22.659] [SYNC] [INFO] [cid=-] STATE_PUSHED subject=- target=org.dt4n.core:link-h1-s1 detail=up cycle=1230
[2026-09-15 08:48:22.659] [SYNC] [INFO] [cid=-] STATE_DETECTED subject=- target=org.dt4n.core:link-h2-s1 detail=up cycle=1230
[2026-09-15 08:48:22.664] [SYNC] [INFO] [cid=-] STATE_PUSHED subject=- target=org.dt4n.core:link-h2-s1 detail=up cycle=1230
[2026-09-15 08:48:22.664] [SYNC] [INFO] [cid=-] STATE_DETECTED subject=- target=org.dt4n.core:link-h3-s1 detail=up cycle=1230
[2026-09-15 08:48:22.670] [SYNC] [INFO] [cid=-] STATE_PUSHED subject=- target=org.dt4n.core:link-h3-s1 detail=up cycle=1230
[2026-09-15 08:48:22.670] [SYNC] [INFO] [cid=-] STATE_DETECTED subject=- target=org.dt4n.core:link-s1-s2 detail=up cycle=1230
[2026-09-15 08:48:22.675] [SYNC] [INFO] [cid=-] STATE_PUSHED subject=- target=org.dt4n.core:link-s1-s2 detail=up cycle=1230
[2026-09-15 08:48:22.675] [SYNC] [INFO] [cid=-] STATE_DETECTED subject=- target=org.dt4n.core:link-s1-s3 detail=up cycle=1230
[2026-09-15 08:48:22.680] [SYNC] [INFO] [cid=-] STATE_PUSHED subject=- target=org.dt4n.core:link-s1-s3 detail=up cycle=1230
[2026-09-15 08:48:22.680] [SYNC] [INFO] [cid=-] STATE_DETECTED subject=- target=org.dt4n.core:link-s2-s3 detail=up cycle=1230
[2026-09-15 08:48:22.685] [SYNC] [INFO] [cid=-] STATE_PUSHED subject=- target=org.dt4n.core:link-s2-s3 detail=up cycle=1230
[2026-09-15 08:48:22.685] [SYNC] [INFO] [cid=-] STATE_DETECTED subject=- target=org.dt4n.core:link-s2-srv1 detail=up cycle=1230
[2026-09-15 08:48:22.690] [SYNC] [INFO] [cid=-] STATE_PUSHED subject=- target=org.dt4n.core:link-s2-srv1 detail=up cycle=1230
[2026-09-15 08:48:22.690] [SYNC] [INFO] [cid=-] STATE_DETECTED subject=- target=org.dt4n.core:link-s3-srv2 detail=up cycle=1230
[2026-09-15 08:48:22.695] [SYNC] [INFO] [cid=-] STATE_PUSHED subject=- target=org.dt4n.core:link-s3-srv2 detail=up cycle=1230
[2026-09-15 08:48:52.607] [SYNC] [INFO] [cid=-] STATE_DETECTED subject=- target=org.dt4n.core:host-h1 detail=up cycle=1260
[2026-09-15 08:48:52.615] [SYNC] [INFO] [cid=-] STATE_PUSHED subject=- target=org.dt4n.core:host-h1 detail=up cycle=1260
[2026-09-15 08:48:52.615] [SYNC] [INFO] [cid=-] STATE_DETECTED subject=- target=org.dt4n.core:host-h2 detail=up cycle=1260
[2026-09-15 08:48:52.621] [SYNC] [INFO] [cid=-] STATE_PUSHED subject=- target=org.dt4n.core:host-h2 detail=up cycle=1260
[2026-09-15 08:48:52.621] [SYNC] [INFO] [cid=-] STATE_DETECTED subject=- target=org.dt4n.core:host-h3 detail=up cycle=1260
[2026-09-15 08:48:52.626] [SYNC] [INFO] [cid=-] STATE_PUSHED subject=- target=org.dt4n.core:host-h3 detail=up cycle=1260
[2026-09-15 08:48:52.626] [SYNC] [INFO] [cid=-] STATE_DETECTED subject=- target=org.dt4n.core:host-srv1 detail=up cycle=1260
[2026-09-15 08:48:52.632] [SYNC] [INFO] [cid=-] STATE_PUSHED subject=- target=org.dt4n.core:host-srv1 detail=up cycle=1260
[2026-09-15 08:48:52.632] [SYNC] [INFO] [cid=-] STATE_DETECTED subject=- target=org.dt4n.core:host-srv2 detail=up cycle=1260
[2026-09-15 08:48:52.637] [SYNC] [INFO] [cid=-] STATE_PUSHED subject=- target=org.dt4n.core:host-srv2 detail=up cycle=1260
[2026-09-15 08:48:52.637] [SYNC] [INFO] [cid=-] STATE_DETECTED subject=- target=org.dt4n.core:switch-s1 detail=up cycle=1260
[2026-09-15 08:48:52.642] [SYNC] [INFO] [cid=-] STATE_PUSHED subject=- target=org.dt4n.core:switch-s1 detail=up cycle=1260
[2026-09-15 08:48:52.642] [SYNC] [INFO] [cid=-] STATE_DETECTED subject=- target=org.dt4n.core:switch-s2 detail=up cycle=1260
[2026-09-15 08:48:52.647] [SYNC] [INFO] [cid=-] STATE_PUSHED subject=- target=org.dt4n.core:switch-s2 detail=up cycle=1260
[2026-09-15 08:48:52.647] [SYNC] [INFO] [cid=-] STATE_DETECTED subject=- target=org.dt4n.core:switch-s3 detail=up cycle=1260
[2026-09-15 08:48:52.652] [SYNC] [INFO] [cid=-] STATE_PUSHED subject=- target=org.dt4n.core:switch-s3 detail=up cycle=1260
[2026-09-15 08:48:52.652] [SYNC] [INFO] [cid=-] STATE_DETECTED subject=- target=org.dt4n.core:link-h1-s1 detail=up cycle=1260
[2026-09-15 08:48:52.657] [SYNC] [INFO] [cid=-] STATE_PUSHED subject=- target=org.dt4n.core:link-h1-s1 detail=up cycle=1260
[2026-09-15 08:48:52.658] [SYNC] [INFO] [cid=-] STATE_DETECTED subject=- target=org.dt4n.core:link-h2-s1 detail=up cycle=1260
[2026-09-15 08:48:52.667] [SYNC] [INFO] [cid=-] STATE_PUSHED subject=- target=org.dt4n.core:link-h2-s1 detail=up cycle=1260
[2026-09-15 08:48:52.667] [SYNC] [INFO] [cid=-] STATE_DETECTED subject=- target=org.dt4n.core:link-h3-s1 detail=up cycle=1260
[2026-09-15 08:48:52.673] [SYNC] [INFO] [cid=-] STATE_PUSHED subject=- target=org.dt4n.core:link-h3-s1 detail=up cycle=1260
[2026-09-15 08:48:52.673] [SYNC] [INFO] [cid=-] STATE_DETECTED subject=- target=org.dt4n.core:link-s1-s2 detail=up cycle=1260
[2026-09-15 08:48:52.678] [SYNC] [INFO] [cid=-] STATE_PUSHED subject=- target=org.dt4n.core:link-s1-s2 detail=up cycle=1260
[2026-09-15 08:48:52.679] [SYNC] [INFO] [cid=-] STATE_DETECTED subject=- target=org.dt4n.core:link-s1-s3 detail=up cycle=1260
[2026-09-15 08:48:52.685] [SYNC] [INFO] [cid=-] STATE_PUSHED subject=- target=org.dt4n.core:link-s1-s3 detail=up cycle=1260
[2026-09-15 08:48:52.685] [SYNC] [INFO] [cid=-] STATE_DETECTED subject=- target=org.dt4n.core:link-s2-s3 detail=up cycle=1260
[2026-09-15 08:48:52.691] [SYNC] [INFO] [cid=-] STATE_PUSHED subject=- target=org.dt4n.core:link-s2-s3 detail=up cycle=1260
[2026-09-15 08:48:52.691] [SYNC] [INFO] [cid=-] STATE_DETECTED subject=- target=org.dt4n.core:link-s2-srv1 detail=up cycle=1260
[2026-09-15 08:48:52.697] [SYNC] [INFO] [cid=-] STATE_PUSHED subject=- target=org.dt4n.core:link-s2-srv1 detail=up cycle=1260
[2026-09-15 08:48:52.697] [SYNC] [INFO] [cid=-] STATE_DETECTED subject=- target=org.dt4n.core:link-s3-srv2 detail=up cycle=1260
[2026-09-15 08:48:52.703] [SYNC] [INFO] [cid=-] STATE_PUSHED subject=- target=org.dt4n.core:link-s3-srv2 detail=up cycle=1260
[2026-09-15 08:49:22.614] [SYNC] [INFO] [cid=-] STATE_DETECTED subject=- target=org.dt4n.core:host-h1 detail=up cycle=1290
[2026-09-15 08:49:22.621] [SYNC] [INFO] [cid=-] STATE_PUSHED subject=- target=org.dt4n.core:host-h1 detail=up cycle=1290
[2026-09-15 08:49:22.621] [SYNC] [INFO] [cid=-] STATE_DETECTED subject=- target=org.dt4n.core:host-h2 detail=up cycle=1290
[2026-09-15 08:49:22.627] [SYNC] [INFO] [cid=-] STATE_PUSHED subject=- target=org.dt4n.core:host-h2 detail=up cycle=1290
[2026-09-15 08:49:22.627] [SYNC] [INFO] [cid=-] STATE_DETECTED subject=- target=org.dt4n.core:host-h3 detail=up cycle=1290
[2026-09-15 08:49:22.632] [SYNC] [INFO] [cid=-] STATE_PUSHED subject=- target=org.dt4n.core:host-h3 detail=up cycle=1290
[2026-09-15 08:49:22.633] [SYNC] [INFO] [cid=-] STATE_DETECTED subject=- target=org.dt4n.core:host-srv1 detail=up cycle=1290
[2026-09-15 08:49:22.638] [SYNC] [INFO] [cid=-] STATE_PUSHED subject=- target=org.dt4n.core:host-srv1 detail=up cycle=1290
[2026-09-15 08:49:22.638] [SYNC] [INFO] [cid=-] STATE_DETECTED subject=- target=org.dt4n.core:host-srv2 detail=up cycle=1290
[2026-09-15 08:49:22.643] [SYNC] [INFO] [cid=-] STATE_PUSHED subject=- target=org.dt4n.core:host-srv2 detail=up cycle=1290
[2026-09-15 08:49:22.643] [SYNC] [INFO] [cid=-] STATE_DETECTED subject=- target=org.dt4n.core:switch-s1 detail=up cycle=1290
[2026-09-15 08:49:22.648] [SYNC] [INFO] [cid=-] STATE_PUSHED subject=- target=org.dt4n.core:switch-s1 detail=up cycle=1290
[2026-09-15 08:49:22.648] [SYNC] [INFO] [cid=-] STATE_DETECTED subject=- target=org.dt4n.core:switch-s2 detail=up cycle=1290
[2026-09-15 08:49:22.653] [SYNC] [INFO] [cid=-] STATE_PUSHED subject=- target=org.dt4n.core:switch-s2 detail=up cycle=1290
[2026-09-15 08:49:22.653] [SYNC] [INFO] [cid=-] STATE_DETECTED subject=- target=org.dt4n.core:switch-s3 detail=up cycle=1290
[2026-09-15 08:49:22.658] [SYNC] [INFO] [cid=-] STATE_PUSHED subject=- target=org.dt4n.core:switch-s3 detail=up cycle=1290
[2026-09-15 08:49:22.658] [SYNC] [INFO] [cid=-] STATE_DETECTED subject=- target=org.dt4n.core:link-h1-s1 detail=up cycle=1290
[2026-09-15 08:49:22.663] [SYNC] [INFO] [cid=-] STATE_PUSHED subject=- target=org.dt4n.core:link-h1-s1 detail=up cycle=1290
[2026-09-15 08:49:22.664] [SYNC] [INFO] [cid=-] STATE_DETECTED subject=- target=org.dt4n.core:link-h2-s1 detail=up cycle=1290
[2026-09-15 08:49:22.668] [SYNC] [INFO] [cid=-] STATE_PUSHED subject=- target=org.dt4n.core:link-h2-s1 detail=up cycle=1290
[2026-09-15 08:49:22.669] [SYNC] [INFO] [cid=-] STATE_DETECTED subject=- target=org.dt4n.core:link-h3-s1 detail=up cycle=1290
[2026-09-15 08:49:22.673] [SYNC] [INFO] [cid=-] STATE_PUSHED subject=- target=org.dt4n.core:link-h3-s1 detail=up cycle=1290
[2026-09-15 08:49:22.673] [SYNC] [INFO] [cid=-] STATE_DETECTED subject=- target=org.dt4n.core:link-s1-s2 detail=up cycle=1290
[2026-09-15 08:49:22.678] [SYNC] [INFO] [cid=-] STATE_PUSHED subject=- target=org.dt4n.core:link-s1-s2 detail=up cycle=1290
[2026-09-15 08:49:22.678] [SYNC] [INFO] [cid=-] STATE_DETECTED subject=- target=org.dt4n.core:link-s1-s3 detail=up cycle=1290
[2026-09-15 08:49:22.683] [SYNC] [INFO] [cid=-] STATE_PUSHED subject=- target=org.dt4n.core:link-s1-s3 detail=up cycle=1290
[2026-09-15 08:49:22.683] [SYNC] [INFO] [cid=-] STATE_DETECTED subject=- target=org.dt4n.core:link-s2-s3 detail=up cycle=1290
[2026-09-15 08:49:22.688] [SYNC] [INFO] [cid=-] STATE_PUSHED subject=- target=org.dt4n.core:link-s2-s3 detail=up cycle=1290
[2026-09-15 08:49:22.688] [SYNC] [INFO] [cid=-] STATE_DETECTED subject=- target=org.dt4n.core:link-s2-srv1 detail=up cycle=1290
[2026-09-15 08:49:22.693] [SYNC] [INFO] [cid=-] STATE_PUSHED subject=- target=org.dt4n.core:link-s2-srv1 detail=up cycle=1290
[2026-09-15 08:49:22.693] [SYNC] [INFO] [cid=-] STATE_DETECTED subject=- target=org.dt4n.core:link-s3-srv2 detail=up cycle=1290
[2026-09-15 08:49:22.697] [SYNC] [INFO] [cid=-] STATE_PUSHED subject=- target=org.dt4n.core:link-s3-srv2 detail=up cycle=1290
[2026-09-15 08:49:52.620] [SYNC] [INFO] [cid=-] STATE_DETECTED subject=- target=org.dt4n.core:host-h1 detail=up cycle=1320
[2026-09-15 08:49:52.627] [SYNC] [INFO] [cid=-] STATE_PUSHED subject=- target=org.dt4n.core:host-h1 detail=up cycle=1320
[2026-09-15 08:49:52.627] [SYNC] [INFO] [cid=-] STATE_DETECTED subject=- target=org.dt4n.core:host-h2 detail=up cycle=1320
[2026-09-15 08:49:52.633] [SYNC] [INFO] [cid=-] STATE_PUSHED subject=- target=org.dt4n.core:host-h2 detail=up cycle=1320
[2026-09-15 08:49:52.633] [SYNC] [INFO] [cid=-] STATE_DETECTED subject=- target=org.dt4n.core:host-h3 detail=up cycle=1320
[2026-09-15 08:49:52.638] [SYNC] [INFO] [cid=-] STATE_PUSHED subject=- target=org.dt4n.core:host-h3 detail=up cycle=1320
[2026-09-15 08:49:52.638] [SYNC] [INFO] [cid=-] STATE_DETECTED subject=- target=org.dt4n.core:host-srv1 detail=up cycle=1320
[2026-09-15 08:49:52.644] [SYNC] [INFO] [cid=-] STATE_PUSHED subject=- target=org.dt4n.core:host-srv1 detail=up cycle=1320
[2026-09-15 08:49:52.644] [SYNC] [INFO] [cid=-] STATE_DETECTED subject=- target=org.dt4n.core:host-srv2 detail=up cycle=1320
[2026-09-15 08:49:52.649] [SYNC] [INFO] [cid=-] STATE_PUSHED subject=- target=org.dt4n.core:host-srv2 detail=up cycle=1320
[2026-09-15 08:49:52.649] [SYNC] [INFO] [cid=-] STATE_DETECTED subject=- target=org.dt4n.core:switch-s1 detail=up cycle=1320
[2026-09-15 08:49:52.654] [SYNC] [INFO] [cid=-] STATE_PUSHED subject=- target=org.dt4n.core:switch-s1 detail=up cycle=1320
[2026-09-15 08:49:52.654] [SYNC] [INFO] [cid=-] STATE_DETECTED subject=- target=org.dt4n.core:switch-s2 detail=up cycle=1320
[2026-09-15 08:49:52.658] [SYNC] [INFO] [cid=-] STATE_PUSHED subject=- target=org.dt4n.core:switch-s2 detail=up cycle=1320
[2026-09-15 08:49:52.658] [SYNC] [INFO] [cid=-] STATE_DETECTED subject=- target=org.dt4n.core:switch-s3 detail=up cycle=1320
[2026-09-15 08:49:52.663] [SYNC] [INFO] [cid=-] STATE_PUSHED subject=- target=org.dt4n.core:switch-s3 detail=up cycle=1320
[2026-09-15 08:49:52.664] [SYNC] [INFO] [cid=-] STATE_DETECTED subject=- target=org.dt4n.core:link-h1-s1 detail=up cycle=1320
[2026-09-15 08:49:52.669] [SYNC] [INFO] [cid=-] STATE_PUSHED subject=- target=org.dt4n.core:link-h1-s1 detail=up cycle=1320
[2026-09-15 08:49:52.669] [SYNC] [INFO] [cid=-] STATE_DETECTED subject=- target=org.dt4n.core:link-h2-s1 detail=up cycle=1320
[2026-09-15 08:49:52.674] [SYNC] [INFO] [cid=-] STATE_PUSHED subject=- target=org.dt4n.core:link-h2-s1 detail=up cycle=1320
[2026-09-15 08:49:52.675] [SYNC] [INFO] [cid=-] STATE_DETECTED subject=- target=org.dt4n.core:link-h3-s1 detail=up cycle=1320
[2026-09-15 08:49:52.680] [SYNC] [INFO] [cid=-] STATE_PUSHED subject=- target=org.dt4n.core:link-h3-s1 detail=up cycle=1320
[2026-09-15 08:49:52.680] [SYNC] [INFO] [cid=-] STATE_DETECTED subject=- target=org.dt4n.core:link-s1-s2 detail=up cycle=1320
[2026-09-15 08:49:52.685] [SYNC] [INFO] [cid=-] STATE_PUSHED subject=- target=org.dt4n.core:link-s1-s2 detail=up cycle=1320
[2026-09-15 08:49:52.685] [SYNC] [INFO] [cid=-] STATE_DETECTED subject=- target=org.dt4n.core:link-s1-s3 detail=up cycle=1320
[2026-09-15 08:49:52.690] [SYNC] [INFO] [cid=-] STATE_PUSHED subject=- target=org.dt4n.core:link-s1-s3 detail=up cycle=1320
[2026-09-15 08:49:52.690] [SYNC] [INFO] [cid=-] STATE_DETECTED subject=- target=org.dt4n.core:link-s2-s3 detail=up cycle=1320
[2026-09-15 08:49:52.695] [SYNC] [INFO] [cid=-] STATE_PUSHED subject=- target=org.dt4n.core:link-s2-s3 detail=up cycle=1320
[2026-09-15 08:49:52.695] [SYNC] [INFO] [cid=-] STATE_DETECTED subject=- target=org.dt4n.core:link-s2-srv1 detail=up cycle=1320
[2026-09-15 08:49:52.700] [SYNC] [INFO] [cid=-] STATE_PUSHED subject=- target=org.dt4n.core:link-s2-srv1 detail=up cycle=1320
[2026-09-15 08:49:52.700] [SYNC] [INFO] [cid=-] STATE_DETECTED subject=- target=org.dt4n.core:link-s3-srv2 detail=up cycle=1320
[2026-09-15 08:49:52.705] [SYNC] [INFO] [cid=-] STATE_PUSHED subject=- target=org.dt4n.core:link-s3-srv2 detail=up cycle=1320
[2026-09-15 08:50:22.627] [SYNC] [INFO] [cid=-] STATE_DETECTED subject=- target=org.dt4n.core:host-h1 detail=up cycle=1350
[2026-09-15 08:50:22.634] [SYNC] [INFO] [cid=-] STATE_PUSHED subject=- target=org.dt4n.core:host-h1 detail=up cycle=1350
[2026-09-15 08:50:22.634] [SYNC] [INFO] [cid=-] STATE_DETECTED subject=- target=org.dt4n.core:host-h2 detail=up cycle=1350
[2026-09-15 08:50:22.640] [SYNC] [INFO] [cid=-] STATE_PUSHED subject=- target=org.dt4n.core:host-h2 detail=up cycle=1350
[2026-09-15 08:50:22.640] [SYNC] [INFO] [cid=-] STATE_DETECTED subject=- target=org.dt4n.core:host-h3 detail=up cycle=1350
[2026-09-15 08:50:22.646] [SYNC] [INFO] [cid=-] STATE_PUSHED subject=- target=org.dt4n.core:host-h3 detail=up cycle=1350
[2026-09-15 08:50:22.646] [SYNC] [INFO] [cid=-] STATE_DETECTED subject=- target=org.dt4n.core:host-srv1 detail=up cycle=1350
[2026-09-15 08:50:22.652] [SYNC] [INFO] [cid=-] STATE_PUSHED subject=- target=org.dt4n.core:host-srv1 detail=up cycle=1350
[2026-09-15 08:50:22.652] [SYNC] [INFO] [cid=-] STATE_DETECTED subject=- target=org.dt4n.core:host-srv2 detail=up cycle=1350
[2026-09-15 08:50:22.657] [SYNC] [INFO] [cid=-] STATE_PUSHED subject=- target=org.dt4n.core:host-srv2 detail=up cycle=1350
[2026-09-15 08:50:22.657] [SYNC] [INFO] [cid=-] STATE_DETECTED subject=- target=org.dt4n.core:switch-s1 detail=up cycle=1350
[2026-09-15 08:50:22.663] [SYNC] [INFO] [cid=-] STATE_PUSHED subject=- target=org.dt4n.core:switch-s1 detail=up cycle=1350
[2026-09-15 08:50:22.663] [SYNC] [INFO] [cid=-] STATE_DETECTED subject=- target=org.dt4n.core:switch-s2 detail=up cycle=1350
[2026-09-15 08:50:22.668] [SYNC] [INFO] [cid=-] STATE_PUSHED subject=- target=org.dt4n.core:switch-s2 detail=up cycle=1350
[2026-09-15 08:50:22.668] [SYNC] [INFO] [cid=-] STATE_DETECTED subject=- target=org.dt4n.core:switch-s3 detail=up cycle=1350
[2026-09-15 08:50:22.673] [SYNC] [INFO] [cid=-] STATE_PUSHED subject=- target=org.dt4n.core:switch-s3 detail=up cycle=1350
[2026-09-15 08:50:22.673] [SYNC] [INFO] [cid=-] STATE_DETECTED subject=- target=org.dt4n.core:link-h1-s1 detail=up cycle=1350
[2026-09-15 08:50:22.679] [SYNC] [INFO] [cid=-] STATE_PUSHED subject=- target=org.dt4n.core:link-h1-s1 detail=up cycle=1350
[2026-09-15 08:50:22.679] [SYNC] [INFO] [cid=-] STATE_DETECTED subject=- target=org.dt4n.core:link-h2-s1 detail=up cycle=1350
[2026-09-15 08:50:22.684] [SYNC] [INFO] [cid=-] STATE_PUSHED subject=- target=org.dt4n.core:link-h2-s1 detail=up cycle=1350
[2026-09-15 08:50:22.684] [SYNC] [INFO] [cid=-] STATE_DETECTED subject=- target=org.dt4n.core:link-h3-s1 detail=up cycle=1350
[2026-09-15 08:50:22.689] [SYNC] [INFO] [cid=-] STATE_PUSHED subject=- target=org.dt4n.core:link-h3-s1 detail=up cycle=1350
[2026-09-15 08:50:22.689] [SYNC] [INFO] [cid=-] STATE_DETECTED subject=- target=org.dt4n.core:link-s1-s2 detail=up cycle=1350
[2026-09-15 08:50:22.694] [SYNC] [INFO] [cid=-] STATE_PUSHED subject=- target=org.dt4n.core:link-s1-s2 detail=up cycle=1350
[2026-09-15 08:50:22.694] [SYNC] [INFO] [cid=-] STATE_DETECTED subject=- target=org.dt4n.core:link-s1-s3 detail=up cycle=1350
[2026-09-15 08:50:22.699] [SYNC] [INFO] [cid=-] STATE_PUSHED subject=- target=org.dt4n.core:link-s1-s3 detail=up cycle=1350
[2026-09-15 08:50:22.699] [SYNC] [INFO] [cid=-] STATE_DETECTED subject=- target=org.dt4n.core:link-s2-s3 detail=up cycle=1350
[2026-09-15 08:50:22.704] [SYNC] [INFO] [cid=-] STATE_PUSHED subject=- target=org.dt4n.core:link-s2-s3 detail=up cycle=1350
[2026-09-15 08:50:22.704] [SYNC] [INFO] [cid=-] STATE_DETECTED subject=- target=org.dt4n.core:link-s2-srv1 detail=up cycle=1350
[2026-09-15 08:50:22.709] [SYNC] [INFO] [cid=-] STATE_PUSHED subject=- target=org.dt4n.core:link-s2-srv1 detail=up cycle=1350
[2026-09-15 08:50:22.709] [SYNC] [INFO] [cid=-] STATE_DETECTED subject=- target=org.dt4n.core:link-s3-srv2 detail=up cycle=1350
[2026-09-15 08:50:22.714] [SYNC] [INFO] [cid=-] STATE_PUSHED subject=- target=org.dt4n.core:link-s3-srv2 detail=up cycle=1350
[2026-09-15 08:50:52.632] [SYNC] [INFO] [cid=-] STATE_DETECTED subject=- target=org.dt4n.core:host-h1 detail=up cycle=1380
[2026-09-15 08:50:52.639] [SYNC] [INFO] [cid=-] STATE_PUSHED subject=- target=org.dt4n.core:host-h1 detail=up cycle=1380
[2026-09-15 08:50:52.640] [SYNC] [INFO] [cid=-] STATE_DETECTED subject=- target=org.dt4n.core:host-h2 detail=up cycle=1380
[2026-09-15 08:50:52.645] [SYNC] [INFO] [cid=-] STATE_PUSHED subject=- target=org.dt4n.core:host-h2 detail=up cycle=1380
[2026-09-15 08:50:52.645] [SYNC] [INFO] [cid=-] STATE_DETECTED subject=- target=org.dt4n.core:host-h3 detail=up cycle=1380
[2026-09-15 08:50:52.650] [SYNC] [INFO] [cid=-] STATE_PUSHED subject=- target=org.dt4n.core:host-h3 detail=up cycle=1380
[2026-09-15 08:50:52.651] [SYNC] [INFO] [cid=-] STATE_DETECTED subject=- target=org.dt4n.core:host-srv1 detail=up cycle=1380
[2026-09-15 08:50:52.656] [SYNC] [INFO] [cid=-] STATE_PUSHED subject=- target=org.dt4n.core:host-srv1 detail=up cycle=1380
[2026-09-15 08:50:52.656] [SYNC] [INFO] [cid=-] STATE_DETECTED subject=- target=org.dt4n.core:host-srv2 detail=up cycle=1380
[2026-09-15 08:50:52.661] [SYNC] [INFO] [cid=-] STATE_PUSHED subject=- target=org.dt4n.core:host-srv2 detail=up cycle=1380
[2026-09-15 08:50:52.661] [SYNC] [INFO] [cid=-] STATE_DETECTED subject=- target=org.dt4n.core:switch-s1 detail=up cycle=1380
[2026-09-15 08:50:52.665] [SYNC] [INFO] [cid=-] STATE_PUSHED subject=- target=org.dt4n.core:switch-s1 detail=up cycle=1380
[2026-09-15 08:50:52.665] [SYNC] [INFO] [cid=-] STATE_DETECTED subject=- target=org.dt4n.core:switch-s2 detail=up cycle=1380
[2026-09-15 08:50:52.670] [SYNC] [INFO] [cid=-] STATE_PUSHED subject=- target=org.dt4n.core:switch-s2 detail=up cycle=1380
[2026-09-15 08:50:52.670] [SYNC] [INFO] [cid=-] STATE_DETECTED subject=- target=org.dt4n.core:switch-s3 detail=up cycle=1380
[2026-09-15 08:50:52.675] [SYNC] [INFO] [cid=-] STATE_PUSHED subject=- target=org.dt4n.core:switch-s3 detail=up cycle=1380
[2026-09-15 08:50:52.675] [SYNC] [INFO] [cid=-] STATE_DETECTED subject=- target=org.dt4n.core:link-h1-s1 detail=up cycle=1380
[2026-09-15 08:50:52.680] [SYNC] [INFO] [cid=-] STATE_PUSHED subject=- target=org.dt4n.core:link-h1-s1 detail=up cycle=1380
[2026-09-15 08:50:52.680] [SYNC] [INFO] [cid=-] STATE_DETECTED subject=- target=org.dt4n.core:link-h2-s1 detail=up cycle=1380
[2026-09-15 08:50:52.685] [SYNC] [INFO] [cid=-] STATE_PUSHED subject=- target=org.dt4n.core:link-h2-s1 detail=up cycle=1380
[2026-09-15 08:50:52.685] [SYNC] [INFO] [cid=-] STATE_DETECTED subject=- target=org.dt4n.core:link-h3-s1 detail=up cycle=1380
[2026-09-15 08:50:52.689] [SYNC] [INFO] [cid=-] STATE_PUSHED subject=- target=org.dt4n.core:link-h3-s1 detail=up cycle=1380
[2026-09-15 08:50:52.690] [SYNC] [INFO] [cid=-] STATE_DETECTED subject=- target=org.dt4n.core:link-s1-s2 detail=up cycle=1380
[2026-09-15 08:50:52.694] [SYNC] [INFO] [cid=-] STATE_PUSHED subject=- target=org.dt4n.core:link-s1-s2 detail=up cycle=1380
[2026-09-15 08:50:52.695] [SYNC] [INFO] [cid=-] STATE_DETECTED subject=- target=org.dt4n.core:link-s1-s3 detail=up cycle=1380
[2026-09-15 08:50:52.700] [SYNC] [INFO] [cid=-] STATE_PUSHED subject=- target=org.dt4n.core:link-s1-s3 detail=up cycle=1380
[2026-09-15 08:50:52.700] [SYNC] [INFO] [cid=-] STATE_DETECTED subject=- target=org.dt4n.core:link-s2-s3 detail=up cycle=1380
[2026-09-15 08:50:52.705] [SYNC] [INFO] [cid=-] STATE_PUSHED subject=- target=org.dt4n.core:link-s2-s3 detail=up cycle=1380
[2026-09-15 08:50:52.705] [SYNC] [INFO] [cid=-] STATE_DETECTED subject=- target=org.dt4n.core:link-s2-srv1 detail=up cycle=1380
[2026-09-15 08:50:52.709] [SYNC] [INFO] [cid=-] STATE_PUSHED subject=- target=org.dt4n.core:link-s2-srv1 detail=up cycle=1380
[2026-09-15 08:50:52.710] [SYNC] [INFO] [cid=-] STATE_DETECTED subject=- target=org.dt4n.core:link-s3-srv2 detail=up cycle=1380
[2026-09-15 08:50:52.714] [SYNC] [INFO] [cid=-] STATE_PUSHED subject=- target=org.dt4n.core:link-s3-srv2 detail=up cycle=1380
[2026-09-15 08:51:22.640] [SYNC] [INFO] [cid=-] STATE_DETECTED subject=- target=org.dt4n.core:host-h1 detail=up cycle=1410
[2026-09-15 08:51:22.647] [SYNC] [INFO] [cid=-] STATE_PUSHED subject=- target=org.dt4n.core:host-h1 detail=up cycle=1410
[2026-09-15 08:51:22.647] [SYNC] [INFO] [cid=-] STATE_DETECTED subject=- target=org.dt4n.core:host-h2 detail=up cycle=1410
[2026-09-15 08:51:22.652] [SYNC] [INFO] [cid=-] STATE_PUSHED subject=- target=org.dt4n.core:host-h2 detail=up cycle=1410
[2026-09-15 08:51:22.652] [SYNC] [INFO] [cid=-] STATE_DETECTED subject=- target=org.dt4n.core:host-h3 detail=up cycle=1410
[2026-09-15 08:51:22.657] [SYNC] [INFO] [cid=-] STATE_PUSHED subject=- target=org.dt4n.core:host-h3 detail=up cycle=1410
[2026-09-15 08:51:22.657] [SYNC] [INFO] [cid=-] STATE_DETECTED subject=- target=org.dt4n.core:host-srv1 detail=up cycle=1410
[2026-09-15 08:51:22.662] [SYNC] [INFO] [cid=-] STATE_PUSHED subject=- target=org.dt4n.core:host-srv1 detail=up cycle=1410
[2026-09-15 08:51:22.662] [SYNC] [INFO] [cid=-] STATE_DETECTED subject=- target=org.dt4n.core:host-srv2 detail=up cycle=1410
[2026-09-15 08:51:22.667] [SYNC] [INFO] [cid=-] STATE_PUSHED subject=- target=org.dt4n.core:host-srv2 detail=up cycle=1410
[2026-09-15 08:51:22.668] [SYNC] [INFO] [cid=-] STATE_DETECTED subject=- target=org.dt4n.core:switch-s1 detail=up cycle=1410
[2026-09-15 08:51:22.673] [SYNC] [INFO] [cid=-] STATE_PUSHED subject=- target=org.dt4n.core:switch-s1 detail=up cycle=1410
[2026-09-15 08:51:22.673] [SYNC] [INFO] [cid=-] STATE_DETECTED subject=- target=org.dt4n.core:switch-s2 detail=up cycle=1410
[2026-09-15 08:51:22.678] [SYNC] [INFO] [cid=-] STATE_PUSHED subject=- target=org.dt4n.core:switch-s2 detail=up cycle=1410
[2026-09-15 08:51:22.678] [SYNC] [INFO] [cid=-] STATE_DETECTED subject=- target=org.dt4n.core:switch-s3 detail=up cycle=1410
[2026-09-15 08:51:22.683] [SYNC] [INFO] [cid=-] STATE_PUSHED subject=- target=org.dt4n.core:switch-s3 detail=up cycle=1410
[2026-09-15 08:51:22.684] [SYNC] [INFO] [cid=-] STATE_DETECTED subject=- target=org.dt4n.core:link-h1-s1 detail=up cycle=1410
[2026-09-15 08:51:22.689] [SYNC] [INFO] [cid=-] STATE_PUSHED subject=- target=org.dt4n.core:link-h1-s1 detail=up cycle=1410
[2026-09-15 08:51:22.689] [SYNC] [INFO] [cid=-] STATE_DETECTED subject=- target=org.dt4n.core:link-h2-s1 detail=up cycle=1410
[2026-09-15 08:51:22.694] [SYNC] [INFO] [cid=-] STATE_PUSHED subject=- target=org.dt4n.core:link-h2-s1 detail=up cycle=1410
[2026-09-15 08:51:22.694] [SYNC] [INFO] [cid=-] STATE_DETECTED subject=- target=org.dt4n.core:link-h3-s1 detail=up cycle=1410
[2026-09-15 08:51:22.699] [SYNC] [INFO] [cid=-] STATE_PUSHED subject=- target=org.dt4n.core:link-h3-s1 detail=up cycle=1410
[2026-09-15 08:51:22.699] [SYNC] [INFO] [cid=-] STATE_DETECTED subject=- target=org.dt4n.core:link-s1-s2 detail=up cycle=1410
[2026-09-15 08:51:22.704] [SYNC] [INFO] [cid=-] STATE_PUSHED subject=- target=org.dt4n.core:link-s1-s2 detail=up cycle=1410
[2026-09-15 08:51:22.704] [SYNC] [INFO] [cid=-] STATE_DETECTED subject=- target=org.dt4n.core:link-s1-s3 detail=up cycle=1410
[2026-09-15 08:51:22.710] [SYNC] [INFO] [cid=-] STATE_PUSHED subject=- target=org.dt4n.core:link-s1-s3 detail=up cycle=1410
[2026-09-15 08:51:22.710] [SYNC] [INFO] [cid=-] STATE_DETECTED subject=- target=org.dt4n.core:link-s2-s3 detail=up cycle=1410
[2026-09-15 08:51:22.715] [SYNC] [INFO] [cid=-] STATE_PUSHED subject=- target=org.dt4n.core:link-s2-s3 detail=up cycle=1410
[2026-09-15 08:51:22.715] [SYNC] [INFO] [cid=-] STATE_DETECTED subject=- target=org.dt4n.core:link-s2-srv1 detail=up cycle=1410
[2026-09-15 08:51:22.720] [SYNC] [INFO] [cid=-] STATE_PUSHED subject=- target=org.dt4n.core:link-s2-srv1 detail=up cycle=1410
[2026-09-15 08:51:22.720] [SYNC] [INFO] [cid=-] STATE_DETECTED subject=- target=org.dt4n.core:link-s3-srv2 detail=up cycle=1410
[2026-09-15 08:51:22.725] [SYNC] [INFO] [cid=-] STATE_PUSHED subject=- target=org.dt4n.core:link-s3-srv2 detail=up cycle=1410
[2026-09-15 08:51:52.645] [SYNC] [INFO] [cid=-] STATE_DETECTED subject=- target=org.dt4n.core:host-h1 detail=up cycle=1440
[2026-09-15 08:51:52.652] [SYNC] [INFO] [cid=-] STATE_PUSHED subject=- target=org.dt4n.core:host-h1 detail=up cycle=1440
[2026-09-15 08:51:52.652] [SYNC] [INFO] [cid=-] STATE_DETECTED subject=- target=org.dt4n.core:host-h2 detail=up cycle=1440
[2026-09-15 08:51:52.658] [SYNC] [INFO] [cid=-] STATE_PUSHED subject=- target=org.dt4n.core:host-h2 detail=up cycle=1440
[2026-09-15 08:51:52.658] [SYNC] [INFO] [cid=-] STATE_DETECTED subject=- target=org.dt4n.core:host-h3 detail=up cycle=1440
[2026-09-15 08:51:52.663] [SYNC] [INFO] [cid=-] STATE_PUSHED subject=- target=org.dt4n.core:host-h3 detail=up cycle=1440
[2026-09-15 08:51:52.663] [SYNC] [INFO] [cid=-] STATE_DETECTED subject=- target=org.dt4n.core:host-srv1 detail=up cycle=1440
[2026-09-15 08:51:52.668] [SYNC] [INFO] [cid=-] STATE_PUSHED subject=- target=org.dt4n.core:host-srv1 detail=up cycle=1440
[2026-09-15 08:51:52.668] [SYNC] [INFO] [cid=-] STATE_DETECTED subject=- target=org.dt4n.core:host-srv2 detail=up cycle=1440
[2026-09-15 08:51:52.673] [SYNC] [INFO] [cid=-] STATE_PUSHED subject=- target=org.dt4n.core:host-srv2 detail=up cycle=1440
[2026-09-15 08:51:52.673] [SYNC] [INFO] [cid=-] STATE_DETECTED subject=- target=org.dt4n.core:switch-s1 detail=up cycle=1440
[2026-09-15 08:51:52.678] [SYNC] [INFO] [cid=-] STATE_PUSHED subject=- target=org.dt4n.core:switch-s1 detail=up cycle=1440
[2026-09-15 08:51:52.678] [SYNC] [INFO] [cid=-] STATE_DETECTED subject=- target=org.dt4n.core:switch-s2 detail=up cycle=1440
[2026-09-15 08:51:52.683] [SYNC] [INFO] [cid=-] STATE_PUSHED subject=- target=org.dt4n.core:switch-s2 detail=up cycle=1440
[2026-09-15 08:51:52.683] [SYNC] [INFO] [cid=-] STATE_DETECTED subject=- target=org.dt4n.core:switch-s3 detail=up cycle=1440
[2026-09-15 08:51:52.689] [SYNC] [INFO] [cid=-] STATE_PUSHED subject=- target=org.dt4n.core:switch-s3 detail=up cycle=1440
[2026-09-15 08:51:52.689] [SYNC] [INFO] [cid=-] STATE_DETECTED subject=- target=org.dt4n.core:link-h1-s1 detail=up cycle=1440
[2026-09-15 08:51:52.694] [SYNC] [INFO] [cid=-] STATE_PUSHED subject=- target=org.dt4n.core:link-h1-s1 detail=up cycle=1440
[2026-09-15 08:51:52.694] [SYNC] [INFO] [cid=-] STATE_DETECTED subject=- target=org.dt4n.core:link-h2-s1 detail=up cycle=1440
[2026-09-15 08:51:52.699] [SYNC] [INFO] [cid=-] STATE_PUSHED subject=- target=org.dt4n.core:link-h2-s1 detail=up cycle=1440
[2026-09-15 08:51:52.699] [SYNC] [INFO] [cid=-] STATE_DETECTED subject=- target=org.dt4n.core:link-h3-s1 detail=up cycle=1440
[2026-09-15 08:51:52.704] [SYNC] [INFO] [cid=-] STATE_PUSHED subject=- target=org.dt4n.core:link-h3-s1 detail=up cycle=1440
[2026-09-15 08:51:52.704] [SYNC] [INFO] [cid=-] STATE_DETECTED subject=- target=org.dt4n.core:link-s1-s2 detail=up cycle=1440
[2026-09-15 08:51:52.709] [SYNC] [INFO] [cid=-] STATE_PUSHED subject=- target=org.dt4n.core:link-s1-s2 detail=up cycle=1440
[2026-09-15 08:51:52.709] [SYNC] [INFO] [cid=-] STATE_DETECTED subject=- target=org.dt4n.core:link-s1-s3 detail=up cycle=1440
[2026-09-15 08:51:52.714] [SYNC] [INFO] [cid=-] STATE_PUSHED subject=- target=org.dt4n.core:link-s1-s3 detail=up cycle=1440
[2026-09-15 08:51:52.714] [SYNC] [INFO] [cid=-] STATE_DETECTED subject=- target=org.dt4n.core:link-s2-s3 detail=up cycle=1440
[2026-09-15 08:51:52.719] [SYNC] [INFO] [cid=-] STATE_PUSHED subject=- target=org.dt4n.core:link-s2-s3 detail=up cycle=1440
[2026-09-15 08:51:52.719] [SYNC] [INFO] [cid=-] STATE_DETECTED subject=- target=org.dt4n.core:link-s2-srv1 detail=up cycle=1440
[2026-09-15 08:51:52.724] [SYNC] [INFO] [cid=-] STATE_PUSHED subject=- target=org.dt4n.core:link-s2-srv1 detail=up cycle=1440
[2026-09-15 08:51:52.724] [SYNC] [INFO] [cid=-] STATE_DETECTED subject=- target=org.dt4n.core:link-s3-srv2 detail=up cycle=1440
[2026-09-15 08:51:52.729] [SYNC] [INFO] [cid=-] STATE_PUSHED subject=- target=org.dt4n.core:link-s3-srv2 detail=up cycle=1440
[2026-09-15 08:52:22.652] [SYNC] [INFO] [cid=-] STATE_DETECTED subject=- target=org.dt4n.core:host-h1 detail=up cycle=1470
[2026-09-15 08:52:22.659] [SYNC] [INFO] [cid=-] STATE_PUSHED subject=- target=org.dt4n.core:host-h1 detail=up cycle=1470
[2026-09-15 08:52:22.659] [SYNC] [INFO] [cid=-] STATE_DETECTED subject=- target=org.dt4n.core:host-h2 detail=up cycle=1470
[2026-09-15 08:52:22.665] [SYNC] [INFO] [cid=-] STATE_PUSHED subject=- target=org.dt4n.core:host-h2 detail=up cycle=1470
[2026-09-15 08:52:22.665] [SYNC] [INFO] [cid=-] STATE_DETECTED subject=- target=org.dt4n.core:host-h3 detail=up cycle=1470
[2026-09-15 08:52:22.670] [SYNC] [INFO] [cid=-] STATE_PUSHED subject=- target=org.dt4n.core:host-h3 detail=up cycle=1470
[2026-09-15 08:52:22.670] [SYNC] [INFO] [cid=-] STATE_DETECTED subject=- target=org.dt4n.core:host-srv1 detail=up cycle=1470
[2026-09-15 08:52:22.675] [SYNC] [INFO] [cid=-] STATE_PUSHED subject=- target=org.dt4n.core:host-srv1 detail=up cycle=1470
[2026-09-15 08:52:22.675] [SYNC] [INFO] [cid=-] STATE_DETECTED subject=- target=org.dt4n.core:host-srv2 detail=up cycle=1470
[2026-09-15 08:52:22.680] [SYNC] [INFO] [cid=-] STATE_PUSHED subject=- target=org.dt4n.core:host-srv2 detail=up cycle=1470
[2026-09-15 08:52:22.680] [SYNC] [INFO] [cid=-] STATE_DETECTED subject=- target=org.dt4n.core:switch-s1 detail=up cycle=1470
[2026-09-15 08:52:22.685] [SYNC] [INFO] [cid=-] STATE_PUSHED subject=- target=org.dt4n.core:switch-s1 detail=up cycle=1470
[2026-09-15 08:52:22.685] [SYNC] [INFO] [cid=-] STATE_DETECTED subject=- target=org.dt4n.core:switch-s2 detail=up cycle=1470
[2026-09-15 08:52:22.690] [SYNC] [INFO] [cid=-] STATE_PUSHED subject=- target=org.dt4n.core:switch-s2 detail=up cycle=1470
[2026-09-15 08:52:22.690] [SYNC] [INFO] [cid=-] STATE_DETECTED subject=- target=org.dt4n.core:switch-s3 detail=up cycle=1470
[2026-09-15 08:52:22.695] [SYNC] [INFO] [cid=-] STATE_PUSHED subject=- target=org.dt4n.core:switch-s3 detail=up cycle=1470
[2026-09-15 08:52:22.695] [SYNC] [INFO] [cid=-] STATE_DETECTED subject=- target=org.dt4n.core:link-h1-s1 detail=up cycle=1470
[2026-09-15 08:52:22.699] [SYNC] [INFO] [cid=-] STATE_PUSHED subject=- target=org.dt4n.core:link-h1-s1 detail=up cycle=1470
[2026-09-15 08:52:22.700] [SYNC] [INFO] [cid=-] STATE_DETECTED subject=- target=org.dt4n.core:link-h2-s1 detail=up cycle=1470
[2026-09-15 08:52:22.704] [SYNC] [INFO] [cid=-] STATE_PUSHED subject=- target=org.dt4n.core:link-h2-s1 detail=up cycle=1470
[2026-09-15 08:52:22.704] [SYNC] [INFO] [cid=-] STATE_DETECTED subject=- target=org.dt4n.core:link-h3-s1 detail=up cycle=1470
[2026-09-15 08:52:22.709] [SYNC] [INFO] [cid=-] STATE_PUSHED subject=- target=org.dt4n.core:link-h3-s1 detail=up cycle=1470
[2026-09-15 08:52:22.709] [SYNC] [INFO] [cid=-] STATE_DETECTED subject=- target=org.dt4n.core:link-s1-s2 detail=up cycle=1470
[2026-09-15 08:52:22.714] [SYNC] [INFO] [cid=-] STATE_PUSHED subject=- target=org.dt4n.core:link-s1-s2 detail=up cycle=1470
[2026-09-15 08:52:22.714] [SYNC] [INFO] [cid=-] STATE_DETECTED subject=- target=org.dt4n.core:link-s1-s3 detail=up cycle=1470
[2026-09-15 08:52:22.719] [SYNC] [INFO] [cid=-] STATE_PUSHED subject=- target=org.dt4n.core:link-s1-s3 detail=up cycle=1470
[2026-09-15 08:52:22.719] [SYNC] [INFO] [cid=-] STATE_DETECTED subject=- target=org.dt4n.core:link-s2-s3 detail=up cycle=1470
[2026-09-15 08:52:22.724] [SYNC] [INFO] [cid=-] STATE_PUSHED subject=- target=org.dt4n.core:link-s2-s3 detail=up cycle=1470
[2026-09-15 08:52:22.724] [SYNC] [INFO] [cid=-] STATE_DETECTED subject=- target=org.dt4n.core:link-s2-srv1 detail=up cycle=1470
[2026-09-15 08:52:22.729] [SYNC] [INFO] [cid=-] STATE_PUSHED subject=- target=org.dt4n.core:link-s2-srv1 detail=up cycle=1470
[2026-09-15 08:52:22.729] [SYNC] [INFO] [cid=-] STATE_DETECTED subject=- target=org.dt4n.core:link-s3-srv2 detail=up cycle=1470
[2026-09-15 08:52:22.734] [SYNC] [INFO] [cid=-] STATE_PUSHED subject=- target=org.dt4n.core:link-s3-srv2 detail=up cycle=1470
[2026-09-15 08:52:52.658] [SYNC] [INFO] [cid=-] STATE_DETECTED subject=- target=org.dt4n.core:host-h1 detail=up cycle=1500
[2026-09-15 08:52:52.665] [SYNC] [INFO] [cid=-] STATE_PUSHED subject=- target=org.dt4n.core:host-h1 detail=up cycle=1500
[2026-09-15 08:52:52.665] [SYNC] [INFO] [cid=-] STATE_DETECTED subject=- target=org.dt4n.core:host-h2 detail=up cycle=1500
[2026-09-15 08:52:52.671] [SYNC] [INFO] [cid=-] STATE_PUSHED subject=- target=org.dt4n.core:host-h2 detail=up cycle=1500
[2026-09-15 08:52:52.671] [SYNC] [INFO] [cid=-] STATE_DETECTED subject=- target=org.dt4n.core:host-h3 detail=up cycle=1500
[2026-09-15 08:52:52.676] [SYNC] [INFO] [cid=-] STATE_PUSHED subject=- target=org.dt4n.core:host-h3 detail=up cycle=1500
[2026-09-15 08:52:52.676] [SYNC] [INFO] [cid=-] STATE_DETECTED subject=- target=org.dt4n.core:host-srv1 detail=up cycle=1500
[2026-09-15 08:52:52.681] [SYNC] [INFO] [cid=-] STATE_PUSHED subject=- target=org.dt4n.core:host-srv1 detail=up cycle=1500
[2026-09-15 08:52:52.681] [SYNC] [INFO] [cid=-] STATE_DETECTED subject=- target=org.dt4n.core:host-srv2 detail=up cycle=1500
[2026-09-15 08:52:52.687] [SYNC] [INFO] [cid=-] STATE_PUSHED subject=- target=org.dt4n.core:host-srv2 detail=up cycle=1500
[2026-09-15 08:52:52.687] [SYNC] [INFO] [cid=-] STATE_DETECTED subject=- target=org.dt4n.core:switch-s1 detail=up cycle=1500
[2026-09-15 08:52:52.691] [SYNC] [INFO] [cid=-] STATE_PUSHED subject=- target=org.dt4n.core:switch-s1 detail=up cycle=1500
[2026-09-15 08:52:52.692] [SYNC] [INFO] [cid=-] STATE_DETECTED subject=- target=org.dt4n.core:switch-s2 detail=up cycle=1500
[2026-09-15 08:52:52.696] [SYNC] [INFO] [cid=-] STATE_PUSHED subject=- target=org.dt4n.core:switch-s2 detail=up cycle=1500
[2026-09-15 08:52:52.697] [SYNC] [INFO] [cid=-] STATE_DETECTED subject=- target=org.dt4n.core:switch-s3 detail=up cycle=1500
[2026-09-15 08:52:52.701] [SYNC] [INFO] [cid=-] STATE_PUSHED subject=- target=org.dt4n.core:switch-s3 detail=up cycle=1500
[2026-09-15 08:52:52.701] [SYNC] [INFO] [cid=-] STATE_DETECTED subject=- target=org.dt4n.core:link-h1-s1 detail=up cycle=1500
[2026-09-15 08:52:52.706] [SYNC] [INFO] [cid=-] STATE_PUSHED subject=- target=org.dt4n.core:link-h1-s1 detail=up cycle=1500
[2026-09-15 08:52:52.707] [SYNC] [INFO] [cid=-] STATE_DETECTED subject=- target=org.dt4n.core:link-h2-s1 detail=up cycle=1500
[2026-09-15 08:52:52.712] [SYNC] [INFO] [cid=-] STATE_PUSHED subject=- target=org.dt4n.core:link-h2-s1 detail=up cycle=1500
[2026-09-15 08:52:52.712] [SYNC] [INFO] [cid=-] STATE_DETECTED subject=- target=org.dt4n.core:link-h3-s1 detail=up cycle=1500
[2026-09-15 08:52:52.717] [SYNC] [INFO] [cid=-] STATE_PUSHED subject=- target=org.dt4n.core:link-h3-s1 detail=up cycle=1500
[2026-09-15 08:52:52.717] [SYNC] [INFO] [cid=-] STATE_DETECTED subject=- target=org.dt4n.core:link-s1-s2 detail=up cycle=1500
[2026-09-15 08:52:52.722] [SYNC] [INFO] [cid=-] STATE_PUSHED subject=- target=org.dt4n.core:link-s1-s2 detail=up cycle=1500
[2026-09-15 08:52:52.722] [SYNC] [INFO] [cid=-] STATE_DETECTED subject=- target=org.dt4n.core:link-s1-s3 detail=up cycle=1500
[2026-09-15 08:52:52.727] [SYNC] [INFO] [cid=-] STATE_PUSHED subject=- target=org.dt4n.core:link-s1-s3 detail=up cycle=1500
[2026-09-15 08:52:52.727] [SYNC] [INFO] [cid=-] STATE_DETECTED subject=- target=org.dt4n.core:link-s2-s3 detail=up cycle=1500
[2026-09-15 08:52:52.732] [SYNC] [INFO] [cid=-] STATE_PUSHED subject=- target=org.dt4n.core:link-s2-s3 detail=up cycle=1500
[2026-09-15 08:52:52.732] [SYNC] [INFO] [cid=-] STATE_DETECTED subject=- target=org.dt4n.core:link-s2-srv1 detail=up cycle=1500
[2026-09-15 08:52:52.736] [SYNC] [INFO] [cid=-] STATE_PUSHED subject=- target=org.dt4n.core:link-s2-srv1 detail=up cycle=1500
[2026-09-15 08:52:52.737] [SYNC] [INFO] [cid=-] STATE_DETECTED subject=- target=org.dt4n.core:link-s3-srv2 detail=up cycle=1500
[2026-09-15 08:52:52.741] [SYNC] [INFO] [cid=-] STATE_PUSHED subject=- target=org.dt4n.core:link-s3-srv2 detail=up cycle=1500
[2026-09-15 08:53:22.664] [SYNC] [INFO] [cid=-] STATE_DETECTED subject=- target=org.dt4n.core:host-h1 detail=up cycle=1530
[2026-09-15 08:53:22.671] [SYNC] [INFO] [cid=-] STATE_PUSHED subject=- target=org.dt4n.core:host-h1 detail=up cycle=1530
[2026-09-15 08:53:22.671] [SYNC] [INFO] [cid=-] STATE_DETECTED subject=- target=org.dt4n.core:host-h2 detail=up cycle=1530
[2026-09-15 08:53:22.677] [SYNC] [INFO] [cid=-] STATE_PUSHED subject=- target=org.dt4n.core:host-h2 detail=up cycle=1530
[2026-09-15 08:53:22.677] [SYNC] [INFO] [cid=-] STATE_DETECTED subject=- target=org.dt4n.core:host-h3 detail=up cycle=1530
[2026-09-15 08:53:22.682] [SYNC] [INFO] [cid=-] STATE_PUSHED subject=- target=org.dt4n.core:host-h3 detail=up cycle=1530
[2026-09-15 08:53:22.682] [SYNC] [INFO] [cid=-] STATE_DETECTED subject=- target=org.dt4n.core:host-srv1 detail=up cycle=1530
[2026-09-15 08:53:22.687] [SYNC] [INFO] [cid=-] STATE_PUSHED subject=- target=org.dt4n.core:host-srv1 detail=up cycle=1530
[2026-09-15 08:53:22.687] [SYNC] [INFO] [cid=-] STATE_DETECTED subject=- target=org.dt4n.core:host-srv2 detail=up cycle=1530
[2026-09-15 08:53:22.692] [SYNC] [INFO] [cid=-] STATE_PUSHED subject=- target=org.dt4n.core:host-srv2 detail=up cycle=1530
[2026-09-15 08:53:22.692] [SYNC] [INFO] [cid=-] STATE_DETECTED subject=- target=org.dt4n.core:switch-s1 detail=up cycle=1530
[2026-09-15 08:53:22.697] [SYNC] [INFO] [cid=-] STATE_PUSHED subject=- target=org.dt4n.core:switch-s1 detail=up cycle=1530
[2026-09-15 08:53:22.697] [SYNC] [INFO] [cid=-] STATE_DETECTED subject=- target=org.dt4n.core:switch-s2 detail=up cycle=1530
[2026-09-15 08:53:22.701] [SYNC] [INFO] [cid=-] STATE_PUSHED subject=- target=org.dt4n.core:switch-s2 detail=up cycle=1530
[2026-09-15 08:53:22.702] [SYNC] [INFO] [cid=-] STATE_DETECTED subject=- target=org.dt4n.core:switch-s3 detail=up cycle=1530
[2026-09-15 08:53:22.706] [SYNC] [INFO] [cid=-] STATE_PUSHED subject=- target=org.dt4n.core:switch-s3 detail=up cycle=1530
[2026-09-15 08:53:22.706] [SYNC] [INFO] [cid=-] STATE_DETECTED subject=- target=org.dt4n.core:link-h1-s1 detail=up cycle=1530
[2026-09-15 08:53:22.711] [SYNC] [INFO] [cid=-] STATE_PUSHED subject=- target=org.dt4n.core:link-h1-s1 detail=up cycle=1530
[2026-09-15 08:53:22.711] [SYNC] [INFO] [cid=-] STATE_DETECTED subject=- target=org.dt4n.core:link-h2-s1 detail=up cycle=1530
[2026-09-15 08:53:22.716] [SYNC] [INFO] [cid=-] STATE_PUSHED subject=- target=org.dt4n.core:link-h2-s1 detail=up cycle=1530
[2026-09-15 08:53:22.716] [SYNC] [INFO] [cid=-] STATE_DETECTED subject=- target=org.dt4n.core:link-h3-s1 detail=up cycle=1530
[2026-09-15 08:53:22.721] [SYNC] [INFO] [cid=-] STATE_PUSHED subject=- target=org.dt4n.core:link-h3-s1 detail=up cycle=1530
[2026-09-15 08:53:22.721] [SYNC] [INFO] [cid=-] STATE_DETECTED subject=- target=org.dt4n.core:link-s1-s2 detail=up cycle=1530
[2026-09-15 08:53:22.726] [SYNC] [INFO] [cid=-] STATE_PUSHED subject=- target=org.dt4n.core:link-s1-s2 detail=up cycle=1530
[2026-09-15 08:53:22.726] [SYNC] [INFO] [cid=-] STATE_DETECTED subject=- target=org.dt4n.core:link-s1-s3 detail=up cycle=1530
[2026-09-15 08:53:22.730] [SYNC] [INFO] [cid=-] STATE_PUSHED subject=- target=org.dt4n.core:link-s1-s3 detail=up cycle=1530
[2026-09-15 08:53:22.731] [SYNC] [INFO] [cid=-] STATE_DETECTED subject=- target=org.dt4n.core:link-s2-s3 detail=up cycle=1530
[2026-09-15 08:53:22.735] [SYNC] [INFO] [cid=-] STATE_PUSHED subject=- target=org.dt4n.core:link-s2-s3 detail=up cycle=1530
[2026-09-15 08:53:22.735] [SYNC] [INFO] [cid=-] STATE_DETECTED subject=- target=org.dt4n.core:link-s2-srv1 detail=up cycle=1530
[2026-09-15 08:53:22.740] [SYNC] [INFO] [cid=-] STATE_PUSHED subject=- target=org.dt4n.core:link-s2-srv1 detail=up cycle=1530
[2026-09-15 08:53:22.740] [SYNC] [INFO] [cid=-] STATE_DETECTED subject=- target=org.dt4n.core:link-s3-srv2 detail=up cycle=1530
[2026-09-15 08:53:22.745] [SYNC] [INFO] [cid=-] STATE_PUSHED subject=- target=org.dt4n.core:link-s3-srv2 detail=up cycle=1530
[2026-09-15 08:53:52.671] [SYNC] [INFO] [cid=-] STATE_DETECTED subject=- target=org.dt4n.core:host-h1 detail=up cycle=1560
[2026-09-15 08:53:52.678] [SYNC] [INFO] [cid=-] STATE_PUSHED subject=- target=org.dt4n.core:host-h1 detail=up cycle=1560
[2026-09-15 08:53:52.678] [SYNC] [INFO] [cid=-] STATE_DETECTED subject=- target=org.dt4n.core:host-h2 detail=up cycle=1560
[2026-09-15 08:53:52.684] [SYNC] [INFO] [cid=-] STATE_PUSHED subject=- target=org.dt4n.core:host-h2 detail=up cycle=1560
[2026-09-15 08:53:52.684] [SYNC] [INFO] [cid=-] STATE_DETECTED subject=- target=org.dt4n.core:host-h3 detail=up cycle=1560
[2026-09-15 08:53:52.689] [SYNC] [INFO] [cid=-] STATE_PUSHED subject=- target=org.dt4n.core:host-h3 detail=up cycle=1560
[2026-09-15 08:53:52.689] [SYNC] [INFO] [cid=-] STATE_DETECTED subject=- target=org.dt4n.core:host-srv1 detail=up cycle=1560
[2026-09-15 08:53:52.694] [SYNC] [INFO] [cid=-] STATE_PUSHED subject=- target=org.dt4n.core:host-srv1 detail=up cycle=1560
[2026-09-15 08:53:52.694] [SYNC] [INFO] [cid=-] STATE_DETECTED subject=- target=org.dt4n.core:host-srv2 detail=up cycle=1560
[2026-09-15 08:53:52.699] [SYNC] [INFO] [cid=-] STATE_PUSHED subject=- target=org.dt4n.core:host-srv2 detail=up cycle=1560
[2026-09-15 08:53:52.699] [SYNC] [INFO] [cid=-] STATE_DETECTED subject=- target=org.dt4n.core:switch-s1 detail=up cycle=1560
[2026-09-15 08:53:52.704] [SYNC] [INFO] [cid=-] STATE_PUSHED subject=- target=org.dt4n.core:switch-s1 detail=up cycle=1560
[2026-09-15 08:53:52.704] [SYNC] [INFO] [cid=-] STATE_DETECTED subject=- target=org.dt4n.core:switch-s2 detail=up cycle=1560
[2026-09-15 08:53:52.709] [SYNC] [INFO] [cid=-] STATE_PUSHED subject=- target=org.dt4n.core:switch-s2 detail=up cycle=1560
[2026-09-15 08:53:52.709] [SYNC] [INFO] [cid=-] STATE_DETECTED subject=- target=org.dt4n.core:switch-s3 detail=up cycle=1560
[2026-09-15 08:53:52.714] [SYNC] [INFO] [cid=-] STATE_PUSHED subject=- target=org.dt4n.core:switch-s3 detail=up cycle=1560
[2026-09-15 08:53:52.714] [SYNC] [INFO] [cid=-] STATE_DETECTED subject=- target=org.dt4n.core:link-h1-s1 detail=up cycle=1560
[2026-09-15 08:53:52.719] [SYNC] [INFO] [cid=-] STATE_PUSHED subject=- target=org.dt4n.core:link-h1-s1 detail=up cycle=1560
[2026-09-15 08:53:52.719] [SYNC] [INFO] [cid=-] STATE_DETECTED subject=- target=org.dt4n.core:link-h2-s1 detail=up cycle=1560
[2026-09-15 08:53:52.724] [SYNC] [INFO] [cid=-] STATE_PUSHED subject=- target=org.dt4n.core:link-h2-s1 detail=up cycle=1560
[2026-09-15 08:53:52.724] [SYNC] [INFO] [cid=-] STATE_DETECTED subject=- target=org.dt4n.core:link-h3-s1 detail=up cycle=1560
[2026-09-15 08:53:52.729] [SYNC] [INFO] [cid=-] STATE_PUSHED subject=- target=org.dt4n.core:link-h3-s1 detail=up cycle=1560
[2026-09-15 08:53:52.729] [SYNC] [INFO] [cid=-] STATE_DETECTED subject=- target=org.dt4n.core:link-s1-s2 detail=up cycle=1560
[2026-09-15 08:53:52.734] [SYNC] [INFO] [cid=-] STATE_PUSHED subject=- target=org.dt4n.core:link-s1-s2 detail=up cycle=1560
[2026-09-15 08:53:52.734] [SYNC] [INFO] [cid=-] STATE_DETECTED subject=- target=org.dt4n.core:link-s1-s3 detail=up cycle=1560
[2026-09-15 08:53:52.739] [SYNC] [INFO] [cid=-] STATE_PUSHED subject=- target=org.dt4n.core:link-s1-s3 detail=up cycle=1560
[2026-09-15 08:53:52.739] [SYNC] [INFO] [cid=-] STATE_DETECTED subject=- target=org.dt4n.core:link-s2-s3 detail=up cycle=1560
[2026-09-15 08:53:52.744] [SYNC] [INFO] [cid=-] STATE_PUSHED subject=- target=org.dt4n.core:link-s2-s3 detail=up cycle=1560
[2026-09-15 08:53:52.744] [SYNC] [INFO] [cid=-] STATE_DETECTED subject=- target=org.dt4n.core:link-s2-srv1 detail=up cycle=1560
[2026-09-15 08:53:52.749] [SYNC] [INFO] [cid=-] STATE_PUSHED subject=- target=org.dt4n.core:link-s2-srv1 detail=up cycle=1560
[2026-09-15 08:53:52.749] [SYNC] [INFO] [cid=-] STATE_DETECTED subject=- target=org.dt4n.core:link-s3-srv2 detail=up cycle=1560
[2026-09-15 08:53:52.753] [SYNC] [INFO] [cid=-] STATE_PUSHED subject=- target=org.dt4n.core:link-s3-srv2 detail=up cycle=1560
[2026-09-15 08:54:22.677] [SYNC] [INFO] [cid=-] STATE_DETECTED subject=- target=org.dt4n.core:host-h1 detail=up cycle=1590
[2026-09-15 08:54:22.684] [SYNC] [INFO] [cid=-] STATE_PUSHED subject=- target=org.dt4n.core:host-h1 detail=up cycle=1590
[2026-09-15 08:54:22.684] [SYNC] [INFO] [cid=-] STATE_DETECTED subject=- target=org.dt4n.core:host-h2 detail=up cycle=1590
[2026-09-15 08:54:22.689] [SYNC] [INFO] [cid=-] STATE_PUSHED subject=- target=org.dt4n.core:host-h2 detail=up cycle=1590
[2026-09-15 08:54:22.689] [SYNC] [INFO] [cid=-] STATE_DETECTED subject=- target=org.dt4n.core:host-h3 detail=up cycle=1590
[2026-09-15 08:54:22.695] [SYNC] [INFO] [cid=-] STATE_PUSHED subject=- target=org.dt4n.core:host-h3 detail=up cycle=1590
[2026-09-15 08:54:22.695] [SYNC] [INFO] [cid=-] STATE_DETECTED subject=- target=org.dt4n.core:host-srv1 detail=up cycle=1590
[2026-09-15 08:54:22.700] [SYNC] [INFO] [cid=-] STATE_PUSHED subject=- target=org.dt4n.core:host-srv1 detail=up cycle=1590
[2026-09-15 08:54:22.700] [SYNC] [INFO] [cid=-] STATE_DETECTED subject=- target=org.dt4n.core:host-srv2 detail=up cycle=1590
[2026-09-15 08:54:22.705] [SYNC] [INFO] [cid=-] STATE_PUSHED subject=- target=org.dt4n.core:host-srv2 detail=up cycle=1590
[2026-09-15 08:54:22.705] [SYNC] [INFO] [cid=-] STATE_DETECTED subject=- target=org.dt4n.core:switch-s1 detail=up cycle=1590
[2026-09-15 08:54:22.710] [SYNC] [INFO] [cid=-] STATE_PUSHED subject=- target=org.dt4n.core:switch-s1 detail=up cycle=1590
[2026-09-15 08:54:22.710] [SYNC] [INFO] [cid=-] STATE_DETECTED subject=- target=org.dt4n.core:switch-s2 detail=up cycle=1590
[2026-09-15 08:54:22.715] [SYNC] [INFO] [cid=-] STATE_PUSHED subject=- target=org.dt4n.core:switch-s2 detail=up cycle=1590
[2026-09-15 08:54:22.715] [SYNC] [INFO] [cid=-] STATE_DETECTED subject=- target=org.dt4n.core:switch-s3 detail=up cycle=1590
[2026-09-15 08:54:22.720] [SYNC] [INFO] [cid=-] STATE_PUSHED subject=- target=org.dt4n.core:switch-s3 detail=up cycle=1590
[2026-09-15 08:54:22.720] [SYNC] [INFO] [cid=-] STATE_DETECTED subject=- target=org.dt4n.core:link-h1-s1 detail=up cycle=1590
[2026-09-15 08:54:22.725] [SYNC] [INFO] [cid=-] STATE_PUSHED subject=- target=org.dt4n.core:link-h1-s1 detail=up cycle=1590
[2026-09-15 08:54:22.725] [SYNC] [INFO] [cid=-] STATE_DETECTED subject=- target=org.dt4n.core:link-h2-s1 detail=up cycle=1590
[2026-09-15 08:54:22.730] [SYNC] [INFO] [cid=-] STATE_PUSHED subject=- target=org.dt4n.core:link-h2-s1 detail=up cycle=1590
[2026-09-15 08:54:22.730] [SYNC] [INFO] [cid=-] STATE_DETECTED subject=- target=org.dt4n.core:link-h3-s1 detail=up cycle=1590
[2026-09-15 08:54:22.735] [SYNC] [INFO] [cid=-] STATE_PUSHED subject=- target=org.dt4n.core:link-h3-s1 detail=up cycle=1590
[2026-09-15 08:54:22.735] [SYNC] [INFO] [cid=-] STATE_DETECTED subject=- target=org.dt4n.core:link-s1-s2 detail=up cycle=1590
[2026-09-15 08:54:22.740] [SYNC] [INFO] [cid=-] STATE_PUSHED subject=- target=org.dt4n.core:link-s1-s2 detail=up cycle=1590
[2026-09-15 08:54:22.740] [SYNC] [INFO] [cid=-] STATE_DETECTED subject=- target=org.dt4n.core:link-s1-s3 detail=up cycle=1590
[2026-09-15 08:54:22.745] [SYNC] [INFO] [cid=-] STATE_PUSHED subject=- target=org.dt4n.core:link-s1-s3 detail=up cycle=1590
[2026-09-15 08:54:22.745] [SYNC] [INFO] [cid=-] STATE_DETECTED subject=- target=org.dt4n.core:link-s2-s3 detail=up cycle=1590
[2026-09-15 08:54:22.749] [SYNC] [INFO] [cid=-] STATE_PUSHED subject=- target=org.dt4n.core:link-s2-s3 detail=up cycle=1590
[2026-09-15 08:54:22.749] [SYNC] [INFO] [cid=-] STATE_DETECTED subject=- target=org.dt4n.core:link-s2-srv1 detail=up cycle=1590
[2026-09-15 08:54:22.754] [SYNC] [INFO] [cid=-] STATE_PUSHED subject=- target=org.dt4n.core:link-s2-srv1 detail=up cycle=1590
[2026-09-15 08:54:22.754] [SYNC] [INFO] [cid=-] STATE_DETECTED subject=- target=org.dt4n.core:link-s3-srv2 detail=up cycle=1590
[2026-09-15 08:54:22.759] [SYNC] [INFO] [cid=-] STATE_PUSHED subject=- target=org.dt4n.core:link-s3-srv2 detail=up cycle=1590
[2026-09-15 08:54:52.683] [SYNC] [INFO] [cid=-] STATE_DETECTED subject=- target=org.dt4n.core:host-h1 detail=up cycle=1620
[2026-09-15 08:54:52.690] [SYNC] [INFO] [cid=-] STATE_PUSHED subject=- target=org.dt4n.core:host-h1 detail=up cycle=1620
[2026-09-15 08:54:52.691] [SYNC] [INFO] [cid=-] STATE_DETECTED subject=- target=org.dt4n.core:host-h2 detail=up cycle=1620
[2026-09-15 08:54:52.696] [SYNC] [INFO] [cid=-] STATE_PUSHED subject=- target=org.dt4n.core:host-h2 detail=up cycle=1620
[2026-09-15 08:54:52.696] [SYNC] [INFO] [cid=-] STATE_DETECTED subject=- target=org.dt4n.core:host-h3 detail=up cycle=1620
[2026-09-15 08:54:52.701] [SYNC] [INFO] [cid=-] STATE_PUSHED subject=- target=org.dt4n.core:host-h3 detail=up cycle=1620
[2026-09-15 08:54:52.701] [SYNC] [INFO] [cid=-] STATE_DETECTED subject=- target=org.dt4n.core:host-srv1 detail=up cycle=1620
[2026-09-15 08:54:52.706] [SYNC] [INFO] [cid=-] STATE_PUSHED subject=- target=org.dt4n.core:host-srv1 detail=up cycle=1620
[2026-09-15 08:54:52.706] [SYNC] [INFO] [cid=-] STATE_DETECTED subject=- target=org.dt4n.core:host-srv2 detail=up cycle=1620
[2026-09-15 08:54:52.711] [SYNC] [INFO] [cid=-] STATE_PUSHED subject=- target=org.dt4n.core:host-srv2 detail=up cycle=1620
[2026-09-15 08:54:52.712] [SYNC] [INFO] [cid=-] STATE_DETECTED subject=- target=org.dt4n.core:switch-s1 detail=up cycle=1620
[2026-09-15 08:54:52.716] [SYNC] [INFO] [cid=-] STATE_PUSHED subject=- target=org.dt4n.core:switch-s1 detail=up cycle=1620
[2026-09-15 08:54:52.717] [SYNC] [INFO] [cid=-] STATE_DETECTED subject=- target=org.dt4n.core:switch-s2 detail=up cycle=1620
[2026-09-15 08:54:52.721] [SYNC] [INFO] [cid=-] STATE_PUSHED subject=- target=org.dt4n.core:switch-s2 detail=up cycle=1620
[2026-09-15 08:54:52.722] [SYNC] [INFO] [cid=-] STATE_DETECTED subject=- target=org.dt4n.core:switch-s3 detail=up cycle=1620
[2026-09-15 08:54:52.727] [SYNC] [INFO] [cid=-] STATE_PUSHED subject=- target=org.dt4n.core:switch-s3 detail=up cycle=1620
[2026-09-15 08:54:52.727] [SYNC] [INFO] [cid=-] STATE_DETECTED subject=- target=org.dt4n.core:link-h1-s1 detail=up cycle=1620
[2026-09-15 08:54:52.732] [SYNC] [INFO] [cid=-] STATE_PUSHED subject=- target=org.dt4n.core:link-h1-s1 detail=up cycle=1620
[2026-09-15 08:54:52.732] [SYNC] [INFO] [cid=-] STATE_DETECTED subject=- target=org.dt4n.core:link-h2-s1 detail=up cycle=1620
[2026-09-15 08:54:52.736] [SYNC] [INFO] [cid=-] STATE_PUSHED subject=- target=org.dt4n.core:link-h2-s1 detail=up cycle=1620
[2026-09-15 08:54:52.737] [SYNC] [INFO] [cid=-] STATE_DETECTED subject=- target=org.dt4n.core:link-h3-s1 detail=up cycle=1620
[2026-09-15 08:54:52.741] [SYNC] [INFO] [cid=-] STATE_PUSHED subject=- target=org.dt4n.core:link-h3-s1 detail=up cycle=1620
[2026-09-15 08:54:52.741] [SYNC] [INFO] [cid=-] STATE_DETECTED subject=- target=org.dt4n.core:link-s1-s2 detail=up cycle=1620
[2026-09-15 08:54:52.746] [SYNC] [INFO] [cid=-] STATE_PUSHED subject=- target=org.dt4n.core:link-s1-s2 detail=up cycle=1620
[2026-09-15 08:54:52.746] [SYNC] [INFO] [cid=-] STATE_DETECTED subject=- target=org.dt4n.core:link-s1-s3 detail=up cycle=1620
[2026-09-15 08:54:52.751] [SYNC] [INFO] [cid=-] STATE_PUSHED subject=- target=org.dt4n.core:link-s1-s3 detail=up cycle=1620
[2026-09-15 08:54:52.751] [SYNC] [INFO] [cid=-] STATE_DETECTED subject=- target=org.dt4n.core:link-s2-s3 detail=up cycle=1620
[2026-09-15 08:54:52.756] [SYNC] [INFO] [cid=-] STATE_PUSHED subject=- target=org.dt4n.core:link-s2-s3 detail=up cycle=1620
[2026-09-15 08:54:52.756] [SYNC] [INFO] [cid=-] STATE_DETECTED subject=- target=org.dt4n.core:link-s2-srv1 detail=up cycle=1620
[2026-09-15 08:54:52.760] [SYNC] [INFO] [cid=-] STATE_PUSHED subject=- target=org.dt4n.core:link-s2-srv1 detail=up cycle=1620
[2026-09-15 08:54:52.761] [SYNC] [INFO] [cid=-] STATE_DETECTED subject=- target=org.dt4n.core:link-s3-srv2 detail=up cycle=1620
[2026-09-15 08:54:52.765] [SYNC] [INFO] [cid=-] STATE_PUSHED subject=- target=org.dt4n.core:link-s3-srv2 detail=up cycle=1620
[2026-09-15 08:55:22.690] [SYNC] [INFO] [cid=-] STATE_DETECTED subject=- target=org.dt4n.core:host-h1 detail=up cycle=1650
[2026-09-15 08:55:22.697] [SYNC] [INFO] [cid=-] STATE_PUSHED subject=- target=org.dt4n.core:host-h1 detail=up cycle=1650
[2026-09-15 08:55:22.697] [SYNC] [INFO] [cid=-] STATE_DETECTED subject=- target=org.dt4n.core:host-h2 detail=up cycle=1650
[2026-09-15 08:55:22.702] [SYNC] [INFO] [cid=-] STATE_PUSHED subject=- target=org.dt4n.core:host-h2 detail=up cycle=1650
[2026-09-15 08:55:22.702] [SYNC] [INFO] [cid=-] STATE_DETECTED subject=- target=org.dt4n.core:host-h3 detail=up cycle=1650
[2026-09-15 08:55:22.707] [SYNC] [INFO] [cid=-] STATE_PUSHED subject=- target=org.dt4n.core:host-h3 detail=up cycle=1650
[2026-09-15 08:55:22.707] [SYNC] [INFO] [cid=-] STATE_DETECTED subject=- target=org.dt4n.core:host-srv1 detail=up cycle=1650
[2026-09-15 08:55:22.712] [SYNC] [INFO] [cid=-] STATE_PUSHED subject=- target=org.dt4n.core:host-srv1 detail=up cycle=1650
[2026-09-15 08:55:22.712] [SYNC] [INFO] [cid=-] STATE_DETECTED subject=- target=org.dt4n.core:host-srv2 detail=up cycle=1650
[2026-09-15 08:55:22.717] [SYNC] [INFO] [cid=-] STATE_PUSHED subject=- target=org.dt4n.core:host-srv2 detail=up cycle=1650
[2026-09-15 08:55:22.717] [SYNC] [INFO] [cid=-] STATE_DETECTED subject=- target=org.dt4n.core:switch-s1 detail=up cycle=1650
[2026-09-15 08:55:22.722] [SYNC] [INFO] [cid=-] STATE_PUSHED subject=- target=org.dt4n.core:switch-s1 detail=up cycle=1650
[2026-09-15 08:55:22.722] [SYNC] [INFO] [cid=-] STATE_DETECTED subject=- target=org.dt4n.core:switch-s2 detail=up cycle=1650
[2026-09-15 08:55:22.727] [SYNC] [INFO] [cid=-] STATE_PUSHED subject=- target=org.dt4n.core:switch-s2 detail=up cycle=1650
[2026-09-15 08:55:22.727] [SYNC] [INFO] [cid=-] STATE_DETECTED subject=- target=org.dt4n.core:switch-s3 detail=up cycle=1650
[2026-09-15 08:55:22.732] [SYNC] [INFO] [cid=-] STATE_PUSHED subject=- target=org.dt4n.core:switch-s3 detail=up cycle=1650
[2026-09-15 08:55:22.732] [SYNC] [INFO] [cid=-] STATE_DETECTED subject=- target=org.dt4n.core:link-h1-s1 detail=up cycle=1650
[2026-09-15 08:55:22.737] [SYNC] [INFO] [cid=-] STATE_PUSHED subject=- target=org.dt4n.core:link-h1-s1 detail=up cycle=1650
[2026-09-15 08:55:22.737] [SYNC] [INFO] [cid=-] STATE_DETECTED subject=- target=org.dt4n.core:link-h2-s1 detail=up cycle=1650
[2026-09-15 08:55:22.741] [SYNC] [INFO] [cid=-] STATE_PUSHED subject=- target=org.dt4n.core:link-h2-s1 detail=up cycle=1650
[2026-09-15 08:55:22.741] [SYNC] [INFO] [cid=-] STATE_DETECTED subject=- target=org.dt4n.core:link-h3-s1 detail=up cycle=1650
[2026-09-15 08:55:22.746] [SYNC] [INFO] [cid=-] STATE_PUSHED subject=- target=org.dt4n.core:link-h3-s1 detail=up cycle=1650
[2026-09-15 08:55:22.746] [SYNC] [INFO] [cid=-] STATE_DETECTED subject=- target=org.dt4n.core:link-s1-s2 detail=up cycle=1650
[2026-09-15 08:55:22.751] [SYNC] [INFO] [cid=-] STATE_PUSHED subject=- target=org.dt4n.core:link-s1-s2 detail=up cycle=1650
[2026-09-15 08:55:22.751] [SYNC] [INFO] [cid=-] STATE_DETECTED subject=- target=org.dt4n.core:link-s1-s3 detail=up cycle=1650
[2026-09-15 08:55:22.756] [SYNC] [INFO] [cid=-] STATE_PUSHED subject=- target=org.dt4n.core:link-s1-s3 detail=up cycle=1650
[2026-09-15 08:55:22.756] [SYNC] [INFO] [cid=-] STATE_DETECTED subject=- target=org.dt4n.core:link-s2-s3 detail=up cycle=1650
[2026-09-15 08:55:22.761] [SYNC] [INFO] [cid=-] STATE_PUSHED subject=- target=org.dt4n.core:link-s2-s3 detail=up cycle=1650
[2026-09-15 08:55:22.761] [SYNC] [INFO] [cid=-] STATE_DETECTED subject=- target=org.dt4n.core:link-s2-srv1 detail=up cycle=1650
[2026-09-15 08:55:22.766] [SYNC] [INFO] [cid=-] STATE_PUSHED subject=- target=org.dt4n.core:link-s2-srv1 detail=up cycle=1650
[2026-09-15 08:55:22.766] [SYNC] [INFO] [cid=-] STATE_DETECTED subject=- target=org.dt4n.core:link-s3-srv2 detail=up cycle=1650
[2026-09-15 08:55:22.771] [SYNC] [INFO] [cid=-] STATE_PUSHED subject=- target=org.dt4n.core:link-s3-srv2 detail=up cycle=1650
[2026-09-15 08:55:52.696] [SYNC] [INFO] [cid=-] STATE_DETECTED subject=- target=org.dt4n.core:host-h1 detail=up cycle=1680
[2026-09-15 08:55:52.703] [SYNC] [INFO] [cid=-] STATE_PUSHED subject=- target=org.dt4n.core:host-h1 detail=up cycle=1680
[2026-09-15 08:55:52.703] [SYNC] [INFO] [cid=-] STATE_DETECTED subject=- target=org.dt4n.core:host-h2 detail=up cycle=1680
[2026-09-15 08:55:52.709] [SYNC] [INFO] [cid=-] STATE_PUSHED subject=- target=org.dt4n.core:host-h2 detail=up cycle=1680
[2026-09-15 08:55:52.709] [SYNC] [INFO] [cid=-] STATE_DETECTED subject=- target=org.dt4n.core:host-h3 detail=up cycle=1680
[2026-09-15 08:55:52.715] [SYNC] [INFO] [cid=-] STATE_PUSHED subject=- target=org.dt4n.core:host-h3 detail=up cycle=1680
[2026-09-15 08:55:52.715] [SYNC] [INFO] [cid=-] STATE_DETECTED subject=- target=org.dt4n.core:host-srv1 detail=up cycle=1680
[2026-09-15 08:55:52.720] [SYNC] [INFO] [cid=-] STATE_PUSHED subject=- target=org.dt4n.core:host-srv1 detail=up cycle=1680
[2026-09-15 08:55:52.720] [SYNC] [INFO] [cid=-] STATE_DETECTED subject=- target=org.dt4n.core:host-srv2 detail=up cycle=1680
[2026-09-15 08:55:52.725] [SYNC] [INFO] [cid=-] STATE_PUSHED subject=- target=org.dt4n.core:host-srv2 detail=up cycle=1680
[2026-09-15 08:55:52.725] [SYNC] [INFO] [cid=-] STATE_DETECTED subject=- target=org.dt4n.core:switch-s1 detail=up cycle=1680
[2026-09-15 08:55:52.730] [SYNC] [INFO] [cid=-] STATE_PUSHED subject=- target=org.dt4n.core:switch-s1 detail=up cycle=1680
[2026-09-15 08:55:52.730] [SYNC] [INFO] [cid=-] STATE_DETECTED subject=- target=org.dt4n.core:switch-s2 detail=up cycle=1680
[2026-09-15 08:55:52.735] [SYNC] [INFO] [cid=-] STATE_PUSHED subject=- target=org.dt4n.core:switch-s2 detail=up cycle=1680
[2026-09-15 08:55:52.735] [SYNC] [INFO] [cid=-] STATE_DETECTED subject=- target=org.dt4n.core:switch-s3 detail=up cycle=1680
[2026-09-15 08:55:52.740] [SYNC] [INFO] [cid=-] STATE_PUSHED subject=- target=org.dt4n.core:switch-s3 detail=up cycle=1680
[2026-09-15 08:55:52.740] [SYNC] [INFO] [cid=-] STATE_DETECTED subject=- target=org.dt4n.core:link-h1-s1 detail=up cycle=1680
[2026-09-15 08:55:52.745] [SYNC] [INFO] [cid=-] STATE_PUSHED subject=- target=org.dt4n.core:link-h1-s1 detail=up cycle=1680
[2026-09-15 08:55:52.745] [SYNC] [INFO] [cid=-] STATE_DETECTED subject=- target=org.dt4n.core:link-h2-s1 detail=up cycle=1680
[2026-09-15 08:55:52.749] [SYNC] [INFO] [cid=-] STATE_PUSHED subject=- target=org.dt4n.core:link-h2-s1 detail=up cycle=1680
[2026-09-15 08:55:52.749] [SYNC] [INFO] [cid=-] STATE_DETECTED subject=- target=org.dt4n.core:link-h3-s1 detail=up cycle=1680
[2026-09-15 08:55:52.754] [SYNC] [INFO] [cid=-] STATE_PUSHED subject=- target=org.dt4n.core:link-h3-s1 detail=up cycle=1680
[2026-09-15 08:55:52.754] [SYNC] [INFO] [cid=-] STATE_DETECTED subject=- target=org.dt4n.core:link-s1-s2 detail=up cycle=1680
[2026-09-15 08:55:52.759] [SYNC] [INFO] [cid=-] STATE_PUSHED subject=- target=org.dt4n.core:link-s1-s2 detail=up cycle=1680
[2026-09-15 08:55:52.759] [SYNC] [INFO] [cid=-] STATE_DETECTED subject=- target=org.dt4n.core:link-s1-s3 detail=up cycle=1680
[2026-09-15 08:55:52.764] [SYNC] [INFO] [cid=-] STATE_PUSHED subject=- target=org.dt4n.core:link-s1-s3 detail=up cycle=1680
[2026-09-15 08:55:52.764] [SYNC] [INFO] [cid=-] STATE_DETECTED subject=- target=org.dt4n.core:link-s2-s3 detail=up cycle=1680
[2026-09-15 08:55:52.768] [SYNC] [INFO] [cid=-] STATE_PUSHED subject=- target=org.dt4n.core:link-s2-s3 detail=up cycle=1680
[2026-09-15 08:55:52.768] [SYNC] [INFO] [cid=-] STATE_DETECTED subject=- target=org.dt4n.core:link-s2-srv1 detail=up cycle=1680
[2026-09-15 08:55:52.773] [SYNC] [INFO] [cid=-] STATE_PUSHED subject=- target=org.dt4n.core:link-s2-srv1 detail=up cycle=1680
[2026-09-15 08:55:52.773] [SYNC] [INFO] [cid=-] STATE_DETECTED subject=- target=org.dt4n.core:link-s3-srv2 detail=up cycle=1680
[2026-09-15 08:55:52.778] [SYNC] [INFO] [cid=-] STATE_PUSHED subject=- target=org.dt4n.core:link-s3-srv2 detail=up cycle=1680
[2026-09-15 08:56:22.703] [SYNC] [INFO] [cid=-] STATE_DETECTED subject=- target=org.dt4n.core:host-h1 detail=up cycle=1710
[2026-09-15 08:56:22.710] [SYNC] [INFO] [cid=-] STATE_PUSHED subject=- target=org.dt4n.core:host-h1 detail=up cycle=1710
[2026-09-15 08:56:22.710] [SYNC] [INFO] [cid=-] STATE_DETECTED subject=- target=org.dt4n.core:host-h2 detail=up cycle=1710
[2026-09-15 08:56:22.715] [SYNC] [INFO] [cid=-] STATE_PUSHED subject=- target=org.dt4n.core:host-h2 detail=up cycle=1710
[2026-09-15 08:56:22.715] [SYNC] [INFO] [cid=-] STATE_DETECTED subject=- target=org.dt4n.core:host-h3 detail=up cycle=1710
[2026-09-15 08:56:22.721] [SYNC] [INFO] [cid=-] STATE_PUSHED subject=- target=org.dt4n.core:host-h3 detail=up cycle=1710
[2026-09-15 08:56:22.721] [SYNC] [INFO] [cid=-] STATE_DETECTED subject=- target=org.dt4n.core:host-srv1 detail=up cycle=1710
[2026-09-15 08:56:22.726] [SYNC] [INFO] [cid=-] STATE_PUSHED subject=- target=org.dt4n.core:host-srv1 detail=up cycle=1710
[2026-09-15 08:56:22.726] [SYNC] [INFO] [cid=-] STATE_DETECTED subject=- target=org.dt4n.core:host-srv2 detail=up cycle=1710
[2026-09-15 08:56:22.730] [SYNC] [INFO] [cid=-] STATE_PUSHED subject=- target=org.dt4n.core:host-srv2 detail=up cycle=1710
[2026-09-15 08:56:22.730] [SYNC] [INFO] [cid=-] STATE_DETECTED subject=- target=org.dt4n.core:switch-s1 detail=up cycle=1710
[2026-09-15 08:56:22.735] [SYNC] [INFO] [cid=-] STATE_PUSHED subject=- target=org.dt4n.core:switch-s1 detail=up cycle=1710
[2026-09-15 08:56:22.735] [SYNC] [INFO] [cid=-] STATE_DETECTED subject=- target=org.dt4n.core:switch-s2 detail=up cycle=1710
[2026-09-15 08:56:22.740] [SYNC] [INFO] [cid=-] STATE_PUSHED subject=- target=org.dt4n.core:switch-s2 detail=up cycle=1710
[2026-09-15 08:56:22.740] [SYNC] [INFO] [cid=-] STATE_DETECTED subject=- target=org.dt4n.core:switch-s3 detail=up cycle=1710
[2026-09-15 08:56:22.745] [SYNC] [INFO] [cid=-] STATE_PUSHED subject=- target=org.dt4n.core:switch-s3 detail=up cycle=1710
[2026-09-15 08:56:22.745] [SYNC] [INFO] [cid=-] STATE_DETECTED subject=- target=org.dt4n.core:link-h1-s1 detail=up cycle=1710
[2026-09-15 08:56:22.750] [SYNC] [INFO] [cid=-] STATE_PUSHED subject=- target=org.dt4n.core:link-h1-s1 detail=up cycle=1710
[2026-09-15 08:56:22.750] [SYNC] [INFO] [cid=-] STATE_DETECTED subject=- target=org.dt4n.core:link-h2-s1 detail=up cycle=1710
[2026-09-15 08:56:22.754] [SYNC] [INFO] [cid=-] STATE_PUSHED subject=- target=org.dt4n.core:link-h2-s1 detail=up cycle=1710
[2026-09-15 08:56:22.754] [SYNC] [INFO] [cid=-] STATE_DETECTED subject=- target=org.dt4n.core:link-h3-s1 detail=up cycle=1710
[2026-09-15 08:56:22.759] [SYNC] [INFO] [cid=-] STATE_PUSHED subject=- target=org.dt4n.core:link-h3-s1 detail=up cycle=1710
[2026-09-15 08:56:22.759] [SYNC] [INFO] [cid=-] STATE_DETECTED subject=- target=org.dt4n.core:link-s1-s2 detail=up cycle=1710
[2026-09-15 08:56:22.764] [SYNC] [INFO] [cid=-] STATE_PUSHED subject=- target=org.dt4n.core:link-s1-s2 detail=up cycle=1710
[2026-09-15 08:56:22.764] [SYNC] [INFO] [cid=-] STATE_DETECTED subject=- target=org.dt4n.core:link-s1-s3 detail=up cycle=1710
[2026-09-15 08:56:22.769] [SYNC] [INFO] [cid=-] STATE_PUSHED subject=- target=org.dt4n.core:link-s1-s3 detail=up cycle=1710
[2026-09-15 08:56:22.769] [SYNC] [INFO] [cid=-] STATE_DETECTED subject=- target=org.dt4n.core:link-s2-s3 detail=up cycle=1710
[2026-09-15 08:56:22.774] [SYNC] [INFO] [cid=-] STATE_PUSHED subject=- target=org.dt4n.core:link-s2-s3 detail=up cycle=1710
[2026-09-15 08:56:22.774] [SYNC] [INFO] [cid=-] STATE_DETECTED subject=- target=org.dt4n.core:link-s2-srv1 detail=up cycle=1710
[2026-09-15 08:56:22.780] [SYNC] [INFO] [cid=-] STATE_PUSHED subject=- target=org.dt4n.core:link-s2-srv1 detail=up cycle=1710
[2026-09-15 08:56:22.780] [SYNC] [INFO] [cid=-] STATE_DETECTED subject=- target=org.dt4n.core:link-s3-srv2 detail=up cycle=1710
[2026-09-15 08:56:22.785] [SYNC] [INFO] [cid=-] STATE_PUSHED subject=- target=org.dt4n.core:link-s3-srv2 detail=up cycle=1710
[2026-09-15 08:56:52.708] [SYNC] [INFO] [cid=-] STATE_DETECTED subject=- target=org.dt4n.core:host-h1 detail=up cycle=1740
[2026-09-15 08:56:52.715] [SYNC] [INFO] [cid=-] STATE_PUSHED subject=- target=org.dt4n.core:host-h1 detail=up cycle=1740
[2026-09-15 08:56:52.715] [SYNC] [INFO] [cid=-] STATE_DETECTED subject=- target=org.dt4n.core:host-h2 detail=up cycle=1740
[2026-09-15 08:56:52.721] [SYNC] [INFO] [cid=-] STATE_PUSHED subject=- target=org.dt4n.core:host-h2 detail=up cycle=1740
[2026-09-15 08:56:52.721] [SYNC] [INFO] [cid=-] STATE_DETECTED subject=- target=org.dt4n.core:host-h3 detail=up cycle=1740
[2026-09-15 08:56:52.726] [SYNC] [INFO] [cid=-] STATE_PUSHED subject=- target=org.dt4n.core:host-h3 detail=up cycle=1740
[2026-09-15 08:56:52.726] [SYNC] [INFO] [cid=-] STATE_DETECTED subject=- target=org.dt4n.core:host-srv1 detail=up cycle=1740
[2026-09-15 08:56:52.731] [SYNC] [INFO] [cid=-] STATE_PUSHED subject=- target=org.dt4n.core:host-srv1 detail=up cycle=1740
[2026-09-15 08:56:52.731] [SYNC] [INFO] [cid=-] STATE_DETECTED subject=- target=org.dt4n.core:host-srv2 detail=up cycle=1740
[2026-09-15 08:56:52.736] [SYNC] [INFO] [cid=-] STATE_PUSHED subject=- target=org.dt4n.core:host-srv2 detail=up cycle=1740
[2026-09-15 08:56:52.736] [SYNC] [INFO] [cid=-] STATE_DETECTED subject=- target=org.dt4n.core:switch-s1 detail=up cycle=1740
[2026-09-15 08:56:52.741] [SYNC] [INFO] [cid=-] STATE_PUSHED subject=- target=org.dt4n.core:switch-s1 detail=up cycle=1740
[2026-09-15 08:56:52.741] [SYNC] [INFO] [cid=-] STATE_DETECTED subject=- target=org.dt4n.core:switch-s2 detail=up cycle=1740
[2026-09-15 08:56:52.746] [SYNC] [INFO] [cid=-] STATE_PUSHED subject=- target=org.dt4n.core:switch-s2 detail=up cycle=1740
[2026-09-15 08:56:52.746] [SYNC] [INFO] [cid=-] STATE_DETECTED subject=- target=org.dt4n.core:switch-s3 detail=up cycle=1740
[2026-09-15 08:56:52.751] [SYNC] [INFO] [cid=-] STATE_PUSHED subject=- target=org.dt4n.core:switch-s3 detail=up cycle=1740
[2026-09-15 08:56:52.751] [SYNC] [INFO] [cid=-] STATE_DETECTED subject=- target=org.dt4n.core:link-h1-s1 detail=up cycle=1740
[2026-09-15 08:56:52.755] [SYNC] [INFO] [cid=-] STATE_PUSHED subject=- target=org.dt4n.core:link-h1-s1 detail=up cycle=1740
[2026-09-15 08:56:52.756] [SYNC] [INFO] [cid=-] STATE_DETECTED subject=- target=org.dt4n.core:link-h2-s1 detail=up cycle=1740
[2026-09-15 08:56:52.760] [SYNC] [INFO] [cid=-] STATE_PUSHED subject=- target=org.dt4n.core:link-h2-s1 detail=up cycle=1740
[2026-09-15 08:56:52.761] [SYNC] [INFO] [cid=-] STATE_DETECTED subject=- target=org.dt4n.core:link-h3-s1 detail=up cycle=1740
[2026-09-15 08:56:52.765] [SYNC] [INFO] [cid=-] STATE_PUSHED subject=- target=org.dt4n.core:link-h3-s1 detail=up cycle=1740
[2026-09-15 08:56:52.765] [SYNC] [INFO] [cid=-] STATE_DETECTED subject=- target=org.dt4n.core:link-s1-s2 detail=up cycle=1740
[2026-09-15 08:56:52.770] [SYNC] [INFO] [cid=-] STATE_PUSHED subject=- target=org.dt4n.core:link-s1-s2 detail=up cycle=1740
[2026-09-15 08:56:52.770] [SYNC] [INFO] [cid=-] STATE_DETECTED subject=- target=org.dt4n.core:link-s1-s3 detail=up cycle=1740
[2026-09-15 08:56:52.775] [SYNC] [INFO] [cid=-] STATE_PUSHED subject=- target=org.dt4n.core:link-s1-s3 detail=up cycle=1740
[2026-09-15 08:56:52.775] [SYNC] [INFO] [cid=-] STATE_DETECTED subject=- target=org.dt4n.core:link-s2-s3 detail=up cycle=1740
[2026-09-15 08:56:52.780] [SYNC] [INFO] [cid=-] STATE_PUSHED subject=- target=org.dt4n.core:link-s2-s3 detail=up cycle=1740
[2026-09-15 08:56:52.780] [SYNC] [INFO] [cid=-] STATE_DETECTED subject=- target=org.dt4n.core:link-s2-srv1 detail=up cycle=1740
[2026-09-15 08:56:52.785] [SYNC] [INFO] [cid=-] STATE_PUSHED subject=- target=org.dt4n.core:link-s2-srv1 detail=up cycle=1740
[2026-09-15 08:56:52.785] [SYNC] [INFO] [cid=-] STATE_DETECTED subject=- target=org.dt4n.core:link-s3-srv2 detail=up cycle=1740
[2026-09-15 08:56:52.789] [SYNC] [INFO] [cid=-] STATE_PUSHED subject=- target=org.dt4n.core:link-s3-srv2 detail=up cycle=1740
[2026-09-15 08:57:22.718] [SYNC] [INFO] [cid=-] STATE_DETECTED subject=- target=org.dt4n.core:host-h1 detail=up cycle=1770
[2026-09-15 08:57:22.725] [SYNC] [INFO] [cid=-] STATE_PUSHED subject=- target=org.dt4n.core:host-h1 detail=up cycle=1770
[2026-09-15 08:57:22.725] [SYNC] [INFO] [cid=-] STATE_DETECTED subject=- target=org.dt4n.core:host-h2 detail=up cycle=1770
[2026-09-15 08:57:22.731] [SYNC] [INFO] [cid=-] STATE_PUSHED subject=- target=org.dt4n.core:host-h2 detail=up cycle=1770
[2026-09-15 08:57:22.731] [SYNC] [INFO] [cid=-] STATE_DETECTED subject=- target=org.dt4n.core:host-h3 detail=up cycle=1770
[2026-09-15 08:57:22.736] [SYNC] [INFO] [cid=-] STATE_PUSHED subject=- target=org.dt4n.core:host-h3 detail=up cycle=1770
[2026-09-15 08:57:22.736] [SYNC] [INFO] [cid=-] STATE_DETECTED subject=- target=org.dt4n.core:host-srv1 detail=up cycle=1770
[2026-09-15 08:57:22.742] [SYNC] [INFO] [cid=-] STATE_PUSHED subject=- target=org.dt4n.core:host-srv1 detail=up cycle=1770
[2026-09-15 08:57:22.742] [SYNC] [INFO] [cid=-] STATE_DETECTED subject=- target=org.dt4n.core:host-srv2 detail=up cycle=1770
[2026-09-15 08:57:22.747] [SYNC] [INFO] [cid=-] STATE_PUSHED subject=- target=org.dt4n.core:host-srv2 detail=up cycle=1770
[2026-09-15 08:57:22.747] [SYNC] [INFO] [cid=-] STATE_DETECTED subject=- target=org.dt4n.core:switch-s1 detail=up cycle=1770
[2026-09-15 08:57:22.752] [SYNC] [INFO] [cid=-] STATE_PUSHED subject=- target=org.dt4n.core:switch-s1 detail=up cycle=1770
[2026-09-15 08:57:22.752] [SYNC] [INFO] [cid=-] STATE_DETECTED subject=- target=org.dt4n.core:switch-s2 detail=up cycle=1770
[2026-09-15 08:57:22.757] [SYNC] [INFO] [cid=-] STATE_PUSHED subject=- target=org.dt4n.core:switch-s2 detail=up cycle=1770
[2026-09-15 08:57:22.757] [SYNC] [INFO] [cid=-] STATE_DETECTED subject=- target=org.dt4n.core:switch-s3 detail=up cycle=1770
[2026-09-15 08:57:22.762] [SYNC] [INFO] [cid=-] STATE_PUSHED subject=- target=org.dt4n.core:switch-s3 detail=up cycle=1770
[2026-09-15 08:57:22.762] [SYNC] [INFO] [cid=-] STATE_DETECTED subject=- target=org.dt4n.core:link-h1-s1 detail=up cycle=1770
[2026-09-15 08:57:22.768] [SYNC] [INFO] [cid=-] STATE_PUSHED subject=- target=org.dt4n.core:link-h1-s1 detail=up cycle=1770
[2026-09-15 08:57:22.768] [SYNC] [INFO] [cid=-] STATE_DETECTED subject=- target=org.dt4n.core:link-h2-s1 detail=up cycle=1770
[2026-09-15 08:57:22.773] [SYNC] [INFO] [cid=-] STATE_PUSHED subject=- target=org.dt4n.core:link-h2-s1 detail=up cycle=1770
[2026-09-15 08:57:22.773] [SYNC] [INFO] [cid=-] STATE_DETECTED subject=- target=org.dt4n.core:link-h3-s1 detail=up cycle=1770
[2026-09-15 08:57:22.778] [SYNC] [INFO] [cid=-] STATE_PUSHED subject=- target=org.dt4n.core:link-h3-s1 detail=up cycle=1770
[2026-09-15 08:57:22.778] [SYNC] [INFO] [cid=-] STATE_DETECTED subject=- target=org.dt4n.core:link-s1-s2 detail=up cycle=1770
[2026-09-15 08:57:22.783] [SYNC] [INFO] [cid=-] STATE_PUSHED subject=- target=org.dt4n.core:link-s1-s2 detail=up cycle=1770
[2026-09-15 08:57:22.783] [SYNC] [INFO] [cid=-] STATE_DETECTED subject=- target=org.dt4n.core:link-s1-s3 detail=up cycle=1770
[2026-09-15 08:57:22.788] [SYNC] [INFO] [cid=-] STATE_PUSHED subject=- target=org.dt4n.core:link-s1-s3 detail=up cycle=1770
[2026-09-15 08:57:22.788] [SYNC] [INFO] [cid=-] STATE_DETECTED subject=- target=org.dt4n.core:link-s2-s3 detail=up cycle=1770
[2026-09-15 08:57:22.793] [SYNC] [INFO] [cid=-] STATE_PUSHED subject=- target=org.dt4n.core:link-s2-s3 detail=up cycle=1770
[2026-09-15 08:57:22.793] [SYNC] [INFO] [cid=-] STATE_DETECTED subject=- target=org.dt4n.core:link-s2-srv1 detail=up cycle=1770
[2026-09-15 08:57:22.798] [SYNC] [INFO] [cid=-] STATE_PUSHED subject=- target=org.dt4n.core:link-s2-srv1 detail=up cycle=1770
[2026-09-15 08:57:22.798] [SYNC] [INFO] [cid=-] STATE_DETECTED subject=- target=org.dt4n.core:link-s3-srv2 detail=up cycle=1770
[2026-09-15 08:57:22.803] [SYNC] [INFO] [cid=-] STATE_PUSHED subject=- target=org.dt4n.core:link-s3-srv2 detail=up cycle=1770
[2026-09-15 08:57:52.721] [SYNC] [INFO] [cid=-] STATE_DETECTED subject=- target=org.dt4n.core:host-h1 detail=up cycle=1800
[2026-09-15 08:57:52.728] [SYNC] [INFO] [cid=-] STATE_PUSHED subject=- target=org.dt4n.core:host-h1 detail=up cycle=1800
[2026-09-15 08:57:52.728] [SYNC] [INFO] [cid=-] STATE_DETECTED subject=- target=org.dt4n.core:host-h2 detail=up cycle=1800
[2026-09-15 08:57:52.734] [SYNC] [INFO] [cid=-] STATE_PUSHED subject=- target=org.dt4n.core:host-h2 detail=up cycle=1800
[2026-09-15 08:57:52.734] [SYNC] [INFO] [cid=-] STATE_DETECTED subject=- target=org.dt4n.core:host-h3 detail=up cycle=1800
[2026-09-15 08:57:52.739] [SYNC] [INFO] [cid=-] STATE_PUSHED subject=- target=org.dt4n.core:host-h3 detail=up cycle=1800
[2026-09-15 08:57:52.739] [SYNC] [INFO] [cid=-] STATE_DETECTED subject=- target=org.dt4n.core:host-srv1 detail=up cycle=1800
[2026-09-15 08:57:52.745] [SYNC] [INFO] [cid=-] STATE_PUSHED subject=- target=org.dt4n.core:host-srv1 detail=up cycle=1800
[2026-09-15 08:57:52.745] [SYNC] [INFO] [cid=-] STATE_DETECTED subject=- target=org.dt4n.core:host-srv2 detail=up cycle=1800
[2026-09-15 08:57:52.750] [SYNC] [INFO] [cid=-] STATE_PUSHED subject=- target=org.dt4n.core:host-srv2 detail=up cycle=1800
[2026-09-15 08:57:52.750] [SYNC] [INFO] [cid=-] STATE_DETECTED subject=- target=org.dt4n.core:switch-s1 detail=up cycle=1800
[2026-09-15 08:57:52.755] [SYNC] [INFO] [cid=-] STATE_PUSHED subject=- target=org.dt4n.core:switch-s1 detail=up cycle=1800
[2026-09-15 08:57:52.755] [SYNC] [INFO] [cid=-] STATE_DETECTED subject=- target=org.dt4n.core:switch-s2 detail=up cycle=1800
[2026-09-15 08:57:52.760] [SYNC] [INFO] [cid=-] STATE_PUSHED subject=- target=org.dt4n.core:switch-s2 detail=up cycle=1800
[2026-09-15 08:57:52.760] [SYNC] [INFO] [cid=-] STATE_DETECTED subject=- target=org.dt4n.core:switch-s3 detail=up cycle=1800
[2026-09-15 08:57:52.764] [SYNC] [INFO] [cid=-] STATE_PUSHED subject=- target=org.dt4n.core:switch-s3 detail=up cycle=1800
[2026-09-15 08:57:52.765] [SYNC] [INFO] [cid=-] STATE_DETECTED subject=- target=org.dt4n.core:link-h1-s1 detail=up cycle=1800
[2026-09-15 08:57:52.769] [SYNC] [INFO] [cid=-] STATE_PUSHED subject=- target=org.dt4n.core:link-h1-s1 detail=up cycle=1800
[2026-09-15 08:57:52.769] [SYNC] [INFO] [cid=-] STATE_DETECTED subject=- target=org.dt4n.core:link-h2-s1 detail=up cycle=1800
[2026-09-15 08:57:52.774] [SYNC] [INFO] [cid=-] STATE_PUSHED subject=- target=org.dt4n.core:link-h2-s1 detail=up cycle=1800
[2026-09-15 08:57:52.774] [SYNC] [INFO] [cid=-] STATE_DETECTED subject=- target=org.dt4n.core:link-h3-s1 detail=up cycle=1800
[2026-09-15 08:57:52.779] [SYNC] [INFO] [cid=-] STATE_PUSHED subject=- target=org.dt4n.core:link-h3-s1 detail=up cycle=1800
[2026-09-15 08:57:52.779] [SYNC] [INFO] [cid=-] STATE_DETECTED subject=- target=org.dt4n.core:link-s1-s2 detail=up cycle=1800
[2026-09-15 08:57:52.784] [SYNC] [INFO] [cid=-] STATE_PUSHED subject=- target=org.dt4n.core:link-s1-s2 detail=up cycle=1800
[2026-09-15 08:57:52.784] [SYNC] [INFO] [cid=-] STATE_DETECTED subject=- target=org.dt4n.core:link-s1-s3 detail=up cycle=1800
[2026-09-15 08:57:52.788] [SYNC] [INFO] [cid=-] STATE_PUSHED subject=- target=org.dt4n.core:link-s1-s3 detail=up cycle=1800
[2026-09-15 08:57:52.789] [SYNC] [INFO] [cid=-] STATE_DETECTED subject=- target=org.dt4n.core:link-s2-s3 detail=up cycle=1800
[2026-09-15 08:57:52.793] [SYNC] [INFO] [cid=-] STATE_PUSHED subject=- target=org.dt4n.core:link-s2-s3 detail=up cycle=1800
[2026-09-15 08:57:52.793] [SYNC] [INFO] [cid=-] STATE_DETECTED subject=- target=org.dt4n.core:link-s2-srv1 detail=up cycle=1800
[2026-09-15 08:57:52.798] [SYNC] [INFO] [cid=-] STATE_PUSHED subject=- target=org.dt4n.core:link-s2-srv1 detail=up cycle=1800
[2026-09-15 08:57:52.798] [SYNC] [INFO] [cid=-] STATE_DETECTED subject=- target=org.dt4n.core:link-s3-srv2 detail=up cycle=1800
[2026-09-15 08:57:52.803] [SYNC] [INFO] [cid=-] STATE_PUSHED subject=- target=org.dt4n.core:link-s3-srv2 detail=up cycle=1800
[2026-09-15 08:58:22.727] [SYNC] [INFO] [cid=-] STATE_DETECTED subject=- target=org.dt4n.core:host-h1 detail=up cycle=1830
[2026-09-15 08:58:22.734] [SYNC] [INFO] [cid=-] STATE_PUSHED subject=- target=org.dt4n.core:host-h1 detail=up cycle=1830
[2026-09-15 08:58:22.734] [SYNC] [INFO] [cid=-] STATE_DETECTED subject=- target=org.dt4n.core:host-h2 detail=up cycle=1830
[2026-09-15 08:58:22.740] [SYNC] [INFO] [cid=-] STATE_PUSHED subject=- target=org.dt4n.core:host-h2 detail=up cycle=1830
[2026-09-15 08:58:22.740] [SYNC] [INFO] [cid=-] STATE_DETECTED subject=- target=org.dt4n.core:host-h3 detail=up cycle=1830
[2026-09-15 08:58:22.746] [SYNC] [INFO] [cid=-] STATE_PUSHED subject=- target=org.dt4n.core:host-h3 detail=up cycle=1830
[2026-09-15 08:58:22.746] [SYNC] [INFO] [cid=-] STATE_DETECTED subject=- target=org.dt4n.core:host-srv1 detail=up cycle=1830
[2026-09-15 08:58:22.751] [SYNC] [INFO] [cid=-] STATE_PUSHED subject=- target=org.dt4n.core:host-srv1 detail=up cycle=1830
[2026-09-15 08:58:22.751] [SYNC] [INFO] [cid=-] STATE_DETECTED subject=- target=org.dt4n.core:host-srv2 detail=up cycle=1830
[2026-09-15 08:58:22.756] [SYNC] [INFO] [cid=-] STATE_PUSHED subject=- target=org.dt4n.core:host-srv2 detail=up cycle=1830
[2026-09-15 08:58:22.756] [SYNC] [INFO] [cid=-] STATE_DETECTED subject=- target=org.dt4n.core:switch-s1 detail=up cycle=1830
[2026-09-15 08:58:22.760] [SYNC] [INFO] [cid=-] STATE_PUSHED subject=- target=org.dt4n.core:switch-s1 detail=up cycle=1830
[2026-09-15 08:58:22.761] [SYNC] [INFO] [cid=-] STATE_DETECTED subject=- target=org.dt4n.core:switch-s2 detail=up cycle=1830
[2026-09-15 08:58:22.765] [SYNC] [INFO] [cid=-] STATE_PUSHED subject=- target=org.dt4n.core:switch-s2 detail=up cycle=1830
[2026-09-15 08:58:22.766] [SYNC] [INFO] [cid=-] STATE_DETECTED subject=- target=org.dt4n.core:switch-s3 detail=up cycle=1830
[2026-09-15 08:58:22.770] [SYNC] [INFO] [cid=-] STATE_PUSHED subject=- target=org.dt4n.core:switch-s3 detail=up cycle=1830
[2026-09-15 08:58:22.770] [SYNC] [INFO] [cid=-] STATE_DETECTED subject=- target=org.dt4n.core:link-h1-s1 detail=up cycle=1830
[2026-09-15 08:58:22.775] [SYNC] [INFO] [cid=-] STATE_PUSHED subject=- target=org.dt4n.core:link-h1-s1 detail=up cycle=1830
[2026-09-15 08:58:22.775] [SYNC] [INFO] [cid=-] STATE_DETECTED subject=- target=org.dt4n.core:link-h2-s1 detail=up cycle=1830
[2026-09-15 08:58:22.780] [SYNC] [INFO] [cid=-] STATE_PUSHED subject=- target=org.dt4n.core:link-h2-s1 detail=up cycle=1830
[2026-09-15 08:58:22.781] [SYNC] [INFO] [cid=-] STATE_DETECTED subject=- target=org.dt4n.core:link-h3-s1 detail=up cycle=1830
[2026-09-15 08:58:22.786] [SYNC] [INFO] [cid=-] STATE_PUSHED subject=- target=org.dt4n.core:link-h3-s1 detail=up cycle=1830
[2026-09-15 08:58:22.786] [SYNC] [INFO] [cid=-] STATE_DETECTED subject=- target=org.dt4n.core:link-s1-s2 detail=up cycle=1830
[2026-09-15 08:58:22.791] [SYNC] [INFO] [cid=-] STATE_PUSHED subject=- target=org.dt4n.core:link-s1-s2 detail=up cycle=1830
[2026-09-15 08:58:22.791] [SYNC] [INFO] [cid=-] STATE_DETECTED subject=- target=org.dt4n.core:link-s1-s3 detail=up cycle=1830
[2026-09-15 08:58:22.796] [SYNC] [INFO] [cid=-] STATE_PUSHED subject=- target=org.dt4n.core:link-s1-s3 detail=up cycle=1830
[2026-09-15 08:58:22.796] [SYNC] [INFO] [cid=-] STATE_DETECTED subject=- target=org.dt4n.core:link-s2-s3 detail=up cycle=1830
[2026-09-15 08:58:22.801] [SYNC] [INFO] [cid=-] STATE_PUSHED subject=- target=org.dt4n.core:link-s2-s3 detail=up cycle=1830
[2026-09-15 08:58:22.801] [SYNC] [INFO] [cid=-] STATE_DETECTED subject=- target=org.dt4n.core:link-s2-srv1 detail=up cycle=1830
[2026-09-15 08:58:22.806] [SYNC] [INFO] [cid=-] STATE_PUSHED subject=- target=org.dt4n.core:link-s2-srv1 detail=up cycle=1830
[2026-09-15 08:58:22.806] [SYNC] [INFO] [cid=-] STATE_DETECTED subject=- target=org.dt4n.core:link-s3-srv2 detail=up cycle=1830
[2026-09-15 08:58:22.811] [SYNC] [INFO] [cid=-] STATE_PUSHED subject=- target=org.dt4n.core:link-s3-srv2 detail=up cycle=1830
[2026-09-15 08:58:52.734] [SYNC] [INFO] [cid=-] STATE_DETECTED subject=- target=org.dt4n.core:host-h1 detail=up cycle=1860
[2026-09-15 08:58:52.741] [SYNC] [INFO] [cid=-] STATE_PUSHED subject=- target=org.dt4n.core:host-h1 detail=up cycle=1860
[2026-09-15 08:58:52.741] [SYNC] [INFO] [cid=-] STATE_DETECTED subject=- target=org.dt4n.core:host-h2 detail=up cycle=1860
[2026-09-15 08:58:52.746] [SYNC] [INFO] [cid=-] STATE_PUSHED subject=- target=org.dt4n.core:host-h2 detail=up cycle=1860
[2026-09-15 08:58:52.747] [SYNC] [INFO] [cid=-] STATE_DETECTED subject=- target=org.dt4n.core:host-h3 detail=up cycle=1860
[2026-09-15 08:58:52.751] [SYNC] [INFO] [cid=-] STATE_PUSHED subject=- target=org.dt4n.core:host-h3 detail=up cycle=1860
[2026-09-15 08:58:52.752] [SYNC] [INFO] [cid=-] STATE_DETECTED subject=- target=org.dt4n.core:host-srv1 detail=up cycle=1860
[2026-09-15 08:58:52.756] [SYNC] [INFO] [cid=-] STATE_PUSHED subject=- target=org.dt4n.core:host-srv1 detail=up cycle=1860
[2026-09-15 08:58:52.756] [SYNC] [INFO] [cid=-] STATE_DETECTED subject=- target=org.dt4n.core:host-srv2 detail=up cycle=1860
[2026-09-15 08:58:52.761] [SYNC] [INFO] [cid=-] STATE_PUSHED subject=- target=org.dt4n.core:host-srv2 detail=up cycle=1860
[2026-09-15 08:58:52.761] [SYNC] [INFO] [cid=-] STATE_DETECTED subject=- target=org.dt4n.core:switch-s1 detail=up cycle=1860
[2026-09-15 08:58:52.766] [SYNC] [INFO] [cid=-] STATE_PUSHED subject=- target=org.dt4n.core:switch-s1 detail=up cycle=1860
[2026-09-15 08:58:52.766] [SYNC] [INFO] [cid=-] STATE_DETECTED subject=- target=org.dt4n.core:switch-s2 detail=up cycle=1860
[2026-09-15 08:58:52.771] [SYNC] [INFO] [cid=-] STATE_PUSHED subject=- target=org.dt4n.core:switch-s2 detail=up cycle=1860
[2026-09-15 08:58:52.771] [SYNC] [INFO] [cid=-] STATE_DETECTED subject=- target=org.dt4n.core:switch-s3 detail=up cycle=1860
[2026-09-15 08:58:52.776] [SYNC] [INFO] [cid=-] STATE_PUSHED subject=- target=org.dt4n.core:switch-s3 detail=up cycle=1860
[2026-09-15 08:58:52.776] [SYNC] [INFO] [cid=-] STATE_DETECTED subject=- target=org.dt4n.core:link-h1-s1 detail=up cycle=1860
[2026-09-15 08:58:52.781] [SYNC] [INFO] [cid=-] STATE_PUSHED subject=- target=org.dt4n.core:link-h1-s1 detail=up cycle=1860
[2026-09-15 08:58:52.781] [SYNC] [INFO] [cid=-] STATE_DETECTED subject=- target=org.dt4n.core:link-h2-s1 detail=up cycle=1860
[2026-09-15 08:58:52.786] [SYNC] [INFO] [cid=-] STATE_PUSHED subject=- target=org.dt4n.core:link-h2-s1 detail=up cycle=1860
[2026-09-15 08:58:52.786] [SYNC] [INFO] [cid=-] STATE_DETECTED subject=- target=org.dt4n.core:link-h3-s1 detail=up cycle=1860
[2026-09-15 08:58:52.790] [SYNC] [INFO] [cid=-] STATE_PUSHED subject=- target=org.dt4n.core:link-h3-s1 detail=up cycle=1860
[2026-09-15 08:58:52.791] [SYNC] [INFO] [cid=-] STATE_DETECTED subject=- target=org.dt4n.core:link-s1-s2 detail=up cycle=1860
[2026-09-15 08:58:52.796] [SYNC] [INFO] [cid=-] STATE_PUSHED subject=- target=org.dt4n.core:link-s1-s2 detail=up cycle=1860
[2026-09-15 08:58:52.796] [SYNC] [INFO] [cid=-] STATE_DETECTED subject=- target=org.dt4n.core:link-s1-s3 detail=up cycle=1860
[2026-09-15 08:58:52.800] [SYNC] [INFO] [cid=-] STATE_PUSHED subject=- target=org.dt4n.core:link-s1-s3 detail=up cycle=1860
[2026-09-15 08:58:52.801] [SYNC] [INFO] [cid=-] STATE_DETECTED subject=- target=org.dt4n.core:link-s2-s3 detail=up cycle=1860
[2026-09-15 08:58:52.805] [SYNC] [INFO] [cid=-] STATE_PUSHED subject=- target=org.dt4n.core:link-s2-s3 detail=up cycle=1860
[2026-09-15 08:58:52.805] [SYNC] [INFO] [cid=-] STATE_DETECTED subject=- target=org.dt4n.core:link-s2-srv1 detail=up cycle=1860
[2026-09-15 08:58:52.810] [SYNC] [INFO] [cid=-] STATE_PUSHED subject=- target=org.dt4n.core:link-s2-srv1 detail=up cycle=1860
[2026-09-15 08:58:52.810] [SYNC] [INFO] [cid=-] STATE_DETECTED subject=- target=org.dt4n.core:link-s3-srv2 detail=up cycle=1860
[2026-09-15 08:58:52.815] [SYNC] [INFO] [cid=-] STATE_PUSHED subject=- target=org.dt4n.core:link-s3-srv2 detail=up cycle=1860
[2026-09-15 08:59:22.740] [SYNC] [INFO] [cid=-] STATE_DETECTED subject=- target=org.dt4n.core:host-h1 detail=up cycle=1890
[2026-09-15 08:59:22.746] [SYNC] [INFO] [cid=-] STATE_PUSHED subject=- target=org.dt4n.core:host-h1 detail=up cycle=1890
[2026-09-15 08:59:22.747] [SYNC] [INFO] [cid=-] STATE_DETECTED subject=- target=org.dt4n.core:host-h2 detail=up cycle=1890
[2026-09-15 08:59:22.752] [SYNC] [INFO] [cid=-] STATE_PUSHED subject=- target=org.dt4n.core:host-h2 detail=up cycle=1890
[2026-09-15 08:59:22.752] [SYNC] [INFO] [cid=-] STATE_DETECTED subject=- target=org.dt4n.core:host-h3 detail=up cycle=1890
[2026-09-15 08:59:22.757] [SYNC] [INFO] [cid=-] STATE_PUSHED subject=- target=org.dt4n.core:host-h3 detail=up cycle=1890
[2026-09-15 08:59:22.757] [SYNC] [INFO] [cid=-] STATE_DETECTED subject=- target=org.dt4n.core:host-srv1 detail=up cycle=1890
[2026-09-15 08:59:22.762] [SYNC] [INFO] [cid=-] STATE_PUSHED subject=- target=org.dt4n.core:host-srv1 detail=up cycle=1890
[2026-09-15 08:59:22.762] [SYNC] [INFO] [cid=-] STATE_DETECTED subject=- target=org.dt4n.core:host-srv2 detail=up cycle=1890
[2026-09-15 08:59:22.768] [SYNC] [INFO] [cid=-] STATE_PUSHED subject=- target=org.dt4n.core:host-srv2 detail=up cycle=1890
[2026-09-15 08:59:22.768] [SYNC] [INFO] [cid=-] STATE_DETECTED subject=- target=org.dt4n.core:switch-s1 detail=up cycle=1890
[2026-09-15 08:59:22.772] [SYNC] [INFO] [cid=-] STATE_PUSHED subject=- target=org.dt4n.core:switch-s1 detail=up cycle=1890
[2026-09-15 08:59:22.773] [SYNC] [INFO] [cid=-] STATE_DETECTED subject=- target=org.dt4n.core:switch-s2 detail=up cycle=1890
[2026-09-15 08:59:22.778] [SYNC] [INFO] [cid=-] STATE_PUSHED subject=- target=org.dt4n.core:switch-s2 detail=up cycle=1890
[2026-09-15 08:59:22.778] [SYNC] [INFO] [cid=-] STATE_DETECTED subject=- target=org.dt4n.core:switch-s3 detail=up cycle=1890
[2026-09-15 08:59:22.783] [SYNC] [INFO] [cid=-] STATE_PUSHED subject=- target=org.dt4n.core:switch-s3 detail=up cycle=1890
[2026-09-15 08:59:22.783] [SYNC] [INFO] [cid=-] STATE_DETECTED subject=- target=org.dt4n.core:link-h1-s1 detail=up cycle=1890
[2026-09-15 08:59:22.788] [SYNC] [INFO] [cid=-] STATE_PUSHED subject=- target=org.dt4n.core:link-h1-s1 detail=up cycle=1890
[2026-09-15 08:59:22.789] [SYNC] [INFO] [cid=-] STATE_DETECTED subject=- target=org.dt4n.core:link-h2-s1 detail=up cycle=1890
[2026-09-15 08:59:22.793] [SYNC] [INFO] [cid=-] STATE_PUSHED subject=- target=org.dt4n.core:link-h2-s1 detail=up cycle=1890
[2026-09-15 08:59:22.793] [SYNC] [INFO] [cid=-] STATE_DETECTED subject=- target=org.dt4n.core:link-h3-s1 detail=up cycle=1890
[2026-09-15 08:59:22.798] [SYNC] [INFO] [cid=-] STATE_PUSHED subject=- target=org.dt4n.core:link-h3-s1 detail=up cycle=1890
[2026-09-15 08:59:22.798] [SYNC] [INFO] [cid=-] STATE_DETECTED subject=- target=org.dt4n.core:link-s1-s2 detail=up cycle=1890
[2026-09-15 08:59:22.803] [SYNC] [INFO] [cid=-] STATE_PUSHED subject=- target=org.dt4n.core:link-s1-s2 detail=up cycle=1890
[2026-09-15 08:59:22.803] [SYNC] [INFO] [cid=-] STATE_DETECTED subject=- target=org.dt4n.core:link-s1-s3 detail=up cycle=1890
[2026-09-15 08:59:22.807] [SYNC] [INFO] [cid=-] STATE_PUSHED subject=- target=org.dt4n.core:link-s1-s3 detail=up cycle=1890
[2026-09-15 08:59:22.808] [SYNC] [INFO] [cid=-] STATE_DETECTED subject=- target=org.dt4n.core:link-s2-s3 detail=up cycle=1890
[2026-09-15 08:59:22.812] [SYNC] [INFO] [cid=-] STATE_PUSHED subject=- target=org.dt4n.core:link-s2-s3 detail=up cycle=1890
[2026-09-15 08:59:22.812] [SYNC] [INFO] [cid=-] STATE_DETECTED subject=- target=org.dt4n.core:link-s2-srv1 detail=up cycle=1890
[2026-09-15 08:59:22.817] [SYNC] [INFO] [cid=-] STATE_PUSHED subject=- target=org.dt4n.core:link-s2-srv1 detail=up cycle=1890
[2026-09-15 08:59:22.817] [SYNC] [INFO] [cid=-] STATE_DETECTED subject=- target=org.dt4n.core:link-s3-srv2 detail=up cycle=1890
[2026-09-15 08:59:22.822] [SYNC] [INFO] [cid=-] STATE_PUSHED subject=- target=org.dt4n.core:link-s3-srv2 detail=up cycle=1890
[2026-09-15 08:59:40.313] [UI] TOPOLOGY_LOAD_START
[2026-09-15 08:59:40.313] [UI] event=state.resync.start level=info data={"tsServer":"2026-09-15T08:59:40.312Z","source":"dashboard","tsClient":"2026-09-15T08:59:40.310Z","seq":2,"event":"state.resync.start","level":"info","path":"/","reason":"initial-load"}
[2026-09-15 08:59:40.336] [UI] RESYNC_DONE reason=initial-load things=18 nodes=8 edges=8 durationMs=25
[2026-09-15 08:59:40.374] [UI] TOPOLOGY_LOAD_DONE
[2026-09-15 08:59:41.407] [UI] event=state.resync.start level=info data={"tsServer":"2026-09-15T08:59:41.406Z","source":"dashboard","tsClient":"2026-09-15T08:59:41.405Z","seq":6,"event":"state.resync.start","level":"info","path":"/","reason":"sse-open"}
[2026-09-15 08:59:41.407] [UI] SSE_OPEN
[2026-09-15 08:59:41.426] [UI] RESYNC_DONE reason=sse-open things=18 nodes=8 edges=8 durationMs=20
[2026-09-15 08:59:43.435] [UI] SSE_ERROR
