[gen] namespace=org.dt4n.ml selected=25 pending=25
=== BOOTSTRAP (mode=create) ===
[1] Policy:
  ✅ policy org.dt4n.ml:default-policy (204)
[3] Things:
  ⏭️  org.dt4n.ml:host-h1 đã tồn tại, bỏ qua
  ⏭️  org.dt4n.ml:host-h2 đã tồn tại, bỏ qua
  ⏭️  org.dt4n.ml:host-h3 đã tồn tại, bỏ qua
  ⏭️  org.dt4n.ml:host-srv1 đã tồn tại, bỏ qua
  ⏭️  org.dt4n.ml:host-srv2 đã tồn tại, bỏ qua
  ⏭️  org.dt4n.ml:switch-s1 đã tồn tại, bỏ qua
  ⏭️  org.dt4n.ml:switch-s2 đã tồn tại, bỏ qua
  ⏭️  org.dt4n.ml:switch-s3 đã tồn tại, bỏ qua
  ⏭️  org.dt4n.ml:link-h1-s1 đã tồn tại, bỏ qua
  ⏭️  org.dt4n.ml:link-h2-s1 đã tồn tại, bỏ qua
  ⏭️  org.dt4n.ml:link-h3-s1 đã tồn tại, bỏ qua
  ⏭️  org.dt4n.ml:link-s1-s2 đã tồn tại, bỏ qua
  ⏭️  org.dt4n.ml:link-s1-s3 đã tồn tại, bỏ qua
  ⏭️  org.dt4n.ml:link-s2-s3 đã tồn tại, bỏ qua
  ⏭️  org.dt4n.ml:link-s2-srv1 đã tồn tại, bỏ qua
  ⏭️  org.dt4n.ml:link-s3-srv2 đã tồn tại, bỏ qua
  ⏭️  org.dt4n.ml:path-h1-srv1 đã tồn tại, bỏ qua
  ⏭️  org.dt4n.ml:controller đã tồn tại, bỏ qua
=== XONG: 0 tạo, 18 bỏ qua, tổng 18 Thing ===

========================================================================
[2026-09-17T11:32:10Z] RUN RD-degrade-s1-s2-rho200-s4101-r1 exec_index=0 split=r_set
[traffic] đã dừng các iperf server
[traffic] đã dừng các iperf server
[traffic] iperf server (TCP) bật nền trên srv1
[traffic] iperf server (TCP) bật nền trên srv2
[traffic] nền srv1->srv2 UDP @2Mbps qua bottleneck s2-s3
[traffic] NORMAL: h1 -> srv1 TCP @2M per client
[traffic] NORMAL: h2 -> srv2 TCP @2M per client
[traffic] NORMAL: h3 -> srv1 TCP @2M per client
[traffic] đã dừng các iperf server
[traffic] iperf server (TCP) bật nền trên srv1
[traffic] iperf server (TCP) bật nền trên srv2
[traffic] nền srv1->srv2 UDP @2Mbps qua bottleneck s2-s3
[traffic] NORMAL: h1 -> srv1 TCP @2M per client
[traffic] NORMAL: h2 -> srv2 TCP @2M per client
[traffic] NORMAL: h3 -> srv1 TCP @2M per client
[gen] profile=fixed, pre-roll 5s
[collector] bắt đầu, interval=1.0s
[collector] JSONL log  -> /home/ubuntu/dt4n-core/data/phase6r/raw/RD-degrade-s1-s2-rho200-s4101-r1.jsonl.partial (overwrite)
[collector] snapshot #001 2026-09-17T11:32:27Z
[collector] snapshot #002 2026-09-17T11:32:28Z
[collector] snapshot #003 2026-09-17T11:32:29Z
[collector] snapshot #004 2026-09-17T11:32:30Z
[collector] snapshot #005 2026-09-17T11:32:31Z
[collector] snapshot #006 2026-09-17T11:32:32Z
[collector] snapshot #007 2026-09-17T11:32:33Z
[collector] snapshot #008 2026-09-17T11:32:34Z
[collector] snapshot #009 2026-09-17T11:32:35Z
[collector] snapshot #010 2026-09-17T11:32:36Z
[collector] snapshot #011 2026-09-17T11:32:37Z
[collector] snapshot #012 2026-09-17T11:32:38Z
[collector] snapshot #013 2026-09-17T11:32:39Z
[collector] snapshot #014 2026-09-17T11:32:40Z
[collector] snapshot #015 2026-09-17T11:32:41Z
[collector] snapshot #016 2026-09-17T11:32:42Z
[collector] snapshot #017 2026-09-17T11:32:43Z
[collector] snapshot #018 2026-09-17T11:32:44Z
[collector] snapshot #019 2026-09-17T11:32:45Z
[collector] snapshot #020 2026-09-17T11:32:46Z
[collector] snapshot #021 2026-09-17T11:32:47Z
[gen] INJECT tick=20 t_rel=20.084 {'type': 'LinkDegrade', 'link_key': 's1-s2', 'factor': 0.8925, 'delay': '2ms', 'baseline': 20.0}
[collector] snapshot #022 2026-09-17T11:32:48Z
[collector] snapshot #023 2026-09-17T11:32:49Z
[collector] snapshot #024 2026-09-17T11:32:50Z
[collector] snapshot #025 2026-09-17T11:32:51Z
[collector] snapshot #026 2026-09-17T11:32:52Z
[collector] snapshot #027 2026-09-17T11:32:53Z
[collector] snapshot #028 2026-09-17T11:32:54Z
[collector] snapshot #029 2026-09-17T11:32:55Z
[collector] snapshot #030 2026-09-17T11:32:56Z
[collector] snapshot #031 2026-09-17T11:32:57Z
[collector] snapshot #032 2026-09-17T11:32:58Z
[collector] snapshot #033 2026-09-17T11:32:59Z
[collector] snapshot #034 2026-09-17T11:33:00Z
[collector] snapshot #035 2026-09-17T11:33:01Z
[collector] snapshot #036 2026-09-17T11:33:02Z
[collector] snapshot #037 2026-09-17T11:33:03Z
[collector] snapshot #038 2026-09-17T11:33:04Z
[collector] snapshot #039 2026-09-17T11:33:05Z
[collector] snapshot #040 2026-09-17T11:33:06Z
[collector] snapshot #041 2026-09-17T11:33:07Z
[gen] REVERT tick=40 t_rel=40.098
[collector] snapshot #042 2026-09-17T11:33:08Z
[collector] snapshot #043 2026-09-17T11:33:09Z
[collector] snapshot #044 2026-09-17T11:33:10Z
[collector] snapshot #045 2026-09-17T11:33:11Z
[collector] snapshot #046 2026-09-17T11:33:12Z
[collector] snapshot #047 2026-09-17T11:33:13Z
[collector] snapshot #048 2026-09-17T11:33:14Z
[collector] snapshot #049 2026-09-17T11:33:15Z
[collector] snapshot #050 2026-09-17T11:33:16Z
[collector] snapshot #051 2026-09-17T11:33:17Z
[collector] snapshot #052 2026-09-17T11:33:18Z
[collector] snapshot #053 2026-09-17T11:33:19Z
[collector] snapshot #054 2026-09-17T11:33:20Z
[collector] snapshot #055 2026-09-17T11:33:21Z
[collector] snapshot #056 2026-09-17T11:33:22Z
[collector] snapshot #057 2026-09-17T11:33:23Z
[collector] snapshot #058 2026-09-17T11:33:24Z
[collector] snapshot #059 2026-09-17T11:33:25Z
[collector] snapshot #060 2026-09-17T11:33:26Z
[collector] kết thúc. Đã ghi 60 snapshot -> /home/ubuntu/dt4n-core/data/phase6r/raw/RD-degrade-s1-s2-rho200-s4101-r1.jsonl.partial
[traffic] đã dừng các iperf server
[gen] OK     RD-degrade-s1-s2-rho200-s4101-r1  snapshots=60  sep=27.482  sha=be8a838e6d46

========================================================================
[2026-09-17T11:33:27Z] RUN RN-load6M-s4012-r2             exec_index=1 split=r_set
[traffic] đã dừng các iperf server
[traffic] đã dừng các iperf server
[traffic] iperf server (TCP) bật nền trên srv1
[traffic] iperf server (TCP) bật nền trên srv2
[traffic] nền srv1->srv2 UDP @2Mbps qua bottleneck s2-s3
[traffic] NORMAL: h1 -> srv1 TCP @2M per client
[traffic] NORMAL: h2 -> srv2 TCP @2M per client
[traffic] NORMAL: h3 -> srv1 TCP @2M per client
[traffic] đã dừng các iperf server
[traffic] iperf server (TCP) bật nền trên srv1
[traffic] iperf server (TCP) bật nền trên srv2
[traffic] nền srv1->srv2 UDP @2Mbps qua bottleneck s2-s3
[traffic] NORMAL: h1 -> srv1 TCP @6M per client
[traffic] NORMAL: h2 -> srv2 TCP @6M per client
[traffic] NORMAL: h3 -> srv1 TCP @6M per client
[gen] profile=fixed, pre-roll 5s
[collector] bắt đầu, interval=1.0s
[collector] JSONL log  -> /home/ubuntu/dt4n-core/data/phase6r/raw/RN-load6M-s4012-r2.jsonl.partial (overwrite)
[collector] snapshot #001 2026-09-17T11:33:45Z
[collector] snapshot #002 2026-09-17T11:33:46Z
[collector] snapshot #003 2026-09-17T11:33:47Z
[collector] snapshot #004 2026-09-17T11:33:48Z
[collector] snapshot #005 2026-09-17T11:33:49Z
[collector] snapshot #006 2026-09-17T11:33:50Z
[collector] snapshot #007 2026-09-17T11:33:51Z
[collector] snapshot #008 2026-09-17T11:33:52Z
[collector] snapshot #009 2026-09-17T11:33:53Z
[collector] snapshot #010 2026-09-17T11:33:54Z
[collector] snapshot #011 2026-09-17T11:33:55Z
[collector] snapshot #012 2026-09-17T11:33:56Z
[collector] snapshot #013 2026-09-17T11:33:57Z
[collector] snapshot #014 2026-09-17T11:33:58Z
[collector] snapshot #015 2026-09-17T11:33:59Z
[collector] snapshot #016 2026-09-17T11:34:00Z
[collector] snapshot #017 2026-09-17T11:34:01Z
[collector] snapshot #018 2026-09-17T11:34:02Z
[collector] snapshot #019 2026-09-17T11:34:03Z
[collector] snapshot #020 2026-09-17T11:34:04Z
[collector] snapshot #021 2026-09-17T11:34:05Z
[collector] snapshot #022 2026-09-17T11:34:06Z
[collector] snapshot #023 2026-09-17T11:34:07Z
[collector] snapshot #024 2026-09-17T11:34:08Z
[collector] snapshot #025 2026-09-17T11:34:09Z
[collector] snapshot #026 2026-09-17T11:34:10Z
[collector] snapshot #027 2026-09-17T11:34:11Z
[collector] snapshot #028 2026-09-17T11:34:12Z
[collector] snapshot #029 2026-09-17T11:34:13Z
[collector] snapshot #030 2026-09-17T11:34:14Z
[collector] snapshot #031 2026-09-17T11:34:15Z
[collector] snapshot #032 2026-09-17T11:34:16Z
[collector] snapshot #033 2026-09-17T11:34:17Z
[collector] snapshot #034 2026-09-17T11:34:18Z
[collector] snapshot #035 2026-09-17T11:34:19Z
[collector] snapshot #036 2026-09-17T11:34:20Z
[collector] snapshot #037 2026-09-17T11:34:21Z
[collector] snapshot #038 2026-09-17T11:34:22Z
[collector] snapshot #039 2026-09-17T11:34:23Z
[collector] snapshot #040 2026-09-17T11:34:24Z
[collector] snapshot #041 2026-09-17T11:34:25Z
[collector] snapshot #042 2026-09-17T11:34:26Z
[collector] snapshot #043 2026-09-17T11:34:27Z
[collector] snapshot #044 2026-09-17T11:34:28Z
[collector] snapshot #045 2026-09-17T11:34:29Z
[collector] snapshot #046 2026-09-17T11:34:30Z
[collector] snapshot #047 2026-09-17T11:34:31Z
[collector] snapshot #048 2026-09-17T11:34:32Z
[collector] snapshot #049 2026-09-17T11:34:33Z
[collector] snapshot #050 2026-09-17T11:34:34Z
[collector] snapshot #051 2026-09-17T11:34:35Z
[collector] snapshot #052 2026-09-17T11:34:36Z
[collector] snapshot #053 2026-09-17T11:34:37Z
[collector] snapshot #054 2026-09-17T11:34:38Z
[collector] snapshot #055 2026-09-17T11:34:39Z
[collector] snapshot #056 2026-09-17T11:34:40Z
[collector] snapshot #057 2026-09-17T11:34:41Z
[collector] snapshot #058 2026-09-17T11:34:42Z
[collector] snapshot #059 2026-09-17T11:34:43Z
[collector] snapshot #060 2026-09-17T11:34:44Z
[collector] kết thúc. Đã ghi 60 snapshot -> /home/ubuntu/dt4n-core/data/phase6r/raw/RN-load6M-s4012-r2.jsonl.partial
[traffic] đã dừng các iperf server
[gen] OK     RN-load6M-s4012-r2  snapshots=60  sep=-  sha=78b640333b8b

========================================================================
[2026-09-17T11:34:45Z] RUN RC-flood-h1_to_srv1-s4201-r1   exec_index=2 split=r_set
[traffic] đã dừng các iperf server
[traffic] đã dừng các iperf server
[traffic] iperf server (TCP) bật nền trên srv1
[traffic] iperf server (TCP) bật nền trên srv2
[traffic] nền srv1->srv2 UDP @2Mbps qua bottleneck s2-s3
[traffic] NORMAL: h1 -> srv1 TCP @2M per client
[traffic] NORMAL: h2 -> srv2 TCP @2M per client
[traffic] NORMAL: h3 -> srv1 TCP @2M per client
[traffic] đã dừng các iperf server
[traffic] iperf server (TCP) bật nền trên srv1
[traffic] iperf server (TCP) bật nền trên srv2
[traffic] nền srv1->srv2 UDP @2Mbps qua bottleneck s2-s3
[traffic] NORMAL: h1 -> srv1 TCP @2M per client
[traffic] NORMAL: h2 -> srv2 TCP @2M per client
[traffic] NORMAL: h3 -> srv1 TCP @2M per client
[gen] profile=fixed, pre-roll 5s
[collector] bắt đầu, interval=1.0s
[collector] JSONL log  -> /home/ubuntu/dt4n-core/data/phase6r/raw/RC-flood-h1_to_srv1-s4201-r1.jsonl.partial (overwrite)
[collector] snapshot #001 2026-09-17T11:35:02Z
[collector] snapshot #002 2026-09-17T11:35:03Z
[collector] snapshot #003 2026-09-17T11:35:04Z
[collector] snapshot #004 2026-09-17T11:35:05Z
[collector] snapshot #005 2026-09-17T11:35:06Z
[collector] snapshot #006 2026-09-17T11:35:07Z
[collector] snapshot #007 2026-09-17T11:35:08Z
[collector] snapshot #008 2026-09-17T11:35:09Z
[collector] snapshot #009 2026-09-17T11:35:10Z
[collector] snapshot #010 2026-09-17T11:35:11Z
[collector] snapshot #011 2026-09-17T11:35:12Z
[collector] snapshot #012 2026-09-17T11:35:13Z
[collector] snapshot #013 2026-09-17T11:35:14Z
[collector] snapshot #014 2026-09-17T11:35:15Z
[collector] snapshot #015 2026-09-17T11:35:16Z
[collector] snapshot #016 2026-09-17T11:35:17Z
[collector] snapshot #017 2026-09-17T11:35:18Z
[collector] snapshot #018 2026-09-17T11:35:19Z
[collector] snapshot #019 2026-09-17T11:35:20Z
[collector] snapshot #020 2026-09-17T11:35:21Z
[collector] snapshot #021 2026-09-17T11:35:22Z
[gen] INJECT tick=20 t_rel=20.087 {'type': 'TrafficFlood', 'src': 'h1', 'dst': 'srv1', 'rate_mbps': 32}
[collector] snapshot #022 2026-09-17T11:35:23Z
[collector] snapshot #023 2026-09-17T11:35:24Z
[collector] snapshot #024 2026-09-17T11:35:25Z
[collector] snapshot #025 2026-09-17T11:35:26Z
[collector] snapshot #026 2026-09-17T11:35:27Z
[collector] snapshot #027 2026-09-17T11:35:28Z
[collector] snapshot #028 2026-09-17T11:35:29Z
[collector] snapshot #029 2026-09-17T11:35:30Z
[collector] snapshot #030 2026-09-17T11:35:31Z
[collector] snapshot #031 2026-09-17T11:35:32Z
[collector] snapshot #032 2026-09-17T11:35:33Z
[collector] snapshot #033 2026-09-17T11:35:34Z
[collector] snapshot #034 2026-09-17T11:35:35Z
[collector] snapshot #035 2026-09-17T11:35:36Z
[collector] snapshot #036 2026-09-17T11:35:37Z
[collector] snapshot #037 2026-09-17T11:35:38Z
[collector] snapshot #038 2026-09-17T11:35:39Z
[collector] snapshot #039 2026-09-17T11:35:40Z
[collector] snapshot #040 2026-09-17T11:35:41Z
[collector] snapshot #041 2026-09-17T11:35:42Z
[gen] REVERT tick=40 t_rel=40.098
[collector] snapshot #042 2026-09-17T11:35:43Z
[collector] snapshot #043 2026-09-17T11:35:44Z
[collector] snapshot #044 2026-09-17T11:35:45Z
[collector] snapshot #045 2026-09-17T11:35:46Z
[collector] snapshot #046 2026-09-17T11:35:47Z
[collector] snapshot #047 2026-09-17T11:35:48Z
[collector] snapshot #048 2026-09-17T11:35:49Z
[collector] snapshot #049 2026-09-17T11:35:50Z
[collector] snapshot #050 2026-09-17T11:35:51Z
[collector] snapshot #051 2026-09-17T11:35:52Z
[collector] snapshot #052 2026-09-17T11:35:53Z
[collector] snapshot #053 2026-09-17T11:35:54Z
[collector] snapshot #054 2026-09-17T11:35:55Z
[collector] snapshot #055 2026-09-17T11:35:56Z
[collector] snapshot #056 2026-09-17T11:35:57Z
[collector] snapshot #057 2026-09-17T11:35:58Z
[collector] snapshot #058 2026-09-17T11:35:59Z
[collector] snapshot #059 2026-09-17T11:36:00Z
[collector] snapshot #060 2026-09-17T11:36:01Z
[collector] kết thúc. Đã ghi 60 snapshot -> /home/ubuntu/dt4n-core/data/phase6r/raw/RC-flood-h1_to_srv1-s4201-r1.jsonl.partial
[traffic] đã dừng các iperf server
[gen] OK     RC-flood-h1_to_srv1-s4201-r1  snapshots=60  sep=315.696  sha=f381803d0e81

========================================================================
[2026-09-17T11:36:02Z] RUN RS-soak2M-s4002-r2             exec_index=3 split=r_set
[traffic] đã dừng các iperf server
[traffic] đã dừng các iperf server
[traffic] iperf server (TCP) bật nền trên srv1
[traffic] iperf server (TCP) bật nền trên srv2
[traffic] nền srv1->srv2 UDP @2Mbps qua bottleneck s2-s3
[traffic] NORMAL: h1 -> srv1 TCP @2M per client
[traffic] NORMAL: h2 -> srv2 TCP @2M per client
[traffic] NORMAL: h3 -> srv1 TCP @2M per client
[traffic] đã dừng các iperf server
[traffic] iperf server (TCP) bật nền trên srv1
[traffic] iperf server (TCP) bật nền trên srv2
[traffic] nền srv1->srv2 UDP @2Mbps qua bottleneck s2-s3
[traffic] NORMAL: h1 -> srv1 TCP @2M per client
[traffic] NORMAL: h2 -> srv2 TCP @2M per client
[traffic] NORMAL: h3 -> srv1 TCP @2M per client
[gen] profile=fixed, pre-roll 5s
[collector] bắt đầu, interval=1.0s
[collector] JSONL log  -> /home/ubuntu/dt4n-core/data/phase6r/raw/RS-soak2M-s4002-r2.jsonl.partial (overwrite)
[collector] snapshot #001 2026-09-17T11:36:18Z
[collector] snapshot #002 2026-09-17T11:36:19Z
[collector] snapshot #003 2026-09-17T11:36:20Z
[collector] snapshot #004 2026-09-17T11:36:21Z
[collector] snapshot #005 2026-09-17T11:36:22Z
[collector] snapshot #006 2026-09-17T11:36:23Z
[collector] snapshot #007 2026-09-17T11:36:24Z
[collector] snapshot #008 2026-09-17T11:36:25Z
[collector] snapshot #009 2026-09-17T11:36:26Z
[collector] snapshot #010 2026-09-17T11:36:27Z
[collector] snapshot #011 2026-09-17T11:36:28Z
[collector] snapshot #012 2026-09-17T11:36:29Z
[collector] snapshot #013 2026-09-17T11:36:30Z
[collector] snapshot #014 2026-09-17T11:36:31Z
[collector] snapshot #015 2026-09-17T11:36:32Z
[collector] snapshot #016 2026-09-17T11:36:33Z
[collector] snapshot #017 2026-09-17T11:36:34Z
[collector] snapshot #018 2026-09-17T11:36:35Z
[collector] snapshot #019 2026-09-17T11:36:36Z
[collector] snapshot #020 2026-09-17T11:36:37Z
[collector] snapshot #021 2026-09-17T11:36:38Z
[collector] snapshot #022 2026-09-17T11:36:39Z
[collector] snapshot #023 2026-09-17T11:36:40Z
[collector] snapshot #024 2026-09-17T11:36:41Z
[collector] snapshot #025 2026-09-17T11:36:42Z
[collector] snapshot #026 2026-09-17T11:36:43Z
[collector] snapshot #027 2026-09-17T11:36:44Z
[collector] snapshot #028 2026-09-17T11:36:45Z
[collector] snapshot #029 2026-09-17T11:36:46Z
[collector] snapshot #030 2026-09-17T11:36:47Z
[collector] snapshot #031 2026-09-17T11:36:48Z
[collector] snapshot #032 2026-09-17T11:36:49Z
[collector] snapshot #033 2026-09-17T11:36:50Z
[collector] snapshot #034 2026-09-17T11:36:51Z
[collector] snapshot #035 2026-09-17T11:36:52Z
[collector] snapshot #036 2026-09-17T11:36:53Z
[collector] snapshot #037 2026-09-17T11:36:54Z
[collector] snapshot #038 2026-09-17T11:36:55Z
[collector] snapshot #039 2026-09-17T11:36:56Z
[collector] snapshot #040 2026-09-17T11:36:57Z
[collector] snapshot #041 2026-09-17T11:36:58Z
[collector] snapshot #042 2026-09-17T11:36:59Z
[collector] snapshot #043 2026-09-17T11:37:00Z
[collector] snapshot #044 2026-09-17T11:37:01Z
[collector] snapshot #045 2026-09-17T11:37:02Z
[collector] snapshot #046 2026-09-17T11:37:03Z
[collector] snapshot #047 2026-09-17T11:37:04Z
[collector] snapshot #048 2026-09-17T11:37:05Z
[collector] snapshot #049 2026-09-17T11:37:06Z
[collector] snapshot #050 2026-09-17T11:37:07Z
[collector] snapshot #051 2026-09-17T11:37:08Z
[collector] snapshot #052 2026-09-17T11:37:09Z
[collector] snapshot #053 2026-09-17T11:37:10Z
[collector] snapshot #054 2026-09-17T11:37:11Z
[collector] snapshot #055 2026-09-17T11:37:12Z
[collector] snapshot #056 2026-09-17T11:37:13Z
[collector] snapshot #057 2026-09-17T11:37:14Z
[collector] snapshot #058 2026-09-17T11:37:15Z
[collector] snapshot #059 2026-09-17T11:37:16Z
[collector] snapshot #060 2026-09-17T11:37:17Z
[collector] snapshot #061 2026-09-17T11:37:18Z
[collector] snapshot #062 2026-09-17T11:37:19Z
[collector] snapshot #063 2026-09-17T11:37:20Z
[collector] snapshot #064 2026-09-17T11:37:21Z
[collector] snapshot #065 2026-09-17T11:37:22Z
[collector] snapshot #066 2026-09-17T11:37:23Z
[collector] snapshot #067 2026-09-17T11:37:24Z
[collector] snapshot #068 2026-09-17T11:37:25Z
[collector] snapshot #069 2026-09-17T11:37:26Z
[collector] snapshot #070 2026-09-17T11:37:27Z
[collector] snapshot #071 2026-09-17T11:37:28Z
[collector] snapshot #072 2026-09-17T11:37:29Z
[collector] snapshot #073 2026-09-17T11:37:30Z
[collector] snapshot #074 2026-09-17T11:37:31Z
[collector] snapshot #075 2026-09-17T11:37:32Z
[collector] snapshot #076 2026-09-17T11:37:33Z
[collector] snapshot #077 2026-09-17T11:37:34Z
[collector] snapshot #078 2026-09-17T11:37:35Z
[collector] snapshot #079 2026-09-17T11:37:36Z
[collector] snapshot #080 2026-09-17T11:37:37Z
[collector] snapshot #081 2026-09-17T11:37:38Z
[collector] snapshot #082 2026-09-17T11:37:39Z
[collector] snapshot #083 2026-09-17T11:37:40Z
[collector] snapshot #084 2026-09-17T11:37:41Z
[collector] snapshot #085 2026-09-17T11:37:42Z
[collector] snapshot #086 2026-09-17T11:37:43Z
[collector] snapshot #087 2026-09-17T11:37:44Z
[collector] snapshot #088 2026-09-17T11:37:45Z
[collector] snapshot #089 2026-09-17T11:37:46Z
[collector] snapshot #090 2026-09-17T11:37:47Z
[collector] snapshot #091 2026-09-17T11:37:48Z
[collector] snapshot #092 2026-09-17T11:37:49Z
[collector] snapshot #093 2026-09-17T11:37:50Z
[collector] snapshot #094 2026-09-17T11:37:51Z
[collector] snapshot #095 2026-09-17T11:37:52Z
[collector] snapshot #096 2026-09-17T11:37:53Z
[collector] snapshot #097 2026-09-17T11:37:54Z
[collector] snapshot #098 2026-09-17T11:37:55Z
[collector] snapshot #099 2026-09-17T11:37:56Z
[collector] snapshot #100 2026-09-17T11:37:57Z
[collector] snapshot #101 2026-09-17T11:37:58Z
[collector] snapshot #102 2026-09-17T11:37:59Z
[collector] snapshot #103 2026-09-17T11:38:00Z
[collector] snapshot #104 2026-09-17T11:38:01Z
[collector] snapshot #105 2026-09-17T11:38:02Z
[collector] snapshot #106 2026-09-17T11:38:03Z
[collector] snapshot #107 2026-09-17T11:38:04Z
[collector] snapshot #108 2026-09-17T11:38:05Z
[collector] snapshot #109 2026-09-17T11:38:06Z
[collector] snapshot #110 2026-09-17T11:38:07Z
[collector] snapshot #111 2026-09-17T11:38:08Z
[collector] snapshot #112 2026-09-17T11:38:09Z
[collector] snapshot #113 2026-09-17T11:38:10Z
[collector] snapshot #114 2026-09-17T11:38:11Z
[collector] snapshot #115 2026-09-17T11:38:12Z
[collector] snapshot #116 2026-09-17T11:38:13Z
[collector] snapshot #117 2026-09-17T11:38:14Z
[collector] snapshot #118 2026-09-17T11:38:15Z
[collector] snapshot #119 2026-09-17T11:38:16Z
[collector] snapshot #120 2026-09-17T11:38:18Z
[collector] snapshot #121 2026-09-17T11:38:19Z
[collector] snapshot #122 2026-09-17T11:38:20Z
[collector] snapshot #123 2026-09-17T11:38:21Z
[collector] snapshot #124 2026-09-17T11:38:22Z
[collector] snapshot #125 2026-09-17T11:38:23Z
[collector] snapshot #126 2026-09-17T11:38:24Z
[collector] snapshot #127 2026-09-17T11:38:25Z
[collector] snapshot #128 2026-09-17T11:38:26Z
[collector] snapshot #129 2026-09-17T11:38:27Z
[collector] snapshot #130 2026-09-17T11:38:28Z
[collector] snapshot #131 2026-09-17T11:38:29Z
[collector] snapshot #132 2026-09-17T11:38:30Z
[collector] snapshot #133 2026-09-17T11:38:31Z
[collector] snapshot #134 2026-09-17T11:38:32Z
[collector] snapshot #135 2026-09-17T11:38:33Z
[collector] snapshot #136 2026-09-17T11:38:34Z
[collector] snapshot #137 2026-09-17T11:38:35Z
[collector] snapshot #138 2026-09-17T11:38:36Z
[collector] snapshot #139 2026-09-17T11:38:37Z
[collector] snapshot #140 2026-09-17T11:38:38Z
[collector] snapshot #141 2026-09-17T11:38:39Z
[collector] snapshot #142 2026-09-17T11:38:40Z
[collector] snapshot #143 2026-09-17T11:38:41Z
[collector] snapshot #144 2026-09-17T11:38:42Z
[collector] snapshot #145 2026-09-17T11:38:43Z
[collector] snapshot #146 2026-09-17T11:38:44Z
[collector] snapshot #147 2026-09-17T11:38:45Z
[collector] snapshot #148 2026-09-17T11:38:46Z
[collector] snapshot #149 2026-09-17T11:38:47Z
[collector] snapshot #150 2026-09-17T11:38:48Z
[collector] snapshot #151 2026-09-17T11:38:49Z
[collector] snapshot #152 2026-09-17T11:38:50Z
[collector] snapshot #153 2026-09-17T11:38:51Z
[collector] snapshot #154 2026-09-17T11:38:52Z
[collector] snapshot #155 2026-09-17T11:38:53Z
[collector] snapshot #156 2026-09-17T11:38:54Z
[collector] snapshot #157 2026-09-17T11:38:55Z
[collector] snapshot #158 2026-09-17T11:38:56Z
[collector] snapshot #159 2026-09-17T11:38:57Z
[collector] snapshot #160 2026-09-17T11:38:58Z
[collector] snapshot #161 2026-09-17T11:38:59Z
[collector] snapshot #162 2026-09-17T11:39:00Z
[collector] snapshot #163 2026-09-17T11:39:01Z
[collector] snapshot #164 2026-09-17T11:39:02Z
[collector] snapshot #165 2026-09-17T11:39:03Z
[collector] snapshot #166 2026-09-17T11:39:04Z
[collector] snapshot #167 2026-09-17T11:39:05Z
[collector] snapshot #168 2026-09-17T11:39:06Z
[collector] snapshot #169 2026-09-17T11:39:07Z
[collector] snapshot #170 2026-09-17T11:39:08Z
[collector] snapshot #171 2026-09-17T11:39:09Z
[collector] snapshot #172 2026-09-17T11:39:10Z
[collector] snapshot #173 2026-09-17T11:39:11Z
[collector] snapshot #174 2026-09-17T11:39:12Z
[collector] snapshot #175 2026-09-17T11:39:13Z
[collector] snapshot #176 2026-09-17T11:39:14Z
[collector] snapshot #177 2026-09-17T11:39:15Z
[collector] snapshot #178 2026-09-17T11:39:16Z
[collector] snapshot #179 2026-09-17T11:39:17Z
[collector] snapshot #180 2026-09-17T11:39:18Z
[collector] snapshot #181 2026-09-17T11:39:19Z
[collector] snapshot #182 2026-09-17T11:39:20Z
[collector] snapshot #183 2026-09-17T11:39:21Z
[collector] snapshot #184 2026-09-17T11:39:22Z
[collector] snapshot #185 2026-09-17T11:39:23Z
[collector] snapshot #186 2026-09-17T11:39:24Z
[collector] snapshot #187 2026-09-17T11:39:25Z
[collector] snapshot #188 2026-09-17T11:39:26Z
[collector] snapshot #189 2026-09-17T11:39:27Z
[collector] snapshot #190 2026-09-17T11:39:28Z
[collector] snapshot #191 2026-09-17T11:39:29Z
[collector] snapshot #192 2026-09-17T11:39:30Z
[collector] snapshot #193 2026-09-17T11:39:31Z
[collector] snapshot #194 2026-09-17T11:39:32Z
[collector] snapshot #195 2026-09-17T11:39:33Z
[collector] snapshot #196 2026-09-17T11:39:34Z
[collector] snapshot #197 2026-09-17T11:39:35Z
[collector] snapshot #198 2026-09-17T11:39:36Z
[collector] snapshot #199 2026-09-17T11:39:37Z
[collector] snapshot #200 2026-09-17T11:39:38Z
[collector] snapshot #201 2026-09-17T11:39:39Z
[collector] snapshot #202 2026-09-17T11:39:40Z
[collector] snapshot #203 2026-09-17T11:39:41Z
[collector] snapshot #204 2026-09-17T11:39:42Z
[collector] snapshot #205 2026-09-17T11:39:43Z
[collector] snapshot #206 2026-09-17T11:39:44Z
[collector] snapshot #207 2026-09-17T11:39:45Z
[collector] snapshot #208 2026-09-17T11:39:46Z
[collector] snapshot #209 2026-09-17T11:39:47Z
[collector] snapshot #210 2026-09-17T11:39:48Z
[collector] snapshot #211 2026-09-17T11:39:49Z
[collector] snapshot #212 2026-09-17T11:39:50Z
[collector] snapshot #213 2026-09-17T11:39:51Z
[collector] snapshot #214 2026-09-17T11:39:52Z
[collector] snapshot #215 2026-09-17T11:39:53Z
[collector] snapshot #216 2026-09-17T11:39:54Z
[collector] snapshot #217 2026-09-17T11:39:55Z
[collector] snapshot #218 2026-09-17T11:39:56Z
[collector] snapshot #219 2026-09-17T11:39:57Z
[collector] snapshot #220 2026-09-17T11:39:58Z
[collector] snapshot #221 2026-09-17T11:39:59Z
[collector] snapshot #222 2026-09-17T11:40:00Z
[collector] snapshot #223 2026-09-17T11:40:01Z
[collector] snapshot #224 2026-09-17T11:40:02Z
[collector] snapshot #225 2026-09-17T11:40:03Z
[collector] snapshot #226 2026-09-17T11:40:04Z
[collector] snapshot #227 2026-09-17T11:40:05Z
[collector] snapshot #228 2026-09-17T11:40:06Z
[collector] snapshot #229 2026-09-17T11:40:07Z
[collector] snapshot #230 2026-09-17T11:40:08Z
[collector] snapshot #231 2026-09-17T11:40:09Z
[collector] snapshot #232 2026-09-17T11:40:10Z
[collector] snapshot #233 2026-09-17T11:40:11Z
[collector] snapshot #234 2026-09-17T11:40:12Z
[collector] snapshot #235 2026-09-17T11:40:13Z
[collector] snapshot #236 2026-09-17T11:40:14Z
[collector] snapshot #237 2026-09-17T11:40:15Z
[collector] snapshot #238 2026-09-17T11:40:16Z
[collector] snapshot #239 2026-09-17T11:40:17Z
[collector] snapshot #240 2026-09-17T11:40:18Z
[collector] snapshot #241 2026-09-17T11:40:19Z
[collector] snapshot #242 2026-09-17T11:40:20Z
[collector] snapshot #243 2026-09-17T11:40:21Z
[collector] snapshot #244 2026-09-17T11:40:22Z
[collector] snapshot #245 2026-09-17T11:40:23Z
[collector] snapshot #246 2026-09-17T11:40:24Z
[collector] snapshot #247 2026-09-17T11:40:25Z
[collector] snapshot #248 2026-09-17T11:40:26Z
[collector] snapshot #249 2026-09-17T11:40:27Z
[collector] snapshot #250 2026-09-17T11:40:28Z
[collector] snapshot #251 2026-09-17T11:40:29Z
[collector] snapshot #252 2026-09-17T11:40:30Z
[collector] snapshot #253 2026-09-17T11:40:31Z
[collector] snapshot #254 2026-09-17T11:40:32Z
[collector] snapshot #255 2026-09-17T11:40:33Z
[collector] snapshot #256 2026-09-17T11:40:34Z
[collector] snapshot #257 2026-09-17T11:40:35Z
[collector] snapshot #258 2026-09-17T11:40:36Z
[collector] snapshot #259 2026-09-17T11:40:37Z
[collector] snapshot #260 2026-09-17T11:40:38Z
[collector] snapshot #261 2026-09-17T11:40:39Z
[collector] snapshot #262 2026-09-17T11:40:40Z
[collector] snapshot #263 2026-09-17T11:40:41Z
[collector] snapshot #264 2026-09-17T11:40:42Z
[collector] snapshot #265 2026-09-17T11:40:43Z
[collector] snapshot #266 2026-09-17T11:40:44Z
[collector] snapshot #267 2026-09-17T11:40:45Z
[collector] snapshot #268 2026-09-17T11:40:46Z
[collector] snapshot #269 2026-09-17T11:40:47Z
[collector] snapshot #270 2026-09-17T11:40:48Z
[collector] snapshot #271 2026-09-17T11:40:49Z
[collector] snapshot #272 2026-09-17T11:40:50Z
[collector] snapshot #273 2026-09-17T11:40:51Z
[collector] snapshot #274 2026-09-17T11:40:52Z
[collector] snapshot #275 2026-09-17T11:40:53Z
[collector] snapshot #276 2026-09-17T11:40:54Z
[collector] snapshot #277 2026-09-17T11:40:55Z
[collector] snapshot #278 2026-09-17T11:40:56Z
[collector] snapshot #279 2026-09-17T11:40:57Z
[collector] snapshot #280 2026-09-17T11:40:58Z
[collector] snapshot #281 2026-09-17T11:40:59Z
[collector] snapshot #282 2026-09-17T11:41:00Z
[collector] snapshot #283 2026-09-17T11:41:01Z
[collector] snapshot #284 2026-09-17T11:41:02Z
[collector] snapshot #285 2026-09-17T11:41:03Z
[collector] snapshot #286 2026-09-17T11:41:04Z
[collector] snapshot #287 2026-09-17T11:41:05Z
[collector] snapshot #288 2026-09-17T11:41:06Z
[collector] snapshot #289 2026-09-17T11:41:07Z
[collector] snapshot #290 2026-09-17T11:41:08Z
[collector] snapshot #291 2026-09-17T11:41:09Z
[collector] snapshot #292 2026-09-17T11:41:10Z
[collector] snapshot #293 2026-09-17T11:41:11Z
[collector] snapshot #294 2026-09-17T11:41:12Z
[collector] snapshot #295 2026-09-17T11:41:13Z
[collector] snapshot #296 2026-09-17T11:41:14Z
[collector] snapshot #297 2026-09-17T11:41:15Z
[collector] snapshot #298 2026-09-17T11:41:16Z
[collector] snapshot #299 2026-09-17T11:41:17Z
[collector] snapshot #300 2026-09-17T11:41:18Z
[collector] snapshot #301 2026-09-17T11:41:19Z
[collector] snapshot #302 2026-09-17T11:41:20Z
[collector] snapshot #303 2026-09-17T11:41:21Z
[collector] snapshot #304 2026-09-17T11:41:22Z
[collector] snapshot #305 2026-09-17T11:41:23Z
[collector] snapshot #306 2026-09-17T11:41:24Z
[collector] snapshot #307 2026-09-17T11:41:25Z
[collector] snapshot #308 2026-09-17T11:41:26Z
[collector] snapshot #309 2026-09-17T11:41:27Z
[collector] snapshot #310 2026-09-17T11:41:28Z
[collector] snapshot #311 2026-09-17T11:41:29Z
[collector] snapshot #312 2026-09-17T11:41:30Z
[collector] snapshot #313 2026-09-17T11:41:31Z
[collector] snapshot #314 2026-09-17T11:41:32Z
[collector] snapshot #315 2026-09-17T11:41:33Z
[collector] snapshot #316 2026-09-17T11:41:34Z
[collector] snapshot #317 2026-09-17T11:41:35Z
[collector] snapshot #318 2026-09-17T11:41:36Z
[collector] snapshot #319 2026-09-17T11:41:37Z
[collector] snapshot #320 2026-09-17T11:41:38Z
[collector] snapshot #321 2026-09-17T11:41:39Z
[collector] snapshot #322 2026-09-17T11:41:40Z
[collector] snapshot #323 2026-09-17T11:41:41Z
[collector] snapshot #324 2026-09-17T11:41:42Z
[collector] snapshot #325 2026-09-17T11:41:43Z
[collector] snapshot #326 2026-09-17T11:41:44Z
[collector] snapshot #327 2026-09-17T11:41:45Z
[collector] snapshot #328 2026-09-17T11:41:46Z
[collector] snapshot #329 2026-09-17T11:41:47Z
[collector] snapshot #330 2026-09-17T11:41:48Z
[collector] snapshot #331 2026-09-17T11:41:49Z
[collector] snapshot #332 2026-09-17T11:41:50Z
[collector] snapshot #333 2026-09-17T11:41:51Z
[collector] snapshot #334 2026-09-17T11:41:52Z
[collector] snapshot #335 2026-09-17T11:41:53Z
[collector] snapshot #336 2026-09-17T11:41:54Z
[collector] snapshot #337 2026-09-17T11:41:55Z
[collector] snapshot #338 2026-09-17T11:41:56Z
[collector] snapshot #339 2026-09-17T11:41:57Z
[collector] snapshot #340 2026-09-17T11:41:58Z
[collector] snapshot #341 2026-09-17T11:41:59Z
[collector] snapshot #342 2026-09-17T11:42:00Z
[collector] snapshot #343 2026-09-17T11:42:01Z
[collector] snapshot #344 2026-09-17T11:42:02Z
[collector] snapshot #345 2026-09-17T11:42:03Z
[collector] snapshot #346 2026-09-17T11:42:04Z
[collector] snapshot #347 2026-09-17T11:42:05Z
[collector] snapshot #348 2026-09-17T11:42:06Z
[collector] snapshot #349 2026-09-17T11:42:07Z
[collector] snapshot #350 2026-09-17T11:42:08Z
[collector] snapshot #351 2026-09-17T11:42:09Z
[collector] snapshot #352 2026-09-17T11:42:10Z
[collector] snapshot #353 2026-09-17T11:42:11Z
[collector] snapshot #354 2026-09-17T11:42:12Z
[collector] snapshot #355 2026-09-17T11:42:13Z
[collector] snapshot #356 2026-09-17T11:42:14Z
[collector] snapshot #357 2026-09-17T11:42:15Z
[collector] snapshot #358 2026-09-17T11:42:16Z
[collector] snapshot #359 2026-09-17T11:42:17Z
[collector] snapshot #360 2026-09-17T11:42:18Z
[collector] snapshot #361 2026-09-17T11:42:19Z
[collector] snapshot #362 2026-09-17T11:42:20Z
[collector] snapshot #363 2026-09-17T11:42:21Z
[collector] snapshot #364 2026-09-17T11:42:22Z
[collector] snapshot #365 2026-09-17T11:42:23Z
[collector] snapshot #366 2026-09-17T11:42:24Z
[collector] snapshot #367 2026-09-17T11:42:25Z
[collector] snapshot #368 2026-09-17T11:42:26Z
[collector] snapshot #369 2026-09-17T11:42:27Z
[collector] snapshot #370 2026-09-17T11:42:28Z
[collector] snapshot #371 2026-09-17T11:42:29Z
[collector] snapshot #372 2026-09-17T11:42:30Z
[collector] snapshot #373 2026-09-17T11:42:31Z
[collector] snapshot #374 2026-09-17T11:42:32Z
[collector] snapshot #375 2026-09-17T11:42:33Z
[collector] snapshot #376 2026-09-17T11:42:34Z
[collector] snapshot #377 2026-09-17T11:42:35Z
[collector] snapshot #378 2026-09-17T11:42:36Z
[collector] snapshot #379 2026-09-17T11:42:37Z
[collector] snapshot #380 2026-09-17T11:42:38Z
[collector] snapshot #381 2026-09-17T11:42:39Z
[collector] snapshot #382 2026-09-17T11:42:40Z
[collector] snapshot #383 2026-09-17T11:42:41Z
[collector] snapshot #384 2026-09-17T11:42:42Z
[collector] snapshot #385 2026-09-17T11:42:43Z
[collector] snapshot #386 2026-09-17T11:42:44Z
[collector] snapshot #387 2026-09-17T11:42:45Z
[collector] snapshot #388 2026-09-17T11:42:46Z
[collector] snapshot #389 2026-09-17T11:42:47Z
[collector] snapshot #390 2026-09-17T11:42:48Z
[collector] snapshot #391 2026-09-17T11:42:49Z
[collector] snapshot #392 2026-09-17T11:42:50Z
[collector] snapshot #393 2026-09-17T11:42:51Z
[collector] snapshot #394 2026-09-17T11:42:52Z
[collector] snapshot #395 2026-09-17T11:42:53Z
[collector] snapshot #396 2026-09-17T11:42:54Z
[collector] snapshot #397 2026-09-17T11:42:55Z
[collector] snapshot #398 2026-09-17T11:42:56Z
[collector] snapshot #399 2026-09-17T11:42:57Z
[collector] snapshot #400 2026-09-17T11:42:58Z
[collector] snapshot #401 2026-09-17T11:42:59Z
[collector] snapshot #402 2026-09-17T11:43:00Z
[collector] snapshot #403 2026-09-17T11:43:01Z
[collector] snapshot #404 2026-09-17T11:43:02Z
[collector] snapshot #405 2026-09-17T11:43:03Z
[collector] snapshot #406 2026-09-17T11:43:04Z
[collector] snapshot #407 2026-09-17T11:43:05Z
[collector] snapshot #408 2026-09-17T11:43:06Z
[collector] snapshot #409 2026-09-17T11:43:07Z
[collector] snapshot #410 2026-09-17T11:43:08Z
[collector] snapshot #411 2026-09-17T11:43:09Z
[collector] snapshot #412 2026-09-17T11:43:10Z
[collector] snapshot #413 2026-09-17T11:43:11Z
[collector] snapshot #414 2026-09-17T11:43:12Z
[collector] snapshot #415 2026-09-17T11:43:13Z
[collector] snapshot #416 2026-09-17T11:43:14Z
[collector] snapshot #417 2026-09-17T11:43:15Z
[collector] snapshot #418 2026-09-17T11:43:16Z
[collector] snapshot #419 2026-09-17T11:43:17Z
[collector] snapshot #420 2026-09-17T11:43:18Z
[collector] snapshot #421 2026-09-17T11:43:19Z
[collector] snapshot #422 2026-09-17T11:43:20Z
[collector] snapshot #423 2026-09-17T11:43:21Z
[collector] snapshot #424 2026-09-17T11:43:22Z
[collector] snapshot #425 2026-09-17T11:43:23Z
[collector] snapshot #426 2026-09-17T11:43:24Z
[collector] snapshot #427 2026-09-17T11:43:25Z
[collector] snapshot #428 2026-09-17T11:43:26Z
[collector] snapshot #429 2026-09-17T11:43:27Z
[collector] snapshot #430 2026-09-17T11:43:28Z
[collector] snapshot #431 2026-09-17T11:43:29Z
[collector] snapshot #432 2026-09-17T11:43:30Z
[collector] snapshot #433 2026-09-17T11:43:31Z
[collector] snapshot #434 2026-09-17T11:43:32Z
[collector] snapshot #435 2026-09-17T11:43:33Z
[collector] snapshot #436 2026-09-17T11:43:34Z
[collector] snapshot #437 2026-09-17T11:43:35Z
[collector] snapshot #438 2026-09-17T11:43:36Z
[collector] snapshot #439 2026-09-17T11:43:37Z
[collector] snapshot #440 2026-09-17T11:43:38Z
[collector] snapshot #441 2026-09-17T11:43:39Z
[collector] snapshot #442 2026-09-17T11:43:40Z
[collector] snapshot #443 2026-09-17T11:43:41Z
[collector] snapshot #444 2026-09-17T11:43:42Z
[collector] snapshot #445 2026-09-17T11:43:43Z
[collector] snapshot #446 2026-09-17T11:43:44Z
[collector] snapshot #447 2026-09-17T11:43:45Z
[collector] snapshot #448 2026-09-17T11:43:46Z
[collector] snapshot #449 2026-09-17T11:43:47Z
[collector] snapshot #450 2026-09-17T11:43:48Z
[collector] snapshot #451 2026-09-17T11:43:49Z
[collector] snapshot #452 2026-09-17T11:43:50Z
[collector] snapshot #453 2026-09-17T11:43:51Z
[collector] snapshot #454 2026-09-17T11:43:52Z
[collector] snapshot #455 2026-09-17T11:43:53Z
[collector] snapshot #456 2026-09-17T11:43:54Z
[collector] snapshot #457 2026-09-17T11:43:55Z
[collector] snapshot #458 2026-09-17T11:43:56Z
[collector] snapshot #459 2026-09-17T11:43:57Z
[collector] snapshot #460 2026-09-17T11:43:58Z
[collector] snapshot #461 2026-09-17T11:43:59Z
[collector] snapshot #462 2026-09-17T11:44:00Z
[collector] snapshot #463 2026-09-17T11:44:01Z
[collector] snapshot #464 2026-09-17T11:44:02Z
[collector] snapshot #465 2026-09-17T11:44:03Z
[collector] snapshot #466 2026-09-17T11:44:04Z
[collector] snapshot #467 2026-09-17T11:44:05Z
[collector] snapshot #468 2026-09-17T11:44:06Z
[collector] snapshot #469 2026-09-17T11:44:07Z
[collector] snapshot #470 2026-09-17T11:44:08Z
[collector] snapshot #471 2026-09-17T11:44:09Z
[collector] snapshot #472 2026-09-17T11:44:10Z
[collector] snapshot #473 2026-09-17T11:44:11Z
[collector] snapshot #474 2026-09-17T11:44:12Z
[collector] snapshot #475 2026-09-17T11:44:13Z
[collector] snapshot #476 2026-09-17T11:44:14Z
[collector] snapshot #477 2026-09-17T11:44:15Z
[collector] snapshot #478 2026-09-17T11:44:16Z
[collector] snapshot #479 2026-09-17T11:44:17Z
[collector] snapshot #480 2026-09-17T11:44:18Z
[collector] snapshot #481 2026-09-17T11:44:19Z
[collector] snapshot #482 2026-09-17T11:44:20Z
[collector] snapshot #483 2026-09-17T11:44:21Z
[collector] snapshot #484 2026-09-17T11:44:22Z
[collector] snapshot #485 2026-09-17T11:44:23Z
[collector] snapshot #486 2026-09-17T11:44:24Z
[collector] snapshot #487 2026-09-17T11:44:25Z
[collector] snapshot #488 2026-09-17T11:44:26Z
[collector] snapshot #489 2026-09-17T11:44:27Z
[collector] snapshot #490 2026-09-17T11:44:28Z
[collector] snapshot #491 2026-09-17T11:44:29Z
[collector] snapshot #492 2026-09-17T11:44:30Z
[collector] snapshot #493 2026-09-17T11:44:31Z
[collector] snapshot #494 2026-09-17T11:44:32Z
[collector] snapshot #495 2026-09-17T11:44:33Z
[collector] snapshot #496 2026-09-17T11:44:34Z
[collector] snapshot #497 2026-09-17T11:44:35Z
[collector] snapshot #498 2026-09-17T11:44:36Z
[collector] snapshot #499 2026-09-17T11:44:37Z
[collector] snapshot #500 2026-09-17T11:44:38Z
[collector] snapshot #501 2026-09-17T11:44:39Z
[collector] snapshot #502 2026-09-17T11:44:40Z
[collector] snapshot #503 2026-09-17T11:44:41Z
[collector] snapshot #504 2026-09-17T11:44:42Z
[collector] snapshot #505 2026-09-17T11:44:43Z
[collector] snapshot #506 2026-09-17T11:44:44Z
[collector] snapshot #507 2026-09-17T11:44:45Z
[collector] snapshot #508 2026-09-17T11:44:46Z
[collector] snapshot #509 2026-09-17T11:44:47Z
[collector] snapshot #510 2026-09-17T11:44:48Z
[collector] snapshot #511 2026-09-17T11:44:49Z
[collector] snapshot #512 2026-09-17T11:44:50Z
[collector] snapshot #513 2026-09-17T11:44:51Z
[collector] snapshot #514 2026-09-17T11:44:52Z
[collector] snapshot #515 2026-09-17T11:44:53Z
[collector] snapshot #516 2026-09-17T11:44:54Z
[collector] snapshot #517 2026-09-17T11:44:55Z
[collector] snapshot #518 2026-09-17T11:44:56Z
[collector] snapshot #519 2026-09-17T11:44:57Z
[collector] snapshot #520 2026-09-17T11:44:58Z
[collector] snapshot #521 2026-09-17T11:44:59Z
[collector] snapshot #522 2026-09-17T11:45:00Z
[collector] snapshot #523 2026-09-17T11:45:01Z
[collector] snapshot #524 2026-09-17T11:45:02Z
[collector] snapshot #525 2026-09-17T11:45:03Z
[collector] snapshot #526 2026-09-17T11:45:04Z
[collector] snapshot #527 2026-09-17T11:45:05Z
[collector] snapshot #528 2026-09-17T11:45:06Z
[collector] snapshot #529 2026-09-17T11:45:07Z
[collector] snapshot #530 2026-09-17T11:45:08Z
[collector] snapshot #531 2026-09-17T11:45:09Z
[collector] snapshot #532 2026-09-17T11:45:10Z
[collector] snapshot #533 2026-09-17T11:45:11Z
[collector] snapshot #534 2026-09-17T11:45:12Z
[collector] snapshot #535 2026-09-17T11:45:13Z
[collector] snapshot #536 2026-09-17T11:45:14Z
[collector] snapshot #537 2026-09-17T11:45:15Z
[collector] snapshot #538 2026-09-17T11:45:16Z
[collector] snapshot #539 2026-09-17T11:45:17Z
[collector] snapshot #540 2026-09-17T11:45:18Z
[collector] snapshot #541 2026-09-17T11:45:19Z
[collector] snapshot #542 2026-09-17T11:45:20Z
[collector] snapshot #543 2026-09-17T11:45:21Z
[collector] snapshot #544 2026-09-17T11:45:22Z
[collector] snapshot #545 2026-09-17T11:45:23Z
[collector] snapshot #546 2026-09-17T11:45:24Z
[collector] snapshot #547 2026-09-17T11:45:25Z
[collector] snapshot #548 2026-09-17T11:45:26Z
[collector] snapshot #549 2026-09-17T11:45:27Z
[collector] snapshot #550 2026-09-17T11:45:28Z
[collector] snapshot #551 2026-09-17T11:45:29Z
[collector] snapshot #552 2026-09-17T11:45:30Z
[collector] snapshot #553 2026-09-17T11:45:31Z
[collector] snapshot #554 2026-09-17T11:45:32Z
[collector] snapshot #555 2026-09-17T11:45:33Z
[collector] snapshot #556 2026-09-17T11:45:34Z
[collector] snapshot #557 2026-09-17T11:45:35Z
[collector] snapshot #558 2026-09-17T11:45:36Z
[collector] snapshot #559 2026-09-17T11:45:37Z
[collector] snapshot #560 2026-09-17T11:45:38Z
[collector] snapshot #561 2026-09-17T11:45:39Z
[collector] snapshot #562 2026-09-17T11:45:40Z
[collector] snapshot #563 2026-09-17T11:45:41Z
[collector] snapshot #564 2026-09-17T11:45:42Z
[collector] snapshot #565 2026-09-17T11:45:43Z
[collector] snapshot #566 2026-09-17T11:45:44Z
[collector] snapshot #567 2026-09-17T11:45:45Z
[collector] snapshot #568 2026-09-17T11:45:46Z
[collector] snapshot #569 2026-09-17T11:45:47Z
[collector] snapshot #570 2026-09-17T11:45:48Z
[collector] snapshot #571 2026-09-17T11:45:49Z
[collector] snapshot #572 2026-09-17T11:45:50Z
[collector] snapshot #573 2026-09-17T11:45:51Z
[collector] snapshot #574 2026-09-17T11:45:52Z
[collector] snapshot #575 2026-09-17T11:45:53Z
[collector] snapshot #576 2026-09-17T11:45:54Z
[collector] snapshot #577 2026-09-17T11:45:55Z
[collector] snapshot #578 2026-09-17T11:45:56Z
[collector] snapshot #579 2026-09-17T11:45:57Z
[collector] snapshot #580 2026-09-17T11:45:58Z
[collector] snapshot #581 2026-09-17T11:45:59Z
[collector] snapshot #582 2026-09-17T11:46:00Z
[collector] snapshot #583 2026-09-17T11:46:01Z
[collector] snapshot #584 2026-09-17T11:46:02Z
[collector] snapshot #585 2026-09-17T11:46:03Z
[collector] snapshot #586 2026-09-17T11:46:04Z
[collector] snapshot #587 2026-09-17T11:46:05Z
[collector] snapshot #588 2026-09-17T11:46:06Z
[collector] snapshot #589 2026-09-17T11:46:07Z
[collector] snapshot #590 2026-09-17T11:46:08Z
[collector] snapshot #591 2026-09-17T11:46:09Z
[collector] snapshot #592 2026-09-17T11:46:10Z
[collector] snapshot #593 2026-09-17T11:46:11Z
[collector] snapshot #594 2026-09-17T11:46:12Z
[collector] snapshot #595 2026-09-17T11:46:13Z
[collector] snapshot #596 2026-09-17T11:46:14Z
[collector] snapshot #597 2026-09-17T11:46:15Z
[collector] snapshot #598 2026-09-17T11:46:16Z
[collector] snapshot #599 2026-09-17T11:46:17Z
[collector] snapshot #600 2026-09-17T11:46:18Z
[collector] snapshot #601 2026-09-17T11:46:19Z
[collector] snapshot #602 2026-09-17T11:46:20Z
[collector] snapshot #603 2026-09-17T11:46:21Z
[collector] snapshot #604 2026-09-17T11:46:22Z
[collector] snapshot #605 2026-09-17T11:46:23Z
[collector] snapshot #606 2026-09-17T11:46:24Z
[collector] snapshot #607 2026-09-17T11:46:25Z
[collector] snapshot #608 2026-09-17T11:46:26Z
[collector] snapshot #609 2026-09-17T11:46:27Z
[collector] snapshot #610 2026-09-17T11:46:28Z
[collector] snapshot #611 2026-09-17T11:46:29Z
[collector] snapshot #612 2026-09-17T11:46:30Z
[collector] snapshot #613 2026-09-17T11:46:31Z
[collector] snapshot #614 2026-09-17T11:46:32Z
[collector] snapshot #615 2026-09-17T11:46:33Z
[collector] snapshot #616 2026-09-17T11:46:34Z
[collector] snapshot #617 2026-09-17T11:46:35Z
[collector] snapshot #618 2026-09-17T11:46:36Z
[collector] snapshot #619 2026-09-17T11:46:37Z
[collector] snapshot #620 2026-09-17T11:46:38Z
[collector] snapshot #621 2026-09-17T11:46:39Z
[collector] snapshot #622 2026-09-17T11:46:40Z
[collector] snapshot #623 2026-09-17T11:46:41Z
[collector] snapshot #624 2026-09-17T11:46:42Z
[collector] snapshot #625 2026-09-17T11:46:43Z
[collector] snapshot #626 2026-09-17T11:46:44Z
[collector] snapshot #627 2026-09-17T11:46:45Z
[collector] snapshot #628 2026-09-17T11:46:46Z
[collector] snapshot #629 2026-09-17T11:46:47Z
[collector] snapshot #630 2026-09-17T11:46:48Z
[collector] snapshot #631 2026-09-17T11:46:49Z
[collector] snapshot #632 2026-09-17T11:46:50Z
[collector] snapshot #633 2026-09-17T11:46:51Z
[collector] snapshot #634 2026-09-17T11:46:52Z
[collector] snapshot #635 2026-09-17T11:46:53Z
[collector] snapshot #636 2026-09-17T11:46:54Z
[collector] snapshot #637 2026-09-17T11:46:55Z
[collector] snapshot #638 2026-09-17T11:46:56Z
[collector] snapshot #639 2026-09-17T11:46:57Z
[collector] snapshot #640 2026-09-17T11:46:58Z
[collector] snapshot #641 2026-09-17T11:46:59Z
[collector] snapshot #642 2026-09-17T11:47:00Z
[collector] snapshot #643 2026-09-17T11:47:01Z
[collector] snapshot #644 2026-09-17T11:47:02Z
[collector] snapshot #645 2026-09-17T11:47:03Z
[collector] snapshot #646 2026-09-17T11:47:04Z
[collector] snapshot #647 2026-09-17T11:47:05Z
[collector] snapshot #648 2026-09-17T11:47:06Z
[collector] snapshot #649 2026-09-17T11:47:07Z
[collector] snapshot #650 2026-09-17T11:47:08Z
[collector] snapshot #651 2026-09-17T11:47:09Z
[collector] snapshot #652 2026-09-17T11:47:10Z
[collector] snapshot #653 2026-09-17T11:47:11Z
[collector] snapshot #654 2026-09-17T11:47:12Z
[collector] snapshot #655 2026-09-17T11:47:13Z
[collector] snapshot #656 2026-09-17T11:47:14Z
[collector] snapshot #657 2026-09-17T11:47:15Z
[collector] snapshot #658 2026-09-17T11:47:16Z
[collector] snapshot #659 2026-09-17T11:47:17Z
[collector] snapshot #660 2026-09-17T11:47:18Z
[collector] snapshot #661 2026-09-17T11:47:19Z
[collector] snapshot #662 2026-09-17T11:47:20Z
[collector] snapshot #663 2026-09-17T11:47:21Z
[collector] snapshot #664 2026-09-17T11:47:22Z
[collector] snapshot #665 2026-09-17T11:47:23Z
[collector] snapshot #666 2026-09-17T11:47:24Z
[collector] snapshot #667 2026-09-17T11:47:25Z
[collector] snapshot #668 2026-09-17T11:47:26Z
[collector] snapshot #669 2026-09-17T11:47:27Z
[collector] snapshot #670 2026-09-17T11:47:28Z
[collector] snapshot #671 2026-09-17T11:47:29Z
[collector] snapshot #672 2026-09-17T11:47:30Z
[collector] snapshot #673 2026-09-17T11:47:31Z
[collector] snapshot #674 2026-09-17T11:47:32Z
[collector] snapshot #675 2026-09-17T11:47:33Z
[collector] snapshot #676 2026-09-17T11:47:34Z
[collector] snapshot #677 2026-09-17T11:47:35Z
[collector] snapshot #678 2026-09-17T11:47:36Z
[collector] snapshot #679 2026-09-17T11:47:37Z
[collector] snapshot #680 2026-09-17T11:47:38Z
[collector] snapshot #681 2026-09-17T11:47:39Z
[collector] snapshot #682 2026-09-17T11:47:40Z
[collector] snapshot #683 2026-09-17T11:47:41Z
[collector] snapshot #684 2026-09-17T11:47:42Z
[collector] snapshot #685 2026-09-17T11:47:43Z
[collector] snapshot #686 2026-09-17T11:47:44Z
[collector] snapshot #687 2026-09-17T11:47:45Z
[collector] snapshot #688 2026-09-17T11:47:46Z
[collector] snapshot #689 2026-09-17T11:47:47Z
[collector] snapshot #690 2026-09-17T11:47:48Z
[collector] snapshot #691 2026-09-17T11:47:49Z
[collector] snapshot #692 2026-09-17T11:47:50Z
[collector] snapshot #693 2026-09-17T11:47:51Z
[collector] snapshot #694 2026-09-17T11:47:52Z
[collector] snapshot #695 2026-09-17T11:47:53Z
[collector] snapshot #696 2026-09-17T11:47:54Z
[collector] snapshot #697 2026-09-17T11:47:55Z
[collector] snapshot #698 2026-09-17T11:47:56Z
[collector] snapshot #699 2026-09-17T11:47:57Z
[collector] snapshot #700 2026-09-17T11:47:58Z
[collector] snapshot #701 2026-09-17T11:47:59Z
[collector] snapshot #702 2026-09-17T11:48:00Z
[collector] snapshot #703 2026-09-17T11:48:01Z
[collector] snapshot #704 2026-09-17T11:48:02Z
[collector] snapshot #705 2026-09-17T11:48:03Z
[collector] snapshot #706 2026-09-17T11:48:04Z
[collector] snapshot #707 2026-09-17T11:48:05Z
[collector] snapshot #708 2026-09-17T11:48:06Z
[collector] snapshot #709 2026-09-17T11:48:07Z
[collector] snapshot #710 2026-09-17T11:48:08Z
[collector] snapshot #711 2026-09-17T11:48:09Z
[collector] snapshot #712 2026-09-17T11:48:10Z
[collector] snapshot #713 2026-09-17T11:48:11Z
[collector] snapshot #714 2026-09-17T11:48:12Z
[collector] snapshot #715 2026-09-17T11:48:13Z
[collector] snapshot #716 2026-09-17T11:48:14Z
[collector] snapshot #717 2026-09-17T11:48:15Z
[collector] snapshot #718 2026-09-17T11:48:16Z
[collector] snapshot #719 2026-09-17T11:48:17Z
[collector] snapshot #720 2026-09-17T11:48:18Z
[collector] snapshot #721 2026-09-17T11:48:19Z
[collector] snapshot #722 2026-09-17T11:48:20Z
[collector] snapshot #723 2026-09-17T11:48:21Z
[collector] snapshot #724 2026-09-17T11:48:22Z
[collector] snapshot #725 2026-09-17T11:48:23Z
[collector] snapshot #726 2026-09-17T11:48:24Z
[collector] snapshot #727 2026-09-17T11:48:25Z
[collector] snapshot #728 2026-09-17T11:48:26Z
[collector] snapshot #729 2026-09-17T11:48:27Z
[collector] snapshot #730 2026-09-17T11:48:28Z
[collector] snapshot #731 2026-09-17T11:48:29Z
[collector] snapshot #732 2026-09-17T11:48:30Z
[collector] snapshot #733 2026-09-17T11:48:31Z
[collector] snapshot #734 2026-09-17T11:48:32Z
[collector] snapshot #735 2026-09-17T11:48:33Z
[collector] snapshot #736 2026-09-17T11:48:34Z
[collector] snapshot #737 2026-09-17T11:48:35Z
[collector] snapshot #738 2026-09-17T11:48:36Z
[collector] snapshot #739 2026-09-17T11:48:37Z
[collector] snapshot #740 2026-09-17T11:48:38Z
[collector] snapshot #741 2026-09-17T11:48:39Z
[collector] snapshot #742 2026-09-17T11:48:40Z
[collector] snapshot #743 2026-09-17T11:48:41Z
[collector] snapshot #744 2026-09-17T11:48:42Z
[collector] snapshot #745 2026-09-17T11:48:43Z
[collector] snapshot #746 2026-09-17T11:48:44Z
[collector] snapshot #747 2026-09-17T11:48:45Z
[collector] snapshot #748 2026-09-17T11:48:46Z
[collector] snapshot #749 2026-09-17T11:48:47Z
[collector] snapshot #750 2026-09-17T11:48:48Z
[collector] snapshot #751 2026-09-17T11:48:49Z
[collector] snapshot #752 2026-09-17T11:48:50Z
[collector] snapshot #753 2026-09-17T11:48:51Z
[collector] snapshot #754 2026-09-17T11:48:52Z
[collector] snapshot #755 2026-09-17T11:48:53Z
[collector] snapshot #756 2026-09-17T11:48:54Z
[collector] snapshot #757 2026-09-17T11:48:55Z
[collector] snapshot #758 2026-09-17T11:48:56Z
[collector] snapshot #759 2026-09-17T11:48:57Z
[collector] snapshot #760 2026-09-17T11:48:58Z
[collector] snapshot #761 2026-09-17T11:48:59Z
[collector] snapshot #762 2026-09-17T11:49:00Z
[collector] snapshot #763 2026-09-17T11:49:01Z
[collector] snapshot #764 2026-09-17T11:49:02Z
[collector] snapshot #765 2026-09-17T11:49:03Z
[collector] snapshot #766 2026-09-17T11:49:04Z
[collector] snapshot #767 2026-09-17T11:49:05Z
[collector] snapshot #768 2026-09-17T11:49:06Z
[collector] snapshot #769 2026-09-17T11:49:07Z
[collector] snapshot #770 2026-09-17T11:49:08Z
[collector] snapshot #771 2026-09-17T11:49:09Z
[collector] snapshot #772 2026-09-17T11:49:10Z
[collector] snapshot #773 2026-09-17T11:49:11Z
[collector] snapshot #774 2026-09-17T11:49:12Z
[collector] snapshot #775 2026-09-17T11:49:13Z
[collector] snapshot #776 2026-09-17T11:49:14Z
[collector] snapshot #777 2026-09-17T11:49:15Z
[collector] snapshot #778 2026-09-17T11:49:16Z
[collector] snapshot #779 2026-09-17T11:49:17Z
[collector] snapshot #780 2026-09-17T11:49:18Z
[collector] snapshot #781 2026-09-17T11:49:19Z
[collector] snapshot #782 2026-09-17T11:49:20Z
[collector] snapshot #783 2026-09-17T11:49:21Z
[collector] snapshot #784 2026-09-17T11:49:22Z
[collector] snapshot #785 2026-09-17T11:49:23Z
[collector] snapshot #786 2026-09-17T11:49:24Z
[collector] snapshot #787 2026-09-17T11:49:25Z
[collector] snapshot #788 2026-09-17T11:49:26Z
[collector] snapshot #789 2026-09-17T11:49:27Z
[collector] snapshot #790 2026-09-17T11:49:28Z
[collector] snapshot #791 2026-09-17T11:49:29Z
[collector] snapshot #792 2026-09-17T11:49:30Z
[collector] snapshot #793 2026-09-17T11:49:31Z
[collector] snapshot #794 2026-09-17T11:49:32Z
[collector] snapshot #795 2026-09-17T11:49:33Z
[collector] snapshot #796 2026-09-17T11:49:34Z
[collector] snapshot #797 2026-09-17T11:49:35Z
[collector] snapshot #798 2026-09-17T11:49:36Z
[collector] snapshot #799 2026-09-17T11:49:37Z
[collector] snapshot #800 2026-09-17T11:49:38Z
[collector] snapshot #801 2026-09-17T11:49:39Z
[collector] snapshot #802 2026-09-17T11:49:40Z
[collector] snapshot #803 2026-09-17T11:49:41Z
[collector] snapshot #804 2026-09-17T11:49:42Z
[collector] snapshot #805 2026-09-17T11:49:43Z
[collector] snapshot #806 2026-09-17T11:49:44Z
[collector] snapshot #807 2026-09-17T11:49:45Z
[collector] snapshot #808 2026-09-17T11:49:46Z
[collector] snapshot #809 2026-09-17T11:49:47Z
[collector] snapshot #810 2026-09-17T11:49:48Z
[collector] snapshot #811 2026-09-17T11:49:49Z
[collector] snapshot #812 2026-09-17T11:49:50Z
[collector] snapshot #813 2026-09-17T11:49:51Z
[collector] snapshot #814 2026-09-17T11:49:52Z
[collector] snapshot #815 2026-09-17T11:49:53Z
[collector] snapshot #816 2026-09-17T11:49:54Z
[collector] snapshot #817 2026-09-17T11:49:55Z
[collector] snapshot #818 2026-09-17T11:49:56Z
[collector] snapshot #819 2026-09-17T11:49:57Z
[collector] snapshot #820 2026-09-17T11:49:58Z
[collector] snapshot #821 2026-09-17T11:49:59Z
[collector] snapshot #822 2026-09-17T11:50:00Z
[collector] snapshot #823 2026-09-17T11:50:01Z
[collector] snapshot #824 2026-09-17T11:50:02Z
[collector] snapshot #825 2026-09-17T11:50:03Z
[collector] snapshot #826 2026-09-17T11:50:04Z
[collector] snapshot #827 2026-09-17T11:50:05Z
[collector] snapshot #828 2026-09-17T11:50:06Z
[collector] snapshot #829 2026-09-17T11:50:07Z
[collector] snapshot #830 2026-09-17T11:50:08Z
[collector] snapshot #831 2026-09-17T11:50:09Z
[collector] snapshot #832 2026-09-17T11:50:10Z
[collector] snapshot #833 2026-09-17T11:50:11Z
[collector] snapshot #834 2026-09-17T11:50:12Z
[collector] snapshot #835 2026-09-17T11:50:13Z
[collector] snapshot #836 2026-09-17T11:50:14Z
[collector] snapshot #837 2026-09-17T11:50:15Z
[collector] snapshot #838 2026-09-17T11:50:16Z
[collector] snapshot #839 2026-09-17T11:50:17Z
[collector] snapshot #840 2026-09-17T11:50:18Z
[collector] snapshot #841 2026-09-17T11:50:19Z
[collector] snapshot #842 2026-09-17T11:50:20Z
[collector] snapshot #843 2026-09-17T11:50:21Z
[collector] snapshot #844 2026-09-17T11:50:22Z
[collector] snapshot #845 2026-09-17T11:50:23Z
[collector] snapshot #846 2026-09-17T11:50:24Z
[collector] snapshot #847 2026-09-17T11:50:25Z
[collector] snapshot #848 2026-09-17T11:50:26Z
[collector] snapshot #849 2026-09-17T11:50:27Z
[collector] snapshot #850 2026-09-17T11:50:28Z
[collector] snapshot #851 2026-09-17T11:50:29Z
[collector] snapshot #852 2026-09-17T11:50:30Z
[collector] snapshot #853 2026-09-17T11:50:31Z
[collector] snapshot #854 2026-09-17T11:50:32Z
[collector] snapshot #855 2026-09-17T11:50:33Z
[collector] snapshot #856 2026-09-17T11:50:34Z
[collector] snapshot #857 2026-09-17T11:50:35Z
[collector] snapshot #858 2026-09-17T11:50:36Z
[collector] snapshot #859 2026-09-17T11:50:37Z
[collector] snapshot #860 2026-09-17T11:50:38Z
[collector] snapshot #861 2026-09-17T11:50:39Z
[collector] snapshot #862 2026-09-17T11:50:40Z
[collector] snapshot #863 2026-09-17T11:50:41Z
[collector] snapshot #864 2026-09-17T11:50:42Z
[collector] snapshot #865 2026-09-17T11:50:43Z
[collector] snapshot #866 2026-09-17T11:50:44Z
[collector] snapshot #867 2026-09-17T11:50:45Z
[collector] snapshot #868 2026-09-17T11:50:46Z
[collector] snapshot #869 2026-09-17T11:50:47Z
[collector] snapshot #870 2026-09-17T11:50:48Z
[collector] snapshot #871 2026-09-17T11:50:49Z
[collector] snapshot #872 2026-09-17T11:50:50Z
[collector] snapshot #873 2026-09-17T11:50:51Z
[collector] snapshot #874 2026-09-17T11:50:52Z
[collector] snapshot #875 2026-09-17T11:50:53Z
[collector] snapshot #876 2026-09-17T11:50:54Z
[collector] snapshot #877 2026-09-17T11:50:55Z
[collector] snapshot #878 2026-09-17T11:50:56Z
[collector] snapshot #879 2026-09-17T11:50:57Z
[collector] snapshot #880 2026-09-17T11:50:58Z
[collector] snapshot #881 2026-09-17T11:50:59Z
[collector] snapshot #882 2026-09-17T11:51:00Z
[collector] snapshot #883 2026-09-17T11:51:01Z
[collector] snapshot #884 2026-09-17T11:51:02Z
[collector] snapshot #885 2026-09-17T11:51:03Z
[collector] snapshot #886 2026-09-17T11:51:04Z
[collector] snapshot #887 2026-09-17T11:51:05Z
[collector] snapshot #888 2026-09-17T11:51:06Z
[collector] snapshot #889 2026-09-17T11:51:07Z
[collector] snapshot #890 2026-09-17T11:51:08Z
[collector] snapshot #891 2026-09-17T11:51:09Z
[collector] snapshot #892 2026-09-17T11:51:10Z
[collector] snapshot #893 2026-09-17T11:51:11Z
[collector] snapshot #894 2026-09-17T11:51:12Z
[collector] snapshot #895 2026-09-17T11:51:13Z
[collector] snapshot #896 2026-09-17T11:51:14Z
[collector] snapshot #897 2026-09-17T11:51:15Z
[collector] snapshot #898 2026-09-17T11:51:16Z
[collector] snapshot #899 2026-09-17T11:51:17Z
[collector] snapshot #900 2026-09-17T11:51:18Z
[collector] snapshot #901 2026-09-17T11:51:19Z
[collector] snapshot #902 2026-09-17T11:51:20Z
[collector] snapshot #903 2026-09-17T11:51:21Z
[collector] snapshot #904 2026-09-17T11:51:22Z
[collector] snapshot #905 2026-09-17T11:51:23Z
[collector] snapshot #906 2026-09-17T11:51:24Z
[collector] snapshot #907 2026-09-17T11:51:25Z
[collector] snapshot #908 2026-09-17T11:51:26Z
[collector] snapshot #909 2026-09-17T11:51:27Z
[collector] snapshot #910 2026-09-17T11:51:28Z
[collector] snapshot #911 2026-09-17T11:51:29Z
[collector] snapshot #912 2026-09-17T11:51:30Z
[collector] snapshot #913 2026-09-17T11:51:31Z
[collector] snapshot #914 2026-09-17T11:51:32Z
[collector] snapshot #915 2026-09-17T11:51:33Z
[collector] snapshot #916 2026-09-17T11:51:34Z
[collector] snapshot #917 2026-09-17T11:51:35Z
[collector] snapshot #918 2026-09-17T11:51:36Z
[collector] snapshot #919 2026-09-17T11:51:37Z
[collector] snapshot #920 2026-09-17T11:51:38Z
[collector] snapshot #921 2026-09-17T11:51:39Z
[collector] snapshot #922 2026-09-17T11:51:40Z
[collector] snapshot #923 2026-09-17T11:51:41Z
[collector] snapshot #924 2026-09-17T11:51:42Z
[collector] snapshot #925 2026-09-17T11:51:43Z
[collector] snapshot #926 2026-09-17T11:51:44Z
[collector] snapshot #927 2026-09-17T11:51:45Z
[collector] snapshot #928 2026-09-17T11:51:46Z
[collector] snapshot #929 2026-09-17T11:51:47Z
[collector] snapshot #930 2026-09-17T11:51:48Z
[collector] snapshot #931 2026-09-17T11:51:49Z
[collector] snapshot #932 2026-09-17T11:51:50Z
[collector] snapshot #933 2026-09-17T11:51:51Z
[collector] snapshot #934 2026-09-17T11:51:52Z
[collector] snapshot #935 2026-09-17T11:51:53Z
[collector] snapshot #936 2026-09-17T11:51:54Z
[collector] snapshot #937 2026-09-17T11:51:55Z
[collector] snapshot #938 2026-09-17T11:51:56Z
[collector] snapshot #939 2026-09-17T11:51:57Z
[collector] snapshot #940 2026-09-17T11:51:58Z
[collector] snapshot #941 2026-09-17T11:51:59Z
[collector] snapshot #942 2026-09-17T11:52:00Z
[collector] snapshot #943 2026-09-17T11:52:01Z
[collector] snapshot #944 2026-09-17T11:52:02Z
[collector] snapshot #945 2026-09-17T11:52:03Z
[collector] snapshot #946 2026-09-17T11:52:04Z
[collector] snapshot #947 2026-09-17T11:52:05Z
[collector] snapshot #948 2026-09-17T11:52:06Z
[collector] snapshot #949 2026-09-17T11:52:07Z
[collector] snapshot #950 2026-09-17T11:52:08Z
[collector] snapshot #951 2026-09-17T11:52:09Z
[collector] snapshot #952 2026-09-17T11:52:10Z
[collector] snapshot #953 2026-09-17T11:52:11Z
[collector] snapshot #954 2026-09-17T11:52:12Z
[collector] snapshot #955 2026-09-17T11:52:13Z
[collector] snapshot #956 2026-09-17T11:52:14Z
[collector] snapshot #957 2026-09-17T11:52:15Z
[collector] snapshot #958 2026-09-17T11:52:16Z
[collector] snapshot #959 2026-09-17T11:52:17Z
[collector] snapshot #960 2026-09-17T11:52:18Z
[collector] snapshot #961 2026-09-17T11:52:19Z
[collector] snapshot #962 2026-09-17T11:52:20Z
[collector] snapshot #963 2026-09-17T11:52:21Z
[collector] snapshot #964 2026-09-17T11:52:22Z
[collector] snapshot #965 2026-09-17T11:52:23Z
[collector] snapshot #966 2026-09-17T11:52:24Z
[collector] snapshot #967 2026-09-17T11:52:25Z
[collector] snapshot #968 2026-09-17T11:52:26Z
[collector] snapshot #969 2026-09-17T11:52:27Z
[collector] snapshot #970 2026-09-17T11:52:28Z
[collector] snapshot #971 2026-09-17T11:52:29Z
[collector] snapshot #972 2026-09-17T11:52:30Z
[collector] snapshot #973 2026-09-17T11:52:31Z
[collector] snapshot #974 2026-09-17T11:52:32Z
[collector] snapshot #975 2026-09-17T11:52:33Z
[collector] snapshot #976 2026-09-17T11:52:34Z
[collector] snapshot #977 2026-09-17T11:52:35Z
[collector] snapshot #978 2026-09-17T11:52:36Z
[collector] snapshot #979 2026-09-17T11:52:37Z
[collector] snapshot #980 2026-09-17T11:52:38Z
[collector] snapshot #981 2026-09-17T11:52:39Z
[collector] snapshot #982 2026-09-17T11:52:40Z
[collector] snapshot #983 2026-09-17T11:52:41Z
[collector] snapshot #984 2026-09-17T11:52:42Z
[collector] snapshot #985 2026-09-17T11:52:43Z
[collector] snapshot #986 2026-09-17T11:52:44Z
[collector] snapshot #987 2026-09-17T11:52:45Z
[collector] snapshot #988 2026-09-17T11:52:46Z
[collector] snapshot #989 2026-09-17T11:52:47Z
[collector] snapshot #990 2026-09-17T11:52:48Z
[collector] snapshot #991 2026-09-17T11:52:49Z
[collector] snapshot #992 2026-09-17T11:52:50Z
[collector] snapshot #993 2026-09-17T11:52:51Z
[collector] snapshot #994 2026-09-17T11:52:52Z
[collector] snapshot #995 2026-09-17T11:52:53Z
[collector] snapshot #996 2026-09-17T11:52:54Z
[collector] snapshot #997 2026-09-17T11:52:55Z
[collector] snapshot #998 2026-09-17T11:52:56Z
[collector] snapshot #999 2026-09-17T11:52:57Z
[collector] snapshot #1000 2026-09-17T11:52:58Z
[collector] snapshot #1001 2026-09-17T11:52:59Z
[collector] snapshot #1002 2026-09-17T11:53:00Z
[collector] snapshot #1003 2026-09-17T11:53:01Z
[collector] snapshot #1004 2026-09-17T11:53:02Z
[collector] snapshot #1005 2026-09-17T11:53:03Z
[collector] snapshot #1006 2026-09-17T11:53:04Z
[collector] snapshot #1007 2026-09-17T11:53:05Z
[collector] snapshot #1008 2026-09-17T11:53:06Z
[collector] snapshot #1009 2026-09-17T11:53:07Z
[collector] snapshot #1010 2026-09-17T11:53:08Z
[collector] snapshot #1011 2026-09-17T11:53:09Z
[collector] snapshot #1012 2026-09-17T11:53:10Z
[collector] snapshot #1013 2026-09-17T11:53:11Z
[collector] snapshot #1014 2026-09-17T11:53:12Z
[collector] snapshot #1015 2026-09-17T11:53:13Z
[collector] snapshot #1016 2026-09-17T11:53:14Z
[collector] snapshot #1017 2026-09-17T11:53:15Z
[collector] snapshot #1018 2026-09-17T11:53:16Z
[collector] snapshot #1019 2026-09-17T11:53:17Z
[collector] snapshot #1020 2026-09-17T11:53:18Z
[collector] snapshot #1021 2026-09-17T11:53:19Z
[collector] snapshot #1022 2026-09-17T11:53:20Z
[collector] snapshot #1023 2026-09-17T11:53:21Z
[collector] snapshot #1024 2026-09-17T11:53:22Z
[collector] snapshot #1025 2026-09-17T11:53:23Z
[collector] snapshot #1026 2026-09-17T11:53:24Z
[collector] snapshot #1027 2026-09-17T11:53:25Z
[collector] snapshot #1028 2026-09-17T11:53:26Z
[collector] snapshot #1029 2026-09-17T11:53:27Z
[collector] snapshot #1030 2026-09-17T11:53:28Z
[collector] snapshot #1031 2026-09-17T11:53:29Z
[collector] snapshot #1032 2026-09-17T11:53:30Z
[collector] snapshot #1033 2026-09-17T11:53:31Z
[collector] snapshot #1034 2026-09-17T11:53:32Z
[collector] snapshot #1035 2026-09-17T11:53:33Z
[collector] snapshot #1036 2026-09-17T11:53:34Z
[collector] snapshot #1037 2026-09-17T11:53:35Z
[collector] snapshot #1038 2026-09-17T11:53:36Z
[collector] snapshot #1039 2026-09-17T11:53:37Z
[collector] snapshot #1040 2026-09-17T11:53:38Z
[collector] snapshot #1041 2026-09-17T11:53:39Z
[collector] snapshot #1042 2026-09-17T11:53:40Z
[collector] snapshot #1043 2026-09-17T11:53:41Z
[collector] snapshot #1044 2026-09-17T11:53:42Z
[collector] snapshot #1045 2026-09-17T11:53:43Z
[collector] snapshot #1046 2026-09-17T11:53:44Z
[collector] snapshot #1047 2026-09-17T11:53:45Z
[collector] snapshot #1048 2026-09-17T11:53:46Z
[collector] snapshot #1049 2026-09-17T11:53:47Z
[collector] snapshot #1050 2026-09-17T11:53:48Z
[collector] snapshot #1051 2026-09-17T11:53:49Z
[collector] snapshot #1052 2026-09-17T11:53:50Z
[collector] snapshot #1053 2026-09-17T11:53:51Z
[collector] snapshot #1054 2026-09-17T11:53:52Z
[collector] snapshot #1055 2026-09-17T11:53:53Z
[collector] snapshot #1056 2026-09-17T11:53:54Z
[collector] snapshot #1057 2026-09-17T11:53:55Z
[collector] snapshot #1058 2026-09-17T11:53:56Z
[collector] snapshot #1059 2026-09-17T11:53:57Z
[collector] snapshot #1060 2026-09-17T11:53:58Z
[collector] snapshot #1061 2026-09-17T11:53:59Z
[collector] snapshot #1062 2026-09-17T11:54:00Z
[collector] snapshot #1063 2026-09-17T11:54:01Z
[collector] snapshot #1064 2026-09-17T11:54:02Z
[collector] snapshot #1065 2026-09-17T11:54:03Z
[collector] snapshot #1066 2026-09-17T11:54:04Z
[collector] snapshot #1067 2026-09-17T11:54:05Z
[collector] snapshot #1068 2026-09-17T11:54:06Z
[collector] snapshot #1069 2026-09-17T11:54:07Z
[collector] snapshot #1070 2026-09-17T11:54:08Z
[collector] snapshot #1071 2026-09-17T11:54:09Z
[collector] snapshot #1072 2026-09-17T11:54:10Z
[collector] snapshot #1073 2026-09-17T11:54:11Z
[collector] snapshot #1074 2026-09-17T11:54:12Z
[collector] snapshot #1075 2026-09-17T11:54:13Z
[collector] snapshot #1076 2026-09-17T11:54:14Z
[collector] snapshot #1077 2026-09-17T11:54:15Z
[collector] snapshot #1078 2026-09-17T11:54:16Z
[collector] snapshot #1079 2026-09-17T11:54:17Z
[collector] snapshot #1080 2026-09-17T11:54:18Z
[collector] snapshot #1081 2026-09-17T11:54:19Z
[collector] snapshot #1082 2026-09-17T11:54:20Z
[collector] snapshot #1083 2026-09-17T11:54:21Z
[collector] snapshot #1084 2026-09-17T11:54:22Z
[collector] snapshot #1085 2026-09-17T11:54:23Z
[collector] snapshot #1086 2026-09-17T11:54:24Z
[collector] snapshot #1087 2026-09-17T11:54:25Z
[collector] snapshot #1088 2026-09-17T11:54:26Z
[collector] snapshot #1089 2026-09-17T11:54:27Z
[collector] snapshot #1090 2026-09-17T11:54:28Z
[collector] snapshot #1091 2026-09-17T11:54:29Z
[collector] snapshot #1092 2026-09-17T11:54:30Z
[collector] snapshot #1093 2026-09-17T11:54:31Z
[collector] snapshot #1094 2026-09-17T11:54:32Z
[collector] snapshot #1095 2026-09-17T11:54:33Z
[collector] snapshot #1096 2026-09-17T11:54:34Z
[collector] snapshot #1097 2026-09-17T11:54:35Z
[collector] snapshot #1098 2026-09-17T11:54:36Z
[collector] snapshot #1099 2026-09-17T11:54:37Z
[collector] snapshot #1100 2026-09-17T11:54:38Z
[collector] snapshot #1101 2026-09-17T11:54:39Z
[collector] snapshot #1102 2026-09-17T11:54:40Z
[collector] snapshot #1103 2026-09-17T11:54:41Z
[collector] snapshot #1104 2026-09-17T11:54:42Z
[collector] snapshot #1105 2026-09-17T11:54:43Z
[collector] snapshot #1106 2026-09-17T11:54:44Z
[collector] snapshot #1107 2026-09-17T11:54:45Z
[collector] snapshot #1108 2026-09-17T11:54:46Z
[collector] snapshot #1109 2026-09-17T11:54:47Z
[collector] snapshot #1110 2026-09-17T11:54:48Z
[collector] snapshot #1111 2026-09-17T11:54:49Z
[collector] snapshot #1112 2026-09-17T11:54:50Z
[collector] snapshot #1113 2026-09-17T11:54:51Z
[collector] snapshot #1114 2026-09-17T11:54:52Z
[collector] snapshot #1115 2026-09-17T11:54:53Z
[collector] snapshot #1116 2026-09-17T11:54:54Z
[collector] snapshot #1117 2026-09-17T11:54:55Z
[collector] snapshot #1118 2026-09-17T11:54:56Z
[collector] snapshot #1119 2026-09-17T11:54:57Z
[collector] snapshot #1120 2026-09-17T11:54:58Z
[collector] snapshot #1121 2026-09-17T11:54:59Z
[collector] snapshot #1122 2026-09-17T11:55:00Z
[collector] snapshot #1123 2026-09-17T11:55:01Z
[collector] snapshot #1124 2026-09-17T11:55:02Z
[collector] snapshot #1125 2026-09-17T11:55:03Z
[collector] snapshot #1126 2026-09-17T11:55:04Z
[collector] snapshot #1127 2026-09-17T11:55:05Z
[collector] snapshot #1128 2026-09-17T11:55:06Z
[collector] snapshot #1129 2026-09-17T11:55:07Z
[collector] snapshot #1130 2026-09-17T11:55:08Z
[collector] snapshot #1131 2026-09-17T11:55:09Z
[collector] snapshot #1132 2026-09-17T11:55:10Z
[collector] snapshot #1133 2026-09-17T11:55:11Z
[collector] snapshot #1134 2026-09-17T11:55:12Z
[collector] snapshot #1135 2026-09-17T11:55:13Z
[collector] snapshot #1136 2026-09-17T11:55:14Z
[collector] snapshot #1137 2026-09-17T11:55:15Z
[collector] snapshot #1138 2026-09-17T11:55:16Z
[collector] snapshot #1139 2026-09-17T11:55:17Z
[collector] snapshot #1140 2026-09-17T11:55:18Z
[collector] snapshot #1141 2026-09-17T11:55:19Z
[collector] snapshot #1142 2026-09-17T11:55:20Z
[collector] snapshot #1143 2026-09-17T11:55:21Z
[collector] snapshot #1144 2026-09-17T11:55:22Z
[collector] snapshot #1145 2026-09-17T11:55:23Z
[collector] snapshot #1146 2026-09-17T11:55:24Z
[collector] snapshot #1147 2026-09-17T11:55:25Z
[collector] snapshot #1148 2026-09-17T11:55:26Z
[collector] snapshot #1149 2026-09-17T11:55:27Z
[collector] snapshot #1150 2026-09-17T11:55:28Z
[collector] snapshot #1151 2026-09-17T11:55:29Z
[collector] snapshot #1152 2026-09-17T11:55:30Z
[collector] snapshot #1153 2026-09-17T11:55:31Z
[collector] snapshot #1154 2026-09-17T11:55:32Z
[collector] snapshot #1155 2026-09-17T11:55:33Z
[collector] snapshot #1156 2026-09-17T11:55:34Z
[collector] snapshot #1157 2026-09-17T11:55:35Z
[collector] snapshot #1158 2026-09-17T11:55:36Z
[collector] snapshot #1159 2026-09-17T11:55:37Z
[collector] snapshot #1160 2026-09-17T11:55:38Z
[collector] snapshot #1161 2026-09-17T11:55:39Z
[collector] snapshot #1162 2026-09-17T11:55:40Z
[collector] snapshot #1163 2026-09-17T11:55:41Z
[collector] snapshot #1164 2026-09-17T11:55:42Z
[collector] snapshot #1165 2026-09-17T11:55:43Z
[collector] snapshot #1166 2026-09-17T11:55:44Z
[collector] snapshot #1167 2026-09-17T11:55:45Z
[collector] snapshot #1168 2026-09-17T11:55:46Z
[collector] snapshot #1169 2026-09-17T11:55:47Z
[collector] snapshot #1170 2026-09-17T11:55:48Z
[collector] snapshot #1171 2026-09-17T11:55:49Z
[collector] snapshot #1172 2026-09-17T11:55:50Z
[collector] snapshot #1173 2026-09-17T11:55:51Z
[collector] snapshot #1174 2026-09-17T11:55:52Z
[collector] snapshot #1175 2026-09-17T11:55:53Z
[collector] snapshot #1176 2026-09-17T11:55:54Z
[collector] snapshot #1177 2026-09-17T11:55:55Z
[collector] snapshot #1178 2026-09-17T11:55:56Z
[collector] snapshot #1179 2026-09-17T11:55:57Z
[collector] snapshot #1180 2026-09-17T11:55:58Z
[collector] snapshot #1181 2026-09-17T11:55:59Z
[collector] snapshot #1182 2026-09-17T11:56:00Z
[collector] snapshot #1183 2026-09-17T11:56:01Z
[collector] snapshot #1184 2026-09-17T11:56:02Z
[collector] snapshot #1185 2026-09-17T11:56:03Z
[collector] snapshot #1186 2026-09-17T11:56:04Z
[collector] snapshot #1187 2026-09-17T11:56:05Z
[collector] snapshot #1188 2026-09-17T11:56:06Z
[collector] snapshot #1189 2026-09-17T11:56:07Z
[collector] snapshot #1190 2026-09-17T11:56:08Z
[collector] snapshot #1191 2026-09-17T11:56:09Z
[collector] snapshot #1192 2026-09-17T11:56:10Z
[collector] snapshot #1193 2026-09-17T11:56:11Z
[collector] snapshot #1194 2026-09-17T11:56:12Z
[collector] snapshot #1195 2026-09-17T11:56:13Z
[collector] snapshot #1196 2026-09-17T11:56:14Z
[collector] snapshot #1197 2026-09-17T11:56:15Z
[collector] snapshot #1198 2026-09-17T11:56:16Z
[collector] snapshot #1199 2026-09-17T11:56:17Z
[collector] snapshot #1200 2026-09-17T11:56:18Z
[collector] snapshot #1201 2026-09-17T11:56:19Z
[collector] snapshot #1202 2026-09-17T11:56:20Z
[collector] snapshot #1203 2026-09-17T11:56:21Z
[collector] snapshot #1204 2026-09-17T11:56:22Z
[collector] snapshot #1205 2026-09-17T11:56:23Z
[collector] snapshot #1206 2026-09-17T11:56:24Z
[collector] snapshot #1207 2026-09-17T11:56:25Z
[collector] snapshot #1208 2026-09-17T11:56:26Z
[collector] snapshot #1209 2026-09-17T11:56:27Z
[collector] snapshot #1210 2026-09-17T11:56:28Z
[collector] snapshot #1211 2026-09-17T11:56:29Z
[collector] snapshot #1212 2026-09-17T11:56:30Z
[collector] snapshot #1213 2026-09-17T11:56:31Z
[collector] snapshot #1214 2026-09-17T11:56:32Z
[collector] snapshot #1215 2026-09-17T11:56:33Z
[collector] snapshot #1216 2026-09-17T11:56:34Z
[collector] snapshot #1217 2026-09-17T11:56:35Z
[collector] snapshot #1218 2026-09-17T11:56:36Z
[collector] snapshot #1219 2026-09-17T11:56:37Z
[collector] snapshot #1220 2026-09-17T11:56:38Z
[collector] snapshot #1221 2026-09-17T11:56:39Z
[collector] snapshot #1222 2026-09-17T11:56:40Z
[collector] snapshot #1223 2026-09-17T11:56:41Z
[collector] snapshot #1224 2026-09-17T11:56:42Z
[collector] snapshot #1225 2026-09-17T11:56:43Z
[collector] snapshot #1226 2026-09-17T11:56:44Z
[collector] snapshot #1227 2026-09-17T11:56:45Z
[collector] snapshot #1228 2026-09-17T11:56:46Z
[collector] snapshot #1229 2026-09-17T11:56:47Z
[collector] snapshot #1230 2026-09-17T11:56:48Z
[collector] snapshot #1231 2026-09-17T11:56:49Z
[collector] snapshot #1232 2026-09-17T11:56:50Z
[collector] snapshot #1233 2026-09-17T11:56:51Z
[collector] snapshot #1234 2026-09-17T11:56:52Z
[collector] snapshot #1235 2026-09-17T11:56:53Z
[collector] snapshot #1236 2026-09-17T11:56:54Z
[collector] snapshot #1237 2026-09-17T11:56:55Z
[collector] snapshot #1238 2026-09-17T11:56:56Z
[collector] snapshot #1239 2026-09-17T11:56:57Z
[collector] snapshot #1240 2026-09-17T11:56:58Z
[collector] snapshot #1241 2026-09-17T11:56:59Z
[collector] snapshot #1242 2026-09-17T11:57:00Z
[collector] snapshot #1243 2026-09-17T11:57:01Z
[collector] snapshot #1244 2026-09-17T11:57:02Z
[collector] snapshot #1245 2026-09-17T11:57:03Z
[collector] snapshot #1246 2026-09-17T11:57:04Z
[collector] snapshot #1247 2026-09-17T11:57:05Z
[collector] snapshot #1248 2026-09-17T11:57:06Z
[collector] snapshot #1249 2026-09-17T11:57:07Z
[collector] snapshot #1250 2026-09-17T11:57:08Z
[collector] snapshot #1251 2026-09-17T11:57:09Z
[collector] snapshot #1252 2026-09-17T11:57:10Z
[collector] snapshot #1253 2026-09-17T11:57:11Z
[collector] snapshot #1254 2026-09-17T11:57:12Z
[collector] snapshot #1255 2026-09-17T11:57:13Z
[collector] snapshot #1256 2026-09-17T11:57:14Z
[collector] snapshot #1257 2026-09-17T11:57:15Z
[collector] snapshot #1258 2026-09-17T11:57:16Z
[collector] snapshot #1259 2026-09-17T11:57:17Z
[collector] snapshot #1260 2026-09-17T11:57:18Z
[collector] snapshot #1261 2026-09-17T11:57:19Z
[collector] snapshot #1262 2026-09-17T11:57:20Z
[collector] snapshot #1263 2026-09-17T11:57:21Z
[collector] snapshot #1264 2026-09-17T11:57:22Z
[collector] snapshot #1265 2026-09-17T11:57:23Z
[collector] snapshot #1266 2026-09-17T11:57:24Z
[collector] snapshot #1267 2026-09-17T11:57:25Z
[collector] snapshot #1268 2026-09-17T11:57:26Z
[collector] snapshot #1269 2026-09-17T11:57:27Z
[collector] snapshot #1270 2026-09-17T11:57:28Z
[collector] snapshot #1271 2026-09-17T11:57:29Z
[collector] snapshot #1272 2026-09-17T11:57:30Z
[collector] snapshot #1273 2026-09-17T11:57:31Z
[collector] snapshot #1274 2026-09-17T11:57:32Z
[collector] snapshot #1275 2026-09-17T11:57:33Z
[collector] snapshot #1276 2026-09-17T11:57:34Z
[collector] snapshot #1277 2026-09-17T11:57:35Z
[collector] snapshot #1278 2026-09-17T11:57:36Z
[collector] snapshot #1279 2026-09-17T11:57:37Z
[collector] snapshot #1280 2026-09-17T11:57:38Z
[collector] snapshot #1281 2026-09-17T11:57:39Z
[collector] snapshot #1282 2026-09-17T11:57:40Z
[collector] snapshot #1283 2026-09-17T11:57:41Z
[collector] snapshot #1284 2026-09-17T11:57:42Z
[collector] snapshot #1285 2026-09-17T11:57:43Z
[collector] snapshot #1286 2026-09-17T11:57:44Z
[collector] snapshot #1287 2026-09-17T11:57:45Z
[collector] snapshot #1288 2026-09-17T11:57:46Z
[collector] snapshot #1289 2026-09-17T11:57:47Z
[collector] snapshot #1290 2026-09-17T11:57:48Z
[collector] snapshot #1291 2026-09-17T11:57:49Z
[collector] snapshot #1292 2026-09-17T11:57:50Z
[collector] snapshot #1293 2026-09-17T11:57:51Z
[collector] snapshot #1294 2026-09-17T11:57:52Z
[collector] snapshot #1295 2026-09-17T11:57:53Z
[collector] snapshot #1296 2026-09-17T11:57:54Z
[collector] snapshot #1297 2026-09-17T11:57:55Z
[collector] snapshot #1298 2026-09-17T11:57:56Z
[collector] snapshot #1299 2026-09-17T11:57:57Z
[collector] snapshot #1300 2026-09-17T11:57:58Z
[collector] snapshot #1301 2026-09-17T11:57:59Z
[collector] snapshot #1302 2026-09-17T11:58:00Z
[collector] snapshot #1303 2026-09-17T11:58:01Z
[collector] snapshot #1304 2026-09-17T11:58:02Z
[collector] snapshot #1305 2026-09-17T11:58:03Z
[collector] snapshot #1306 2026-09-17T11:58:04Z
[collector] snapshot #1307 2026-09-17T11:58:05Z
[collector] snapshot #1308 2026-09-17T11:58:06Z
[collector] snapshot #1309 2026-09-17T11:58:07Z
[collector] snapshot #1310 2026-09-17T11:58:08Z
[collector] snapshot #1311 2026-09-17T11:58:09Z
[collector] snapshot #1312 2026-09-17T11:58:10Z
[collector] snapshot #1313 2026-09-17T11:58:11Z
[collector] snapshot #1314 2026-09-17T11:58:12Z
[collector] snapshot #1315 2026-09-17T11:58:13Z
[collector] snapshot #1316 2026-09-17T11:58:14Z
[collector] snapshot #1317 2026-09-17T11:58:15Z
[collector] snapshot #1318 2026-09-17T11:58:16Z
[collector] snapshot #1319 2026-09-17T11:58:17Z
[collector] snapshot #1320 2026-09-17T11:58:18Z
[collector] snapshot #1321 2026-09-17T11:58:19Z
[collector] snapshot #1322 2026-09-17T11:58:20Z
[collector] snapshot #1323 2026-09-17T11:58:21Z
[collector] snapshot #1324 2026-09-17T11:58:22Z
[collector] snapshot #1325 2026-09-17T11:58:23Z
[collector] snapshot #1326 2026-09-17T11:58:24Z
[collector] snapshot #1327 2026-09-17T11:58:25Z
[collector] snapshot #1328 2026-09-17T11:58:26Z
[collector] snapshot #1329 2026-09-17T11:58:27Z
[collector] snapshot #1330 2026-09-17T11:58:28Z
[collector] snapshot #1331 2026-09-17T11:58:29Z
[collector] snapshot #1332 2026-09-17T11:58:30Z
[collector] snapshot #1333 2026-09-17T11:58:31Z
[collector] snapshot #1334 2026-09-17T11:58:32Z
[collector] snapshot #1335 2026-09-17T11:58:33Z
[collector] snapshot #1336 2026-09-17T11:58:34Z
[collector] snapshot #1337 2026-09-17T11:58:35Z
[collector] snapshot #1338 2026-09-17T11:58:36Z
[collector] snapshot #1339 2026-09-17T11:58:37Z
[collector] snapshot #1340 2026-09-17T11:58:38Z
[collector] snapshot #1341 2026-09-17T11:58:39Z
[collector] snapshot #1342 2026-09-17T11:58:40Z
[collector] snapshot #1343 2026-09-17T11:58:41Z
[collector] snapshot #1344 2026-09-17T11:58:42Z
[collector] snapshot #1345 2026-09-17T11:58:43Z
[collector] snapshot #1346 2026-09-17T11:58:44Z
[collector] snapshot #1347 2026-09-17T11:58:45Z
[collector] snapshot #1348 2026-09-17T11:58:46Z
[collector] snapshot #1349 2026-09-17T11:58:47Z
[collector] snapshot #1350 2026-09-17T11:58:48Z
[collector] snapshot #1351 2026-09-17T11:58:49Z
[collector] snapshot #1352 2026-09-17T11:58:50Z
[collector] snapshot #1353 2026-09-17T11:58:51Z
[collector] snapshot #1354 2026-09-17T11:58:52Z
[collector] snapshot #1355 2026-09-17T11:58:53Z
[collector] snapshot #1356 2026-09-17T11:58:54Z
[collector] snapshot #1357 2026-09-17T11:58:55Z
[collector] snapshot #1358 2026-09-17T11:58:56Z
[collector] snapshot #1359 2026-09-17T11:58:57Z
[collector] snapshot #1360 2026-09-17T11:58:58Z
[collector] snapshot #1361 2026-09-17T11:58:59Z
[collector] snapshot #1362 2026-09-17T11:59:00Z
[collector] snapshot #1363 2026-09-17T11:59:01Z
[collector] snapshot #1364 2026-09-17T11:59:02Z
[collector] snapshot #1365 2026-09-17T11:59:03Z
[collector] snapshot #1366 2026-09-17T11:59:04Z
[collector] snapshot #1367 2026-09-17T11:59:05Z
[collector] snapshot #1368 2026-09-17T11:59:06Z
[collector] snapshot #1369 2026-09-17T11:59:07Z
[collector] snapshot #1370 2026-09-17T11:59:08Z
[collector] snapshot #1371 2026-09-17T11:59:09Z
[collector] snapshot #1372 2026-09-17T11:59:10Z
[collector] snapshot #1373 2026-09-17T11:59:11Z
[collector] snapshot #1374 2026-09-17T11:59:12Z
[collector] snapshot #1375 2026-09-17T11:59:13Z
[collector] snapshot #1376 2026-09-17T11:59:14Z
[collector] snapshot #1377 2026-09-17T11:59:15Z
[collector] snapshot #1378 2026-09-17T11:59:16Z
[collector] snapshot #1379 2026-09-17T11:59:17Z
[collector] snapshot #1380 2026-09-17T11:59:18Z
[collector] snapshot #1381 2026-09-17T11:59:19Z
[collector] snapshot #1382 2026-09-17T11:59:20Z
[collector] snapshot #1383 2026-09-17T11:59:21Z
[collector] snapshot #1384 2026-09-17T11:59:22Z
[collector] snapshot #1385 2026-09-17T11:59:23Z
[collector] snapshot #1386 2026-09-17T11:59:24Z
[collector] snapshot #1387 2026-09-17T11:59:25Z
[collector] snapshot #1388 2026-09-17T11:59:26Z
[collector] snapshot #1389 2026-09-17T11:59:27Z
[collector] snapshot #1390 2026-09-17T11:59:28Z
[collector] snapshot #1391 2026-09-17T11:59:29Z
[collector] snapshot #1392 2026-09-17T11:59:30Z
[collector] snapshot #1393 2026-09-17T11:59:31Z
[collector] snapshot #1394 2026-09-17T11:59:32Z
[collector] snapshot #1395 2026-09-17T11:59:33Z
[collector] snapshot #1396 2026-09-17T11:59:34Z
[collector] snapshot #1397 2026-09-17T11:59:35Z
[collector] snapshot #1398 2026-09-17T11:59:36Z
[collector] snapshot #1399 2026-09-17T11:59:37Z
[collector] snapshot #1400 2026-09-17T11:59:38Z
[collector] snapshot #1401 2026-09-17T11:59:39Z
[collector] snapshot #1402 2026-09-17T11:59:40Z
[collector] snapshot #1403 2026-09-17T11:59:41Z
[collector] snapshot #1404 2026-09-17T11:59:42Z
[collector] snapshot #1405 2026-09-17T11:59:43Z
[collector] snapshot #1406 2026-09-17T11:59:44Z
[collector] snapshot #1407 2026-09-17T11:59:45Z
[collector] snapshot #1408 2026-09-17T11:59:46Z
[collector] snapshot #1409 2026-09-17T11:59:47Z
[collector] snapshot #1410 2026-09-17T11:59:48Z
[collector] snapshot #1411 2026-09-17T11:59:49Z
[collector] snapshot #1412 2026-09-17T11:59:50Z
[collector] snapshot #1413 2026-09-17T11:59:51Z
[collector] snapshot #1414 2026-09-17T11:59:52Z
[collector] snapshot #1415 2026-09-17T11:59:53Z
[collector] snapshot #1416 2026-09-17T11:59:54Z
[collector] snapshot #1417 2026-09-17T11:59:55Z
[collector] snapshot #1418 2026-09-17T11:59:56Z
[collector] snapshot #1419 2026-09-17T11:59:57Z
[collector] snapshot #1420 2026-09-17T11:59:58Z
[collector] snapshot #1421 2026-09-17T11:59:59Z
[collector] snapshot #1422 2026-09-17T12:00:00Z
[collector] snapshot #1423 2026-09-17T12:00:01Z
[collector] snapshot #1424 2026-09-17T12:00:02Z
[collector] snapshot #1425 2026-09-17T12:00:03Z
[collector] snapshot #1426 2026-09-17T12:00:04Z
[collector] snapshot #1427 2026-09-17T12:00:05Z
[collector] snapshot #1428 2026-09-17T12:00:06Z
[collector] snapshot #1429 2026-09-17T12:00:07Z
[collector] snapshot #1430 2026-09-17T12:00:08Z
[collector] snapshot #1431 2026-09-17T12:00:09Z
[collector] snapshot #1432 2026-09-17T12:00:10Z
[collector] snapshot #1433 2026-09-17T12:00:11Z
[collector] snapshot #1434 2026-09-17T12:00:12Z
[collector] snapshot #1435 2026-09-17T12:00:13Z
[collector] snapshot #1436 2026-09-17T12:00:14Z
[collector] snapshot #1437 2026-09-17T12:00:15Z
[collector] snapshot #1438 2026-09-17T12:00:16Z
[collector] snapshot #1439 2026-09-17T12:00:17Z
[collector] snapshot #1440 2026-09-17T12:00:18Z
[collector] snapshot #1441 2026-09-17T12:00:19Z
[collector] snapshot #1442 2026-09-17T12:00:20Z
[collector] snapshot #1443 2026-09-17T12:00:21Z
[collector] snapshot #1444 2026-09-17T12:00:22Z
[collector] snapshot #1445 2026-09-17T12:00:23Z
[collector] snapshot #1446 2026-09-17T12:00:24Z
[collector] snapshot #1447 2026-09-17T12:00:25Z
[collector] snapshot #1448 2026-09-17T12:00:26Z
[collector] snapshot #1449 2026-09-17T12:00:27Z
[collector] snapshot #1450 2026-09-17T12:00:28Z
[collector] snapshot #1451 2026-09-17T12:00:29Z
[collector] snapshot #1452 2026-09-17T12:00:30Z
[collector] snapshot #1453 2026-09-17T12:00:31Z
[collector] snapshot #1454 2026-09-17T12:00:32Z
[collector] snapshot #1455 2026-09-17T12:00:33Z
[collector] snapshot #1456 2026-09-17T12:00:34Z
[collector] snapshot #1457 2026-09-17T12:00:35Z
[collector] snapshot #1458 2026-09-17T12:00:36Z
[collector] snapshot #1459 2026-09-17T12:00:37Z
[collector] snapshot #1460 2026-09-17T12:00:38Z
[collector] snapshot #1461 2026-09-17T12:00:39Z
[collector] snapshot #1462 2026-09-17T12:00:40Z
[collector] snapshot #1463 2026-09-17T12:00:41Z
[collector] snapshot #1464 2026-09-17T12:00:42Z
[collector] snapshot #1465 2026-09-17T12:00:43Z
[collector] snapshot #1466 2026-09-17T12:00:44Z
[collector] snapshot #1467 2026-09-17T12:00:45Z
[collector] snapshot #1468 2026-09-17T12:00:46Z
[collector] snapshot #1469 2026-09-17T12:00:47Z
[collector] snapshot #1470 2026-09-17T12:00:48Z
[collector] snapshot #1471 2026-09-17T12:00:49Z
[collector] snapshot #1472 2026-09-17T12:00:50Z
[collector] snapshot #1473 2026-09-17T12:00:51Z
[collector] snapshot #1474 2026-09-17T12:00:52Z
[collector] snapshot #1475 2026-09-17T12:00:53Z
[collector] snapshot #1476 2026-09-17T12:00:54Z
[collector] snapshot #1477 2026-09-17T12:00:55Z
[collector] snapshot #1478 2026-09-17T12:00:56Z
[collector] snapshot #1479 2026-09-17T12:00:57Z
[collector] snapshot #1480 2026-09-17T12:00:58Z
[collector] snapshot #1481 2026-09-17T12:00:59Z
[collector] snapshot #1482 2026-09-17T12:01:00Z
[collector] snapshot #1483 2026-09-17T12:01:01Z
[collector] snapshot #1484 2026-09-17T12:01:02Z
[collector] snapshot #1485 2026-09-17T12:01:03Z
[collector] snapshot #1486 2026-09-17T12:01:04Z
[collector] snapshot #1487 2026-09-17T12:01:05Z
[collector] snapshot #1488 2026-09-17T12:01:06Z
[collector] snapshot #1489 2026-09-17T12:01:07Z
[collector] snapshot #1490 2026-09-17T12:01:08Z
[collector] snapshot #1491 2026-09-17T12:01:09Z
[collector] snapshot #1492 2026-09-17T12:01:10Z
[collector] snapshot #1493 2026-09-17T12:01:11Z
[collector] snapshot #1494 2026-09-17T12:01:12Z
[collector] snapshot #1495 2026-09-17T12:01:13Z
[collector] snapshot #1496 2026-09-17T12:01:14Z
[collector] snapshot #1497 2026-09-17T12:01:15Z
[collector] snapshot #1498 2026-09-17T12:01:16Z
[collector] snapshot #1499 2026-09-17T12:01:17Z
[collector] snapshot #1500 2026-09-17T12:01:18Z
[collector] snapshot #1501 2026-09-17T12:01:19Z
[collector] snapshot #1502 2026-09-17T12:01:20Z
[collector] snapshot #1503 2026-09-17T12:01:21Z
[collector] snapshot #1504 2026-09-17T12:01:22Z
[collector] snapshot #1505 2026-09-17T12:01:23Z
[collector] snapshot #1506 2026-09-17T12:01:24Z
[collector] snapshot #1507 2026-09-17T12:01:25Z
[collector] snapshot #1508 2026-09-17T12:01:26Z
[collector] snapshot #1509 2026-09-17T12:01:27Z
[collector] snapshot #1510 2026-09-17T12:01:28Z
[collector] snapshot #1511 2026-09-17T12:01:29Z
[collector] snapshot #1512 2026-09-17T12:01:30Z
[collector] snapshot #1513 2026-09-17T12:01:31Z
[collector] snapshot #1514 2026-09-17T12:01:32Z
[collector] snapshot #1515 2026-09-17T12:01:33Z
[collector] snapshot #1516 2026-09-17T12:01:34Z
[collector] snapshot #1517 2026-09-17T12:01:35Z
[collector] snapshot #1518 2026-09-17T12:01:36Z
[collector] snapshot #1519 2026-09-17T12:01:37Z
[collector] snapshot #1520 2026-09-17T12:01:38Z
[collector] snapshot #1521 2026-09-17T12:01:39Z
[collector] snapshot #1522 2026-09-17T12:01:40Z
[collector] snapshot #1523 2026-09-17T12:01:41Z
[collector] snapshot #1524 2026-09-17T12:01:42Z
[collector] snapshot #1525 2026-09-17T12:01:43Z
[collector] snapshot #1526 2026-09-17T12:01:44Z
[collector] snapshot #1527 2026-09-17T12:01:45Z
[collector] snapshot #1528 2026-09-17T12:01:46Z
[collector] snapshot #1529 2026-09-17T12:01:47Z
[collector] snapshot #1530 2026-09-17T12:01:48Z
[collector] snapshot #1531 2026-09-17T12:01:49Z
[collector] snapshot #1532 2026-09-17T12:01:50Z
[collector] snapshot #1533 2026-09-17T12:01:51Z
[collector] snapshot #1534 2026-09-17T12:01:52Z
[collector] snapshot #1535 2026-09-17T12:01:53Z
[collector] snapshot #1536 2026-09-17T12:01:54Z
[collector] snapshot #1537 2026-09-17T12:01:55Z
[collector] snapshot #1538 2026-09-17T12:01:56Z
[collector] snapshot #1539 2026-09-17T12:01:57Z
[collector] snapshot #1540 2026-09-17T12:01:58Z
[collector] snapshot #1541 2026-09-17T12:01:59Z
[collector] snapshot #1542 2026-09-17T12:02:00Z
[collector] snapshot #1543 2026-09-17T12:02:01Z
[collector] snapshot #1544 2026-09-17T12:02:02Z
[collector] snapshot #1545 2026-09-17T12:02:03Z
[collector] snapshot #1546 2026-09-17T12:02:04Z
[collector] snapshot #1547 2026-09-17T12:02:05Z
[collector] snapshot #1548 2026-09-17T12:02:06Z
[collector] snapshot #1549 2026-09-17T12:02:07Z
[collector] snapshot #1550 2026-09-17T12:02:08Z
[collector] snapshot #1551 2026-09-17T12:02:09Z
[collector] snapshot #1552 2026-09-17T12:02:10Z
[collector] snapshot #1553 2026-09-17T12:02:11Z
[collector] snapshot #1554 2026-09-17T12:02:12Z
[collector] snapshot #1555 2026-09-17T12:02:13Z
[collector] snapshot #1556 2026-09-17T12:02:14Z
[collector] snapshot #1557 2026-09-17T12:02:15Z
[collector] snapshot #1558 2026-09-17T12:02:16Z
[collector] snapshot #1559 2026-09-17T12:02:17Z
[collector] snapshot #1560 2026-09-17T12:02:18Z
[collector] snapshot #1561 2026-09-17T12:02:19Z
[collector] snapshot #1562 2026-09-17T12:02:20Z
[collector] snapshot #1563 2026-09-17T12:02:21Z
[collector] snapshot #1564 2026-09-17T12:02:22Z
[collector] snapshot #1565 2026-09-17T12:02:23Z
[collector] snapshot #1566 2026-09-17T12:02:24Z
[collector] snapshot #1567 2026-09-17T12:02:25Z
[collector] snapshot #1568 2026-09-17T12:02:26Z
[collector] snapshot #1569 2026-09-17T12:02:27Z
[collector] snapshot #1570 2026-09-17T12:02:28Z
[collector] snapshot #1571 2026-09-17T12:02:29Z
[collector] snapshot #1572 2026-09-17T12:02:30Z
[collector] snapshot #1573 2026-09-17T12:02:31Z
[collector] snapshot #1574 2026-09-17T12:02:32Z
[collector] snapshot #1575 2026-09-17T12:02:33Z
[collector] snapshot #1576 2026-09-17T12:02:34Z
[collector] snapshot #1577 2026-09-17T12:02:35Z
[collector] snapshot #1578 2026-09-17T12:02:36Z
[collector] snapshot #1579 2026-09-17T12:02:37Z
[collector] snapshot #1580 2026-09-17T12:02:38Z
[collector] snapshot #1581 2026-09-17T12:02:39Z
[collector] snapshot #1582 2026-09-17T12:02:40Z
[collector] snapshot #1583 2026-09-17T12:02:41Z
[collector] snapshot #1584 2026-09-17T12:02:42Z
[collector] snapshot #1585 2026-09-17T12:02:43Z
[collector] snapshot #1586 2026-09-17T12:02:44Z
[collector] snapshot #1587 2026-09-17T12:02:45Z
[collector] snapshot #1588 2026-09-17T12:02:46Z
[collector] snapshot #1589 2026-09-17T12:02:47Z
[collector] snapshot #1590 2026-09-17T12:02:48Z
[collector] snapshot #1591 2026-09-17T12:02:49Z
[collector] snapshot #1592 2026-09-17T12:02:50Z
[collector] snapshot #1593 2026-09-17T12:02:51Z
[collector] snapshot #1594 2026-09-17T12:02:52Z
[collector] snapshot #1595 2026-09-17T12:02:53Z
[collector] snapshot #1596 2026-09-17T12:02:54Z
[collector] snapshot #1597 2026-09-17T12:02:55Z
[collector] snapshot #1598 2026-09-17T12:02:56Z
[collector] snapshot #1599 2026-09-17T12:02:57Z
[collector] snapshot #1600 2026-09-17T12:02:58Z
[collector] snapshot #1601 2026-09-17T12:02:59Z
[collector] snapshot #1602 2026-09-17T12:03:00Z
[collector] snapshot #1603 2026-09-17T12:03:01Z
[collector] snapshot #1604 2026-09-17T12:03:02Z
[collector] snapshot #1605 2026-09-17T12:03:03Z
[collector] snapshot #1606 2026-09-17T12:03:04Z
[collector] snapshot #1607 2026-09-17T12:03:05Z
[collector] snapshot #1608 2026-09-17T12:03:06Z
[collector] snapshot #1609 2026-09-17T12:03:07Z
[collector] snapshot #1610 2026-09-17T12:03:08Z
[collector] snapshot #1611 2026-09-17T12:03:09Z
[collector] snapshot #1612 2026-09-17T12:03:10Z
[collector] snapshot #1613 2026-09-17T12:03:11Z
[collector] snapshot #1614 2026-09-17T12:03:12Z
[collector] snapshot #1615 2026-09-17T12:03:13Z
[collector] snapshot #1616 2026-09-17T12:03:14Z
[collector] snapshot #1617 2026-09-17T12:03:15Z
[collector] snapshot #1618 2026-09-17T12:03:16Z
[collector] snapshot #1619 2026-09-17T12:03:17Z
[collector] snapshot #1620 2026-09-17T12:03:18Z
[collector] snapshot #1621 2026-09-17T12:03:19Z
[collector] snapshot #1622 2026-09-17T12:03:20Z
[collector] snapshot #1623 2026-09-17T12:03:21Z
[collector] snapshot #1624 2026-09-17T12:03:22Z
[collector] snapshot #1625 2026-09-17T12:03:23Z
[collector] snapshot #1626 2026-09-17T12:03:24Z
[collector] snapshot #1627 2026-09-17T12:03:25Z
[collector] snapshot #1628 2026-09-17T12:03:26Z
[collector] snapshot #1629 2026-09-17T12:03:27Z
[collector] snapshot #1630 2026-09-17T12:03:28Z
[collector] snapshot #1631 2026-09-17T12:03:29Z
[collector] snapshot #1632 2026-09-17T12:03:30Z
[collector] snapshot #1633 2026-09-17T12:03:31Z
[collector] snapshot #1634 2026-09-17T12:03:32Z
[collector] snapshot #1635 2026-09-17T12:03:33Z
[collector] snapshot #1636 2026-09-17T12:03:34Z
[collector] snapshot #1637 2026-09-17T12:03:35Z
[collector] snapshot #1638 2026-09-17T12:03:36Z
[collector] snapshot #1639 2026-09-17T12:03:37Z
[collector] snapshot #1640 2026-09-17T12:03:38Z
[collector] snapshot #1641 2026-09-17T12:03:39Z
[collector] snapshot #1642 2026-09-17T12:03:40Z
[collector] snapshot #1643 2026-09-17T12:03:41Z
[collector] snapshot #1644 2026-09-17T12:03:42Z
[collector] snapshot #1645 2026-09-17T12:03:43Z
[collector] snapshot #1646 2026-09-17T12:03:44Z
[collector] snapshot #1647 2026-09-17T12:03:45Z
[collector] snapshot #1648 2026-09-17T12:03:46Z
[collector] snapshot #1649 2026-09-17T12:03:47Z
[collector] snapshot #1650 2026-09-17T12:03:48Z
[collector] snapshot #1651 2026-09-17T12:03:49Z
[collector] snapshot #1652 2026-09-17T12:03:50Z
[collector] snapshot #1653 2026-09-17T12:03:51Z
[collector] snapshot #1654 2026-09-17T12:03:52Z
[collector] snapshot #1655 2026-09-17T12:03:53Z
[collector] snapshot #1656 2026-09-17T12:03:54Z
[collector] snapshot #1657 2026-09-17T12:03:55Z
[collector] snapshot #1658 2026-09-17T12:03:56Z
[collector] snapshot #1659 2026-09-17T12:03:57Z
[collector] snapshot #1660 2026-09-17T12:03:58Z
[collector] snapshot #1661 2026-09-17T12:03:59Z
[collector] snapshot #1662 2026-09-17T12:04:00Z
[collector] snapshot #1663 2026-09-17T12:04:01Z
[collector] snapshot #1664 2026-09-17T12:04:02Z
[collector] snapshot #1665 2026-09-17T12:04:03Z
[collector] snapshot #1666 2026-09-17T12:04:04Z
[collector] snapshot #1667 2026-09-17T12:04:05Z
[collector] snapshot #1668 2026-09-17T12:04:06Z
[collector] snapshot #1669 2026-09-17T12:04:07Z
[collector] snapshot #1670 2026-09-17T12:04:08Z
[collector] snapshot #1671 2026-09-17T12:04:09Z
[collector] snapshot #1672 2026-09-17T12:04:10Z
[collector] snapshot #1673 2026-09-17T12:04:11Z
[collector] snapshot #1674 2026-09-17T12:04:12Z
[collector] snapshot #1675 2026-09-17T12:04:13Z
[collector] snapshot #1676 2026-09-17T12:04:14Z
[collector] snapshot #1677 2026-09-17T12:04:15Z
[collector] snapshot #1678 2026-09-17T12:04:16Z
[collector] snapshot #1679 2026-09-17T12:04:17Z
[collector] snapshot #1680 2026-09-17T12:04:18Z
[collector] snapshot #1681 2026-09-17T12:04:19Z
[collector] snapshot #1682 2026-09-17T12:04:20Z
[collector] snapshot #1683 2026-09-17T12:04:21Z
[collector] snapshot #1684 2026-09-17T12:04:22Z
[collector] snapshot #1685 2026-09-17T12:04:23Z
[collector] snapshot #1686 2026-09-17T12:04:24Z
[collector] snapshot #1687 2026-09-17T12:04:25Z
[collector] snapshot #1688 2026-09-17T12:04:26Z
[collector] snapshot #1689 2026-09-17T12:04:27Z
[collector] snapshot #1690 2026-09-17T12:04:28Z
[collector] snapshot #1691 2026-09-17T12:04:29Z
[collector] snapshot #1692 2026-09-17T12:04:30Z
[collector] snapshot #1693 2026-09-17T12:04:31Z
[collector] snapshot #1694 2026-09-17T12:04:32Z
[collector] snapshot #1695 2026-09-17T12:04:33Z
[collector] snapshot #1696 2026-09-17T12:04:34Z
[collector] snapshot #1697 2026-09-17T12:04:35Z
[collector] snapshot #1698 2026-09-17T12:04:36Z
[collector] snapshot #1699 2026-09-17T12:04:37Z
[collector] snapshot #1700 2026-09-17T12:04:38Z
[collector] snapshot #1701 2026-09-17T12:04:39Z
[collector] snapshot #1702 2026-09-17T12:04:40Z
[collector] snapshot #1703 2026-09-17T12:04:41Z
[collector] snapshot #1704 2026-09-17T12:04:42Z
[collector] snapshot #1705 2026-09-17T12:04:43Z
[collector] snapshot #1706 2026-09-17T12:04:44Z
[collector] snapshot #1707 2026-09-17T12:04:45Z
[collector] snapshot #1708 2026-09-17T12:04:46Z
[collector] snapshot #1709 2026-09-17T12:04:47Z
[collector] snapshot #1710 2026-09-17T12:04:48Z
[collector] snapshot #1711 2026-09-17T12:04:49Z
[collector] snapshot #1712 2026-09-17T12:04:50Z
[collector] snapshot #1713 2026-09-17T12:04:51Z
[collector] snapshot #1714 2026-09-17T12:04:52Z
[collector] snapshot #1715 2026-09-17T12:04:53Z
[collector] snapshot #1716 2026-09-17T12:04:54Z
[collector] snapshot #1717 2026-09-17T12:04:55Z
[collector] snapshot #1718 2026-09-17T12:04:56Z
[collector] snapshot #1719 2026-09-17T12:04:57Z
[collector] snapshot #1720 2026-09-17T12:04:58Z
[collector] snapshot #1721 2026-09-17T12:04:59Z
[collector] snapshot #1722 2026-09-17T12:05:00Z
[collector] snapshot #1723 2026-09-17T12:05:01Z
[collector] snapshot #1724 2026-09-17T12:05:02Z
[collector] snapshot #1725 2026-09-17T12:05:03Z
[collector] snapshot #1726 2026-09-17T12:05:04Z
[collector] snapshot #1727 2026-09-17T12:05:05Z
[collector] snapshot #1728 2026-09-17T12:05:06Z
[collector] snapshot #1729 2026-09-17T12:05:07Z
[collector] snapshot #1730 2026-09-17T12:05:08Z
[collector] snapshot #1731 2026-09-17T12:05:09Z
[collector] snapshot #1732 2026-09-17T12:05:10Z
[collector] snapshot #1733 2026-09-17T12:05:11Z
[collector] snapshot #1734 2026-09-17T12:05:12Z
[collector] snapshot #1735 2026-09-17T12:05:13Z
[collector] snapshot #1736 2026-09-17T12:05:14Z
[collector] snapshot #1737 2026-09-17T12:05:15Z
[collector] snapshot #1738 2026-09-17T12:05:16Z
[collector] snapshot #1739 2026-09-17T12:05:17Z
[collector] snapshot #1740 2026-09-17T12:05:18Z
[collector] snapshot #1741 2026-09-17T12:05:19Z
[collector] snapshot #1742 2026-09-17T12:05:20Z
[collector] snapshot #1743 2026-09-17T12:05:21Z
[collector] snapshot #1744 2026-09-17T12:05:22Z
[collector] snapshot #1745 2026-09-17T12:05:23Z
[collector] snapshot #1746 2026-09-17T12:05:24Z
[collector] snapshot #1747 2026-09-17T12:05:25Z
[collector] snapshot #1748 2026-09-17T12:05:26Z
[collector] snapshot #1749 2026-09-17T12:05:27Z
[collector] snapshot #1750 2026-09-17T12:05:28Z
[collector] snapshot #1751 2026-09-17T12:05:29Z
[collector] snapshot #1752 2026-09-17T12:05:30Z
[collector] snapshot #1753 2026-09-17T12:05:31Z
[collector] snapshot #1754 2026-09-17T12:05:32Z
[collector] snapshot #1755 2026-09-17T12:05:33Z
[collector] snapshot #1756 2026-09-17T12:05:34Z
[collector] snapshot #1757 2026-09-17T12:05:35Z
[collector] snapshot #1758 2026-09-17T12:05:36Z
[collector] snapshot #1759 2026-09-17T12:05:37Z
[collector] snapshot #1760 2026-09-17T12:05:38Z
[collector] snapshot #1761 2026-09-17T12:05:39Z
[collector] snapshot #1762 2026-09-17T12:05:40Z
[collector] snapshot #1763 2026-09-17T12:05:41Z
[collector] snapshot #1764 2026-09-17T12:05:43Z
[collector] snapshot #1765 2026-09-17T12:05:44Z
[collector] snapshot #1766 2026-09-17T12:05:45Z
[collector] snapshot #1767 2026-09-17T12:05:46Z
[collector] snapshot #1768 2026-09-17T12:05:47Z
[collector] snapshot #1769 2026-09-17T12:05:48Z
[collector] snapshot #1770 2026-09-17T12:05:49Z
[collector] snapshot #1771 2026-09-17T12:05:50Z
[collector] snapshot #1772 2026-09-17T12:05:51Z
[collector] snapshot #1773 2026-09-17T12:05:52Z
[collector] snapshot #1774 2026-09-17T12:05:53Z
[collector] snapshot #1775 2026-09-17T12:05:54Z
[collector] snapshot #1776 2026-09-17T12:05:55Z
[collector] snapshot #1777 2026-09-17T12:05:56Z
[collector] snapshot #1778 2026-09-17T12:05:57Z
[collector] snapshot #1779 2026-09-17T12:05:58Z
[collector] snapshot #1780 2026-09-17T12:05:59Z
[collector] snapshot #1781 2026-09-17T12:06:00Z
[collector] snapshot #1782 2026-09-17T12:06:01Z
[collector] snapshot #1783 2026-09-17T12:06:02Z
[collector] snapshot #1784 2026-09-17T12:06:03Z
[collector] snapshot #1785 2026-09-17T12:06:04Z
[collector] snapshot #1786 2026-09-17T12:06:05Z
[collector] snapshot #1787 2026-09-17T12:06:06Z
[collector] snapshot #1788 2026-09-17T12:06:07Z
[collector] snapshot #1789 2026-09-17T12:06:08Z
[collector] snapshot #1790 2026-09-17T12:06:09Z
[collector] snapshot #1791 2026-09-17T12:06:10Z
[collector] snapshot #1792 2026-09-17T12:06:11Z
[collector] snapshot #1793 2026-09-17T12:06:12Z
[collector] snapshot #1794 2026-09-17T12:06:13Z
[collector] snapshot #1795 2026-09-17T12:06:14Z
[collector] snapshot #1796 2026-09-17T12:06:15Z
[collector] snapshot #1797 2026-09-17T12:06:16Z
[collector] snapshot #1798 2026-09-17T12:06:17Z
[collector] snapshot #1799 2026-09-17T12:06:18Z
[collector] snapshot #1800 2026-09-17T12:06:19Z
[collector] snapshot #1801 2026-09-17T12:06:20Z
[collector] snapshot #1802 2026-09-17T12:06:21Z
[collector] snapshot #1803 2026-09-17T12:06:22Z
[collector] snapshot #1804 2026-09-17T12:06:23Z
[collector] snapshot #1805 2026-09-17T12:06:24Z
[collector] snapshot #1806 2026-09-17T12:06:25Z
[collector] snapshot #1807 2026-09-17T12:06:26Z
[collector] snapshot #1808 2026-09-17T12:06:27Z
[collector] snapshot #1809 2026-09-17T12:06:28Z
[collector] snapshot #1810 2026-09-17T12:06:29Z
[collector] snapshot #1811 2026-09-17T12:06:30Z
[collector] snapshot #1812 2026-09-17T12:06:31Z
[collector] snapshot #1813 2026-09-17T12:06:32Z
[collector] snapshot #1814 2026-09-17T12:06:33Z
[collector] snapshot #1815 2026-09-17T12:06:34Z
[collector] snapshot #1816 2026-09-17T12:06:35Z
[collector] snapshot #1817 2026-09-17T12:06:36Z
[collector] snapshot #1818 2026-09-17T12:06:37Z
[collector] snapshot #1819 2026-09-17T12:06:38Z
[collector] snapshot #1820 2026-09-17T12:06:39Z
[collector] snapshot #1821 2026-09-17T12:06:40Z
[collector] snapshot #1822 2026-09-17T12:06:41Z
[collector] snapshot #1823 2026-09-17T12:06:42Z
[collector] snapshot #1824 2026-09-17T12:06:43Z
[collector] snapshot #1825 2026-09-17T12:06:44Z
[collector] snapshot #1826 2026-09-17T12:06:45Z
[collector] snapshot #1827 2026-09-17T12:06:46Z
[collector] snapshot #1828 2026-09-17T12:06:47Z
[collector] snapshot #1829 2026-09-17T12:06:48Z
[collector] snapshot #1830 2026-09-17T12:06:49Z
[collector] snapshot #1831 2026-09-17T12:06:50Z
[collector] snapshot #1832 2026-09-17T12:06:51Z
[collector] snapshot #1833 2026-09-17T12:06:52Z
[collector] snapshot #1834 2026-09-17T12:06:53Z
[collector] snapshot #1835 2026-09-17T12:06:54Z
[collector] snapshot #1836 2026-09-17T12:06:55Z
[collector] snapshot #1837 2026-09-17T12:06:56Z
[collector] snapshot #1838 2026-09-17T12:06:57Z
[collector] snapshot #1839 2026-09-17T12:06:58Z
[collector] snapshot #1840 2026-09-17T12:06:59Z
[collector] snapshot #1841 2026-09-17T12:07:00Z
[collector] snapshot #1842 2026-09-17T12:07:01Z
[collector] snapshot #1843 2026-09-17T12:07:02Z
[collector] snapshot #1844 2026-09-17T12:07:03Z
[collector] snapshot #1845 2026-09-17T12:07:04Z
[collector] snapshot #1846 2026-09-17T12:07:05Z
[collector] snapshot #1847 2026-09-17T12:07:06Z
[collector] snapshot #1848 2026-09-17T12:07:07Z
[collector] snapshot #1849 2026-09-17T12:07:08Z
[collector] snapshot #1850 2026-09-17T12:07:09Z
[collector] snapshot #1851 2026-09-17T12:07:10Z
[collector] snapshot #1852 2026-09-17T12:07:11Z
[collector] snapshot #1853 2026-09-17T12:07:12Z
[collector] snapshot #1854 2026-09-17T12:07:13Z
[collector] snapshot #1855 2026-09-17T12:07:14Z
[collector] snapshot #1856 2026-09-17T12:07:15Z
[collector] snapshot #1857 2026-09-17T12:07:16Z
[collector] snapshot #1858 2026-09-17T12:07:17Z
[collector] snapshot #1859 2026-09-17T12:07:18Z
[collector] snapshot #1860 2026-09-17T12:07:19Z
[collector] snapshot #1861 2026-09-17T12:07:20Z
[collector] snapshot #1862 2026-09-17T12:07:21Z
[collector] snapshot #1863 2026-09-17T12:07:22Z
[collector] snapshot #1864 2026-09-17T12:07:23Z
[collector] snapshot #1865 2026-09-17T12:07:24Z
[collector] snapshot #1866 2026-09-17T12:07:25Z
[collector] snapshot #1867 2026-09-17T12:07:26Z
[collector] snapshot #1868 2026-09-17T12:07:27Z
[collector] snapshot #1869 2026-09-17T12:07:28Z
[collector] snapshot #1870 2026-09-17T12:07:29Z
[collector] snapshot #1871 2026-09-17T12:07:30Z
[collector] snapshot #1872 2026-09-17T12:07:31Z
[collector] snapshot #1873 2026-09-17T12:07:32Z
[collector] snapshot #1874 2026-09-17T12:07:33Z
[collector] snapshot #1875 2026-09-17T12:07:34Z
[collector] snapshot #1876 2026-09-17T12:07:35Z
[collector] snapshot #1877 2026-09-17T12:07:36Z
[collector] snapshot #1878 2026-09-17T12:07:37Z
[collector] snapshot #1879 2026-09-17T12:07:38Z
[collector] snapshot #1880 2026-09-17T12:07:39Z
[collector] snapshot #1881 2026-09-17T12:07:40Z
[collector] snapshot #1882 2026-09-17T12:07:41Z
[collector] snapshot #1883 2026-09-17T12:07:42Z
[collector] snapshot #1884 2026-09-17T12:07:43Z
[collector] snapshot #1885 2026-09-17T12:07:44Z
[collector] snapshot #1886 2026-09-17T12:07:45Z
[collector] snapshot #1887 2026-09-17T12:07:46Z
[collector] snapshot #1888 2026-09-17T12:07:47Z
[collector] snapshot #1889 2026-09-17T12:07:48Z
[collector] snapshot #1890 2026-09-17T12:07:49Z
[collector] snapshot #1891 2026-09-17T12:07:50Z
[collector] snapshot #1892 2026-09-17T12:07:51Z
[collector] snapshot #1893 2026-09-17T12:07:52Z
[collector] snapshot #1894 2026-09-17T12:07:53Z
[collector] snapshot #1895 2026-09-17T12:07:54Z
[collector] snapshot #1896 2026-09-17T12:07:55Z
[collector] snapshot #1897 2026-09-17T12:07:56Z
[collector] snapshot #1898 2026-09-17T12:07:57Z
[collector] snapshot #1899 2026-09-17T12:07:58Z
[collector] snapshot #1900 2026-09-17T12:07:59Z
[collector] snapshot #1901 2026-09-17T12:08:00Z
[collector] snapshot #1902 2026-09-17T12:08:01Z
[collector] snapshot #1903 2026-09-17T12:08:02Z
[collector] snapshot #1904 2026-09-17T12:08:03Z
[collector] snapshot #1905 2026-09-17T12:08:04Z
[collector] snapshot #1906 2026-09-17T12:08:05Z
[collector] snapshot #1907 2026-09-17T12:08:06Z
[collector] snapshot #1908 2026-09-17T12:08:07Z
[collector] snapshot #1909 2026-09-17T12:08:08Z
[collector] snapshot #1910 2026-09-17T12:08:09Z
[collector] snapshot #1911 2026-09-17T12:08:10Z
[collector] snapshot #1912 2026-09-17T12:08:11Z
[collector] snapshot #1913 2026-09-17T12:08:12Z
[collector] snapshot #1914 2026-09-17T12:08:13Z
[collector] snapshot #1915 2026-09-17T12:08:14Z
[collector] snapshot #1916 2026-09-17T12:08:15Z
[collector] snapshot #1917 2026-09-17T12:08:16Z
[collector] snapshot #1918 2026-09-17T12:08:17Z
[collector] snapshot #1919 2026-09-17T12:08:18Z
[collector] snapshot #1920 2026-09-17T12:08:19Z
[collector] snapshot #1921 2026-09-17T12:08:20Z
[collector] snapshot #1922 2026-09-17T12:08:21Z
[collector] snapshot #1923 2026-09-17T12:08:22Z
[collector] snapshot #1924 2026-09-17T12:08:23Z
[collector] snapshot #1925 2026-09-17T12:08:24Z
[collector] snapshot #1926 2026-09-17T12:08:25Z
[collector] snapshot #1927 2026-09-17T12:08:26Z
[collector] snapshot #1928 2026-09-17T12:08:27Z
[collector] snapshot #1929 2026-09-17T12:08:28Z
[collector] snapshot #1930 2026-09-17T12:08:29Z
[collector] snapshot #1931 2026-09-17T12:08:30Z
[collector] snapshot #1932 2026-09-17T12:08:31Z
[collector] snapshot #1933 2026-09-17T12:08:32Z
[collector] snapshot #1934 2026-09-17T12:08:33Z
[collector] snapshot #1935 2026-09-17T12:08:34Z
[collector] snapshot #1936 2026-09-17T12:08:35Z
[collector] snapshot #1937 2026-09-17T12:08:36Z
[collector] snapshot #1938 2026-09-17T12:08:37Z
[collector] snapshot #1939 2026-09-17T12:08:38Z
[collector] snapshot #1940 2026-09-17T12:08:39Z
[collector] snapshot #1941 2026-09-17T12:08:40Z
[collector] snapshot #1942 2026-09-17T12:08:41Z
[collector] snapshot #1943 2026-09-17T12:08:42Z
[collector] snapshot #1944 2026-09-17T12:08:43Z
[collector] snapshot #1945 2026-09-17T12:08:44Z
[collector] snapshot #1946 2026-09-17T12:08:45Z
[collector] snapshot #1947 2026-09-17T12:08:46Z
[collector] snapshot #1948 2026-09-17T12:08:47Z
[collector] snapshot #1949 2026-09-17T12:08:48Z
[collector] snapshot #1950 2026-09-17T12:08:49Z
[collector] snapshot #1951 2026-09-17T12:08:50Z
[collector] snapshot #1952 2026-09-17T12:08:51Z
[collector] snapshot #1953 2026-09-17T12:08:52Z
[collector] snapshot #1954 2026-09-17T12:08:53Z
[collector] snapshot #1955 2026-09-17T12:08:54Z
[collector] snapshot #1956 2026-09-17T12:08:55Z
[collector] snapshot #1957 2026-09-17T12:08:56Z
[collector] snapshot #1958 2026-09-17T12:08:57Z
[collector] snapshot #1959 2026-09-17T12:08:58Z
[collector] snapshot #1960 2026-09-17T12:08:59Z
[collector] snapshot #1961 2026-09-17T12:09:00Z
[collector] snapshot #1962 2026-09-17T12:09:01Z
[collector] snapshot #1963 2026-09-17T12:09:02Z
[collector] snapshot #1964 2026-09-17T12:09:03Z
[collector] snapshot #1965 2026-09-17T12:09:04Z
[collector] snapshot #1966 2026-09-17T12:09:05Z
[collector] snapshot #1967 2026-09-17T12:09:06Z
[collector] snapshot #1968 2026-09-17T12:09:07Z
[collector] snapshot #1969 2026-09-17T12:09:08Z
[collector] snapshot #1970 2026-09-17T12:09:09Z
[collector] snapshot #1971 2026-09-17T12:09:10Z
[collector] snapshot #1972 2026-09-17T12:09:11Z
[collector] snapshot #1973 2026-09-17T12:09:12Z
[collector] snapshot #1974 2026-09-17T12:09:13Z
[collector] snapshot #1975 2026-09-17T12:09:14Z
[collector] snapshot #1976 2026-09-17T12:09:15Z
[collector] snapshot #1977 2026-09-17T12:09:16Z
[collector] snapshot #1978 2026-09-17T12:09:17Z
[collector] snapshot #1979 2026-09-17T12:09:18Z
[collector] snapshot #1980 2026-09-17T12:09:19Z
[collector] snapshot #1981 2026-09-17T12:09:20Z
[collector] snapshot #1982 2026-09-17T12:09:21Z
[collector] snapshot #1983 2026-09-17T12:09:22Z
[collector] snapshot #1984 2026-09-17T12:09:23Z
[collector] snapshot #1985 2026-09-17T12:09:24Z
[collector] snapshot #1986 2026-09-17T12:09:25Z
[collector] snapshot #1987 2026-09-17T12:09:26Z
[collector] snapshot #1988 2026-09-17T12:09:27Z
[collector] snapshot #1989 2026-09-17T12:09:28Z
[collector] snapshot #1990 2026-09-17T12:09:29Z
[collector] snapshot #1991 2026-09-17T12:09:30Z
[collector] snapshot #1992 2026-09-17T12:09:31Z
[collector] snapshot #1993 2026-09-17T12:09:32Z
[collector] snapshot #1994 2026-09-17T12:09:33Z
[collector] snapshot #1995 2026-09-17T12:09:34Z
[collector] snapshot #1996 2026-09-17T12:09:35Z
[collector] snapshot #1997 2026-09-17T12:09:36Z
[collector] snapshot #1998 2026-09-17T12:09:37Z
[collector] snapshot #1999 2026-09-17T12:09:38Z
[collector] snapshot #2000 2026-09-17T12:09:39Z
[collector] snapshot #2001 2026-09-17T12:09:40Z
[collector] snapshot #2002 2026-09-17T12:09:41Z
[collector] snapshot #2003 2026-09-17T12:09:42Z
[collector] snapshot #2004 2026-09-17T12:09:43Z
[collector] snapshot #2005 2026-09-17T12:09:44Z
[collector] snapshot #2006 2026-09-17T12:09:45Z
[collector] snapshot #2007 2026-09-17T12:09:46Z
[collector] snapshot #2008 2026-09-17T12:09:47Z
[collector] snapshot #2009 2026-09-17T12:09:48Z
[collector] snapshot #2010 2026-09-17T12:09:49Z
[collector] snapshot #2011 2026-09-17T12:09:50Z
[collector] snapshot #2012 2026-09-17T12:09:51Z
[collector] snapshot #2013 2026-09-17T12:09:52Z
[collector] snapshot #2014 2026-09-17T12:09:53Z
[collector] snapshot #2015 2026-09-17T12:09:54Z
[collector] snapshot #2016 2026-09-17T12:09:55Z
[collector] snapshot #2017 2026-09-17T12:09:56Z
[collector] snapshot #2018 2026-09-17T12:09:57Z
[collector] snapshot #2019 2026-09-17T12:09:58Z
[collector] snapshot #2020 2026-09-17T12:09:59Z
[collector] snapshot #2021 2026-09-17T12:10:00Z
[collector] snapshot #2022 2026-09-17T12:10:01Z
[collector] snapshot #2023 2026-09-17T12:10:02Z
[collector] snapshot #2024 2026-09-17T12:10:03Z
[collector] snapshot #2025 2026-09-17T12:10:04Z
[collector] snapshot #2026 2026-09-17T12:10:05Z
[collector] snapshot #2027 2026-09-17T12:10:06Z
[collector] snapshot #2028 2026-09-17T12:10:07Z
[collector] snapshot #2029 2026-09-17T12:10:08Z
[collector] snapshot #2030 2026-09-17T12:10:09Z
[collector] snapshot #2031 2026-09-17T12:10:10Z
[collector] snapshot #2032 2026-09-17T12:10:11Z
[collector] snapshot #2033 2026-09-17T12:10:12Z
[collector] snapshot #2034 2026-09-17T12:10:13Z
[collector] snapshot #2035 2026-09-17T12:10:14Z
[collector] snapshot #2036 2026-09-17T12:10:15Z
[collector] snapshot #2037 2026-09-17T12:10:16Z
[collector] snapshot #2038 2026-09-17T12:10:17Z
[collector] snapshot #2039 2026-09-17T12:10:18Z
[collector] snapshot #2040 2026-09-17T12:10:19Z
[collector] snapshot #2041 2026-09-17T12:10:20Z
[collector] snapshot #2042 2026-09-17T12:10:21Z
[collector] snapshot #2043 2026-09-17T12:10:22Z
[collector] snapshot #2044 2026-09-17T12:10:23Z
[collector] snapshot #2045 2026-09-17T12:10:24Z
[collector] snapshot #2046 2026-09-17T12:10:25Z
[collector] snapshot #2047 2026-09-17T12:10:26Z
[collector] snapshot #2048 2026-09-17T12:10:27Z
[collector] snapshot #2049 2026-09-17T12:10:28Z
[collector] snapshot #2050 2026-09-17T12:10:29Z
[collector] snapshot #2051 2026-09-17T12:10:30Z
[collector] snapshot #2052 2026-09-17T12:10:31Z
[collector] snapshot #2053 2026-09-17T12:10:32Z
[collector] snapshot #2054 2026-09-17T12:10:33Z
[collector] snapshot #2055 2026-09-17T12:10:34Z
[collector] snapshot #2056 2026-09-17T12:10:35Z
[collector] snapshot #2057 2026-09-17T12:10:36Z
[collector] snapshot #2058 2026-09-17T12:10:37Z
[collector] snapshot #2059 2026-09-17T12:10:38Z
[collector] snapshot #2060 2026-09-17T12:10:39Z
[collector] snapshot #2061 2026-09-17T12:10:40Z
[collector] snapshot #2062 2026-09-17T12:10:41Z
[collector] snapshot #2063 2026-09-17T12:10:42Z
[collector] snapshot #2064 2026-09-17T12:10:43Z
[collector] snapshot #2065 2026-09-17T12:10:44Z
[collector] snapshot #2066 2026-09-17T12:10:45Z
[collector] snapshot #2067 2026-09-17T12:10:46Z
[collector] snapshot #2068 2026-09-17T12:10:47Z
[collector] snapshot #2069 2026-09-17T12:10:48Z
[collector] snapshot #2070 2026-09-17T12:10:49Z
[collector] snapshot #2071 2026-09-17T12:10:50Z
[collector] snapshot #2072 2026-09-17T12:10:51Z
[collector] snapshot #2073 2026-09-17T12:10:52Z
[collector] snapshot #2074 2026-09-17T12:10:53Z
[collector] snapshot #2075 2026-09-17T12:10:54Z
[collector] snapshot #2076 2026-09-17T12:10:55Z
[collector] snapshot #2077 2026-09-17T12:10:56Z
[collector] snapshot #2078 2026-09-17T12:10:57Z
[collector] snapshot #2079 2026-09-17T12:10:58Z
[collector] snapshot #2080 2026-09-17T12:10:59Z
[collector] snapshot #2081 2026-09-17T12:11:00Z
[collector] snapshot #2082 2026-09-17T12:11:01Z
[collector] snapshot #2083 2026-09-17T12:11:02Z
[collector] snapshot #2084 2026-09-17T12:11:03Z
[collector] snapshot #2085 2026-09-17T12:11:04Z
[collector] snapshot #2086 2026-09-17T12:11:05Z
[collector] snapshot #2087 2026-09-17T12:11:06Z
[collector] snapshot #2088 2026-09-17T12:11:07Z
[collector] snapshot #2089 2026-09-17T12:11:08Z
[collector] snapshot #2090 2026-09-17T12:11:09Z
[collector] snapshot #2091 2026-09-17T12:11:10Z
[collector] snapshot #2092 2026-09-17T12:11:11Z
[collector] snapshot #2093 2026-09-17T12:11:12Z
[collector] snapshot #2094 2026-09-17T12:11:13Z
[collector] snapshot #2095 2026-09-17T12:11:14Z
[collector] snapshot #2096 2026-09-17T12:11:15Z
[collector] snapshot #2097 2026-09-17T12:11:16Z
[collector] snapshot #2098 2026-09-17T12:11:17Z
[collector] snapshot #2099 2026-09-17T12:11:18Z
[collector] snapshot #2100 2026-09-17T12:11:19Z
[collector] snapshot #2101 2026-09-17T12:11:20Z
[collector] snapshot #2102 2026-09-17T12:11:21Z
[collector] snapshot #2103 2026-09-17T12:11:22Z
[collector] snapshot #2104 2026-09-17T12:11:23Z
[collector] snapshot #2105 2026-09-17T12:11:24Z
[collector] snapshot #2106 2026-09-17T12:11:25Z
[collector] snapshot #2107 2026-09-17T12:11:26Z
[collector] snapshot #2108 2026-09-17T12:11:27Z
[collector] snapshot #2109 2026-09-17T12:11:28Z
[collector] snapshot #2110 2026-09-17T12:11:29Z
[collector] snapshot #2111 2026-09-17T12:11:30Z
[collector] snapshot #2112 2026-09-17T12:11:31Z
[collector] snapshot #2113 2026-09-17T12:11:32Z
[collector] snapshot #2114 2026-09-17T12:11:33Z
[collector] snapshot #2115 2026-09-17T12:11:34Z
[collector] snapshot #2116 2026-09-17T12:11:35Z
[collector] snapshot #2117 2026-09-17T12:11:36Z
[collector] snapshot #2118 2026-09-17T12:11:37Z
[collector] snapshot #2119 2026-09-17T12:11:38Z
[collector] snapshot #2120 2026-09-17T12:11:39Z
[collector] snapshot #2121 2026-09-17T12:11:40Z
[collector] snapshot #2122 2026-09-17T12:11:41Z
[collector] snapshot #2123 2026-09-17T12:11:42Z
[collector] snapshot #2124 2026-09-17T12:11:43Z
[collector] snapshot #2125 2026-09-17T12:11:44Z
[collector] snapshot #2126 2026-09-17T12:11:45Z
[collector] snapshot #2127 2026-09-17T12:11:46Z
[collector] snapshot #2128 2026-09-17T12:11:47Z
[collector] snapshot #2129 2026-09-17T12:11:48Z
[collector] snapshot #2130 2026-09-17T12:11:49Z
[collector] snapshot #2131 2026-09-17T12:11:50Z
[collector] snapshot #2132 2026-09-17T12:11:51Z
[collector] snapshot #2133 2026-09-17T12:11:52Z
[collector] snapshot #2134 2026-09-17T12:11:53Z
[collector] snapshot #2135 2026-09-17T12:11:54Z
[collector] snapshot #2136 2026-09-17T12:11:55Z
[collector] snapshot #2137 2026-09-17T12:11:56Z
[collector] snapshot #2138 2026-09-17T12:11:57Z
[collector] snapshot #2139 2026-09-17T12:11:58Z
[collector] snapshot #2140 2026-09-17T12:11:59Z
[collector] snapshot #2141 2026-09-17T12:12:00Z
[collector] snapshot #2142 2026-09-17T12:12:01Z
[collector] snapshot #2143 2026-09-17T12:12:02Z
[collector] snapshot #2144 2026-09-17T12:12:03Z
[collector] snapshot #2145 2026-09-17T12:12:04Z
[collector] snapshot #2146 2026-09-17T12:12:05Z
[collector] snapshot #2147 2026-09-17T12:12:06Z
[collector] snapshot #2148 2026-09-17T12:12:07Z
[collector] snapshot #2149 2026-09-17T12:12:08Z
[collector] snapshot #2150 2026-09-17T12:12:09Z
[collector] snapshot #2151 2026-09-17T12:12:10Z
[collector] snapshot #2152 2026-09-17T12:12:11Z
[collector] snapshot #2153 2026-09-17T12:12:12Z
[collector] snapshot #2154 2026-09-17T12:12:13Z
[collector] snapshot #2155 2026-09-17T12:12:14Z
[collector] snapshot #2156 2026-09-17T12:12:15Z
[collector] snapshot #2157 2026-09-17T12:12:16Z
[collector] snapshot #2158 2026-09-17T12:12:17Z
[collector] snapshot #2159 2026-09-17T12:12:18Z
[collector] snapshot #2160 2026-09-17T12:12:19Z
[collector] snapshot #2161 2026-09-17T12:12:20Z
[collector] snapshot #2162 2026-09-17T12:12:21Z
[collector] snapshot #2163 2026-09-17T12:12:22Z
[collector] snapshot #2164 2026-09-17T12:12:23Z
[collector] snapshot #2165 2026-09-17T12:12:24Z
[collector] snapshot #2166 2026-09-17T12:12:25Z
[collector] snapshot #2167 2026-09-17T12:12:26Z
[collector] snapshot #2168 2026-09-17T12:12:27Z
[collector] snapshot #2169 2026-09-17T12:12:28Z
[collector] snapshot #2170 2026-09-17T12:12:29Z
[collector] snapshot #2171 2026-09-17T12:12:30Z
[collector] snapshot #2172 2026-09-17T12:12:31Z
[collector] snapshot #2173 2026-09-17T12:12:32Z
[collector] snapshot #2174 2026-09-17T12:12:33Z
[collector] snapshot #2175 2026-09-17T12:12:34Z
[collector] snapshot #2176 2026-09-17T12:12:35Z
[collector] snapshot #2177 2026-09-17T12:12:36Z
[collector] snapshot #2178 2026-09-17T12:12:37Z
[collector] snapshot #2179 2026-09-17T12:12:38Z
[collector] snapshot #2180 2026-09-17T12:12:39Z
[collector] snapshot #2181 2026-09-17T12:12:40Z
[collector] snapshot #2182 2026-09-17T12:12:41Z
[collector] snapshot #2183 2026-09-17T12:12:42Z
[collector] snapshot #2184 2026-09-17T12:12:43Z
[collector] snapshot #2185 2026-09-17T12:12:44Z
[collector] snapshot #2186 2026-09-17T12:12:45Z
[collector] snapshot #2187 2026-09-17T12:12:46Z
[collector] snapshot #2188 2026-09-17T12:12:47Z
[collector] snapshot #2189 2026-09-17T12:12:48Z
[collector] snapshot #2190 2026-09-17T12:12:49Z
[collector] snapshot #2191 2026-09-17T12:12:50Z
[collector] snapshot #2192 2026-09-17T12:12:51Z
[collector] snapshot #2193 2026-09-17T12:12:52Z
[collector] snapshot #2194 2026-09-17T12:12:53Z
[collector] snapshot #2195 2026-09-17T12:12:54Z
[collector] snapshot #2196 2026-09-17T12:12:55Z
[collector] snapshot #2197 2026-09-17T12:12:56Z
[collector] snapshot #2198 2026-09-17T12:12:57Z
[collector] snapshot #2199 2026-09-17T12:12:58Z
[collector] snapshot #2200 2026-09-17T12:12:59Z
[collector] snapshot #2201 2026-09-17T12:13:00Z
[collector] snapshot #2202 2026-09-17T12:13:01Z
[collector] snapshot #2203 2026-09-17T12:13:02Z
[collector] snapshot #2204 2026-09-17T12:13:03Z
[collector] snapshot #2205 2026-09-17T12:13:04Z
[collector] snapshot #2206 2026-09-17T12:13:05Z
[collector] snapshot #2207 2026-09-17T12:13:06Z
[collector] snapshot #2208 2026-09-17T12:13:07Z
[collector] snapshot #2209 2026-09-17T12:13:08Z
[collector] snapshot #2210 2026-09-17T12:13:09Z
[collector] snapshot #2211 2026-09-17T12:13:10Z
[collector] snapshot #2212 2026-09-17T12:13:11Z
[collector] snapshot #2213 2026-09-17T12:13:12Z
[collector] snapshot #2214 2026-09-17T12:13:13Z
[collector] snapshot #2215 2026-09-17T12:13:14Z
[collector] snapshot #2216 2026-09-17T12:13:15Z
[collector] snapshot #2217 2026-09-17T12:13:16Z
[collector] snapshot #2218 2026-09-17T12:13:17Z
[collector] snapshot #2219 2026-09-17T12:13:18Z
[collector] snapshot #2220 2026-09-17T12:13:19Z
[collector] snapshot #2221 2026-09-17T12:13:20Z
[collector] snapshot #2222 2026-09-17T12:13:21Z
[collector] snapshot #2223 2026-09-17T12:13:22Z
[collector] snapshot #2224 2026-09-17T12:13:23Z
[collector] snapshot #2225 2026-09-17T12:13:24Z
[collector] snapshot #2226 2026-09-17T12:13:25Z
[collector] snapshot #2227 2026-09-17T12:13:26Z
[collector] snapshot #2228 2026-09-17T12:13:27Z
[collector] snapshot #2229 2026-09-17T12:13:28Z
[collector] snapshot #2230 2026-09-17T12:13:29Z
[collector] snapshot #2231 2026-09-17T12:13:30Z
[collector] snapshot #2232 2026-09-17T12:13:31Z
[collector] snapshot #2233 2026-09-17T12:13:32Z
[collector] snapshot #2234 2026-09-17T12:13:33Z
[collector] snapshot #2235 2026-09-17T12:13:34Z
[collector] snapshot #2236 2026-09-17T12:13:35Z
[collector] snapshot #2237 2026-09-17T12:13:36Z
[collector] snapshot #2238 2026-09-17T12:13:37Z
[collector] snapshot #2239 2026-09-17T12:13:38Z
[collector] snapshot #2240 2026-09-17T12:13:39Z
[collector] snapshot #2241 2026-09-17T12:13:40Z
[collector] snapshot #2242 2026-09-17T12:13:41Z
[collector] snapshot #2243 2026-09-17T12:13:42Z
[collector] snapshot #2244 2026-09-17T12:13:43Z
[collector] snapshot #2245 2026-09-17T12:13:44Z
[collector] snapshot #2246 2026-09-17T12:13:45Z
[collector] snapshot #2247 2026-09-17T12:13:46Z
[collector] snapshot #2248 2026-09-17T12:13:47Z
[collector] snapshot #2249 2026-09-17T12:13:48Z
[collector] snapshot #2250 2026-09-17T12:13:49Z
[collector] snapshot #2251 2026-09-17T12:13:50Z
[collector] snapshot #2252 2026-09-17T12:13:51Z
[collector] snapshot #2253 2026-09-17T12:13:52Z
[collector] snapshot #2254 2026-09-17T12:13:53Z
[collector] snapshot #2255 2026-09-17T12:13:54Z
[collector] snapshot #2256 2026-09-17T12:13:55Z
[collector] snapshot #2257 2026-09-17T12:13:56Z
[collector] snapshot #2258 2026-09-17T12:13:57Z
[collector] snapshot #2259 2026-09-17T12:13:58Z
[collector] snapshot #2260 2026-09-17T12:13:59Z
[collector] snapshot #2261 2026-09-17T12:14:00Z
[collector] snapshot #2262 2026-09-17T12:14:01Z
[collector] snapshot #2263 2026-09-17T12:14:02Z
[collector] snapshot #2264 2026-09-17T12:14:03Z
[collector] snapshot #2265 2026-09-17T12:14:04Z
[collector] snapshot #2266 2026-09-17T12:14:05Z
[collector] snapshot #2267 2026-09-17T12:14:06Z
[collector] snapshot #2268 2026-09-17T12:14:07Z
[collector] snapshot #2269 2026-09-17T12:14:08Z
[collector] snapshot #2270 2026-09-17T12:14:09Z
[collector] snapshot #2271 2026-09-17T12:14:10Z
[collector] snapshot #2272 2026-09-17T12:14:11Z
[collector] snapshot #2273 2026-09-17T12:14:12Z
[collector] snapshot #2274 2026-09-17T12:14:13Z
[collector] snapshot #2275 2026-09-17T12:14:14Z
[collector] snapshot #2276 2026-09-17T12:14:15Z
[collector] snapshot #2277 2026-09-17T12:14:16Z
[collector] snapshot #2278 2026-09-17T12:14:17Z
[collector] snapshot #2279 2026-09-17T12:14:18Z
[collector] snapshot #2280 2026-09-17T12:14:19Z
[collector] snapshot #2281 2026-09-17T12:14:20Z
[collector] snapshot #2282 2026-09-17T12:14:21Z
[collector] snapshot #2283 2026-09-17T12:14:22Z
[collector] snapshot #2284 2026-09-17T12:14:23Z
[collector] snapshot #2285 2026-09-17T12:14:24Z
[collector] snapshot #2286 2026-09-17T12:14:25Z
[collector] snapshot #2287 2026-09-17T12:14:26Z
[collector] snapshot #2288 2026-09-17T12:14:27Z
[collector] snapshot #2289 2026-09-17T12:14:28Z
[collector] snapshot #2290 2026-09-17T12:14:29Z
[collector] snapshot #2291 2026-09-17T12:14:30Z
[collector] snapshot #2292 2026-09-17T12:14:31Z
[collector] snapshot #2293 2026-09-17T12:14:32Z
[collector] snapshot #2294 2026-09-17T12:14:33Z
[collector] snapshot #2295 2026-09-17T12:14:34Z
[collector] snapshot #2296 2026-09-17T12:14:35Z
[collector] snapshot #2297 2026-09-17T12:14:36Z
[collector] snapshot #2298 2026-09-17T12:14:37Z
[collector] snapshot #2299 2026-09-17T12:14:38Z
[collector] snapshot #2300 2026-09-17T12:14:39Z
[collector] snapshot #2301 2026-09-17T12:14:40Z
[collector] snapshot #2302 2026-09-17T12:14:41Z
[collector] snapshot #2303 2026-09-17T12:14:42Z
[collector] snapshot #2304 2026-09-17T12:14:43Z
[collector] snapshot #2305 2026-09-17T12:14:44Z
[collector] snapshot #2306 2026-09-17T12:14:45Z
[collector] snapshot #2307 2026-09-17T12:14:46Z
[collector] snapshot #2308 2026-09-17T12:14:47Z
[collector] snapshot #2309 2026-09-17T12:14:48Z
[collector] snapshot #2310 2026-09-17T12:14:49Z
[collector] snapshot #2311 2026-09-17T12:14:50Z
[collector] snapshot #2312 2026-09-17T12:14:51Z
[collector] snapshot #2313 2026-09-17T12:14:52Z
[collector] snapshot #2314 2026-09-17T12:14:53Z
[collector] snapshot #2315 2026-09-17T12:14:54Z
[collector] snapshot #2316 2026-09-17T12:14:55Z
[collector] snapshot #2317 2026-09-17T12:14:56Z
[collector] snapshot #2318 2026-09-17T12:14:57Z
[collector] snapshot #2319 2026-09-17T12:14:58Z
[collector] snapshot #2320 2026-09-17T12:14:59Z
[collector] snapshot #2321 2026-09-17T12:15:00Z
[collector] snapshot #2322 2026-09-17T12:15:01Z
[collector] snapshot #2323 2026-09-17T12:15:02Z
[collector] snapshot #2324 2026-09-17T12:15:03Z
[collector] snapshot #2325 2026-09-17T12:15:04Z
[collector] snapshot #2326 2026-09-17T12:15:05Z
[collector] snapshot #2327 2026-09-17T12:15:06Z
[collector] snapshot #2328 2026-09-17T12:15:07Z
[collector] snapshot #2329 2026-09-17T12:15:08Z
[collector] snapshot #2330 2026-09-17T12:15:09Z
[collector] snapshot #2331 2026-09-17T12:15:10Z
[collector] snapshot #2332 2026-09-17T12:15:11Z
[collector] snapshot #2333 2026-09-17T12:15:12Z
[collector] snapshot #2334 2026-09-17T12:15:13Z
[collector] snapshot #2335 2026-09-17T12:15:14Z
[collector] snapshot #2336 2026-09-17T12:15:15Z
[collector] snapshot #2337 2026-09-17T12:15:16Z
[collector] snapshot #2338 2026-09-17T12:15:17Z
[collector] snapshot #2339 2026-09-17T12:15:18Z
[collector] snapshot #2340 2026-09-17T12:15:19Z
[collector] snapshot #2341 2026-09-17T12:15:20Z
[collector] snapshot #2342 2026-09-17T12:15:21Z
[collector] snapshot #2343 2026-09-17T12:15:22Z
[collector] snapshot #2344 2026-09-17T12:15:23Z
[collector] snapshot #2345 2026-09-17T12:15:24Z
[collector] snapshot #2346 2026-09-17T12:15:25Z
[collector] snapshot #2347 2026-09-17T12:15:26Z
[collector] snapshot #2348 2026-09-17T12:15:27Z
[collector] snapshot #2349 2026-09-17T12:15:28Z
[collector] snapshot #2350 2026-09-17T12:15:29Z
[collector] snapshot #2351 2026-09-17T12:15:30Z
[collector] snapshot #2352 2026-09-17T12:15:31Z
[collector] snapshot #2353 2026-09-17T12:15:32Z
[collector] snapshot #2354 2026-09-17T12:15:33Z
[collector] snapshot #2355 2026-09-17T12:15:34Z
[collector] snapshot #2356 2026-09-17T12:15:35Z
[collector] snapshot #2357 2026-09-17T12:15:36Z
[collector] snapshot #2358 2026-09-17T12:15:37Z
[collector] snapshot #2359 2026-09-17T12:15:38Z
[collector] snapshot #2360 2026-09-17T12:15:39Z
[collector] snapshot #2361 2026-09-17T12:15:40Z
[collector] snapshot #2362 2026-09-17T12:15:41Z
[collector] snapshot #2363 2026-09-17T12:15:42Z
[collector] snapshot #2364 2026-09-17T12:15:43Z
[collector] snapshot #2365 2026-09-17T12:15:44Z
[collector] snapshot #2366 2026-09-17T12:15:45Z
[collector] snapshot #2367 2026-09-17T12:15:46Z
[collector] snapshot #2368 2026-09-17T12:15:47Z
[collector] snapshot #2369 2026-09-17T12:15:48Z
[collector] snapshot #2370 2026-09-17T12:15:49Z
[collector] snapshot #2371 2026-09-17T12:15:50Z
[collector] snapshot #2372 2026-09-17T12:15:51Z
[collector] snapshot #2373 2026-09-17T12:15:52Z
[collector] snapshot #2374 2026-09-17T12:15:53Z
[collector] snapshot #2375 2026-09-17T12:15:54Z
[collector] snapshot #2376 2026-09-17T12:15:55Z
[collector] snapshot #2377 2026-09-17T12:15:56Z
[collector] snapshot #2378 2026-09-17T12:15:57Z
[collector] snapshot #2379 2026-09-17T12:15:58Z
[collector] snapshot #2380 2026-09-17T12:15:59Z
[collector] snapshot #2381 2026-09-17T12:16:00Z
[collector] snapshot #2382 2026-09-17T12:16:01Z
[collector] snapshot #2383 2026-09-17T12:16:02Z
[collector] snapshot #2384 2026-09-17T12:16:03Z
[collector] snapshot #2385 2026-09-17T12:16:04Z
[collector] snapshot #2386 2026-09-17T12:16:05Z
[collector] snapshot #2387 2026-09-17T12:16:06Z
[collector] snapshot #2388 2026-09-17T12:16:07Z
[collector] snapshot #2389 2026-09-17T12:16:08Z
[collector] snapshot #2390 2026-09-17T12:16:09Z
[collector] snapshot #2391 2026-09-17T12:16:10Z
[collector] snapshot #2392 2026-09-17T12:16:11Z
[collector] snapshot #2393 2026-09-17T12:16:12Z
[collector] snapshot #2394 2026-09-17T12:16:13Z
[collector] snapshot #2395 2026-09-17T12:16:14Z
[collector] snapshot #2396 2026-09-17T12:16:15Z
[collector] snapshot #2397 2026-09-17T12:16:16Z
[collector] snapshot #2398 2026-09-17T12:16:17Z
[collector] snapshot #2399 2026-09-17T12:16:18Z
[collector] snapshot #2400 2026-09-17T12:16:19Z
[collector] snapshot #2401 2026-09-17T12:16:20Z
[collector] snapshot #2402 2026-09-17T12:16:21Z
[collector] snapshot #2403 2026-09-17T12:16:22Z
[collector] snapshot #2404 2026-09-17T12:16:23Z
[collector] snapshot #2405 2026-09-17T12:16:24Z
[collector] snapshot #2406 2026-09-17T12:16:25Z
[collector] snapshot #2407 2026-09-17T12:16:26Z
[collector] snapshot #2408 2026-09-17T12:16:27Z
[collector] snapshot #2409 2026-09-17T12:16:28Z
[collector] snapshot #2410 2026-09-17T12:16:29Z
[collector] snapshot #2411 2026-09-17T12:16:30Z
[collector] snapshot #2412 2026-09-17T12:16:31Z
[collector] snapshot #2413 2026-09-17T12:16:32Z
[collector] snapshot #2414 2026-09-17T12:16:33Z
[collector] snapshot #2415 2026-09-17T12:16:34Z
[collector] snapshot #2416 2026-09-17T12:16:35Z
[collector] snapshot #2417 2026-09-17T12:16:36Z
[collector] snapshot #2418 2026-09-17T12:16:37Z
[collector] snapshot #2419 2026-09-17T12:16:38Z
[collector] snapshot #2420 2026-09-17T12:16:39Z
[collector] snapshot #2421 2026-09-17T12:16:40Z
[collector] snapshot #2422 2026-09-17T12:16:41Z
[collector] snapshot #2423 2026-09-17T12:16:42Z
[collector] snapshot #2424 2026-09-17T12:16:43Z
[collector] snapshot #2425 2026-09-17T12:16:44Z
[collector] snapshot #2426 2026-09-17T12:16:45Z
[collector] snapshot #2427 2026-09-17T12:16:46Z
[collector] snapshot #2428 2026-09-17T12:16:47Z
[collector] snapshot #2429 2026-09-17T12:16:48Z
[collector] snapshot #2430 2026-09-17T12:16:49Z
[collector] snapshot #2431 2026-09-17T12:16:50Z
[collector] snapshot #2432 2026-09-17T12:16:51Z
[collector] snapshot #2433 2026-09-17T12:16:52Z
[collector] snapshot #2434 2026-09-17T12:16:53Z
[collector] snapshot #2435 2026-09-17T12:16:54Z
[collector] snapshot #2436 2026-09-17T12:16:55Z
[collector] snapshot #2437 2026-09-17T12:16:56Z
[collector] snapshot #2438 2026-09-17T12:16:57Z
[collector] snapshot #2439 2026-09-17T12:16:58Z
[collector] snapshot #2440 2026-09-17T12:16:59Z
[collector] snapshot #2441 2026-09-17T12:17:00Z
[collector] snapshot #2442 2026-09-17T12:17:01Z
[collector] snapshot #2443 2026-09-17T12:17:02Z
[collector] snapshot #2444 2026-09-17T12:17:03Z
[collector] snapshot #2445 2026-09-17T12:17:04Z
[collector] snapshot #2446 2026-09-17T12:17:05Z
[collector] snapshot #2447 2026-09-17T12:17:06Z
[collector] snapshot #2448 2026-09-17T12:17:07Z
[collector] snapshot #2449 2026-09-17T12:17:08Z
[collector] snapshot #2450 2026-09-17T12:17:09Z
[collector] snapshot #2451 2026-09-17T12:17:10Z
[collector] snapshot #2452 2026-09-17T12:17:11Z
[collector] snapshot #2453 2026-09-17T12:17:12Z
[collector] snapshot #2454 2026-09-17T12:17:13Z
[collector] snapshot #2455 2026-09-17T12:17:14Z
[collector] snapshot #2456 2026-09-17T12:17:15Z
[collector] snapshot #2457 2026-09-17T12:17:16Z
[collector] snapshot #2458 2026-09-17T12:17:17Z
[collector] snapshot #2459 2026-09-17T12:17:18Z
[collector] snapshot #2460 2026-09-17T12:17:19Z
[collector] snapshot #2461 2026-09-17T12:17:20Z
[collector] snapshot #2462 2026-09-17T12:17:21Z
[collector] snapshot #2463 2026-09-17T12:17:22Z
[collector] snapshot #2464 2026-09-17T12:17:23Z
[collector] snapshot #2465 2026-09-17T12:17:24Z
[collector] snapshot #2466 2026-09-17T12:17:25Z
[collector] snapshot #2467 2026-09-17T12:17:26Z
[collector] snapshot #2468 2026-09-17T12:17:27Z
[collector] snapshot #2469 2026-09-17T12:17:28Z
[collector] snapshot #2470 2026-09-17T12:17:29Z
[collector] snapshot #2471 2026-09-17T12:17:30Z
[collector] snapshot #2472 2026-09-17T12:17:31Z
[collector] snapshot #2473 2026-09-17T12:17:32Z
[collector] snapshot #2474 2026-09-17T12:17:33Z
[collector] snapshot #2475 2026-09-17T12:17:34Z
[collector] snapshot #2476 2026-09-17T12:17:35Z
[collector] snapshot #2477 2026-09-17T12:17:36Z
[collector] snapshot #2478 2026-09-17T12:17:37Z
[collector] snapshot #2479 2026-09-17T12:17:38Z
[collector] snapshot #2480 2026-09-17T12:17:39Z
[collector] snapshot #2481 2026-09-17T12:17:40Z
[collector] snapshot #2482 2026-09-17T12:17:41Z
[collector] snapshot #2483 2026-09-17T12:17:42Z
[collector] snapshot #2484 2026-09-17T12:17:43Z
[collector] snapshot #2485 2026-09-17T12:17:44Z
[collector] snapshot #2486 2026-09-17T12:17:45Z
[collector] snapshot #2487 2026-09-17T12:17:46Z
[collector] snapshot #2488 2026-09-17T12:17:47Z
[collector] snapshot #2489 2026-09-17T12:17:48Z
[collector] snapshot #2490 2026-09-17T12:17:49Z
[collector] snapshot #2491 2026-09-17T12:17:50Z
[collector] snapshot #2492 2026-09-17T12:17:51Z
[collector] snapshot #2493 2026-09-17T12:17:52Z
[collector] snapshot #2494 2026-09-17T12:17:53Z
[collector] snapshot #2495 2026-09-17T12:17:54Z
[collector] snapshot #2496 2026-09-17T12:17:55Z
[collector] snapshot #2497 2026-09-17T12:17:56Z
[collector] snapshot #2498 2026-09-17T12:17:57Z
[collector] snapshot #2499 2026-09-17T12:17:58Z
[collector] snapshot #2500 2026-09-17T12:17:59Z
[collector] snapshot #2501 2026-09-17T12:18:00Z
[collector] snapshot #2502 2026-09-17T12:18:01Z
[collector] snapshot #2503 2026-09-17T12:18:02Z
[collector] snapshot #2504 2026-09-17T12:18:03Z
[collector] snapshot #2505 2026-09-17T12:18:04Z
[collector] snapshot #2506 2026-09-17T12:18:05Z
[collector] snapshot #2507 2026-09-17T12:18:06Z
[collector] snapshot #2508 2026-09-17T12:18:07Z
[collector] snapshot #2509 2026-09-17T12:18:08Z
[collector] snapshot #2510 2026-09-17T12:18:09Z
[collector] snapshot #2511 2026-09-17T12:18:10Z
[collector] snapshot #2512 2026-09-17T12:18:11Z
[collector] snapshot #2513 2026-09-17T12:18:12Z
[collector] snapshot #2514 2026-09-17T12:18:13Z
[collector] snapshot #2515 2026-09-17T12:18:14Z
[collector] snapshot #2516 2026-09-17T12:18:15Z
[collector] snapshot #2517 2026-09-17T12:18:16Z
[collector] snapshot #2518 2026-09-17T12:18:17Z
[collector] snapshot #2519 2026-09-17T12:18:18Z
[collector] snapshot #2520 2026-09-17T12:18:19Z
[collector] snapshot #2521 2026-09-17T12:18:20Z
[collector] snapshot #2522 2026-09-17T12:18:21Z
[collector] snapshot #2523 2026-09-17T12:18:22Z
[collector] snapshot #2524 2026-09-17T12:18:23Z
[collector] snapshot #2525 2026-09-17T12:18:24Z
[collector] snapshot #2526 2026-09-17T12:18:25Z
[collector] snapshot #2527 2026-09-17T12:18:26Z
[collector] snapshot #2528 2026-09-17T12:18:27Z
[collector] snapshot #2529 2026-09-17T12:18:28Z
[collector] snapshot #2530 2026-09-17T12:18:29Z
[collector] snapshot #2531 2026-09-17T12:18:30Z
[collector] snapshot #2532 2026-09-17T12:18:31Z
[collector] snapshot #2533 2026-09-17T12:18:32Z
[collector] snapshot #2534 2026-09-17T12:18:33Z
[collector] snapshot #2535 2026-09-17T12:18:34Z
[collector] snapshot #2536 2026-09-17T12:18:35Z
[collector] snapshot #2537 2026-09-17T12:18:36Z
[collector] snapshot #2538 2026-09-17T12:18:37Z
[collector] snapshot #2539 2026-09-17T12:18:38Z
[collector] snapshot #2540 2026-09-17T12:18:39Z
[collector] snapshot #2541 2026-09-17T12:18:40Z
[collector] snapshot #2542 2026-09-17T12:18:41Z
[collector] snapshot #2543 2026-09-17T12:18:42Z
[collector] snapshot #2544 2026-09-17T12:18:43Z
[collector] snapshot #2545 2026-09-17T12:18:44Z
[collector] snapshot #2546 2026-09-17T12:18:45Z
[collector] snapshot #2547 2026-09-17T12:18:46Z
[collector] snapshot #2548 2026-09-17T12:18:47Z
[collector] snapshot #2549 2026-09-17T12:18:48Z
[collector] snapshot #2550 2026-09-17T12:18:49Z
[collector] snapshot #2551 2026-09-17T12:18:50Z
[collector] snapshot #2552 2026-09-17T12:18:51Z
[collector] snapshot #2553 2026-09-17T12:18:52Z
[collector] snapshot #2554 2026-09-17T12:18:53Z
[collector] snapshot #2555 2026-09-17T12:18:54Z
[collector] snapshot #2556 2026-09-17T12:18:55Z
[collector] snapshot #2557 2026-09-17T12:18:56Z
[collector] snapshot #2558 2026-09-17T12:18:57Z
[collector] snapshot #2559 2026-09-17T12:18:58Z
[collector] snapshot #2560 2026-09-17T12:18:59Z
[collector] snapshot #2561 2026-09-17T12:19:00Z
[collector] snapshot #2562 2026-09-17T12:19:01Z
[collector] snapshot #2563 2026-09-17T12:19:02Z
[collector] snapshot #2564 2026-09-17T12:19:03Z
[collector] snapshot #2565 2026-09-17T12:19:04Z
[collector] snapshot #2566 2026-09-17T12:19:05Z
[collector] snapshot #2567 2026-09-17T12:19:06Z
[collector] snapshot #2568 2026-09-17T12:19:07Z
[collector] snapshot #2569 2026-09-17T12:19:08Z
[collector] snapshot #2570 2026-09-17T12:19:09Z
[collector] snapshot #2571 2026-09-17T12:19:10Z
[collector] snapshot #2572 2026-09-17T12:19:11Z
[collector] snapshot #2573 2026-09-17T12:19:12Z
[collector] snapshot #2574 2026-09-17T12:19:13Z
[collector] snapshot #2575 2026-09-17T12:19:14Z
[collector] snapshot #2576 2026-09-17T12:19:15Z
[collector] snapshot #2577 2026-09-17T12:19:16Z
[collector] snapshot #2578 2026-09-17T12:19:17Z
[collector] snapshot #2579 2026-09-17T12:19:18Z
[collector] snapshot #2580 2026-09-17T12:19:19Z
[collector] snapshot #2581 2026-09-17T12:19:20Z
[collector] snapshot #2582 2026-09-17T12:19:21Z
[collector] snapshot #2583 2026-09-17T12:19:22Z
[collector] snapshot #2584 2026-09-17T12:19:23Z
[collector] snapshot #2585 2026-09-17T12:19:24Z
[collector] snapshot #2586 2026-09-17T12:19:25Z
[collector] snapshot #2587 2026-09-17T12:19:26Z
[collector] snapshot #2588 2026-09-17T12:19:27Z
[collector] snapshot #2589 2026-09-17T12:19:28Z
[collector] snapshot #2590 2026-09-17T12:19:29Z
[collector] snapshot #2591 2026-09-17T12:19:30Z
[collector] snapshot #2592 2026-09-17T12:19:31Z
[collector] snapshot #2593 2026-09-17T12:19:32Z
[collector] snapshot #2594 2026-09-17T12:19:33Z
[collector] snapshot #2595 2026-09-17T12:19:34Z
[collector] snapshot #2596 2026-09-17T12:19:35Z
[collector] snapshot #2597 2026-09-17T12:19:36Z
[collector] snapshot #2598 2026-09-17T12:19:37Z
[collector] snapshot #2599 2026-09-17T12:19:38Z
[collector] snapshot #2600 2026-09-17T12:19:39Z
[collector] snapshot #2601 2026-09-17T12:19:40Z
[collector] snapshot #2602 2026-09-17T12:19:41Z
[collector] snapshot #2603 2026-09-17T12:19:42Z
[collector] snapshot #2604 2026-09-17T12:19:43Z
[collector] snapshot #2605 2026-09-17T12:19:44Z
[collector] snapshot #2606 2026-09-17T12:19:45Z
[collector] snapshot #2607 2026-09-17T12:19:46Z
[collector] snapshot #2608 2026-09-17T12:19:47Z
[collector] snapshot #2609 2026-09-17T12:19:48Z
[collector] snapshot #2610 2026-09-17T12:19:49Z
[collector] snapshot #2611 2026-09-17T12:19:50Z
[collector] snapshot #2612 2026-09-17T12:19:51Z
[collector] snapshot #2613 2026-09-17T12:19:52Z
[collector] snapshot #2614 2026-09-17T12:19:53Z
[collector] snapshot #2615 2026-09-17T12:19:54Z
[collector] snapshot #2616 2026-09-17T12:19:55Z
[collector] snapshot #2617 2026-09-17T12:19:56Z
[collector] snapshot #2618 2026-09-17T12:19:57Z
[collector] snapshot #2619 2026-09-17T12:19:58Z
[collector] snapshot #2620 2026-09-17T12:19:59Z
[collector] snapshot #2621 2026-09-17T12:20:00Z
[collector] snapshot #2622 2026-09-17T12:20:01Z
[collector] snapshot #2623 2026-09-17T12:20:02Z
[collector] snapshot #2624 2026-09-17T12:20:03Z
[collector] snapshot #2625 2026-09-17T12:20:04Z
[collector] snapshot #2626 2026-09-17T12:20:05Z
[collector] snapshot #2627 2026-09-17T12:20:06Z
[collector] snapshot #2628 2026-09-17T12:20:07Z
[collector] snapshot #2629 2026-09-17T12:20:08Z
[collector] snapshot #2630 2026-09-17T12:20:09Z
[collector] snapshot #2631 2026-09-17T12:20:10Z
[collector] snapshot #2632 2026-09-17T12:20:11Z
[collector] snapshot #2633 2026-09-17T12:20:12Z
[collector] snapshot #2634 2026-09-17T12:20:13Z
[collector] snapshot #2635 2026-09-17T12:20:14Z
[collector] snapshot #2636 2026-09-17T12:20:15Z
[collector] snapshot #2637 2026-09-17T12:20:16Z
[collector] snapshot #2638 2026-09-17T12:20:17Z
[collector] snapshot #2639 2026-09-17T12:20:18Z
[collector] snapshot #2640 2026-09-17T12:20:19Z
[collector] snapshot #2641 2026-09-17T12:20:20Z
[collector] snapshot #2642 2026-09-17T12:20:21Z
[collector] snapshot #2643 2026-09-17T12:20:22Z
[collector] snapshot #2644 2026-09-17T12:20:23Z
[collector] snapshot #2645 2026-09-17T12:20:24Z
[collector] snapshot #2646 2026-09-17T12:20:25Z
[collector] snapshot #2647 2026-09-17T12:20:26Z
[collector] snapshot #2648 2026-09-17T12:20:27Z
[collector] snapshot #2649 2026-09-17T12:20:28Z
[collector] snapshot #2650 2026-09-17T12:20:29Z
[collector] snapshot #2651 2026-09-17T12:20:30Z
[collector] snapshot #2652 2026-09-17T12:20:31Z
[collector] snapshot #2653 2026-09-17T12:20:32Z
[collector] snapshot #2654 2026-09-17T12:20:33Z
[collector] snapshot #2655 2026-09-17T12:20:34Z
[collector] snapshot #2656 2026-09-17T12:20:35Z
[collector] snapshot #2657 2026-09-17T12:20:36Z
[collector] snapshot #2658 2026-09-17T12:20:37Z
[collector] snapshot #2659 2026-09-17T12:20:38Z
[collector] snapshot #2660 2026-09-17T12:20:39Z
[collector] snapshot #2661 2026-09-17T12:20:40Z
[collector] snapshot #2662 2026-09-17T12:20:41Z
[collector] snapshot #2663 2026-09-17T12:20:42Z
[collector] snapshot #2664 2026-09-17T12:20:43Z
[collector] snapshot #2665 2026-09-17T12:20:44Z
[collector] snapshot #2666 2026-09-17T12:20:45Z
[collector] snapshot #2667 2026-09-17T12:20:46Z
[collector] snapshot #2668 2026-09-17T12:20:47Z
[collector] snapshot #2669 2026-09-17T12:20:48Z
[collector] snapshot #2670 2026-09-17T12:20:49Z
[collector] snapshot #2671 2026-09-17T12:20:50Z
[collector] snapshot #2672 2026-09-17T12:20:51Z
[collector] snapshot #2673 2026-09-17T12:20:52Z
[collector] snapshot #2674 2026-09-17T12:20:53Z
[collector] snapshot #2675 2026-09-17T12:20:54Z
[collector] snapshot #2676 2026-09-17T12:20:55Z
[collector] snapshot #2677 2026-09-17T12:20:56Z
[collector] snapshot #2678 2026-09-17T12:20:57Z
[collector] snapshot #2679 2026-09-17T12:20:58Z
[collector] snapshot #2680 2026-09-17T12:20:59Z
[collector] snapshot #2681 2026-09-17T12:21:00Z
[collector] snapshot #2682 2026-09-17T12:21:01Z
[collector] snapshot #2683 2026-09-17T12:21:02Z
[collector] snapshot #2684 2026-09-17T12:21:03Z
[collector] snapshot #2685 2026-09-17T12:21:04Z
[collector] snapshot #2686 2026-09-17T12:21:05Z
[collector] snapshot #2687 2026-09-17T12:21:06Z
[collector] snapshot #2688 2026-09-17T12:21:07Z
[collector] snapshot #2689 2026-09-17T12:21:08Z
[collector] snapshot #2690 2026-09-17T12:21:09Z
[collector] snapshot #2691 2026-09-17T12:21:10Z
[collector] snapshot #2692 2026-09-17T12:21:11Z
[collector] snapshot #2693 2026-09-17T12:21:12Z
[collector] snapshot #2694 2026-09-17T12:21:13Z
[collector] snapshot #2695 2026-09-17T12:21:14Z
[collector] snapshot #2696 2026-09-17T12:21:15Z
[collector] snapshot #2697 2026-09-17T12:21:16Z
[collector] snapshot #2698 2026-09-17T12:21:17Z
[collector] snapshot #2699 2026-09-17T12:21:18Z
[collector] snapshot #2700 2026-09-17T12:21:19Z
[collector] snapshot #2701 2026-09-17T12:21:20Z
[collector] snapshot #2702 2026-09-17T12:21:21Z
[collector] snapshot #2703 2026-09-17T12:21:22Z
[collector] snapshot #2704 2026-09-17T12:21:23Z
[collector] snapshot #2705 2026-09-17T12:21:24Z
[collector] snapshot #2706 2026-09-17T12:21:25Z
[collector] snapshot #2707 2026-09-17T12:21:26Z
[collector] snapshot #2708 2026-09-17T12:21:27Z
[collector] snapshot #2709 2026-09-17T12:21:28Z
[collector] snapshot #2710 2026-09-17T12:21:29Z
[collector] snapshot #2711 2026-09-17T12:21:30Z
[collector] snapshot #2712 2026-09-17T12:21:31Z
[collector] snapshot #2713 2026-09-17T12:21:32Z
[collector] snapshot #2714 2026-09-17T12:21:33Z
[collector] snapshot #2715 2026-09-17T12:21:34Z
[collector] snapshot #2716 2026-09-17T12:21:35Z
[collector] snapshot #2717 2026-09-17T12:21:36Z
[collector] snapshot #2718 2026-09-17T12:21:37Z
[collector] snapshot #2719 2026-09-17T12:21:38Z
[collector] snapshot #2720 2026-09-17T12:21:39Z
[collector] snapshot #2721 2026-09-17T12:21:40Z
[collector] snapshot #2722 2026-09-17T12:21:41Z
[collector] snapshot #2723 2026-09-17T12:21:42Z
[collector] snapshot #2724 2026-09-17T12:21:43Z
[collector] snapshot #2725 2026-09-17T12:21:44Z
[collector] snapshot #2726 2026-09-17T12:21:45Z
[collector] snapshot #2727 2026-09-17T12:21:46Z
[collector] snapshot #2728 2026-09-17T12:21:47Z
[collector] snapshot #2729 2026-09-17T12:21:48Z
[collector] snapshot #2730 2026-09-17T12:21:49Z
[collector] snapshot #2731 2026-09-17T12:21:50Z
[collector] snapshot #2732 2026-09-17T12:21:51Z
[collector] snapshot #2733 2026-09-17T12:21:52Z
[collector] snapshot #2734 2026-09-17T12:21:53Z
[collector] snapshot #2735 2026-09-17T12:21:54Z
[collector] snapshot #2736 2026-09-17T12:21:55Z
[collector] snapshot #2737 2026-09-17T12:21:56Z
[collector] snapshot #2738 2026-09-17T12:21:57Z
[collector] snapshot #2739 2026-09-17T12:21:58Z
[collector] snapshot #2740 2026-09-17T12:21:59Z
[collector] snapshot #2741 2026-09-17T12:22:00Z
[collector] snapshot #2742 2026-09-17T12:22:01Z
[collector] snapshot #2743 2026-09-17T12:22:02Z
[collector] snapshot #2744 2026-09-17T12:22:03Z
[collector] snapshot #2745 2026-09-17T12:22:04Z
[collector] snapshot #2746 2026-09-17T12:22:05Z
[collector] snapshot #2747 2026-09-17T12:22:06Z
[collector] snapshot #2748 2026-09-17T12:22:07Z
[collector] snapshot #2749 2026-09-17T12:22:08Z
[collector] snapshot #2750 2026-09-17T12:22:09Z
[collector] snapshot #2751 2026-09-17T12:22:10Z
[collector] snapshot #2752 2026-09-17T12:22:11Z
[collector] snapshot #2753 2026-09-17T12:22:12Z
[collector] snapshot #2754 2026-09-17T12:22:13Z
[collector] snapshot #2755 2026-09-17T12:22:14Z
[collector] snapshot #2756 2026-09-17T12:22:15Z
[collector] snapshot #2757 2026-09-17T12:22:16Z
[collector] snapshot #2758 2026-09-17T12:22:17Z
[collector] snapshot #2759 2026-09-17T12:22:18Z
[collector] snapshot #2760 2026-09-17T12:22:19Z
[collector] snapshot #2761 2026-09-17T12:22:20Z
[collector] snapshot #2762 2026-09-17T12:22:21Z
[collector] snapshot #2763 2026-09-17T12:22:22Z
[collector] snapshot #2764 2026-09-17T12:22:23Z
[collector] snapshot #2765 2026-09-17T12:22:24Z
[collector] snapshot #2766 2026-09-17T12:22:25Z
[collector] snapshot #2767 2026-09-17T12:22:26Z
[collector] snapshot #2768 2026-09-17T12:22:27Z
[collector] snapshot #2769 2026-09-17T12:22:28Z
[collector] snapshot #2770 2026-09-17T12:22:29Z
[collector] snapshot #2771 2026-09-17T12:22:30Z
[collector] snapshot #2772 2026-09-17T12:22:31Z
[collector] snapshot #2773 2026-09-17T12:22:32Z
[collector] snapshot #2774 2026-09-17T12:22:33Z
[collector] snapshot #2775 2026-09-17T12:22:34Z
[collector] snapshot #2776 2026-09-17T12:22:35Z
[collector] snapshot #2777 2026-09-17T12:22:36Z
[collector] snapshot #2778 2026-09-17T12:22:37Z
[collector] snapshot #2779 2026-09-17T12:22:38Z
[collector] snapshot #2780 2026-09-17T12:22:39Z
[collector] snapshot #2781 2026-09-17T12:22:40Z
[collector] snapshot #2782 2026-09-17T12:22:41Z
[collector] snapshot #2783 2026-09-17T12:22:42Z
[collector] snapshot #2784 2026-09-17T12:22:43Z
[collector] snapshot #2785 2026-09-17T12:22:44Z
[collector] snapshot #2786 2026-09-17T12:22:45Z
[collector] snapshot #2787 2026-09-17T12:22:46Z
[collector] snapshot #2788 2026-09-17T12:22:47Z
[collector] snapshot #2789 2026-09-17T12:22:48Z
[collector] snapshot #2790 2026-09-17T12:22:49Z
[collector] snapshot #2791 2026-09-17T12:22:50Z
[collector] snapshot #2792 2026-09-17T12:22:51Z
[collector] snapshot #2793 2026-09-17T12:22:52Z
[collector] snapshot #2794 2026-09-17T12:22:53Z
[collector] snapshot #2795 2026-09-17T12:22:54Z
[collector] snapshot #2796 2026-09-17T12:22:55Z
[collector] snapshot #2797 2026-09-17T12:22:56Z
[collector] snapshot #2798 2026-09-17T12:22:57Z
[collector] snapshot #2799 2026-09-17T12:22:58Z
[collector] snapshot #2800 2026-09-17T12:22:59Z
[collector] snapshot #2801 2026-09-17T12:23:00Z
[collector] snapshot #2802 2026-09-17T12:23:01Z
[collector] snapshot #2803 2026-09-17T12:23:02Z
[collector] snapshot #2804 2026-09-17T12:23:03Z
[collector] snapshot #2805 2026-09-17T12:23:04Z
[collector] snapshot #2806 2026-09-17T12:23:05Z
[collector] snapshot #2807 2026-09-17T12:23:06Z
[collector] snapshot #2808 2026-09-17T12:23:07Z
[collector] snapshot #2809 2026-09-17T12:23:08Z
[collector] snapshot #2810 2026-09-17T12:23:09Z
[collector] snapshot #2811 2026-09-17T12:23:10Z
[collector] snapshot #2812 2026-09-17T12:23:11Z
[collector] snapshot #2813 2026-09-17T12:23:12Z
[collector] snapshot #2814 2026-09-17T12:23:13Z
[collector] snapshot #2815 2026-09-17T12:23:14Z
[collector] snapshot #2816 2026-09-17T12:23:15Z
[collector] snapshot #2817 2026-09-17T12:23:16Z
[collector] snapshot #2818 2026-09-17T12:23:17Z
[collector] snapshot #2819 2026-09-17T12:23:18Z
[collector] snapshot #2820 2026-09-17T12:23:19Z
[collector] snapshot #2821 2026-09-17T12:23:20Z
[collector] snapshot #2822 2026-09-17T12:23:21Z
[collector] snapshot #2823 2026-09-17T12:23:22Z
[collector] snapshot #2824 2026-09-17T12:23:23Z
[collector] snapshot #2825 2026-09-17T12:23:24Z
[collector] snapshot #2826 2026-09-17T12:23:25Z
[collector] snapshot #2827 2026-09-17T12:23:26Z
[collector] snapshot #2828 2026-09-17T12:23:27Z
[collector] snapshot #2829 2026-09-17T12:23:28Z
[collector] snapshot #2830 2026-09-17T12:23:29Z
[collector] snapshot #2831 2026-09-17T12:23:30Z
[collector] snapshot #2832 2026-09-17T12:23:31Z
[collector] snapshot #2833 2026-09-17T12:23:32Z
[collector] snapshot #2834 2026-09-17T12:23:33Z
[collector] snapshot #2835 2026-09-17T12:23:34Z
[collector] snapshot #2836 2026-09-17T12:23:35Z
[collector] snapshot #2837 2026-09-17T12:23:36Z
[collector] snapshot #2838 2026-09-17T12:23:37Z
[collector] snapshot #2839 2026-09-17T12:23:38Z
[collector] snapshot #2840 2026-09-17T12:23:39Z
[collector] snapshot #2841 2026-09-17T12:23:40Z
[collector] snapshot #2842 2026-09-17T12:23:41Z
[collector] snapshot #2843 2026-09-17T12:23:42Z
[collector] snapshot #2844 2026-09-17T12:23:43Z
[collector] snapshot #2845 2026-09-17T12:23:44Z
[collector] snapshot #2846 2026-09-17T12:23:45Z
[collector] snapshot #2847 2026-09-17T12:23:46Z
[collector] snapshot #2848 2026-09-17T12:23:47Z
[collector] snapshot #2849 2026-09-17T12:23:48Z
[collector] snapshot #2850 2026-09-17T12:23:49Z
[collector] snapshot #2851 2026-09-17T12:23:50Z
[collector] snapshot #2852 2026-09-17T12:23:51Z
[collector] snapshot #2853 2026-09-17T12:23:52Z
[collector] snapshot #2854 2026-09-17T12:23:53Z
[collector] snapshot #2855 2026-09-17T12:23:54Z
[collector] snapshot #2856 2026-09-17T12:23:55Z
[collector] snapshot #2857 2026-09-17T12:23:56Z
[collector] snapshot #2858 2026-09-17T12:23:57Z
[collector] snapshot #2859 2026-09-17T12:23:58Z
[collector] snapshot #2860 2026-09-17T12:23:59Z
[collector] snapshot #2861 2026-09-17T12:24:00Z
[collector] snapshot #2862 2026-09-17T12:24:01Z
[collector] snapshot #2863 2026-09-17T12:24:02Z
[collector] snapshot #2864 2026-09-17T12:24:03Z
[collector] snapshot #2865 2026-09-17T12:24:04Z
[collector] snapshot #2866 2026-09-17T12:24:05Z
[collector] snapshot #2867 2026-09-17T12:24:06Z
[collector] snapshot #2868 2026-09-17T12:24:07Z
[collector] snapshot #2869 2026-09-17T12:24:08Z
[collector] snapshot #2870 2026-09-17T12:24:09Z
[collector] snapshot #2871 2026-09-17T12:24:10Z
[collector] snapshot #2872 2026-09-17T12:24:11Z
[collector] snapshot #2873 2026-09-17T12:24:12Z
[collector] snapshot #2874 2026-09-17T12:24:13Z
[collector] snapshot #2875 2026-09-17T12:24:14Z
[collector] snapshot #2876 2026-09-17T12:24:15Z
[collector] snapshot #2877 2026-09-17T12:24:16Z
[collector] snapshot #2878 2026-09-17T12:24:17Z
[collector] snapshot #2879 2026-09-17T12:24:18Z
[collector] snapshot #2880 2026-09-17T12:24:19Z
[collector] snapshot #2881 2026-09-17T12:24:20Z
[collector] snapshot #2882 2026-09-17T12:24:21Z
[collector] snapshot #2883 2026-09-17T12:24:22Z
[collector] snapshot #2884 2026-09-17T12:24:23Z
[collector] snapshot #2885 2026-09-17T12:24:24Z
[collector] snapshot #2886 2026-09-17T12:24:25Z
[collector] snapshot #2887 2026-09-17T12:24:26Z
[collector] snapshot #2888 2026-09-17T12:24:27Z
[collector] snapshot #2889 2026-09-17T12:24:28Z
[collector] snapshot #2890 2026-09-17T12:24:29Z
[collector] snapshot #2891 2026-09-17T12:24:30Z
[collector] snapshot #2892 2026-09-17T12:24:31Z
[collector] snapshot #2893 2026-09-17T12:24:32Z
[collector] snapshot #2894 2026-09-17T12:24:33Z
[collector] snapshot #2895 2026-09-17T12:24:34Z
[collector] snapshot #2896 2026-09-17T12:24:35Z
[collector] snapshot #2897 2026-09-17T12:24:36Z
[collector] snapshot #2898 2026-09-17T12:24:37Z
[collector] snapshot #2899 2026-09-17T12:24:38Z
[collector] snapshot #2900 2026-09-17T12:24:39Z
[collector] snapshot #2901 2026-09-17T12:24:40Z
[collector] snapshot #2902 2026-09-17T12:24:41Z
[collector] snapshot #2903 2026-09-17T12:24:42Z
[collector] snapshot #2904 2026-09-17T12:24:43Z
[collector] snapshot #2905 2026-09-17T12:24:44Z
[collector] snapshot #2906 2026-09-17T12:24:45Z
[collector] snapshot #2907 2026-09-17T12:24:46Z
[collector] snapshot #2908 2026-09-17T12:24:47Z
[collector] snapshot #2909 2026-09-17T12:24:48Z
[collector] snapshot #2910 2026-09-17T12:24:49Z
[collector] snapshot #2911 2026-09-17T12:24:50Z
[collector] snapshot #2912 2026-09-17T12:24:51Z
[collector] snapshot #2913 2026-09-17T12:24:52Z
[collector] snapshot #2914 2026-09-17T12:24:53Z
[collector] snapshot #2915 2026-09-17T12:24:54Z
[collector] snapshot #2916 2026-09-17T12:24:55Z
[collector] snapshot #2917 2026-09-17T12:24:56Z
[collector] snapshot #2918 2026-09-17T12:24:57Z
[collector] snapshot #2919 2026-09-17T12:24:58Z
[collector] snapshot #2920 2026-09-17T12:24:59Z
[collector] snapshot #2921 2026-09-17T12:25:00Z
[collector] snapshot #2922 2026-09-17T12:25:01Z
[collector] snapshot #2923 2026-09-17T12:25:02Z
[collector] snapshot #2924 2026-09-17T12:25:03Z
[collector] snapshot #2925 2026-09-17T12:25:04Z
[collector] snapshot #2926 2026-09-17T12:25:05Z
[collector] snapshot #2927 2026-09-17T12:25:06Z
[collector] snapshot #2928 2026-09-17T12:25:07Z
[collector] snapshot #2929 2026-09-17T12:25:08Z
[collector] snapshot #2930 2026-09-17T12:25:09Z
[collector] snapshot #2931 2026-09-17T12:25:10Z
[collector] snapshot #2932 2026-09-17T12:25:11Z
[collector] snapshot #2933 2026-09-17T12:25:12Z
[collector] snapshot #2934 2026-09-17T12:25:13Z
[collector] snapshot #2935 2026-09-17T12:25:14Z
[collector] snapshot #2936 2026-09-17T12:25:15Z
[collector] snapshot #2937 2026-09-17T12:25:16Z
[collector] snapshot #2938 2026-09-17T12:25:17Z
[collector] snapshot #2939 2026-09-17T12:25:18Z
[collector] snapshot #2940 2026-09-17T12:25:19Z
[collector] snapshot #2941 2026-09-17T12:25:20Z
[collector] snapshot #2942 2026-09-17T12:25:21Z
[collector] snapshot #2943 2026-09-17T12:25:22Z
[collector] snapshot #2944 2026-09-17T12:25:23Z
[collector] snapshot #2945 2026-09-17T12:25:24Z
[collector] snapshot #2946 2026-09-17T12:25:25Z
[collector] snapshot #2947 2026-09-17T12:25:26Z
[collector] snapshot #2948 2026-09-17T12:25:27Z
[collector] snapshot #2949 2026-09-17T12:25:28Z
[collector] snapshot #2950 2026-09-17T12:25:29Z
[collector] snapshot #2951 2026-09-17T12:25:30Z
[collector] snapshot #2952 2026-09-17T12:25:31Z
[collector] snapshot #2953 2026-09-17T12:25:32Z
[collector] snapshot #2954 2026-09-17T12:25:33Z
[collector] snapshot #2955 2026-09-17T12:25:34Z
[collector] snapshot #2956 2026-09-17T12:25:35Z
[collector] snapshot #2957 2026-09-17T12:25:36Z
[collector] snapshot #2958 2026-09-17T12:25:37Z
[collector] snapshot #2959 2026-09-17T12:25:38Z
[collector] snapshot #2960 2026-09-17T12:25:39Z
[collector] snapshot #2961 2026-09-17T12:25:40Z
[collector] snapshot #2962 2026-09-17T12:25:41Z
[collector] snapshot #2963 2026-09-17T12:25:42Z
[collector] snapshot #2964 2026-09-17T12:25:43Z
[collector] snapshot #2965 2026-09-17T12:25:44Z
[collector] snapshot #2966 2026-09-17T12:25:45Z
[collector] snapshot #2967 2026-09-17T12:25:46Z
[collector] snapshot #2968 2026-09-17T12:25:47Z
[collector] snapshot #2969 2026-09-17T12:25:48Z
[collector] snapshot #2970 2026-09-17T12:25:49Z
[collector] snapshot #2971 2026-09-17T12:25:50Z
[collector] snapshot #2972 2026-09-17T12:25:51Z
[collector] snapshot #2973 2026-09-17T12:25:52Z
[collector] snapshot #2974 2026-09-17T12:25:53Z
[collector] snapshot #2975 2026-09-17T12:25:54Z
[collector] snapshot #2976 2026-09-17T12:25:55Z
[collector] snapshot #2977 2026-09-17T12:25:56Z
[collector] snapshot #2978 2026-09-17T12:25:57Z
[collector] snapshot #2979 2026-09-17T12:25:58Z
[collector] snapshot #2980 2026-09-17T12:25:59Z
[collector] snapshot #2981 2026-09-17T12:26:00Z
[collector] snapshot #2982 2026-09-17T12:26:01Z
[collector] snapshot #2983 2026-09-17T12:26:02Z
[collector] snapshot #2984 2026-09-17T12:26:03Z
[collector] snapshot #2985 2026-09-17T12:26:04Z
[collector] snapshot #2986 2026-09-17T12:26:05Z
[collector] snapshot #2987 2026-09-17T12:26:06Z
[collector] snapshot #2988 2026-09-17T12:26:07Z
[collector] snapshot #2989 2026-09-17T12:26:08Z
[collector] snapshot #2990 2026-09-17T12:26:09Z
[collector] snapshot #2991 2026-09-17T12:26:10Z
[collector] snapshot #2992 2026-09-17T12:26:11Z
[collector] snapshot #2993 2026-09-17T12:26:12Z
[collector] snapshot #2994 2026-09-17T12:26:13Z
[collector] snapshot #2995 2026-09-17T12:26:14Z
[collector] snapshot #2996 2026-09-17T12:26:15Z
[collector] snapshot #2997 2026-09-17T12:26:16Z
[collector] snapshot #2998 2026-09-17T12:26:17Z
[collector] snapshot #2999 2026-09-17T12:26:18Z
[collector] snapshot #3000 2026-09-17T12:26:19Z
[collector] snapshot #3001 2026-09-17T12:26:20Z
[collector] snapshot #3002 2026-09-17T12:26:21Z
[collector] snapshot #3003 2026-09-17T12:26:22Z
[collector] snapshot #3004 2026-09-17T12:26:23Z
[collector] snapshot #3005 2026-09-17T12:26:24Z
[collector] snapshot #3006 2026-09-17T12:26:25Z
[collector] snapshot #3007 2026-09-17T12:26:26Z
[collector] snapshot #3008 2026-09-17T12:26:27Z
[collector] snapshot #3009 2026-09-17T12:26:28Z
[collector] snapshot #3010 2026-09-17T12:26:29Z
[collector] snapshot #3011 2026-09-17T12:26:30Z
[collector] snapshot #3012 2026-09-17T12:26:31Z
[collector] snapshot #3013 2026-09-17T12:26:32Z
[collector] snapshot #3014 2026-09-17T12:26:33Z
[collector] snapshot #3015 2026-09-17T12:26:34Z
[collector] snapshot #3016 2026-09-17T12:26:35Z
[collector] snapshot #3017 2026-09-17T12:26:36Z
[collector] snapshot #3018 2026-09-17T12:26:37Z
[collector] snapshot #3019 2026-09-17T12:26:38Z
[collector] snapshot #3020 2026-09-17T12:26:39Z
[collector] snapshot #3021 2026-09-17T12:26:40Z
[collector] snapshot #3022 2026-09-17T12:26:41Z
[collector] snapshot #3023 2026-09-17T12:26:42Z
[collector] snapshot #3024 2026-09-17T12:26:43Z
[collector] snapshot #3025 2026-09-17T12:26:44Z
[collector] snapshot #3026 2026-09-17T12:26:45Z
[collector] snapshot #3027 2026-09-17T12:26:46Z
[collector] snapshot #3028 2026-09-17T12:26:47Z
[collector] snapshot #3029 2026-09-17T12:26:48Z
[collector] snapshot #3030 2026-09-17T12:26:49Z
[collector] snapshot #3031 2026-09-17T12:26:50Z
[collector] snapshot #3032 2026-09-17T12:26:51Z
[collector] snapshot #3033 2026-09-17T12:26:52Z
[collector] snapshot #3034 2026-09-17T12:26:53Z
[collector] snapshot #3035 2026-09-17T12:26:54Z
[collector] snapshot #3036 2026-09-17T12:26:55Z
[collector] snapshot #3037 2026-09-17T12:26:56Z
[collector] snapshot #3038 2026-09-17T12:26:57Z
[collector] snapshot #3039 2026-09-17T12:26:58Z
[collector] snapshot #3040 2026-09-17T12:26:59Z
[collector] snapshot #3041 2026-09-17T12:27:00Z
[collector] snapshot #3042 2026-09-17T12:27:01Z
[collector] snapshot #3043 2026-09-17T12:27:02Z
[collector] snapshot #3044 2026-09-17T12:27:03Z
[collector] snapshot #3045 2026-09-17T12:27:04Z
[collector] snapshot #3046 2026-09-17T12:27:05Z
[collector] snapshot #3047 2026-09-17T12:27:06Z
[collector] snapshot #3048 2026-09-17T12:27:07Z
[collector] snapshot #3049 2026-09-17T12:27:08Z
[collector] snapshot #3050 2026-09-17T12:27:09Z
[collector] snapshot #3051 2026-09-17T12:27:10Z
[collector] snapshot #3052 2026-09-17T12:27:11Z
[collector] snapshot #3053 2026-09-17T12:27:12Z
[collector] snapshot #3054 2026-09-17T12:27:13Z
[collector] snapshot #3055 2026-09-17T12:27:14Z
[collector] snapshot #3056 2026-09-17T12:27:15Z
[collector] snapshot #3057 2026-09-17T12:27:16Z
[collector] snapshot #3058 2026-09-17T12:27:17Z
[collector] snapshot #3059 2026-09-17T12:27:18Z
[collector] snapshot #3060 2026-09-17T12:27:19Z
[collector] snapshot #3061 2026-09-17T12:27:20Z
[collector] snapshot #3062 2026-09-17T12:27:21Z
[collector] snapshot #3063 2026-09-17T12:27:22Z
[collector] snapshot #3064 2026-09-17T12:27:23Z
[collector] snapshot #3065 2026-09-17T12:27:24Z
[collector] snapshot #3066 2026-09-17T12:27:25Z
[collector] snapshot #3067 2026-09-17T12:27:26Z
[collector] snapshot #3068 2026-09-17T12:27:27Z
[collector] snapshot #3069 2026-09-17T12:27:28Z
[collector] snapshot #3070 2026-09-17T12:27:29Z
[collector] snapshot #3071 2026-09-17T12:27:30Z
[collector] snapshot #3072 2026-09-17T12:27:31Z
[collector] snapshot #3073 2026-09-17T12:27:32Z
[collector] snapshot #3074 2026-09-17T12:27:33Z
[collector] snapshot #3075 2026-09-17T12:27:34Z
[collector] snapshot #3076 2026-09-17T12:27:35Z
[collector] snapshot #3077 2026-09-17T12:27:36Z
[collector] snapshot #3078 2026-09-17T12:27:37Z
[collector] snapshot #3079 2026-09-17T12:27:38Z
[collector] snapshot #3080 2026-09-17T12:27:39Z
[collector] snapshot #3081 2026-09-17T12:27:40Z
[collector] snapshot #3082 2026-09-17T12:27:41Z
[collector] snapshot #3083 2026-09-17T12:27:42Z
[collector] snapshot #3084 2026-09-17T12:27:43Z
[collector] snapshot #3085 2026-09-17T12:27:44Z
[collector] snapshot #3086 2026-09-17T12:27:45Z
[collector] snapshot #3087 2026-09-17T12:27:46Z
[collector] snapshot #3088 2026-09-17T12:27:47Z
[collector] snapshot #3089 2026-09-17T12:27:48Z
[collector] snapshot #3090 2026-09-17T12:27:49Z
[collector] snapshot #3091 2026-09-17T12:27:50Z
[collector] snapshot #3092 2026-09-17T12:27:51Z
[collector] snapshot #3093 2026-09-17T12:27:52Z
[collector] snapshot #3094 2026-09-17T12:27:53Z
[collector] snapshot #3095 2026-09-17T12:27:54Z
[collector] snapshot #3096 2026-09-17T12:27:55Z
[collector] snapshot #3097 2026-09-17T12:27:56Z
[collector] snapshot #3098 2026-09-17T12:27:57Z
[collector] snapshot #3099 2026-09-17T12:27:58Z
[collector] snapshot #3100 2026-09-17T12:27:59Z
[collector] snapshot #3101 2026-09-17T12:28:00Z
[collector] snapshot #3102 2026-09-17T12:28:01Z
[collector] snapshot #3103 2026-09-17T12:28:02Z
[collector] snapshot #3104 2026-09-17T12:28:03Z
[collector] snapshot #3105 2026-09-17T12:28:04Z
[collector] snapshot #3106 2026-09-17T12:28:05Z
[collector] snapshot #3107 2026-09-17T12:28:06Z
[collector] snapshot #3108 2026-09-17T12:28:07Z
[collector] snapshot #3109 2026-09-17T12:28:08Z
[collector] snapshot #3110 2026-09-17T12:28:09Z
[collector] snapshot #3111 2026-09-17T12:28:10Z
[collector] snapshot #3112 2026-09-17T12:28:11Z
[collector] snapshot #3113 2026-09-17T12:28:12Z
[collector] snapshot #3114 2026-09-17T12:28:13Z
[collector] snapshot #3115 2026-09-17T12:28:14Z
[collector] snapshot #3116 2026-09-17T12:28:15Z
[collector] snapshot #3117 2026-09-17T12:28:16Z
[collector] snapshot #3118 2026-09-17T12:28:17Z
[collector] snapshot #3119 2026-09-17T12:28:18Z
[collector] snapshot #3120 2026-09-17T12:28:19Z
[collector] snapshot #3121 2026-09-17T12:28:20Z
[collector] snapshot #3122 2026-09-17T12:28:21Z
[collector] snapshot #3123 2026-09-17T12:28:22Z
[collector] snapshot #3124 2026-09-17T12:28:23Z
[collector] snapshot #3125 2026-09-17T12:28:24Z
[collector] snapshot #3126 2026-09-17T12:28:25Z
[collector] snapshot #3127 2026-09-17T12:28:26Z
[collector] snapshot #3128 2026-09-17T12:28:27Z
[collector] snapshot #3129 2026-09-17T12:28:28Z
[collector] snapshot #3130 2026-09-17T12:28:29Z
[collector] snapshot #3131 2026-09-17T12:28:30Z
[collector] snapshot #3132 2026-09-17T12:28:31Z
[collector] snapshot #3133 2026-09-17T12:28:32Z
[collector] snapshot #3134 2026-09-17T12:28:33Z
[collector] snapshot #3135 2026-09-17T12:28:34Z
[collector] snapshot #3136 2026-09-17T12:28:35Z
[collector] snapshot #3137 2026-09-17T12:28:36Z
[collector] snapshot #3138 2026-09-17T12:28:37Z
[collector] snapshot #3139 2026-09-17T12:28:38Z
[collector] snapshot #3140 2026-09-17T12:28:39Z
[collector] snapshot #3141 2026-09-17T12:28:40Z
[collector] snapshot #3142 2026-09-17T12:28:41Z
[collector] snapshot #3143 2026-09-17T12:28:42Z
[collector] snapshot #3144 2026-09-17T12:28:43Z
[collector] snapshot #3145 2026-09-17T12:28:44Z
[collector] snapshot #3146 2026-09-17T12:28:45Z
[collector] snapshot #3147 2026-09-17T12:28:46Z
[collector] snapshot #3148 2026-09-17T12:28:47Z
[collector] snapshot #3149 2026-09-17T12:28:48Z
[collector] snapshot #3150 2026-09-17T12:28:49Z
[collector] snapshot #3151 2026-09-17T12:28:50Z
[collector] snapshot #3152 2026-09-17T12:28:51Z
[collector] snapshot #3153 2026-09-17T12:28:52Z
[collector] snapshot #3154 2026-09-17T12:28:53Z
[collector] snapshot #3155 2026-09-17T12:28:54Z
[collector] snapshot #3156 2026-09-17T12:28:55Z
[collector] snapshot #3157 2026-09-17T12:28:56Z
[collector] snapshot #3158 2026-09-17T12:28:57Z
[collector] snapshot #3159 2026-09-17T12:28:58Z
[collector] snapshot #3160 2026-09-17T12:28:59Z
[collector] snapshot #3161 2026-09-17T12:29:00Z
[collector] snapshot #3162 2026-09-17T12:29:01Z
[collector] snapshot #3163 2026-09-17T12:29:02Z
[collector] snapshot #3164 2026-09-17T12:29:03Z
[collector] snapshot #3165 2026-09-17T12:29:04Z
[collector] snapshot #3166 2026-09-17T12:29:05Z
[collector] snapshot #3167 2026-09-17T12:29:06Z
[collector] snapshot #3168 2026-09-17T12:29:07Z
[collector] snapshot #3169 2026-09-17T12:29:08Z
[collector] snapshot #3170 2026-09-17T12:29:09Z
[collector] snapshot #3171 2026-09-17T12:29:10Z
[collector] snapshot #3172 2026-09-17T12:29:11Z
[collector] snapshot #3173 2026-09-17T12:29:12Z
[collector] snapshot #3174 2026-09-17T12:29:13Z
[collector] snapshot #3175 2026-09-17T12:29:14Z
[collector] snapshot #3176 2026-09-17T12:29:15Z
[collector] snapshot #3177 2026-09-17T12:29:16Z
[collector] snapshot #3178 2026-09-17T12:29:17Z
[collector] snapshot #3179 2026-09-17T12:29:18Z
[collector] snapshot #3180 2026-09-17T12:29:19Z
[collector] snapshot #3181 2026-09-17T12:29:20Z
[collector] snapshot #3182 2026-09-17T12:29:21Z
[collector] snapshot #3183 2026-09-17T12:29:22Z
[collector] snapshot #3184 2026-09-17T12:29:23Z
[collector] snapshot #3185 2026-09-17T12:29:24Z
[collector] snapshot #3186 2026-09-17T12:29:25Z
[collector] snapshot #3187 2026-09-17T12:29:26Z
[collector] snapshot #3188 2026-09-17T12:29:27Z
[collector] snapshot #3189 2026-09-17T12:29:28Z
[collector] snapshot #3190 2026-09-17T12:29:29Z
[collector] snapshot #3191 2026-09-17T12:29:30Z
[collector] snapshot #3192 2026-09-17T12:29:31Z
[collector] snapshot #3193 2026-09-17T12:29:32Z
[collector] snapshot #3194 2026-09-17T12:29:33Z
[collector] snapshot #3195 2026-09-17T12:29:34Z
[collector] snapshot #3196 2026-09-17T12:29:35Z
[collector] snapshot #3197 2026-09-17T12:29:36Z
[collector] snapshot #3198 2026-09-17T12:29:37Z
[collector] snapshot #3199 2026-09-17T12:29:38Z
[collector] snapshot #3200 2026-09-17T12:29:39Z
[collector] snapshot #3201 2026-09-17T12:29:40Z
[collector] snapshot #3202 2026-09-17T12:29:41Z
[collector] snapshot #3203 2026-09-17T12:29:42Z
[collector] snapshot #3204 2026-09-17T12:29:43Z
[collector] snapshot #3205 2026-09-17T12:29:44Z
[collector] snapshot #3206 2026-09-17T12:29:45Z
[collector] snapshot #3207 2026-09-17T12:29:46Z
[collector] snapshot #3208 2026-09-17T12:29:47Z
[collector] snapshot #3209 2026-09-17T12:29:48Z
[collector] snapshot #3210 2026-09-17T12:29:49Z
[collector] snapshot #3211 2026-09-17T12:29:50Z
[collector] snapshot #3212 2026-09-17T12:29:51Z
[collector] snapshot #3213 2026-09-17T12:29:52Z
[collector] snapshot #3214 2026-09-17T12:29:53Z
[collector] snapshot #3215 2026-09-17T12:29:54Z
[collector] snapshot #3216 2026-09-17T12:29:55Z
[collector] snapshot #3217 2026-09-17T12:29:56Z
[collector] snapshot #3218 2026-09-17T12:29:57Z
[collector] snapshot #3219 2026-09-17T12:29:58Z
[collector] snapshot #3220 2026-09-17T12:29:59Z
[collector] snapshot #3221 2026-09-17T12:30:00Z
[collector] snapshot #3222 2026-09-17T12:30:01Z
[collector] snapshot #3223 2026-09-17T12:30:02Z
[collector] snapshot #3224 2026-09-17T12:30:03Z
[collector] snapshot #3225 2026-09-17T12:30:04Z
[collector] snapshot #3226 2026-09-17T12:30:05Z
[collector] snapshot #3227 2026-09-17T12:30:06Z
[collector] snapshot #3228 2026-09-17T12:30:07Z
[collector] snapshot #3229 2026-09-17T12:30:08Z
[collector] snapshot #3230 2026-09-17T12:30:09Z
[collector] snapshot #3231 2026-09-17T12:30:10Z
[collector] snapshot #3232 2026-09-17T12:30:11Z
[collector] snapshot #3233 2026-09-17T12:30:12Z
[collector] snapshot #3234 2026-09-17T12:30:13Z
[collector] snapshot #3235 2026-09-17T12:30:14Z
[collector] snapshot #3236 2026-09-17T12:30:15Z
[collector] snapshot #3237 2026-09-17T12:30:16Z
[collector] snapshot #3238 2026-09-17T12:30:17Z
[collector] snapshot #3239 2026-09-17T12:30:18Z
[collector] snapshot #3240 2026-09-17T12:30:19Z
[collector] snapshot #3241 2026-09-17T12:30:20Z
[collector] snapshot #3242 2026-09-17T12:30:21Z
[collector] snapshot #3243 2026-09-17T12:30:22Z
[collector] snapshot #3244 2026-09-17T12:30:23Z
[collector] snapshot #3245 2026-09-17T12:30:24Z
[collector] snapshot #3246 2026-09-17T12:30:25Z
[collector] snapshot #3247 2026-09-17T12:30:26Z
[collector] snapshot #3248 2026-09-17T12:30:27Z
[collector] snapshot #3249 2026-09-17T12:30:28Z
[collector] snapshot #3250 2026-09-17T12:30:29Z
[collector] snapshot #3251 2026-09-17T12:30:30Z
[collector] snapshot #3252 2026-09-17T12:30:31Z
[collector] snapshot #3253 2026-09-17T12:30:32Z
[collector] snapshot #3254 2026-09-17T12:30:33Z
[collector] snapshot #3255 2026-09-17T12:30:34Z
[collector] snapshot #3256 2026-09-17T12:30:35Z
[collector] snapshot #3257 2026-09-17T12:30:36Z
[collector] snapshot #3258 2026-09-17T12:30:37Z
[collector] snapshot #3259 2026-09-17T12:30:38Z
[collector] snapshot #3260 2026-09-17T12:30:39Z
[collector] snapshot #3261 2026-09-17T12:30:40Z
[collector] snapshot #3262 2026-09-17T12:30:41Z
[collector] snapshot #3263 2026-09-17T12:30:42Z
[collector] snapshot #3264 2026-09-17T12:30:43Z
[collector] snapshot #3265 2026-09-17T12:30:44Z
[collector] snapshot #3266 2026-09-17T12:30:45Z
[collector] snapshot #3267 2026-09-17T12:30:46Z
[collector] snapshot #3268 2026-09-17T12:30:47Z
[collector] snapshot #3269 2026-09-17T12:30:48Z
[collector] snapshot #3270 2026-09-17T12:30:49Z
[collector] snapshot #3271 2026-09-17T12:30:50Z
[collector] snapshot #3272 2026-09-17T12:30:51Z
[collector] snapshot #3273 2026-09-17T12:30:52Z
[collector] snapshot #3274 2026-09-17T12:30:53Z
[collector] snapshot #3275 2026-09-17T12:30:54Z
[collector] snapshot #3276 2026-09-17T12:30:55Z
[collector] snapshot #3277 2026-09-17T12:30:56Z
[collector] snapshot #3278 2026-09-17T12:30:57Z
[collector] snapshot #3279 2026-09-17T12:30:58Z
[collector] snapshot #3280 2026-09-17T12:30:59Z
[collector] snapshot #3281 2026-09-17T12:31:00Z
[collector] snapshot #3282 2026-09-17T12:31:01Z
[collector] snapshot #3283 2026-09-17T12:31:02Z
[collector] snapshot #3284 2026-09-17T12:31:03Z
[collector] snapshot #3285 2026-09-17T12:31:04Z
[collector] snapshot #3286 2026-09-17T12:31:05Z
[collector] snapshot #3287 2026-09-17T12:31:06Z
[collector] snapshot #3288 2026-09-17T12:31:07Z
[collector] snapshot #3289 2026-09-17T12:31:08Z
[collector] snapshot #3290 2026-09-17T12:31:09Z
[collector] snapshot #3291 2026-09-17T12:31:10Z
[collector] snapshot #3292 2026-09-17T12:31:11Z
[collector] snapshot #3293 2026-09-17T12:31:12Z
[collector] snapshot #3294 2026-09-17T12:31:13Z
[collector] snapshot #3295 2026-09-17T12:31:14Z
[collector] snapshot #3296 2026-09-17T12:31:15Z
[collector] snapshot #3297 2026-09-17T12:31:16Z
[collector] snapshot #3298 2026-09-17T12:31:17Z
[collector] snapshot #3299 2026-09-17T12:31:19Z
[collector] snapshot #3300 2026-09-17T12:31:20Z
[collector] snapshot #3301 2026-09-17T12:31:21Z
[collector] snapshot #3302 2026-09-17T12:31:22Z
[collector] snapshot #3303 2026-09-17T12:31:23Z
[collector] snapshot #3304 2026-09-17T12:31:24Z
[collector] snapshot #3305 2026-09-17T12:31:25Z
[collector] snapshot #3306 2026-09-17T12:31:26Z
[collector] snapshot #3307 2026-09-17T12:31:27Z
[collector] snapshot #3308 2026-09-17T12:31:28Z
[collector] snapshot #3309 2026-09-17T12:31:29Z
[collector] snapshot #3310 2026-09-17T12:31:30Z
[collector] snapshot #3311 2026-09-17T12:31:31Z
[collector] snapshot #3312 2026-09-17T12:31:32Z
[collector] snapshot #3313 2026-09-17T12:31:33Z
[collector] snapshot #3314 2026-09-17T12:31:34Z
[collector] snapshot #3315 2026-09-17T12:31:35Z
[collector] snapshot #3316 2026-09-17T12:31:36Z
[collector] snapshot #3317 2026-09-17T12:31:37Z
[collector] snapshot #3318 2026-09-17T12:31:38Z
[collector] snapshot #3319 2026-09-17T12:31:39Z
[collector] snapshot #3320 2026-09-17T12:31:40Z
[collector] snapshot #3321 2026-09-17T12:31:41Z
[collector] snapshot #3322 2026-09-17T12:31:42Z
[collector] snapshot #3323 2026-09-17T12:31:43Z
[collector] snapshot #3324 2026-09-17T12:31:44Z
[collector] snapshot #3325 2026-09-17T12:31:45Z
[collector] snapshot #3326 2026-09-17T12:31:46Z
[collector] snapshot #3327 2026-09-17T12:31:47Z
[collector] snapshot #3328 2026-09-17T12:31:48Z
[collector] snapshot #3329 2026-09-17T12:31:49Z
[collector] snapshot #3330 2026-09-17T12:31:50Z
[collector] snapshot #3331 2026-09-17T12:31:51Z
[collector] snapshot #3332 2026-09-17T12:31:52Z
[collector] snapshot #3333 2026-09-17T12:31:53Z
[collector] snapshot #3334 2026-09-17T12:31:54Z
[collector] snapshot #3335 2026-09-17T12:31:55Z
[collector] snapshot #3336 2026-09-17T12:31:56Z
[collector] snapshot #3337 2026-09-17T12:31:57Z
[collector] snapshot #3338 2026-09-17T12:31:58Z
[collector] snapshot #3339 2026-09-17T12:31:59Z
[collector] snapshot #3340 2026-09-17T12:32:00Z
[collector] snapshot #3341 2026-09-17T12:32:01Z
[collector] snapshot #3342 2026-09-17T12:32:02Z
[collector] snapshot #3343 2026-09-17T12:32:03Z
[collector] snapshot #3344 2026-09-17T12:32:04Z
[collector] snapshot #3345 2026-09-17T12:32:05Z
[collector] snapshot #3346 2026-09-17T12:32:06Z
[collector] snapshot #3347 2026-09-17T12:32:07Z
[collector] snapshot #3348 2026-09-17T12:32:08Z
[collector] snapshot #3349 2026-09-17T12:32:09Z
[collector] snapshot #3350 2026-09-17T12:32:10Z
[collector] snapshot #3351 2026-09-17T12:32:11Z
[collector] snapshot #3352 2026-09-17T12:32:12Z
[collector] snapshot #3353 2026-09-17T12:32:13Z
[collector] snapshot #3354 2026-09-17T12:32:14Z
[collector] snapshot #3355 2026-09-17T12:32:15Z
[collector] snapshot #3356 2026-09-17T12:32:16Z
[collector] snapshot #3357 2026-09-17T12:32:17Z
[collector] snapshot #3358 2026-09-17T12:32:18Z
[collector] snapshot #3359 2026-09-17T12:32:19Z
[collector] snapshot #3360 2026-09-17T12:32:20Z
[collector] snapshot #3361 2026-09-17T12:32:21Z
[collector] snapshot #3362 2026-09-17T12:32:22Z
[collector] snapshot #3363 2026-09-17T12:32:23Z
[collector] snapshot #3364 2026-09-17T12:32:24Z
[collector] snapshot #3365 2026-09-17T12:32:25Z
[collector] snapshot #3366 2026-09-17T12:32:26Z
[collector] snapshot #3367 2026-09-17T12:32:27Z
[collector] snapshot #3368 2026-09-17T12:32:28Z
[collector] snapshot #3369 2026-09-17T12:32:29Z
[collector] snapshot #3370 2026-09-17T12:32:30Z
[collector] snapshot #3371 2026-09-17T12:32:31Z
[collector] snapshot #3372 2026-09-17T12:32:32Z
[collector] snapshot #3373 2026-09-17T12:32:33Z
[collector] snapshot #3374 2026-09-17T12:32:34Z
[collector] snapshot #3375 2026-09-17T12:32:35Z
[collector] snapshot #3376 2026-09-17T12:32:36Z
[collector] snapshot #3377 2026-09-17T12:32:37Z
[collector] snapshot #3378 2026-09-17T12:32:38Z
[collector] snapshot #3379 2026-09-17T12:32:39Z
[collector] snapshot #3380 2026-09-17T12:32:40Z
[collector] snapshot #3381 2026-09-17T12:32:41Z
[collector] snapshot #3382 2026-09-17T12:32:42Z
[collector] snapshot #3383 2026-09-17T12:32:43Z
[collector] snapshot #3384 2026-09-17T12:32:44Z
[collector] snapshot #3385 2026-09-17T12:32:45Z
[collector] snapshot #3386 2026-09-17T12:32:46Z
[collector] snapshot #3387 2026-09-17T12:32:47Z
[collector] snapshot #3388 2026-09-17T12:32:48Z
[collector] snapshot #3389 2026-09-17T12:32:49Z
[collector] snapshot #3390 2026-09-17T12:32:50Z
[collector] snapshot #3391 2026-09-17T12:32:51Z
[collector] snapshot #3392 2026-09-17T12:32:52Z
[collector] snapshot #3393 2026-09-17T12:32:53Z
[collector] snapshot #3394 2026-09-17T12:32:54Z
[collector] snapshot #3395 2026-09-17T12:32:55Z
[collector] snapshot #3396 2026-09-17T12:32:56Z
[collector] snapshot #3397 2026-09-17T12:32:57Z
[collector] snapshot #3398 2026-09-17T12:32:58Z
[collector] snapshot #3399 2026-09-17T12:32:59Z
[collector] snapshot #3400 2026-09-17T12:33:00Z
[collector] snapshot #3401 2026-09-17T12:33:01Z
[collector] snapshot #3402 2026-09-17T12:33:02Z
[collector] snapshot #3403 2026-09-17T12:33:03Z
[collector] snapshot #3404 2026-09-17T12:33:04Z
[collector] snapshot #3405 2026-09-17T12:33:05Z
[collector] snapshot #3406 2026-09-17T12:33:06Z
[collector] snapshot #3407 2026-09-17T12:33:07Z
[collector] snapshot #3408 2026-09-17T12:33:08Z
[collector] snapshot #3409 2026-09-17T12:33:09Z
[collector] snapshot #3410 2026-09-17T12:33:10Z
[collector] snapshot #3411 2026-09-17T12:33:11Z
[collector] snapshot #3412 2026-09-17T12:33:12Z
[collector] snapshot #3413 2026-09-17T12:33:13Z
[collector] snapshot #3414 2026-09-17T12:33:14Z
[collector] snapshot #3415 2026-09-17T12:33:15Z
[collector] snapshot #3416 2026-09-17T12:33:16Z
[collector] snapshot #3417 2026-09-17T12:33:17Z
[collector] snapshot #3418 2026-09-17T12:33:18Z
[collector] snapshot #3419 2026-09-17T12:33:19Z
[collector] snapshot #3420 2026-09-17T12:33:20Z
[collector] snapshot #3421 2026-09-17T12:33:21Z
[collector] snapshot #3422 2026-09-17T12:33:22Z
[collector] snapshot #3423 2026-09-17T12:33:23Z
[collector] snapshot #3424 2026-09-17T12:33:24Z
[collector] snapshot #3425 2026-09-17T12:33:25Z
[collector] snapshot #3426 2026-09-17T12:33:26Z
[collector] snapshot #3427 2026-09-17T12:33:27Z
[collector] snapshot #3428 2026-09-17T12:33:28Z
[collector] snapshot #3429 2026-09-17T12:33:29Z
[collector] snapshot #3430 2026-09-17T12:33:30Z
[collector] snapshot #3431 2026-09-17T12:33:31Z
[collector] snapshot #3432 2026-09-17T12:33:32Z
[collector] snapshot #3433 2026-09-17T12:33:33Z
[collector] snapshot #3434 2026-09-17T12:33:34Z
[collector] snapshot #3435 2026-09-17T12:33:35Z
[collector] snapshot #3436 2026-09-17T12:33:36Z
[collector] snapshot #3437 2026-09-17T12:33:37Z
[collector] snapshot #3438 2026-09-17T12:33:38Z
[collector] snapshot #3439 2026-09-17T12:33:39Z
[collector] snapshot #3440 2026-09-17T12:33:40Z
[collector] snapshot #3441 2026-09-17T12:33:41Z
[collector] snapshot #3442 2026-09-17T12:33:42Z
[collector] snapshot #3443 2026-09-17T12:33:43Z
[collector] snapshot #3444 2026-09-17T12:33:44Z
[collector] snapshot #3445 2026-09-17T12:33:45Z
[collector] snapshot #3446 2026-09-17T12:33:46Z
[collector] snapshot #3447 2026-09-17T12:33:47Z
[collector] snapshot #3448 2026-09-17T12:33:48Z
[collector] snapshot #3449 2026-09-17T12:33:49Z
[collector] snapshot #3450 2026-09-17T12:33:50Z
[collector] snapshot #3451 2026-09-17T12:33:51Z
[collector] snapshot #3452 2026-09-17T12:33:52Z
[collector] snapshot #3453 2026-09-17T12:33:53Z
[collector] snapshot #3454 2026-09-17T12:33:54Z
[collector] snapshot #3455 2026-09-17T12:33:55Z
[collector] snapshot #3456 2026-09-17T12:33:56Z
[collector] snapshot #3457 2026-09-17T12:33:57Z
[collector] snapshot #3458 2026-09-17T12:33:58Z
[collector] snapshot #3459 2026-09-17T12:33:59Z
[collector] snapshot #3460 2026-09-17T12:34:00Z
[collector] snapshot #3461 2026-09-17T12:34:01Z
[collector] snapshot #3462 2026-09-17T12:34:02Z
[collector] snapshot #3463 2026-09-17T12:34:03Z
[collector] snapshot #3464 2026-09-17T12:34:04Z
[collector] snapshot #3465 2026-09-17T12:34:05Z
[collector] snapshot #3466 2026-09-17T12:34:06Z
[collector] snapshot #3467 2026-09-17T12:34:07Z
[collector] snapshot #3468 2026-09-17T12:34:08Z
[collector] snapshot #3469 2026-09-17T12:34:09Z
[collector] snapshot #3470 2026-09-17T12:34:10Z
[collector] snapshot #3471 2026-09-17T12:34:11Z
[collector] snapshot #3472 2026-09-17T12:34:12Z
[collector] snapshot #3473 2026-09-17T12:34:13Z
[collector] snapshot #3474 2026-09-17T12:34:14Z
[collector] snapshot #3475 2026-09-17T12:34:15Z
[collector] snapshot #3476 2026-09-17T12:34:16Z
[collector] snapshot #3477 2026-09-17T12:34:17Z
[collector] snapshot #3478 2026-09-17T12:34:18Z
[collector] snapshot #3479 2026-09-17T12:34:19Z
[collector] snapshot #3480 2026-09-17T12:34:20Z
[collector] snapshot #3481 2026-09-17T12:34:21Z
[collector] snapshot #3482 2026-09-17T12:34:22Z
[collector] snapshot #3483 2026-09-17T12:34:23Z
[collector] snapshot #3484 2026-09-17T12:34:24Z
[collector] snapshot #3485 2026-09-17T12:34:25Z
[collector] snapshot #3486 2026-09-17T12:34:26Z
[collector] snapshot #3487 2026-09-17T12:34:27Z
[collector] snapshot #3488 2026-09-17T12:34:28Z
[collector] snapshot #3489 2026-09-17T12:34:29Z
[collector] snapshot #3490 2026-09-17T12:34:30Z
[collector] snapshot #3491 2026-09-17T12:34:31Z
[collector] snapshot #3492 2026-09-17T12:34:32Z
[collector] snapshot #3493 2026-09-17T12:34:33Z
[collector] snapshot #3494 2026-09-17T12:34:34Z
[collector] snapshot #3495 2026-09-17T12:34:35Z
[collector] snapshot #3496 2026-09-17T12:34:36Z
[collector] snapshot #3497 2026-09-17T12:34:37Z
[collector] snapshot #3498 2026-09-17T12:34:38Z
[collector] snapshot #3499 2026-09-17T12:34:39Z
[collector] snapshot #3500 2026-09-17T12:34:40Z
[collector] snapshot #3501 2026-09-17T12:34:41Z
[collector] snapshot #3502 2026-09-17T12:34:42Z
[collector] snapshot #3503 2026-09-17T12:34:43Z
[collector] snapshot #3504 2026-09-17T12:34:44Z
[collector] snapshot #3505 2026-09-17T12:34:45Z
[collector] snapshot #3506 2026-09-17T12:34:46Z
[collector] snapshot #3507 2026-09-17T12:34:47Z
[collector] snapshot #3508 2026-09-17T12:34:48Z
[collector] snapshot #3509 2026-09-17T12:34:49Z
[collector] snapshot #3510 2026-09-17T12:34:50Z
[collector] snapshot #3511 2026-09-17T12:34:51Z
[collector] snapshot #3512 2026-09-17T12:34:52Z
[collector] snapshot #3513 2026-09-17T12:34:53Z
[collector] snapshot #3514 2026-09-17T12:34:54Z
[collector] snapshot #3515 2026-09-17T12:34:55Z
[collector] snapshot #3516 2026-09-17T12:34:56Z
[collector] snapshot #3517 2026-09-17T12:34:57Z
[collector] snapshot #3518 2026-09-17T12:34:58Z
[collector] snapshot #3519 2026-09-17T12:34:59Z
[collector] snapshot #3520 2026-09-17T12:35:00Z
[collector] snapshot #3521 2026-09-17T12:35:01Z
[collector] snapshot #3522 2026-09-17T12:35:02Z
[collector] snapshot #3523 2026-09-17T12:35:03Z
[collector] snapshot #3524 2026-09-17T12:35:04Z
[collector] snapshot #3525 2026-09-17T12:35:05Z
[collector] snapshot #3526 2026-09-17T12:35:06Z
[collector] snapshot #3527 2026-09-17T12:35:07Z
[collector] snapshot #3528 2026-09-17T12:35:08Z
[collector] snapshot #3529 2026-09-17T12:35:09Z
[collector] snapshot #3530 2026-09-17T12:35:10Z
[collector] snapshot #3531 2026-09-17T12:35:11Z
[collector] snapshot #3532 2026-09-17T12:35:12Z
[collector] snapshot #3533 2026-09-17T12:35:13Z
[collector] snapshot #3534 2026-09-17T12:35:14Z
[collector] snapshot #3535 2026-09-17T12:35:15Z
[collector] snapshot #3536 2026-09-17T12:35:16Z
[collector] snapshot #3537 2026-09-17T12:35:17Z
[collector] snapshot #3538 2026-09-17T12:35:18Z
[collector] snapshot #3539 2026-09-17T12:35:19Z
[collector] snapshot #3540 2026-09-17T12:35:20Z
[collector] snapshot #3541 2026-09-17T12:35:21Z
[collector] snapshot #3542 2026-09-17T12:35:22Z
[collector] snapshot #3543 2026-09-17T12:35:23Z
[collector] snapshot #3544 2026-09-17T12:35:24Z
[collector] snapshot #3545 2026-09-17T12:35:25Z
[collector] snapshot #3546 2026-09-17T12:35:26Z
[collector] snapshot #3547 2026-09-17T12:35:27Z
[collector] snapshot #3548 2026-09-17T12:35:28Z
[collector] snapshot #3549 2026-09-17T12:35:29Z
[collector] snapshot #3550 2026-09-17T12:35:30Z
[collector] snapshot #3551 2026-09-17T12:35:31Z
[collector] snapshot #3552 2026-09-17T12:35:32Z
[collector] snapshot #3553 2026-09-17T12:35:33Z
[collector] snapshot #3554 2026-09-17T12:35:34Z
[collector] snapshot #3555 2026-09-17T12:35:35Z
[collector] snapshot #3556 2026-09-17T12:35:36Z
[collector] snapshot #3557 2026-09-17T12:35:37Z
[collector] snapshot #3558 2026-09-17T12:35:38Z
[collector] snapshot #3559 2026-09-17T12:35:39Z
[collector] snapshot #3560 2026-09-17T12:35:40Z
[collector] snapshot #3561 2026-09-17T12:35:41Z
[collector] snapshot #3562 2026-09-17T12:35:42Z
[collector] snapshot #3563 2026-09-17T12:35:43Z
[collector] snapshot #3564 2026-09-17T12:35:44Z
[collector] snapshot #3565 2026-09-17T12:35:45Z
[collector] snapshot #3566 2026-09-17T12:35:46Z
[collector] snapshot #3567 2026-09-17T12:35:47Z
[collector] snapshot #3568 2026-09-17T12:35:48Z
[collector] snapshot #3569 2026-09-17T12:35:49Z
[collector] snapshot #3570 2026-09-17T12:35:50Z
[collector] snapshot #3571 2026-09-17T12:35:51Z
[collector] snapshot #3572 2026-09-17T12:35:52Z
[collector] snapshot #3573 2026-09-17T12:35:53Z
[collector] snapshot #3574 2026-09-17T12:35:54Z
[collector] snapshot #3575 2026-09-17T12:35:55Z
[collector] snapshot #3576 2026-09-17T12:35:56Z
[collector] snapshot #3577 2026-09-17T12:35:57Z
[collector] snapshot #3578 2026-09-17T12:35:58Z
[collector] snapshot #3579 2026-09-17T12:35:59Z
[collector] snapshot #3580 2026-09-17T12:36:00Z
[collector] snapshot #3581 2026-09-17T12:36:01Z
[collector] snapshot #3582 2026-09-17T12:36:02Z
[collector] snapshot #3583 2026-09-17T12:36:03Z
[collector] snapshot #3584 2026-09-17T12:36:04Z
[collector] snapshot #3585 2026-09-17T12:36:05Z
[collector] snapshot #3586 2026-09-17T12:36:06Z
[collector] snapshot #3587 2026-09-17T12:36:07Z
[collector] snapshot #3588 2026-09-17T12:36:08Z
[collector] snapshot #3589 2026-09-17T12:36:09Z
[collector] snapshot #3590 2026-09-17T12:36:10Z
[collector] snapshot #3591 2026-09-17T12:36:11Z
[collector] snapshot #3592 2026-09-17T12:36:12Z
[collector] snapshot #3593 2026-09-17T12:36:13Z
[collector] snapshot #3594 2026-09-17T12:36:14Z
[collector] snapshot #3595 2026-09-17T12:36:15Z
[collector] snapshot #3596 2026-09-17T12:36:16Z
[collector] snapshot #3597 2026-09-17T12:36:17Z
[collector] snapshot #3598 2026-09-17T12:36:18Z
[collector] kết thúc. Đã ghi 3598 snapshot -> /home/ubuntu/dt4n-core/data/phase6r/raw/RS-soak2M-s4002-r2.jsonl.partial
[traffic] đã dừng các iperf server
[gen] OK     RS-soak2M-s4002-r2  snapshots=3598  sep=-  sha=9df070d42233

========================================================================
[2026-09-17T12:36:20Z] RUN RC-shift-s1-s3-s4204-r1        exec_index=4 split=r_set
[traffic] đã dừng các iperf server
[traffic] đã dừng các iperf server
[traffic] iperf server (TCP) bật nền trên srv1
[traffic] iperf server (TCP) bật nền trên srv2
[traffic] nền srv1->srv2 UDP @2Mbps qua bottleneck s2-s3
[traffic] NORMAL: h1 -> srv1 TCP @2M per client
[traffic] NORMAL: h2 -> srv2 TCP @2M per client
[traffic] NORMAL: h3 -> srv1 TCP @2M per client
[traffic] đã dừng các iperf server
[traffic] iperf server (TCP) bật nền trên srv1
[traffic] iperf server (TCP) bật nền trên srv2
[traffic] nền srv1->srv2 UDP @2Mbps qua bottleneck s2-s3
[traffic] NORMAL: h1 -> srv1 TCP @2M per client
[traffic] NORMAL: h2 -> srv2 TCP @2M per client
[traffic] NORMAL: h3 -> srv1 TCP @2M per client
[gen] profile=fixed, pre-roll 5s
[collector] bắt đầu, interval=1.0s
[collector] JSONL log  -> /home/ubuntu/dt4n-core/data/phase6r/raw/RC-shift-s1-s3-s4204-r1.jsonl.partial (overwrite)
[collector] snapshot #001 2026-09-17T12:36:36Z
[collector] snapshot #002 2026-09-17T12:36:37Z
[collector] snapshot #003 2026-09-17T12:36:38Z
[collector] snapshot #004 2026-09-17T12:36:39Z
[collector] snapshot #005 2026-09-17T12:36:40Z
[collector] snapshot #006 2026-09-17T12:36:41Z
[collector] snapshot #007 2026-09-17T12:36:42Z
[collector] snapshot #008 2026-09-17T12:36:43Z
[collector] snapshot #009 2026-09-17T12:36:44Z
[collector] snapshot #010 2026-09-17T12:36:45Z
[collector] snapshot #011 2026-09-17T12:36:46Z
[collector] snapshot #012 2026-09-17T12:36:47Z
[collector] snapshot #013 2026-09-17T12:36:48Z
[collector] snapshot #014 2026-09-17T12:36:49Z
[collector] snapshot #015 2026-09-17T12:36:50Z
[collector] snapshot #016 2026-09-17T12:36:51Z
[collector] snapshot #017 2026-09-17T12:36:52Z
[collector] snapshot #018 2026-09-17T12:36:53Z
[collector] snapshot #019 2026-09-17T12:36:54Z
[collector] snapshot #020 2026-09-17T12:36:55Z
[collector] snapshot #021 2026-09-17T12:36:56Z
[gen] INJECT tick=20 t_rel=20.085 {'type': 'CongestionShift', 'degrade_link': 's1-s3', 'factor': 0.8313170070139595, 'delay': '2ms', 'baseline': 20.0, 'flood_src': 'srv1', 'flood_dst': 'srv2', 'rate_mbps': 24}
[collector] snapshot #022 2026-09-17T12:36:57Z
[collector] snapshot #023 2026-09-17T12:36:58Z
[collector] snapshot #024 2026-09-17T12:36:59Z
[collector] snapshot #025 2026-09-17T12:37:00Z
[collector] snapshot #026 2026-09-17T12:37:01Z
[collector] snapshot #027 2026-09-17T12:37:02Z
[collector] snapshot #028 2026-09-17T12:37:03Z
[collector] snapshot #029 2026-09-17T12:37:04Z
[collector] snapshot #030 2026-09-17T12:37:05Z
[collector] snapshot #031 2026-09-17T12:37:06Z
[collector] snapshot #032 2026-09-17T12:37:07Z
[collector] snapshot #033 2026-09-17T12:37:08Z
[collector] snapshot #034 2026-09-17T12:37:09Z
[collector] snapshot #035 2026-09-17T12:37:10Z
[collector] snapshot #036 2026-09-17T12:37:11Z
[collector] snapshot #037 2026-09-17T12:37:12Z
[collector] snapshot #038 2026-09-17T12:37:13Z
[collector] snapshot #039 2026-09-17T12:37:14Z
[collector] snapshot #040 2026-09-17T12:37:15Z
[collector] snapshot #041 2026-09-17T12:37:16Z
[gen] REVERT tick=40 t_rel=40.098
[collector] snapshot #042 2026-09-17T12:37:17Z
[collector] snapshot #043 2026-09-17T12:37:18Z
[collector] snapshot #044 2026-09-17T12:37:19Z
[collector] snapshot #045 2026-09-17T12:37:20Z
[collector] snapshot #046 2026-09-17T12:37:21Z
[collector] snapshot #047 2026-09-17T12:37:22Z
[collector] snapshot #048 2026-09-17T12:37:23Z
[collector] snapshot #049 2026-09-17T12:37:24Z
[collector] snapshot #050 2026-09-17T12:37:25Z
[collector] snapshot #051 2026-09-17T12:37:26Z
[collector] snapshot #052 2026-09-17T12:37:27Z
[collector] snapshot #053 2026-09-17T12:37:28Z
[collector] snapshot #054 2026-09-17T12:37:29Z
[collector] snapshot #055 2026-09-17T12:37:30Z
[collector] snapshot #056 2026-09-17T12:37:31Z
[collector] snapshot #057 2026-09-17T12:37:32Z
[collector] snapshot #058 2026-09-17T12:37:33Z
[collector] snapshot #059 2026-09-17T12:37:34Z
[collector] snapshot #060 2026-09-17T12:37:35Z
[collector] kết thúc. Đã ghi 60 snapshot -> /home/ubuntu/dt4n-core/data/phase6r/raw/RC-shift-s1-s3-s4204-r1.jsonl.partial
[traffic] đã dừng các iperf server
[gen] OK     RC-shift-s1-s3-s4204-r1  snapshots=60  sep=749.309  sha=717febaad135

========================================================================
[2026-09-17T12:37:37Z] RUN RD-degrade-s1-s2-rho050-s4105-r1 exec_index=5 split=r_set
[traffic] đã dừng các iperf server
=== BOOTSTRAP (mode=create) ===
[1] Policy:
  ✅ policy org.dt4n.ml:default-policy (204)
[3] Things:
  ⏭️  org.dt4n.ml:host-h1 đã tồn tại, bỏ qua
  ⏭️  org.dt4n.ml:host-h2 đã tồn tại, bỏ qua
  ⏭️  org.dt4n.ml:host-h3 đã tồn tại, bỏ qua
  ⏭️  org.dt4n.ml:host-srv1 đã tồn tại, bỏ qua
  ⏭️  org.dt4n.ml:host-srv2 đã tồn tại, bỏ qua
  ⏭️  org.dt4n.ml:switch-s1 đã tồn tại, bỏ qua
  ⏭️  org.dt4n.ml:switch-s2 đã tồn tại, bỏ qua
  ⏭️  org.dt4n.ml:switch-s3 đã tồn tại, bỏ qua
  ⏭️  org.dt4n.ml:link-h1-s1 đã tồn tại, bỏ qua
  ⏭️  org.dt4n.ml:link-h2-s1 đã tồn tại, bỏ qua
  ⏭️  org.dt4n.ml:link-h3-s1 đã tồn tại, bỏ qua
  ⏭️  org.dt4n.ml:link-s1-s2 đã tồn tại, bỏ qua
  ⏭️  org.dt4n.ml:link-s1-s3 đã tồn tại, bỏ qua
  ⏭️  org.dt4n.ml:link-s2-s3 đã tồn tại, bỏ qua
  ⏭️  org.dt4n.ml:link-s2-srv1 đã tồn tại, bỏ qua
  ⏭️  org.dt4n.ml:link-s3-srv2 đã tồn tại, bỏ qua
  ⏭️  org.dt4n.ml:path-h1-srv1 đã tồn tại, bỏ qua
  ⏭️  org.dt4n.ml:controller đã tồn tại, bỏ qua
=== XONG: 0 tạo, 18 bỏ qua, tổng 18 Thing ===
[traffic] đã dừng các iperf server
[traffic] iperf server (TCP) bật nền trên srv1
[traffic] iperf server (TCP) bật nền trên srv2
[traffic] nền srv1->srv2 UDP @2Mbps qua bottleneck s2-s3
[traffic] NORMAL: h1 -> srv1 TCP @2M per client
[traffic] NORMAL: h2 -> srv2 TCP @2M per client
[traffic] NORMAL: h3 -> srv1 TCP @2M per client
[traffic] đã dừng các iperf server
[traffic] iperf server (TCP) bật nền trên srv1
[traffic] iperf server (TCP) bật nền trên srv2
[traffic] nền srv1->srv2 UDP @2Mbps qua bottleneck s2-s3
[traffic] NORMAL: h1 -> srv1 TCP @2M per client
[traffic] NORMAL: h2 -> srv2 TCP @2M per client
[traffic] NORMAL: h3 -> srv1 TCP @2M per client
[gen] profile=fixed, pre-roll 5s
[collector] bắt đầu, interval=1.0s
[collector] JSONL log  -> /home/ubuntu/dt4n-core/data/phase6r/raw/RD-degrade-s1-s2-rho050-s4105-r1.jsonl.partial (overwrite)
[collector] snapshot #001 2026-09-17T12:38:04Z
[collector] snapshot #002 2026-09-17T12:38:05Z
[collector] snapshot #003 2026-09-17T12:38:06Z
[collector] snapshot #004 2026-09-17T12:38:07Z
[collector] snapshot #005 2026-09-17T12:38:08Z
[collector] snapshot #006 2026-09-17T12:38:09Z
[collector] snapshot #007 2026-09-17T12:38:10Z
[collector] snapshot #008 2026-09-17T12:38:11Z
[collector] snapshot #009 2026-09-17T12:38:12Z
[collector] snapshot #010 2026-09-17T12:38:13Z
[collector] snapshot #011 2026-09-17T12:38:14Z
[collector] snapshot #012 2026-09-17T12:38:15Z
[collector] snapshot #013 2026-09-17T12:38:16Z
[collector] snapshot #014 2026-09-17T12:38:17Z
[collector] snapshot #015 2026-09-17T12:38:18Z
[collector] snapshot #016 2026-09-17T12:38:19Z
[collector] snapshot #017 2026-09-17T12:38:20Z
[collector] snapshot #018 2026-09-17T12:38:21Z
[collector] snapshot #019 2026-09-17T12:38:22Z
[collector] snapshot #020 2026-09-17T12:38:23Z
[collector] snapshot #021 2026-09-17T12:38:24Z
[gen] INJECT tick=20 t_rel=20.096 {'type': 'LinkDegrade', 'link_key': 's1-s2', 'factor': 0.57, 'delay': '2ms', 'baseline': 20.0}
[collector] snapshot #022 2026-09-17T12:38:25Z
[collector] snapshot #023 2026-09-17T12:38:26Z
[collector] snapshot #024 2026-09-17T12:38:27Z
[collector] snapshot #025 2026-09-17T12:38:28Z
[collector] snapshot #026 2026-09-17T12:38:29Z
[collector] snapshot #027 2026-09-17T12:38:30Z
[collector] snapshot #028 2026-09-17T12:38:31Z
[collector] snapshot #029 2026-09-17T12:38:32Z
[collector] snapshot #030 2026-09-17T12:38:33Z
[collector] snapshot #031 2026-09-17T12:38:34Z
[collector] snapshot #032 2026-09-17T12:38:35Z
[collector] snapshot #033 2026-09-17T12:38:36Z
[collector] snapshot #034 2026-09-17T12:38:37Z
[collector] snapshot #035 2026-09-17T12:38:38Z
[collector] snapshot #036 2026-09-17T12:38:39Z
[collector] snapshot #037 2026-09-17T12:38:40Z
[collector] snapshot #038 2026-09-17T12:38:41Z
[collector] snapshot #039 2026-09-17T12:38:42Z
[collector] snapshot #040 2026-09-17T12:38:43Z
[collector] snapshot #041 2026-09-17T12:38:44Z
[gen] REVERT tick=40 t_rel=40.108
[collector] snapshot #042 2026-09-17T12:38:45Z
[collector] snapshot #043 2026-09-17T12:38:46Z
[collector] snapshot #044 2026-09-17T12:38:47Z
[collector] snapshot #045 2026-09-17T12:38:48Z
[collector] snapshot #046 2026-09-17T12:38:49Z
[collector] snapshot #047 2026-09-17T12:38:50Z
[collector] snapshot #048 2026-09-17T12:38:51Z
[collector] snapshot #049 2026-09-17T12:38:52Z
[collector] snapshot #050 2026-09-17T12:38:53Z
[collector] snapshot #051 2026-09-17T12:38:54Z
[collector] snapshot #052 2026-09-17T12:38:55Z
[collector] snapshot #053 2026-09-17T12:38:56Z
[collector] snapshot #054 2026-09-17T12:38:57Z
[collector] snapshot #055 2026-09-17T12:38:58Z
[collector] snapshot #056 2026-09-17T12:38:59Z
[collector] snapshot #057 2026-09-17T12:39:00Z
[collector] snapshot #058 2026-09-17T12:39:01Z
[collector] snapshot #059 2026-09-17T12:39:02Z
[collector] snapshot #060 2026-09-17T12:39:03Z
[collector] kết thúc. Đã ghi 60 snapshot -> /home/ubuntu/dt4n-core/data/phase6r/raw/RD-degrade-s1-s2-rho050-s4105-r1.jsonl.partial
[traffic] đã dừng các iperf server
[gen] OK     RD-degrade-s1-s2-rho050-s4105-r1  snapshots=60  sep=0.174  sha=3abdeb68148d

========================================================================
[2026-09-17T12:39:05Z] RUN RD-degrade-s1-s2-rho125-s4103-r1 exec_index=6 split=r_set
[traffic] đã dừng các iperf server
[traffic] đã dừng các iperf server
[traffic] iperf server (TCP) bật nền trên srv1
[traffic] iperf server (TCP) bật nền trên srv2
[traffic] nền srv1->srv2 UDP @2Mbps qua bottleneck s2-s3
[traffic] NORMAL: h1 -> srv1 TCP @2M per client
[traffic] NORMAL: h2 -> srv2 TCP @2M per client
[traffic] NORMAL: h3 -> srv1 TCP @2M per client
[traffic] đã dừng các iperf server
[traffic] iperf server (TCP) bật nền trên srv1
[traffic] iperf server (TCP) bật nền trên srv2
[traffic] nền srv1->srv2 UDP @2Mbps qua bottleneck s2-s3
[traffic] NORMAL: h1 -> srv1 TCP @2M per client
[traffic] NORMAL: h2 -> srv2 TCP @2M per client
[traffic] NORMAL: h3 -> srv1 TCP @2M per client
[gen] profile=fixed, pre-roll 5s
[collector] bắt đầu, interval=1.0s
[collector] JSONL log  -> /home/ubuntu/dt4n-core/data/phase6r/raw/RD-degrade-s1-s2-rho125-s4103-r1.jsonl.partial (overwrite)
[collector] snapshot #001 2026-09-17T12:39:21Z
[collector] snapshot #002 2026-09-17T12:39:22Z
[collector] snapshot #003 2026-09-17T12:39:23Z
[collector] snapshot #004 2026-09-17T12:39:24Z
[collector] snapshot #005 2026-09-17T12:39:25Z
[collector] snapshot #006 2026-09-17T12:39:26Z
[collector] snapshot #007 2026-09-17T12:39:27Z
[collector] snapshot #008 2026-09-17T12:39:28Z
[collector] snapshot #009 2026-09-17T12:39:29Z
[collector] snapshot #010 2026-09-17T12:39:30Z
[collector] snapshot #011 2026-09-17T12:39:31Z
[collector] snapshot #012 2026-09-17T12:39:32Z
[collector] snapshot #013 2026-09-17T12:39:33Z
[collector] snapshot #014 2026-09-17T12:39:34Z
[collector] snapshot #015 2026-09-17T12:39:35Z
[collector] snapshot #016 2026-09-17T12:39:36Z
[collector] snapshot #017 2026-09-17T12:39:37Z
[collector] snapshot #018 2026-09-17T12:39:38Z
[collector] snapshot #019 2026-09-17T12:39:39Z
[collector] snapshot #020 2026-09-17T12:39:40Z
[collector] snapshot #021 2026-09-17T12:39:41Z
[gen] INJECT tick=20 t_rel=20.088 {'type': 'LinkDegrade', 'link_key': 's1-s2', 'factor': 0.828, 'delay': '2ms', 'baseline': 20.0}
[collector] snapshot #022 2026-09-17T12:39:42Z
[collector] snapshot #023 2026-09-17T12:39:43Z
[collector] snapshot #024 2026-09-17T12:39:44Z
[collector] snapshot #025 2026-09-17T12:39:45Z
[collector] snapshot #026 2026-09-17T12:39:46Z
[collector] snapshot #027 2026-09-17T12:39:47Z
[collector] snapshot #028 2026-09-17T12:39:48Z
[collector] snapshot #029 2026-09-17T12:39:49Z
[collector] snapshot #030 2026-09-17T12:39:50Z
[collector] snapshot #031 2026-09-17T12:39:51Z
[collector] snapshot #032 2026-09-17T12:39:52Z
[collector] snapshot #033 2026-09-17T12:39:53Z
[collector] snapshot #034 2026-09-17T12:39:54Z
[collector] snapshot #035 2026-09-17T12:39:55Z
[collector] snapshot #036 2026-09-17T12:39:56Z
[collector] snapshot #037 2026-09-17T12:39:57Z
[collector] snapshot #038 2026-09-17T12:39:58Z
[collector] snapshot #039 2026-09-17T12:39:59Z
[collector] snapshot #040 2026-09-17T12:40:00Z
[collector] snapshot #041 2026-09-17T12:40:01Z
[gen] REVERT tick=40 t_rel=40.095
[collector] snapshot #042 2026-09-17T12:40:02Z
[collector] snapshot #043 2026-09-17T12:40:03Z
[collector] snapshot #044 2026-09-17T12:40:04Z
[collector] snapshot #045 2026-09-17T12:40:05Z
[collector] snapshot #046 2026-09-17T12:40:06Z
[collector] snapshot #047 2026-09-17T12:40:07Z
[collector] snapshot #048 2026-09-17T12:40:08Z
[collector] snapshot #049 2026-09-17T12:40:09Z
[collector] snapshot #050 2026-09-17T12:40:10Z
[collector] snapshot #051 2026-09-17T12:40:11Z
[collector] snapshot #052 2026-09-17T12:40:12Z
[collector] snapshot #053 2026-09-17T12:40:13Z
[collector] snapshot #054 2026-09-17T12:40:14Z
[collector] snapshot #055 2026-09-17T12:40:15Z
[collector] snapshot #056 2026-09-17T12:40:16Z
[collector] snapshot #057 2026-09-17T12:40:17Z
[collector] snapshot #058 2026-09-17T12:40:18Z
[collector] snapshot #059 2026-09-17T12:40:19Z
[collector] snapshot #060 2026-09-17T12:40:20Z
[collector] kết thúc. Đã ghi 60 snapshot -> /home/ubuntu/dt4n-core/data/phase6r/raw/RD-degrade-s1-s2-rho125-s4103-r1.jsonl.partial
[traffic] đã dừng các iperf server
[gen] OK     RD-degrade-s1-s2-rho125-s4103-r1  snapshots=60  sep=11.708  sha=7d2c3dfb044b

========================================================================
[2026-09-17T12:40:21Z] RUN RD-degrade-s1-s2-rho150-s4102-r1 exec_index=7 split=r_set
[traffic] đã dừng các iperf server
[traffic] đã dừng các iperf server
[traffic] iperf server (TCP) bật nền trên srv1
[traffic] iperf server (TCP) bật nền trên srv2
[traffic] nền srv1->srv2 UDP @2Mbps qua bottleneck s2-s3
[traffic] NORMAL: h1 -> srv1 TCP @2M per client
[traffic] NORMAL: h2 -> srv2 TCP @2M per client
[traffic] NORMAL: h3 -> srv1 TCP @2M per client
[traffic] đã dừng các iperf server
[traffic] iperf server (TCP) bật nền trên srv1
[traffic] iperf server (TCP) bật nền trên srv2
[traffic] nền srv1->srv2 UDP @2Mbps qua bottleneck s2-s3
[traffic] NORMAL: h1 -> srv1 TCP @2M per client
[traffic] NORMAL: h2 -> srv2 TCP @2M per client
[traffic] NORMAL: h3 -> srv1 TCP @2M per client
[gen] profile=fixed, pre-roll 5s
[collector] bắt đầu, interval=1.0s
[collector] JSONL log  -> /home/ubuntu/dt4n-core/data/phase6r/raw/RD-degrade-s1-s2-rho150-s4102-r1.jsonl.partial (overwrite)
[collector] snapshot #001 2026-09-17T12:40:39Z
[collector] snapshot #002 2026-09-17T12:40:40Z
[collector] snapshot #003 2026-09-17T12:40:41Z
[collector] snapshot #004 2026-09-17T12:40:42Z
[collector] snapshot #005 2026-09-17T12:40:43Z
[collector] snapshot #006 2026-09-17T12:40:44Z
[collector] snapshot #007 2026-09-17T12:40:45Z
[collector] snapshot #008 2026-09-17T12:40:46Z
[collector] snapshot #009 2026-09-17T12:40:47Z
[collector] snapshot #010 2026-09-17T12:40:48Z
[collector] snapshot #011 2026-09-17T12:40:49Z
[collector] snapshot #012 2026-09-17T12:40:50Z
[collector] snapshot #013 2026-09-17T12:40:51Z
[collector] snapshot #014 2026-09-17T12:40:52Z
[collector] snapshot #015 2026-09-17T12:40:53Z
[collector] snapshot #016 2026-09-17T12:40:54Z
[collector] snapshot #017 2026-09-17T12:40:55Z
[collector] snapshot #018 2026-09-17T12:40:56Z
[collector] snapshot #019 2026-09-17T12:40:57Z
[collector] snapshot #020 2026-09-17T12:40:58Z
[collector] snapshot #021 2026-09-17T12:40:59Z
[gen] INJECT tick=20 t_rel=20.084 {'type': 'LinkDegrade', 'link_key': 's1-s2', 'factor': 0.8567, 'delay': '2ms', 'baseline': 20.0}
[collector] snapshot #022 2026-09-17T12:41:00Z
[collector] snapshot #023 2026-09-17T12:41:01Z
[collector] snapshot #024 2026-09-17T12:41:02Z
[collector] snapshot #025 2026-09-17T12:41:03Z
[collector] snapshot #026 2026-09-17T12:41:04Z
[collector] snapshot #027 2026-09-17T12:41:05Z
[collector] snapshot #028 2026-09-17T12:41:06Z
[collector] snapshot #029 2026-09-17T12:41:07Z
[collector] snapshot #030 2026-09-17T12:41:08Z
[collector] snapshot #031 2026-09-17T12:41:09Z
[collector] snapshot #032 2026-09-17T12:41:10Z
[collector] snapshot #033 2026-09-17T12:41:11Z
[collector] snapshot #034 2026-09-17T12:41:12Z
[collector] snapshot #035 2026-09-17T12:41:13Z
[collector] snapshot #036 2026-09-17T12:41:14Z
[collector] snapshot #037 2026-09-17T12:41:15Z
[collector] snapshot #038 2026-09-17T12:41:16Z
[collector] snapshot #039 2026-09-17T12:41:17Z
[collector] snapshot #040 2026-09-17T12:41:18Z
[collector] snapshot #041 2026-09-17T12:41:19Z
[gen] REVERT tick=40 t_rel=40.097
[collector] snapshot #042 2026-09-17T12:41:20Z
[collector] snapshot #043 2026-09-17T12:41:21Z
[collector] snapshot #044 2026-09-17T12:41:22Z
[collector] snapshot #045 2026-09-17T12:41:23Z
[collector] snapshot #046 2026-09-17T12:41:24Z
[collector] snapshot #047 2026-09-17T12:41:25Z
[collector] snapshot #048 2026-09-17T12:41:26Z
[collector] snapshot #049 2026-09-17T12:41:27Z
[collector] snapshot #050 2026-09-17T12:41:28Z
[collector] snapshot #051 2026-09-17T12:41:29Z
[collector] snapshot #052 2026-09-17T12:41:30Z
[collector] snapshot #053 2026-09-17T12:41:31Z
[collector] snapshot #054 2026-09-17T12:41:32Z
[collector] snapshot #055 2026-09-17T12:41:33Z
[collector] snapshot #056 2026-09-17T12:41:34Z
[collector] snapshot #057 2026-09-17T12:41:35Z
[collector] snapshot #058 2026-09-17T12:41:36Z
[collector] snapshot #059 2026-09-17T12:41:37Z
[collector] snapshot #060 2026-09-17T12:41:38Z
[collector] kết thúc. Đã ghi 60 snapshot -> /home/ubuntu/dt4n-core/data/phase6r/raw/RD-degrade-s1-s2-rho150-s4102-r1.jsonl.partial
[traffic] đã dừng các iperf server
[gen] OK     RD-degrade-s1-s2-rho150-s4102-r1  snapshots=60  sep=18.704  sha=0687df486452

========================================================================
[2026-09-17T12:41:39Z] RUN RN-load8M-s4013-r1             exec_index=8 split=r_set
[traffic] đã dừng các iperf server
[traffic] đã dừng các iperf server
[traffic] iperf server (TCP) bật nền trên srv1
[traffic] iperf server (TCP) bật nền trên srv2
[traffic] nền srv1->srv2 UDP @2Mbps qua bottleneck s2-s3
[traffic] NORMAL: h1 -> srv1 TCP @2M per client
[traffic] NORMAL: h2 -> srv2 TCP @2M per client
[traffic] NORMAL: h3 -> srv1 TCP @2M per client
[traffic] đã dừng các iperf server
[traffic] iperf server (TCP) bật nền trên srv1
[traffic] iperf server (TCP) bật nền trên srv2
[traffic] nền srv1->srv2 UDP @2Mbps qua bottleneck s2-s3
[traffic] NORMAL: h1 -> srv1 TCP @8M per client
[traffic] NORMAL: h2 -> srv2 TCP @8M per client
[traffic] NORMAL: h3 -> srv1 TCP @8M per client
[gen] profile=fixed, pre-roll 5s
[collector] bắt đầu, interval=1.0s
[collector] JSONL log  -> /home/ubuntu/dt4n-core/data/phase6r/raw/RN-load8M-s4013-r1.jsonl.partial (overwrite)
[collector] snapshot #001 2026-09-17T12:41:56Z
[collector] snapshot #002 2026-09-17T12:41:57Z
[collector] snapshot #003 2026-09-17T12:41:58Z
[collector] snapshot #004 2026-09-17T12:41:59Z
[collector] snapshot #005 2026-09-17T12:42:00Z
[collector] snapshot #006 2026-09-17T12:42:01Z
[collector] snapshot #007 2026-09-17T12:42:02Z
[collector] snapshot #008 2026-09-17T12:42:03Z
[collector] snapshot #009 2026-09-17T12:42:04Z
[collector] snapshot #010 2026-09-17T12:42:05Z
[collector] snapshot #011 2026-09-17T12:42:06Z
[collector] snapshot #012 2026-09-17T12:42:07Z
[collector] snapshot #013 2026-09-17T12:42:08Z
[collector] snapshot #014 2026-09-17T12:42:09Z
[collector] snapshot #015 2026-09-17T12:42:10Z
[collector] snapshot #016 2026-09-17T12:42:11Z
[collector] snapshot #017 2026-09-17T12:42:12Z
[collector] snapshot #018 2026-09-17T12:42:13Z
[collector] snapshot #019 2026-09-17T12:42:14Z
[collector] snapshot #020 2026-09-17T12:42:15Z
[collector] snapshot #021 2026-09-17T12:42:16Z
[collector] snapshot #022 2026-09-17T12:42:17Z
[collector] snapshot #023 2026-09-17T12:42:18Z
[collector] snapshot #024 2026-09-17T12:42:19Z
[collector] snapshot #025 2026-09-17T12:42:20Z
[collector] snapshot #026 2026-09-17T12:42:21Z
[collector] snapshot #027 2026-09-17T12:42:22Z
[collector] snapshot #028 2026-09-17T12:42:23Z
[collector] snapshot #029 2026-09-17T12:42:24Z
[collector] snapshot #030 2026-09-17T12:42:25Z
[collector] snapshot #031 2026-09-17T12:42:26Z
[collector] snapshot #032 2026-09-17T12:42:27Z
[collector] snapshot #033 2026-09-17T12:42:28Z
[collector] snapshot #034 2026-09-17T12:42:29Z
[collector] snapshot #035 2026-09-17T12:42:30Z
[collector] snapshot #036 2026-09-17T12:42:31Z
[collector] snapshot #037 2026-09-17T12:42:32Z
[collector] snapshot #038 2026-09-17T12:42:33Z
[collector] snapshot #039 2026-09-17T12:42:34Z
[collector] snapshot #040 2026-09-17T12:42:35Z
[collector] snapshot #041 2026-09-17T12:42:36Z
[collector] snapshot #042 2026-09-17T12:42:37Z
[collector] snapshot #043 2026-09-17T12:42:38Z
[collector] snapshot #044 2026-09-17T12:42:39Z
[collector] snapshot #045 2026-09-17T12:42:40Z
[collector] snapshot #046 2026-09-17T12:42:41Z
[collector] snapshot #047 2026-09-17T12:42:42Z
[collector] snapshot #048 2026-09-17T12:42:43Z
[collector] snapshot #049 2026-09-17T12:42:44Z
[collector] snapshot #050 2026-09-17T12:42:45Z
[collector] snapshot #051 2026-09-17T12:42:46Z
[collector] snapshot #052 2026-09-17T12:42:47Z
[collector] snapshot #053 2026-09-17T12:42:48Z
[collector] snapshot #054 2026-09-17T12:42:49Z
[collector] snapshot #055 2026-09-17T12:42:50Z
[collector] snapshot #056 2026-09-17T12:42:51Z
[collector] snapshot #057 2026-09-17T12:42:52Z
[collector] snapshot #058 2026-09-17T12:42:53Z
[collector] snapshot #059 2026-09-17T12:42:54Z
[collector] snapshot #060 2026-09-17T12:42:56Z
[collector] kết thúc. Đã ghi 60 snapshot -> /home/ubuntu/dt4n-core/data/phase6r/raw/RN-load8M-s4013-r1.jsonl.partial
[traffic] đã dừng các iperf server
[gen] OK     RN-load8M-s4013-r1  snapshots=60  sep=-  sha=0541f7337c6a

========================================================================
[2026-09-17T12:42:57Z] RUN RD-degrade-s2-s3-rho050-s4110-r1 exec_index=9 split=r_set
[traffic] đã dừng các iperf server
[traffic] đã dừng các iperf server
[traffic] iperf server (TCP) bật nền trên srv1
[traffic] iperf server (TCP) bật nền trên srv2
[traffic] nền srv1->srv2 UDP @2Mbps qua bottleneck s2-s3
[traffic] NORMAL: h1 -> srv1 TCP @2M per client
[traffic] NORMAL: h2 -> srv2 TCP @2M per client
[traffic] NORMAL: h3 -> srv1 TCP @2M per client
[traffic] đã dừng các iperf server
[traffic] iperf server (TCP) bật nền trên srv1
[traffic] iperf server (TCP) bật nền trên srv2
[traffic] nền srv1->srv2 UDP @2Mbps qua bottleneck s2-s3
[traffic] NORMAL: h1 -> srv1 TCP @2M per client
[traffic] NORMAL: h2 -> srv2 TCP @2M per client
[traffic] NORMAL: h3 -> srv1 TCP @2M per client
[gen] profile=fixed, pre-roll 5s
[collector] bắt đầu, interval=1.0s
[collector] JSONL log  -> /home/ubuntu/dt4n-core/data/phase6r/raw/RD-degrade-s2-s3-rho050-s4110-r1.jsonl.partial (overwrite)
[collector] snapshot #001 2026-09-17T12:43:13Z
[collector] snapshot #002 2026-09-17T12:43:14Z
[collector] snapshot #003 2026-09-17T12:43:15Z
[collector] snapshot #004 2026-09-17T12:43:16Z
[collector] snapshot #005 2026-09-17T12:43:17Z
[collector] snapshot #006 2026-09-17T12:43:18Z
[collector] snapshot #007 2026-09-17T12:43:19Z
[collector] snapshot #008 2026-09-17T12:43:20Z
[collector] snapshot #009 2026-09-17T12:43:21Z
[collector] snapshot #010 2026-09-17T12:43:22Z
[collector] snapshot #011 2026-09-17T12:43:23Z
[collector] snapshot #012 2026-09-17T12:43:24Z
[collector] snapshot #013 2026-09-17T12:43:25Z
[collector] snapshot #014 2026-09-17T12:43:26Z
[collector] snapshot #015 2026-09-17T12:43:27Z
[collector] snapshot #016 2026-09-17T12:43:28Z
[collector] snapshot #017 2026-09-17T12:43:29Z
[collector] snapshot #018 2026-09-17T12:43:30Z
[collector] snapshot #019 2026-09-17T12:43:31Z
[collector] snapshot #020 2026-09-17T12:43:32Z
[collector] snapshot #021 2026-09-17T12:43:33Z
[gen] INJECT tick=20 t_rel=20.086 {'type': 'LinkDegrade', 'link_key': 's2-s3', 'factor': 0.1373, 'delay': '2ms', 'baseline': 5.0}
[collector] snapshot #022 2026-09-17T12:43:34Z
[collector] snapshot #023 2026-09-17T12:43:35Z
[collector] snapshot #024 2026-09-17T12:43:36Z
[collector] snapshot #025 2026-09-17T12:43:37Z
[collector] snapshot #026 2026-09-17T12:43:38Z
[collector] snapshot #027 2026-09-17T12:43:39Z
[collector] snapshot #028 2026-09-17T12:43:40Z
[collector] snapshot #029 2026-09-17T12:43:41Z
[collector] snapshot #030 2026-09-17T12:43:42Z
[collector] snapshot #031 2026-09-17T12:43:43Z
[collector] snapshot #032 2026-09-17T12:43:44Z
[collector] snapshot #033 2026-09-17T12:43:45Z
[collector] snapshot #034 2026-09-17T12:43:46Z
[collector] snapshot #035 2026-09-17T12:43:47Z
[collector] snapshot #036 2026-09-17T12:43:48Z
[collector] snapshot #037 2026-09-17T12:43:49Z
[collector] snapshot #038 2026-09-17T12:43:50Z
[collector] snapshot #039 2026-09-17T12:43:51Z
[collector] snapshot #040 2026-09-17T12:43:52Z
[collector] snapshot #041 2026-09-17T12:43:53Z
[gen] REVERT tick=40 t_rel=40.098
[collector] snapshot #042 2026-09-17T12:43:54Z
[collector] snapshot #043 2026-09-17T12:43:55Z
[collector] snapshot #044 2026-09-17T12:43:56Z
[collector] snapshot #045 2026-09-17T12:43:57Z
[collector] snapshot #046 2026-09-17T12:43:58Z
[collector] snapshot #047 2026-09-17T12:43:59Z
[collector] snapshot #048 2026-09-17T12:44:00Z
[collector] snapshot #049 2026-09-17T12:44:01Z
[collector] snapshot #050 2026-09-17T12:44:02Z
[collector] snapshot #051 2026-09-17T12:44:03Z
[collector] snapshot #052 2026-09-17T12:44:04Z
[collector] snapshot #053 2026-09-17T12:44:05Z
[collector] snapshot #054 2026-09-17T12:44:06Z
[collector] snapshot #055 2026-09-17T12:44:07Z
[collector] snapshot #056 2026-09-17T12:44:08Z
[collector] snapshot #057 2026-09-17T12:44:09Z
[collector] snapshot #058 2026-09-17T12:44:10Z
[collector] snapshot #059 2026-09-17T12:44:11Z
[collector] snapshot #060 2026-09-17T12:44:12Z
[collector] kết thúc. Đã ghi 60 snapshot -> /home/ubuntu/dt4n-core/data/phase6r/raw/RD-degrade-s2-s3-rho050-s4110-r1.jsonl.partial
[traffic] đã dừng các iperf server
[gen] OK     RD-degrade-s2-s3-rho050-s4110-r1  snapshots=60  sep=0.049  sha=a8443639b39e

========================================================================
[2026-09-17T12:44:13Z] RUN RC-flood-h2_to_srv2-s4202-r1   exec_index=10 split=r_set
[traffic] đã dừng các iperf server
[traffic] đã dừng các iperf server
[traffic] iperf server (TCP) bật nền trên srv1
[traffic] iperf server (TCP) bật nền trên srv2
[traffic] nền srv1->srv2 UDP @2Mbps qua bottleneck s2-s3
[traffic] NORMAL: h1 -> srv1 TCP @2M per client
[traffic] NORMAL: h2 -> srv2 TCP @2M per client
[traffic] NORMAL: h3 -> srv1 TCP @2M per client
[traffic] đã dừng các iperf server
[traffic] iperf server (TCP) bật nền trên srv1
[traffic] iperf server (TCP) bật nền trên srv2
[traffic] nền srv1->srv2 UDP @2Mbps qua bottleneck s2-s3
[traffic] NORMAL: h1 -> srv1 TCP @2M per client
[traffic] NORMAL: h2 -> srv2 TCP @2M per client
[traffic] NORMAL: h3 -> srv1 TCP @2M per client
[gen] profile=fixed, pre-roll 5s
[collector] bắt đầu, interval=1.0s
[collector] JSONL log  -> /home/ubuntu/dt4n-core/data/phase6r/raw/RC-flood-h2_to_srv2-s4202-r1.jsonl.partial (overwrite)
[collector] snapshot #001 2026-09-17T12:44:30Z
[collector] snapshot #002 2026-09-17T12:44:31Z
[collector] snapshot #003 2026-09-17T12:44:32Z
[collector] snapshot #004 2026-09-17T12:44:33Z
[collector] snapshot #005 2026-09-17T12:44:34Z
[collector] snapshot #006 2026-09-17T12:44:35Z
[collector] snapshot #007 2026-09-17T12:44:36Z
[collector] snapshot #008 2026-09-17T12:44:37Z
[collector] snapshot #009 2026-09-17T12:44:38Z
[collector] snapshot #010 2026-09-17T12:44:39Z
[collector] snapshot #011 2026-09-17T12:44:40Z
[collector] snapshot #012 2026-09-17T12:44:41Z
[collector] snapshot #013 2026-09-17T12:44:42Z
[collector] snapshot #014 2026-09-17T12:44:43Z
[collector] snapshot #015 2026-09-17T12:44:44Z
[collector] snapshot #016 2026-09-17T12:44:45Z
[collector] snapshot #017 2026-09-17T12:44:46Z
[collector] snapshot #018 2026-09-17T12:44:47Z
[collector] snapshot #019 2026-09-17T12:44:48Z
[collector] snapshot #020 2026-09-17T12:44:49Z
[collector] snapshot #021 2026-09-17T12:44:50Z
[gen] INJECT tick=20 t_rel=20.082 {'type': 'TrafficFlood', 'src': 'h2', 'dst': 'srv2', 'rate_mbps': 33}
[collector] snapshot #022 2026-09-17T12:44:51Z
[collector] snapshot #023 2026-09-17T12:44:52Z
[collector] snapshot #024 2026-09-17T12:44:53Z
[collector] snapshot #025 2026-09-17T12:44:54Z
[collector] snapshot #026 2026-09-17T12:44:55Z
[collector] snapshot #027 2026-09-17T12:44:56Z
[collector] snapshot #028 2026-09-17T12:44:57Z
[collector] snapshot #029 2026-09-17T12:44:58Z
[collector] snapshot #030 2026-09-17T12:44:59Z
[collector] snapshot #031 2026-09-17T12:45:00Z
[collector] snapshot #032 2026-09-17T12:45:01Z
[collector] snapshot #033 2026-09-17T12:45:02Z
[collector] snapshot #034 2026-09-17T12:45:03Z
[collector] snapshot #035 2026-09-17T12:45:04Z
[collector] snapshot #036 2026-09-17T12:45:05Z
[collector] snapshot #037 2026-09-17T12:45:06Z
[collector] snapshot #038 2026-09-17T12:45:07Z
[collector] snapshot #039 2026-09-17T12:45:08Z
[collector] snapshot #040 2026-09-17T12:45:09Z
[collector] snapshot #041 2026-09-17T12:45:10Z
[gen] REVERT tick=40 t_rel=40.096
[collector] snapshot #042 2026-09-17T12:45:11Z
[collector] snapshot #043 2026-09-17T12:45:12Z
[collector] snapshot #044 2026-09-17T12:45:13Z
[collector] snapshot #045 2026-09-17T12:45:14Z
[collector] snapshot #046 2026-09-17T12:45:15Z
[collector] snapshot #047 2026-09-17T12:45:16Z
[collector] snapshot #048 2026-09-17T12:45:17Z
[collector] snapshot #049 2026-09-17T12:45:18Z
[collector] snapshot #050 2026-09-17T12:45:19Z
[collector] snapshot #051 2026-09-17T12:45:20Z
[collector] snapshot #052 2026-09-17T12:45:21Z
[collector] snapshot #053 2026-09-17T12:45:22Z
[collector] snapshot #054 2026-09-17T12:45:23Z
[collector] snapshot #055 2026-09-17T12:45:24Z
[collector] snapshot #056 2026-09-17T12:45:25Z
[collector] snapshot #057 2026-09-17T12:45:26Z
[collector] snapshot #058 2026-09-17T12:45:27Z
[collector] snapshot #059 2026-09-17T12:45:28Z
[collector] snapshot #060 2026-09-17T12:45:29Z
[collector] kết thúc. Đã ghi 60 snapshot -> /home/ubuntu/dt4n-core/data/phase6r/raw/RC-flood-h2_to_srv2-s4202-r1.jsonl.partial
[traffic] đã dừng các iperf server
[gen] OK     RC-flood-h2_to_srv2-s4202-r1  snapshots=60  sep=332.453  sha=3d6d170a1a77

========================================================================
[2026-09-17T12:45:30Z] RUN RD-degrade-s2-s3-rho150-s4107-r1 exec_index=11 split=r_set
[traffic] đã dừng các iperf server
=== BOOTSTRAP (mode=create) ===
[1] Policy:
  ✅ policy org.dt4n.ml:default-policy (204)
[3] Things:
  ⏭️  org.dt4n.ml:host-h1 đã tồn tại, bỏ qua
  ⏭️  org.dt4n.ml:host-h2 đã tồn tại, bỏ qua
  ⏭️  org.dt4n.ml:host-h3 đã tồn tại, bỏ qua
  ⏭️  org.dt4n.ml:host-srv1 đã tồn tại, bỏ qua
  ⏭️  org.dt4n.ml:host-srv2 đã tồn tại, bỏ qua
  ⏭️  org.dt4n.ml:switch-s1 đã tồn tại, bỏ qua
  ⏭️  org.dt4n.ml:switch-s2 đã tồn tại, bỏ qua
  ⏭️  org.dt4n.ml:switch-s3 đã tồn tại, bỏ qua
  ⏭️  org.dt4n.ml:link-h1-s1 đã tồn tại, bỏ qua
  ⏭️  org.dt4n.ml:link-h2-s1 đã tồn tại, bỏ qua
  ⏭️  org.dt4n.ml:link-h3-s1 đã tồn tại, bỏ qua
  ⏭️  org.dt4n.ml:link-s1-s2 đã tồn tại, bỏ qua
  ⏭️  org.dt4n.ml:link-s1-s3 đã tồn tại, bỏ qua
  ⏭️  org.dt4n.ml:link-s2-s3 đã tồn tại, bỏ qua
  ⏭️  org.dt4n.ml:link-s2-srv1 đã tồn tại, bỏ qua
  ⏭️  org.dt4n.ml:link-s3-srv2 đã tồn tại, bỏ qua
  ⏭️  org.dt4n.ml:path-h1-srv1 đã tồn tại, bỏ qua
  ⏭️  org.dt4n.ml:controller đã tồn tại, bỏ qua
=== XONG: 0 tạo, 18 bỏ qua, tổng 18 Thing ===
[traffic] đã dừng các iperf server
[traffic] iperf server (TCP) bật nền trên srv1
[traffic] iperf server (TCP) bật nền trên srv2
[traffic] nền srv1->srv2 UDP @2Mbps qua bottleneck s2-s3
[traffic] NORMAL: h1 -> srv1 TCP @2M per client
[traffic] NORMAL: h2 -> srv2 TCP @2M per client
[traffic] NORMAL: h3 -> srv1 TCP @2M per client
[traffic] đã dừng các iperf server
[traffic] iperf server (TCP) bật nền trên srv1
[traffic] iperf server (TCP) bật nền trên srv2
[traffic] nền srv1->srv2 UDP @2Mbps qua bottleneck s2-s3
[traffic] NORMAL: h1 -> srv1 TCP @2M per client
[traffic] NORMAL: h2 -> srv2 TCP @2M per client
[traffic] NORMAL: h3 -> srv1 TCP @2M per client
[gen] profile=fixed, pre-roll 5s
[collector] bắt đầu, interval=1.0s
[collector] JSONL log  -> /home/ubuntu/dt4n-core/data/phase6r/raw/RD-degrade-s2-s3-rho150-s4107-r1.jsonl.partial (overwrite)
[collector] snapshot #001 2026-09-17T12:45:54Z
[collector] snapshot #002 2026-09-17T12:45:55Z
[collector] snapshot #003 2026-09-17T12:45:56Z
[collector] snapshot #004 2026-09-17T12:45:57Z
[collector] snapshot #005 2026-09-17T12:45:58Z
[collector] snapshot #006 2026-09-17T12:45:59Z
[collector] snapshot #007 2026-09-17T12:46:00Z
[collector] snapshot #008 2026-09-17T12:46:01Z
[collector] snapshot #009 2026-09-17T12:46:02Z
[collector] snapshot #010 2026-09-17T12:46:03Z
[collector] snapshot #011 2026-09-17T12:46:04Z
[collector] snapshot #012 2026-09-17T12:46:05Z
[collector] snapshot #013 2026-09-17T12:46:06Z
[collector] snapshot #014 2026-09-17T12:46:07Z
[collector] snapshot #015 2026-09-17T12:46:08Z
[collector] snapshot #016 2026-09-17T12:46:09Z
[collector] snapshot #017 2026-09-17T12:46:10Z
[collector] snapshot #018 2026-09-17T12:46:11Z
[collector] snapshot #019 2026-09-17T12:46:12Z
[collector] snapshot #020 2026-09-17T12:46:13Z
[collector] snapshot #021 2026-09-17T12:46:14Z
[gen] INJECT tick=20 t_rel=20.122 {'type': 'LinkDegrade', 'link_key': 's2-s3', 'factor': 0.7124, 'delay': '2ms', 'baseline': 5.0}
[collector] snapshot #022 2026-09-17T12:46:15Z
[collector] snapshot #023 2026-09-17T12:46:16Z
[collector] snapshot #024 2026-09-17T12:46:17Z
[collector] snapshot #025 2026-09-17T12:46:18Z
[collector] snapshot #026 2026-09-17T12:46:19Z
[collector] snapshot #027 2026-09-17T12:46:20Z
[collector] snapshot #028 2026-09-17T12:46:21Z
[collector] snapshot #029 2026-09-17T12:46:22Z
[collector] snapshot #030 2026-09-17T12:46:23Z
[collector] snapshot #031 2026-09-17T12:46:24Z
[collector] snapshot #032 2026-09-17T12:46:25Z
[collector] snapshot #033 2026-09-17T12:46:26Z
[collector] snapshot #034 2026-09-17T12:46:27Z
[collector] snapshot #035 2026-09-17T12:46:28Z
[collector] snapshot #036 2026-09-17T12:46:29Z
[collector] snapshot #037 2026-09-17T12:46:30Z
[collector] snapshot #038 2026-09-17T12:46:31Z
[collector] snapshot #039 2026-09-17T12:46:32Z
[collector] snapshot #040 2026-09-17T12:46:33Z
[collector] snapshot #041 2026-09-17T12:46:34Z
[gen] REVERT tick=40 t_rel=40.130
[collector] snapshot #042 2026-09-17T12:46:35Z
[collector] snapshot #043 2026-09-17T12:46:36Z
[collector] snapshot #044 2026-09-17T12:46:37Z
[collector] snapshot #045 2026-09-17T12:46:38Z
[collector] snapshot #046 2026-09-17T12:46:39Z
[collector] snapshot #047 2026-09-17T12:46:40Z
[collector] snapshot #048 2026-09-17T12:46:41Z
[collector] snapshot #049 2026-09-17T12:46:42Z
[collector] snapshot #050 2026-09-17T12:46:43Z
[collector] snapshot #051 2026-09-17T12:46:44Z
[collector] snapshot #052 2026-09-17T12:46:45Z
[collector] snapshot #053 2026-09-17T12:46:46Z
[collector] snapshot #054 2026-09-17T12:46:47Z
[collector] snapshot #055 2026-09-17T12:46:48Z
[collector] snapshot #056 2026-09-17T12:46:49Z
[collector] snapshot #057 2026-09-17T12:46:50Z
[collector] snapshot #058 2026-09-17T12:46:51Z
[collector] snapshot #059 2026-09-17T12:46:52Z
[collector] snapshot #060 2026-09-17T12:46:53Z
[collector] kết thúc. Đã ghi 60 snapshot -> /home/ubuntu/dt4n-core/data/phase6r/raw/RD-degrade-s2-s3-rho150-s4107-r1.jsonl.partial
[traffic] đã dừng các iperf server
[gen] OK     RD-degrade-s2-s3-rho150-s4107-r1  snapshots=60  sep=59.359  sha=04b956088d77

========================================================================
[2026-09-17T12:46:55Z] RUN RC-shift-s1-s2-s4203-r1        exec_index=12 split=r_set
[traffic] đã dừng các iperf server
[traffic] đã dừng các iperf server
[traffic] iperf server (TCP) bật nền trên srv1
[traffic] iperf server (TCP) bật nền trên srv2
[traffic] nền srv1->srv2 UDP @2Mbps qua bottleneck s2-s3
[traffic] NORMAL: h1 -> srv1 TCP @2M per client
[traffic] NORMAL: h2 -> srv2 TCP @2M per client
[traffic] NORMAL: h3 -> srv1 TCP @2M per client
[traffic] đã dừng các iperf server
[traffic] iperf server (TCP) bật nền trên srv1
[traffic] iperf server (TCP) bật nền trên srv2
[traffic] nền srv1->srv2 UDP @2Mbps qua bottleneck s2-s3
[traffic] NORMAL: h1 -> srv1 TCP @2M per client
[traffic] NORMAL: h2 -> srv2 TCP @2M per client
[traffic] NORMAL: h3 -> srv1 TCP @2M per client
[gen] profile=fixed, pre-roll 5s
[collector] bắt đầu, interval=1.0s
[collector] JSONL log  -> /home/ubuntu/dt4n-core/data/phase6r/raw/RC-shift-s1-s2-s4203-r1.jsonl.partial (overwrite)
[collector] snapshot #001 2026-09-17T12:47:12Z
[collector] snapshot #002 2026-09-17T12:47:13Z
[collector] snapshot #003 2026-09-17T12:47:14Z
[collector] snapshot #004 2026-09-17T12:47:15Z
[collector] snapshot #005 2026-09-17T12:47:16Z
[collector] snapshot #006 2026-09-17T12:47:17Z
[collector] snapshot #007 2026-09-17T12:47:18Z
[collector] snapshot #008 2026-09-17T12:47:19Z
[collector] snapshot #009 2026-09-17T12:47:20Z
[collector] snapshot #010 2026-09-17T12:47:21Z
[collector] snapshot #011 2026-09-17T12:47:22Z
[collector] snapshot #012 2026-09-17T12:47:23Z
[collector] snapshot #013 2026-09-17T12:47:24Z
[collector] snapshot #014 2026-09-17T12:47:25Z
[collector] snapshot #015 2026-09-17T12:47:26Z
[collector] snapshot #016 2026-09-17T12:47:27Z
[collector] snapshot #017 2026-09-17T12:47:28Z
[collector] snapshot #018 2026-09-17T12:47:29Z
[collector] snapshot #019 2026-09-17T12:47:30Z
[collector] snapshot #020 2026-09-17T12:47:31Z
[collector] snapshot #021 2026-09-17T12:47:32Z
[gen] INJECT tick=20 t_rel=20.096 {'type': 'CongestionShift', 'degrade_link': 's1-s2', 'factor': 0.85662217995863, 'delay': '2ms', 'baseline': 20.0, 'flood_src': 'srv1', 'flood_dst': 'srv2', 'rate_mbps': 22}
[collector] snapshot #022 2026-09-17T12:47:33Z
[collector] snapshot #023 2026-09-17T12:47:34Z
[collector] snapshot #024 2026-09-17T12:47:35Z
[collector] snapshot #025 2026-09-17T12:47:36Z
[collector] snapshot #026 2026-09-17T12:47:37Z
[collector] snapshot #027 2026-09-17T12:47:38Z
[collector] snapshot #028 2026-09-17T12:47:39Z
[collector] snapshot #029 2026-09-17T12:47:40Z
[collector] snapshot #030 2026-09-17T12:47:41Z
[collector] snapshot #031 2026-09-17T12:47:42Z
[collector] snapshot #032 2026-09-17T12:47:43Z
[collector] snapshot #033 2026-09-17T12:47:44Z
[collector] snapshot #034 2026-09-17T12:47:45Z
[collector] snapshot #035 2026-09-17T12:47:46Z
[collector] snapshot #036 2026-09-17T12:47:47Z
[collector] snapshot #037 2026-09-17T12:47:48Z
[collector] snapshot #038 2026-09-17T12:47:49Z
[collector] snapshot #039 2026-09-17T12:47:50Z
[collector] snapshot #040 2026-09-17T12:47:51Z
[collector] snapshot #041 2026-09-17T12:47:52Z
[gen] REVERT tick=40 t_rel=40.109
[collector] snapshot #042 2026-09-17T12:47:53Z
[collector] snapshot #043 2026-09-17T12:47:54Z
[collector] snapshot #044 2026-09-17T12:47:55Z
[collector] snapshot #045 2026-09-17T12:47:56Z
[collector] snapshot #046 2026-09-17T12:47:57Z
[collector] snapshot #047 2026-09-17T12:47:58Z
[collector] snapshot #048 2026-09-17T12:47:59Z
[collector] snapshot #049 2026-09-17T12:48:00Z
[collector] snapshot #050 2026-09-17T12:48:01Z
[collector] snapshot #051 2026-09-17T12:48:02Z
[collector] snapshot #052 2026-09-17T12:48:03Z
[collector] snapshot #053 2026-09-17T12:48:04Z
[collector] snapshot #054 2026-09-17T12:48:05Z
[collector] snapshot #055 2026-09-17T12:48:06Z
[collector] snapshot #056 2026-09-17T12:48:07Z
[collector] snapshot #057 2026-09-17T12:48:08Z
[collector] snapshot #058 2026-09-17T12:48:09Z
[collector] snapshot #059 2026-09-17T12:48:10Z
[collector] snapshot #060 2026-09-17T12:48:11Z
[collector] kết thúc. Đã ghi 60 snapshot -> /home/ubuntu/dt4n-core/data/phase6r/raw/RC-shift-s1-s2-s4203-r1.jsonl.partial
[traffic] đã dừng các iperf server
[gen] OK     RC-shift-s1-s2-s4203-r1  snapshots=60  sep=749.521  sha=1ff68195c539

========================================================================
[2026-09-17T12:48:13Z] RUN RN-load10M-s4016-r2            exec_index=13 split=r_set
[traffic] đã dừng các iperf server
[traffic] đã dừng các iperf server
[traffic] iperf server (TCP) bật nền trên srv1
[traffic] iperf server (TCP) bật nền trên srv2
[traffic] nền srv1->srv2 UDP @2Mbps qua bottleneck s2-s3
[traffic] NORMAL: h1 -> srv1 TCP @2M per client
[traffic] NORMAL: h2 -> srv2 TCP @2M per client
[traffic] NORMAL: h3 -> srv1 TCP @2M per client
[traffic] đã dừng các iperf server
[traffic] iperf server (TCP) bật nền trên srv1
[traffic] iperf server (TCP) bật nền trên srv2
[traffic] nền srv1->srv2 UDP @2Mbps qua bottleneck s2-s3
[traffic] NORMAL: h1 -> srv1 TCP @10M per client
[traffic] NORMAL: h2 -> srv2 TCP @10M per client
[traffic] NORMAL: h3 -> srv1 TCP @10M per client
[gen] profile=fixed, pre-roll 5s
[collector] bắt đầu, interval=1.0s
[collector] JSONL log  -> /home/ubuntu/dt4n-core/data/phase6r/raw/RN-load10M-s4016-r2.jsonl.partial (overwrite)
[collector] snapshot #001 2026-09-17T12:48:29Z
[collector] snapshot #002 2026-09-17T12:48:30Z
[collector] snapshot #003 2026-09-17T12:48:31Z
[collector] snapshot #004 2026-09-17T12:48:32Z
[collector] snapshot #005 2026-09-17T12:48:33Z
[collector] snapshot #006 2026-09-17T12:48:34Z
[collector] snapshot #007 2026-09-17T12:48:35Z
[collector] snapshot #008 2026-09-17T12:48:36Z
[collector] snapshot #009 2026-09-17T12:48:37Z
[collector] snapshot #010 2026-09-17T12:48:38Z
[collector] snapshot #011 2026-09-17T12:48:39Z
[collector] snapshot #012 2026-09-17T12:48:40Z
[collector] snapshot #013 2026-09-17T12:48:41Z
[collector] snapshot #014 2026-09-17T12:48:42Z
[collector] snapshot #015 2026-09-17T12:48:43Z
[collector] snapshot #016 2026-09-17T12:48:44Z
[collector] snapshot #017 2026-09-17T12:48:45Z
[collector] snapshot #018 2026-09-17T12:48:46Z
[collector] snapshot #019 2026-09-17T12:48:47Z
[collector] snapshot #020 2026-09-17T12:48:48Z
[collector] snapshot #021 2026-09-17T12:48:49Z
[collector] snapshot #022 2026-09-17T12:48:50Z
[collector] snapshot #023 2026-09-17T12:48:51Z
[collector] snapshot #024 2026-09-17T12:48:52Z
[collector] snapshot #025 2026-09-17T12:48:53Z
[collector] snapshot #026 2026-09-17T12:48:54Z
[collector] snapshot #027 2026-09-17T12:48:55Z
[collector] snapshot #028 2026-09-17T12:48:56Z
[collector] snapshot #029 2026-09-17T12:48:57Z
[collector] snapshot #030 2026-09-17T12:48:58Z
[collector] snapshot #031 2026-09-17T12:48:59Z
[collector] snapshot #032 2026-09-17T12:49:00Z
[collector] snapshot #033 2026-09-17T12:49:01Z
[collector] snapshot #034 2026-09-17T12:49:02Z
[collector] snapshot #035 2026-09-17T12:49:03Z
[collector] snapshot #036 2026-09-17T12:49:04Z
[collector] snapshot #037 2026-09-17T12:49:05Z
[collector] snapshot #038 2026-09-17T12:49:06Z
[collector] snapshot #039 2026-09-17T12:49:07Z
[collector] snapshot #040 2026-09-17T12:49:08Z
[collector] snapshot #041 2026-09-17T12:49:09Z
[collector] snapshot #042 2026-09-17T12:49:10Z
[collector] snapshot #043 2026-09-17T12:49:11Z
[collector] snapshot #044 2026-09-17T12:49:12Z
[collector] snapshot #045 2026-09-17T12:49:13Z
[collector] snapshot #046 2026-09-17T12:49:14Z
[collector] snapshot #047 2026-09-17T12:49:15Z
[collector] snapshot #048 2026-09-17T12:49:16Z
[collector] snapshot #049 2026-09-17T12:49:17Z
[collector] snapshot #050 2026-09-17T12:49:18Z
[collector] snapshot #051 2026-09-17T12:49:19Z
[collector] snapshot #052 2026-09-17T12:49:20Z
[collector] snapshot #053 2026-09-17T12:49:21Z
[collector] snapshot #054 2026-09-17T12:49:22Z
[collector] snapshot #055 2026-09-17T12:49:23Z
[collector] snapshot #056 2026-09-17T12:49:24Z
[collector] snapshot #057 2026-09-17T12:49:25Z
[collector] snapshot #058 2026-09-17T12:49:26Z
[collector] snapshot #059 2026-09-17T12:49:27Z
[collector] snapshot #060 2026-09-17T12:49:28Z
[collector] kết thúc. Đã ghi 60 snapshot -> /home/ubuntu/dt4n-core/data/phase6r/raw/RN-load10M-s4016-r2.jsonl.partial
[traffic] đã dừng các iperf server
[gen] OK     RN-load10M-s4016-r2  snapshots=60  sep=-  sha=2457a81e7440

========================================================================
[2026-09-17T12:49:29Z] RUN RO-ctl_admin_down-s1-s2-s4302-r2 exec_index=14 split=r_set
[traffic] đã dừng các iperf server
[traffic] đã dừng các iperf server
[traffic] iperf server (TCP) bật nền trên srv1
[traffic] iperf server (TCP) bật nền trên srv2
[traffic] nền srv1->srv2 UDP @2Mbps qua bottleneck s2-s3
[traffic] NORMAL: h1 -> srv1 TCP @2M per client
[traffic] NORMAL: h2 -> srv2 TCP @2M per client
[traffic] NORMAL: h3 -> srv1 TCP @2M per client
[traffic] đã dừng các iperf server
[traffic] iperf server (TCP) bật nền trên srv1
[traffic] iperf server (TCP) bật nền trên srv2
[traffic] nền srv1->srv2 UDP @2Mbps qua bottleneck s2-s3
[traffic] NORMAL: h1 -> srv1 TCP @2M per client
[traffic] NORMAL: h2 -> srv2 TCP @2M per client
[traffic] NORMAL: h3 -> srv1 TCP @2M per client
[gen] profile=fixed, pre-roll 5s
[collector] bắt đầu, interval=1.0s
[collector] JSONL log  -> /home/ubuntu/dt4n-core/data/phase6r/raw/RO-ctl_admin_down-s1-s2-s4302-r2.jsonl.partial (overwrite)
[collector] snapshot #001 2026-09-17T12:49:46Z
[collector] snapshot #002 2026-09-17T12:49:47Z
[collector] snapshot #003 2026-09-17T12:49:48Z
[collector] snapshot #004 2026-09-17T12:49:49Z
[collector] snapshot #005 2026-09-17T12:49:50Z
[collector] snapshot #006 2026-09-17T12:49:51Z
[collector] snapshot #007 2026-09-17T12:49:52Z
[collector] snapshot #008 2026-09-17T12:49:53Z
[collector] snapshot #009 2026-09-17T12:49:54Z
[collector] snapshot #010 2026-09-17T12:49:55Z
[collector] snapshot #011 2026-09-17T12:49:56Z
[collector] snapshot #012 2026-09-17T12:49:57Z
[collector] snapshot #013 2026-09-17T12:49:58Z
[collector] snapshot #014 2026-09-17T12:49:59Z
[collector] snapshot #015 2026-09-17T12:50:00Z
[collector] snapshot #016 2026-09-17T12:50:01Z
[collector] snapshot #017 2026-09-17T12:50:02Z
[collector] snapshot #018 2026-09-17T12:50:03Z
[collector] snapshot #019 2026-09-17T12:50:04Z
[collector] snapshot #020 2026-09-17T12:50:05Z
[collector] snapshot #021 2026-09-17T12:50:06Z
[gen] INJECT tick=20 t_rel=20.084 {'type': 'LinkAdminDown', 'link_key': 's1-s2'}
[collector] snapshot #022 2026-09-17T12:50:07Z
[collector] snapshot #023 2026-09-17T12:50:08Z
[collector] snapshot #024 2026-09-17T12:50:09Z
[collector] snapshot #025 2026-09-17T12:50:10Z
[collector] snapshot #026 2026-09-17T12:50:11Z
[collector] snapshot #027 2026-09-17T12:50:12Z
[collector] snapshot #028 2026-09-17T12:50:13Z
[collector] snapshot #029 2026-09-17T12:50:14Z
[collector] snapshot #030 2026-09-17T12:50:15Z
[collector] snapshot #031 2026-09-17T12:50:16Z
[collector] snapshot #032 2026-09-17T12:50:17Z
[collector] snapshot #033 2026-09-17T12:50:18Z
[collector] snapshot #034 2026-09-17T12:50:19Z
[collector] snapshot #035 2026-09-17T12:50:20Z
[collector] snapshot #036 2026-09-17T12:50:21Z
[collector] snapshot #037 2026-09-17T12:50:22Z
[collector] snapshot #038 2026-09-17T12:50:23Z
[collector] snapshot #039 2026-09-17T12:50:24Z
[collector] snapshot #040 2026-09-17T12:50:25Z
[collector] snapshot #041 2026-09-17T12:50:26Z
[gen] REVERT tick=40 t_rel=40.100
[collector] snapshot #042 2026-09-17T12:50:27Z
[collector] snapshot #043 2026-09-17T12:50:28Z
[collector] snapshot #044 2026-09-17T12:50:29Z
[collector] snapshot #045 2026-09-17T12:50:30Z
[collector] snapshot #046 2026-09-17T12:50:31Z
[collector] snapshot #047 2026-09-17T12:50:32Z
[collector] snapshot #048 2026-09-17T12:50:33Z
[collector] snapshot #049 2026-09-17T12:50:34Z
[collector] snapshot #050 2026-09-17T12:50:35Z
[collector] snapshot #051 2026-09-17T12:50:36Z
[collector] snapshot #052 2026-09-17T12:50:37Z
[collector] snapshot #053 2026-09-17T12:50:38Z
[collector] snapshot #054 2026-09-17T12:50:39Z
[collector] snapshot #055 2026-09-17T12:50:40Z
[collector] snapshot #056 2026-09-17T12:50:41Z
[collector] snapshot #057 2026-09-17T12:50:42Z
[collector] snapshot #058 2026-09-17T12:50:43Z
[collector] snapshot #059 2026-09-17T12:50:44Z
[collector] snapshot #060 2026-09-17T12:50:45Z
[collector] kết thúc. Đã ghi 60 snapshot -> /home/ubuntu/dt4n-core/data/phase6r/raw/RO-ctl_admin_down-s1-s2-s4302-r2.jsonl.partial
[traffic] đã dừng các iperf server
[gen] OK     RO-ctl_admin_down-s1-s2-s4302-r2  snapshots=60  sep=100.0  sha=5e147e7054a7

========================================================================
[2026-09-17T12:50:46Z] RUN RD-degrade-s2-s3-rho125-s4108-r1 exec_index=15 split=r_set
[traffic] đã dừng các iperf server
[traffic] đã dừng các iperf server
[traffic] iperf server (TCP) bật nền trên srv1
[traffic] iperf server (TCP) bật nền trên srv2
[traffic] nền srv1->srv2 UDP @2Mbps qua bottleneck s2-s3
[traffic] NORMAL: h1 -> srv1 TCP @2M per client
[traffic] NORMAL: h2 -> srv2 TCP @2M per client
[traffic] NORMAL: h3 -> srv1 TCP @2M per client
[traffic] đã dừng các iperf server
[traffic] iperf server (TCP) bật nền trên srv1
[traffic] iperf server (TCP) bật nền trên srv2
[traffic] nền srv1->srv2 UDP @2Mbps qua bottleneck s2-s3
[traffic] NORMAL: h1 -> srv1 TCP @2M per client
[traffic] NORMAL: h2 -> srv2 TCP @2M per client
[traffic] NORMAL: h3 -> srv1 TCP @2M per client
[gen] profile=fixed, pre-roll 5s
[collector] bắt đầu, interval=1.0s
[collector] JSONL log  -> /home/ubuntu/dt4n-core/data/phase6r/raw/RD-degrade-s2-s3-rho125-s4108-r1.jsonl.partial (overwrite)
[collector] snapshot #001 2026-09-17T12:51:03Z
[collector] snapshot #002 2026-09-17T12:51:04Z
[collector] snapshot #003 2026-09-17T12:51:05Z
[collector] snapshot #004 2026-09-17T12:51:06Z
[collector] snapshot #005 2026-09-17T12:51:07Z
[collector] snapshot #006 2026-09-17T12:51:08Z
[collector] snapshot #007 2026-09-17T12:51:09Z
[collector] snapshot #008 2026-09-17T12:51:10Z
[collector] snapshot #009 2026-09-17T12:51:11Z
[collector] snapshot #010 2026-09-17T12:51:12Z
[collector] snapshot #011 2026-09-17T12:51:13Z
[collector] snapshot #012 2026-09-17T12:51:14Z
[collector] snapshot #013 2026-09-17T12:51:15Z
[collector] snapshot #014 2026-09-17T12:51:16Z
[collector] snapshot #015 2026-09-17T12:51:17Z
[collector] snapshot #016 2026-09-17T12:51:18Z
[collector] snapshot #017 2026-09-17T12:51:19Z
[collector] snapshot #018 2026-09-17T12:51:20Z
[collector] snapshot #019 2026-09-17T12:51:21Z
[collector] snapshot #020 2026-09-17T12:51:22Z
[collector] snapshot #021 2026-09-17T12:51:23Z
[gen] INJECT tick=20 t_rel=20.133 {'type': 'LinkDegrade', 'link_key': 's2-s3', 'factor': 0.6549, 'delay': '2ms', 'baseline': 5.0}
[collector] snapshot #022 2026-09-17T12:51:24Z
[collector] snapshot #023 2026-09-17T12:51:25Z
[collector] snapshot #024 2026-09-17T12:51:26Z
[collector] snapshot #025 2026-09-17T12:51:27Z
[collector] snapshot #026 2026-09-17T12:51:28Z
[collector] snapshot #027 2026-09-17T12:51:29Z
[collector] snapshot #028 2026-09-17T12:51:30Z
[collector] snapshot #029 2026-09-17T12:51:31Z
[collector] snapshot #030 2026-09-17T12:51:32Z
[collector] snapshot #031 2026-09-17T12:51:33Z
[collector] snapshot #032 2026-09-17T12:51:34Z
[collector] snapshot #033 2026-09-17T12:51:35Z
[collector] snapshot #034 2026-09-17T12:51:36Z
[collector] snapshot #035 2026-09-17T12:51:37Z
[collector] snapshot #036 2026-09-17T12:51:38Z
[collector] snapshot #037 2026-09-17T12:51:39Z
[collector] snapshot #038 2026-09-17T12:51:40Z
[collector] snapshot #039 2026-09-17T12:51:41Z
[collector] snapshot #040 2026-09-17T12:51:42Z
[collector] snapshot #041 2026-09-17T12:51:43Z
[gen] REVERT tick=40 t_rel=40.139
[collector] snapshot #042 2026-09-17T12:51:44Z
[collector] snapshot #043 2026-09-17T12:51:45Z
[collector] snapshot #044 2026-09-17T12:51:46Z
[collector] snapshot #045 2026-09-17T12:51:47Z
[collector] snapshot #046 2026-09-17T12:51:48Z
[collector] snapshot #047 2026-09-17T12:51:49Z
[collector] snapshot #048 2026-09-17T12:51:50Z
[collector] snapshot #049 2026-09-17T12:51:51Z
[collector] snapshot #050 2026-09-17T12:51:52Z
[collector] snapshot #051 2026-09-17T12:51:53Z
[collector] snapshot #052 2026-09-17T12:51:54Z
[collector] snapshot #053 2026-09-17T12:51:55Z
[collector] snapshot #054 2026-09-17T12:51:56Z
[collector] snapshot #055 2026-09-17T12:51:57Z
[collector] snapshot #056 2026-09-17T12:51:58Z
[collector] snapshot #057 2026-09-17T12:51:59Z
[collector] snapshot #058 2026-09-17T12:52:00Z
[collector] snapshot #059 2026-09-17T12:52:01Z
[collector] snapshot #060 2026-09-17T12:52:02Z
[collector] kết thúc. Đã ghi 60 snapshot -> /home/ubuntu/dt4n-core/data/phase6r/raw/RD-degrade-s2-s3-rho125-s4108-r1.jsonl.partial
[traffic] đã dừng các iperf server
[gen] OK     RD-degrade-s2-s3-rho125-s4108-r1  snapshots=60  sep=5.433  sha=d38fbd4800c7

========================================================================
[2026-09-17T12:52:04Z] RUN RD-degrade-s1-s2-rho080-s4104-r1 exec_index=16 split=r_set
[traffic] đã dừng các iperf server
[traffic] đã dừng các iperf server
[traffic] iperf server (TCP) bật nền trên srv1
[traffic] iperf server (TCP) bật nền trên srv2
[traffic] nền srv1->srv2 UDP @2Mbps qua bottleneck s2-s3
[traffic] NORMAL: h1 -> srv1 TCP @2M per client
[traffic] NORMAL: h2 -> srv2 TCP @2M per client
[traffic] NORMAL: h3 -> srv1 TCP @2M per client
[traffic] đã dừng các iperf server
[traffic] iperf server (TCP) bật nền trên srv1
[traffic] iperf server (TCP) bật nền trên srv2
[traffic] nền srv1->srv2 UDP @2Mbps qua bottleneck s2-s3
[traffic] NORMAL: h1 -> srv1 TCP @2M per client
[traffic] NORMAL: h2 -> srv2 TCP @2M per client
[traffic] NORMAL: h3 -> srv1 TCP @2M per client
[gen] profile=fixed, pre-roll 5s
[collector] bắt đầu, interval=1.0s
[collector] JSONL log  -> /home/ubuntu/dt4n-core/data/phase6r/raw/RD-degrade-s1-s2-rho080-s4104-r1.jsonl.partial (overwrite)
[collector] snapshot #001 2026-09-17T12:52:20Z
[collector] snapshot #002 2026-09-17T12:52:21Z
[collector] snapshot #003 2026-09-17T12:52:22Z
[collector] snapshot #004 2026-09-17T12:52:23Z
[collector] snapshot #005 2026-09-17T12:52:24Z
[collector] snapshot #006 2026-09-17T12:52:25Z
[collector] snapshot #007 2026-09-17T12:52:26Z
[collector] snapshot #008 2026-09-17T12:52:27Z
[collector] snapshot #009 2026-09-17T12:52:28Z
[collector] snapshot #010 2026-09-17T12:52:29Z
[collector] snapshot #011 2026-09-17T12:52:30Z
[collector] snapshot #012 2026-09-17T12:52:31Z
[collector] snapshot #013 2026-09-17T12:52:32Z
[collector] snapshot #014 2026-09-17T12:52:33Z
[collector] snapshot #015 2026-09-17T12:52:34Z
[collector] snapshot #016 2026-09-17T12:52:35Z
[collector] snapshot #017 2026-09-17T12:52:36Z
[collector] snapshot #018 2026-09-17T12:52:37Z
[collector] snapshot #019 2026-09-17T12:52:38Z
[collector] snapshot #020 2026-09-17T12:52:39Z
[collector] snapshot #021 2026-09-17T12:52:40Z
[gen] INJECT tick=20 t_rel=20.084 {'type': 'LinkDegrade', 'link_key': 's1-s2', 'factor': 0.7312, 'delay': '2ms', 'baseline': 20.0}
[collector] snapshot #022 2026-09-17T12:52:41Z
[collector] snapshot #023 2026-09-17T12:52:42Z
[collector] snapshot #024 2026-09-17T12:52:43Z
[collector] snapshot #025 2026-09-17T12:52:44Z
[collector] snapshot #026 2026-09-17T12:52:45Z
[collector] snapshot #027 2026-09-17T12:52:46Z
[collector] snapshot #028 2026-09-17T12:52:47Z
[collector] snapshot #029 2026-09-17T12:52:48Z
[collector] snapshot #030 2026-09-17T12:52:49Z
[collector] snapshot #031 2026-09-17T12:52:50Z
[collector] snapshot #032 2026-09-17T12:52:51Z
[collector] snapshot #033 2026-09-17T12:52:52Z
[collector] snapshot #034 2026-09-17T12:52:53Z
[collector] snapshot #035 2026-09-17T12:52:54Z
[collector] snapshot #036 2026-09-17T12:52:55Z
[collector] snapshot #037 2026-09-17T12:52:56Z
[collector] snapshot #038 2026-09-17T12:52:57Z
[collector] snapshot #039 2026-09-17T12:52:58Z
[collector] snapshot #040 2026-09-17T12:52:59Z
[collector] snapshot #041 2026-09-17T12:53:00Z
[gen] REVERT tick=40 t_rel=40.096
[collector] snapshot #042 2026-09-17T12:53:01Z
[collector] snapshot #043 2026-09-17T12:53:02Z
[collector] snapshot #044 2026-09-17T12:53:03Z
[collector] snapshot #045 2026-09-17T12:53:04Z
[collector] snapshot #046 2026-09-17T12:53:05Z
[collector] snapshot #047 2026-09-17T12:53:06Z
[collector] snapshot #048 2026-09-17T12:53:07Z
[collector] snapshot #049 2026-09-17T12:53:08Z
[collector] snapshot #050 2026-09-17T12:53:09Z
[collector] snapshot #051 2026-09-17T12:53:10Z
[collector] snapshot #052 2026-09-17T12:53:11Z
[collector] snapshot #053 2026-09-17T12:53:12Z
[collector] snapshot #054 2026-09-17T12:53:13Z
[collector] snapshot #055 2026-09-17T12:53:14Z
[collector] snapshot #056 2026-09-17T12:53:15Z
[collector] snapshot #057 2026-09-17T12:53:16Z
[collector] snapshot #058 2026-09-17T12:53:17Z
[collector] snapshot #059 2026-09-17T12:53:18Z
[collector] snapshot #060 2026-09-17T12:53:19Z
[collector] kết thúc. Đã ghi 60 snapshot -> /home/ubuntu/dt4n-core/data/phase6r/raw/RD-degrade-s1-s2-rho080-s4104-r1.jsonl.partial
[traffic] đã dừng các iperf server
[gen] OK     RD-degrade-s1-s2-rho080-s4104-r1  snapshots=60  sep=0.128  sha=d9a9b66fe430

========================================================================
[2026-09-17T12:53:20Z] RUN RD-degrade-s2-s3-rho200-s4106-r1 exec_index=17 split=r_set
[traffic] đã dừng các iperf server
=== BOOTSTRAP (mode=create) ===
[1] Policy:
  ✅ policy org.dt4n.ml:default-policy (204)
[3] Things:
  ⏭️  org.dt4n.ml:host-h1 đã tồn tại, bỏ qua
  ⏭️  org.dt4n.ml:host-h2 đã tồn tại, bỏ qua
  ⏭️  org.dt4n.ml:host-h3 đã tồn tại, bỏ qua
  ⏭️  org.dt4n.ml:host-srv1 đã tồn tại, bỏ qua
  ⏭️  org.dt4n.ml:host-srv2 đã tồn tại, bỏ qua
  ⏭️  org.dt4n.ml:switch-s1 đã tồn tại, bỏ qua
  ⏭️  org.dt4n.ml:switch-s2 đã tồn tại, bỏ qua
  ⏭️  org.dt4n.ml:switch-s3 đã tồn tại, bỏ qua
  ⏭️  org.dt4n.ml:link-h1-s1 đã tồn tại, bỏ qua
  ⏭️  org.dt4n.ml:link-h2-s1 đã tồn tại, bỏ qua
  ⏭️  org.dt4n.ml:link-h3-s1 đã tồn tại, bỏ qua
  ⏭️  org.dt4n.ml:link-s1-s2 đã tồn tại, bỏ qua
  ⏭️  org.dt4n.ml:link-s1-s3 đã tồn tại, bỏ qua
  ⏭️  org.dt4n.ml:link-s2-s3 đã tồn tại, bỏ qua
  ⏭️  org.dt4n.ml:link-s2-srv1 đã tồn tại, bỏ qua
  ⏭️  org.dt4n.ml:link-s3-srv2 đã tồn tại, bỏ qua
  ⏭️  org.dt4n.ml:path-h1-srv1 đã tồn tại, bỏ qua
  ⏭️  org.dt4n.ml:controller đã tồn tại, bỏ qua
=== XONG: 0 tạo, 18 bỏ qua, tổng 18 Thing ===
[traffic] đã dừng các iperf server
[traffic] iperf server (TCP) bật nền trên srv1
[traffic] iperf server (TCP) bật nền trên srv2
[traffic] nền srv1->srv2 UDP @2Mbps qua bottleneck s2-s3
[traffic] NORMAL: h1 -> srv1 TCP @2M per client
[traffic] NORMAL: h2 -> srv2 TCP @2M per client
[traffic] NORMAL: h3 -> srv1 TCP @2M per client
[traffic] đã dừng các iperf server
[traffic] iperf server (TCP) bật nền trên srv1
[traffic] iperf server (TCP) bật nền trên srv2
[traffic] nền srv1->srv2 UDP @2Mbps qua bottleneck s2-s3
[traffic] NORMAL: h1 -> srv1 TCP @2M per client
[traffic] NORMAL: h2 -> srv2 TCP @2M per client
[traffic] NORMAL: h3 -> srv1 TCP @2M per client
[gen] profile=fixed, pre-roll 5s
[collector] bắt đầu, interval=1.0s
[collector] JSONL log  -> /home/ubuntu/dt4n-core/data/phase6r/raw/RD-degrade-s2-s3-rho200-s4106-r1.jsonl.partial (overwrite)
[collector] snapshot #001 2026-09-17T12:53:44Z
[collector] snapshot #002 2026-09-17T12:53:45Z
[collector] snapshot #003 2026-09-17T12:53:46Z
[collector] snapshot #004 2026-09-17T12:53:47Z
[collector] snapshot #005 2026-09-17T12:53:48Z
[collector] snapshot #006 2026-09-17T12:53:49Z
[collector] snapshot #007 2026-09-17T12:53:50Z
[collector] snapshot #008 2026-09-17T12:53:51Z
[collector] snapshot #009 2026-09-17T12:53:52Z
[collector] snapshot #010 2026-09-17T12:53:53Z
[collector] snapshot #011 2026-09-17T12:53:54Z
[collector] snapshot #012 2026-09-17T12:53:55Z
[collector] snapshot #013 2026-09-17T12:53:56Z
[collector] snapshot #014 2026-09-17T12:53:57Z
[collector] snapshot #015 2026-09-17T12:53:58Z
[collector] snapshot #016 2026-09-17T12:53:59Z
[collector] snapshot #017 2026-09-17T12:54:00Z
[collector] snapshot #018 2026-09-17T12:54:01Z
[collector] snapshot #019 2026-09-17T12:54:02Z
[collector] snapshot #020 2026-09-17T12:54:03Z
[collector] snapshot #021 2026-09-17T12:54:04Z
[gen] INJECT tick=20 t_rel=20.099 {'type': 'LinkDegrade', 'link_key': 's2-s3', 'factor': 0.7843, 'delay': '2ms', 'baseline': 5.0}
[collector] snapshot #022 2026-09-17T12:54:05Z
[collector] snapshot #023 2026-09-17T12:54:06Z
[collector] snapshot #024 2026-09-17T12:54:07Z
[collector] snapshot #025 2026-09-17T12:54:08Z
[collector] snapshot #026 2026-09-17T12:54:09Z
[collector] snapshot #027 2026-09-17T12:54:10Z
[collector] snapshot #028 2026-09-17T12:54:11Z
[collector] snapshot #029 2026-09-17T12:54:12Z
[collector] snapshot #030 2026-09-17T12:54:13Z
[collector] snapshot #031 2026-09-17T12:54:14Z
[collector] snapshot #032 2026-09-17T12:54:15Z
[collector] snapshot #033 2026-09-17T12:54:16Z
[collector] snapshot #034 2026-09-17T12:54:17Z
[collector] snapshot #035 2026-09-17T12:54:18Z
[collector] snapshot #036 2026-09-17T12:54:19Z
[collector] snapshot #037 2026-09-17T12:54:20Z
[collector] snapshot #038 2026-09-17T12:54:21Z
[collector] snapshot #039 2026-09-17T12:54:22Z
[collector] snapshot #040 2026-09-17T12:54:23Z
[collector] snapshot #041 2026-09-17T12:54:24Z
[gen] REVERT tick=40 t_rel=40.112
[collector] snapshot #042 2026-09-17T12:54:25Z
[collector] snapshot #043 2026-09-17T12:54:26Z
[collector] snapshot #044 2026-09-17T12:54:27Z
[collector] snapshot #045 2026-09-17T12:54:28Z
[collector] snapshot #046 2026-09-17T12:54:29Z
[collector] snapshot #047 2026-09-17T12:54:30Z
[collector] snapshot #048 2026-09-17T12:54:31Z
[collector] snapshot #049 2026-09-17T12:54:32Z
[collector] snapshot #050 2026-09-17T12:54:33Z
[collector] snapshot #051 2026-09-17T12:54:34Z
[collector] snapshot #052 2026-09-17T12:54:35Z
[collector] snapshot #053 2026-09-17T12:54:36Z
[collector] snapshot #054 2026-09-17T12:54:37Z
[collector] snapshot #055 2026-09-17T12:54:38Z
[collector] snapshot #056 2026-09-17T12:54:39Z
[collector] snapshot #057 2026-09-17T12:54:40Z
[collector] snapshot #058 2026-09-17T12:54:41Z
[collector] snapshot #059 2026-09-17T12:54:42Z
[collector] snapshot #060 2026-09-17T12:54:43Z
[collector] kết thúc. Đã ghi 60 snapshot -> /home/ubuntu/dt4n-core/data/phase6r/raw/RD-degrade-s2-s3-rho200-s4106-r1.jsonl.partial
[traffic] đã dừng các iperf server
[gen] OK     RD-degrade-s2-s3-rho200-s4106-r1  snapshots=60  sep=246.132  sha=032e6058a784

========================================================================
[2026-09-17T12:54:45Z] RUN RN-load10M-s4015-r1            exec_index=18 split=r_set
[traffic] đã dừng các iperf server
[traffic] đã dừng các iperf server
[traffic] iperf server (TCP) bật nền trên srv1
[traffic] iperf server (TCP) bật nền trên srv2
[traffic] nền srv1->srv2 UDP @2Mbps qua bottleneck s2-s3
[traffic] NORMAL: h1 -> srv1 TCP @2M per client
[traffic] NORMAL: h2 -> srv2 TCP @2M per client
[traffic] NORMAL: h3 -> srv1 TCP @2M per client
[traffic] đã dừng các iperf server
[traffic] iperf server (TCP) bật nền trên srv1
[traffic] iperf server (TCP) bật nền trên srv2
[traffic] nền srv1->srv2 UDP @2Mbps qua bottleneck s2-s3
[traffic] NORMAL: h1 -> srv1 TCP @10M per client
[traffic] NORMAL: h2 -> srv2 TCP @10M per client
[traffic] NORMAL: h3 -> srv1 TCP @10M per client
[gen] profile=fixed, pre-roll 5s
[collector] bắt đầu, interval=1.0s
[collector] JSONL log  -> /home/ubuntu/dt4n-core/data/phase6r/raw/RN-load10M-s4015-r1.jsonl.partial (overwrite)
[collector] snapshot #001 2026-09-17T12:55:01Z
[collector] snapshot #002 2026-09-17T12:55:02Z
[collector] snapshot #003 2026-09-17T12:55:03Z
[collector] snapshot #004 2026-09-17T12:55:04Z
[collector] snapshot #005 2026-09-17T12:55:05Z
[collector] snapshot #006 2026-09-17T12:55:06Z
[collector] snapshot #007 2026-09-17T12:55:07Z
[collector] snapshot #008 2026-09-17T12:55:08Z
[collector] snapshot #009 2026-09-17T12:55:09Z
[collector] snapshot #010 2026-09-17T12:55:10Z
[collector] snapshot #011 2026-09-17T12:55:11Z
[collector] snapshot #012 2026-09-17T12:55:12Z
[collector] snapshot #013 2026-09-17T12:55:13Z
[collector] snapshot #014 2026-09-17T12:55:14Z
[collector] snapshot #015 2026-09-17T12:55:15Z
[collector] snapshot #016 2026-09-17T12:55:16Z
[collector] snapshot #017 2026-09-17T12:55:17Z
[collector] snapshot #018 2026-09-17T12:55:18Z
[collector] snapshot #019 2026-09-17T12:55:19Z
[collector] snapshot #020 2026-09-17T12:55:20Z
[collector] snapshot #021 2026-09-17T12:55:21Z
[collector] snapshot #022 2026-09-17T12:55:22Z
[collector] snapshot #023 2026-09-17T12:55:23Z
[collector] snapshot #024 2026-09-17T12:55:24Z
[collector] snapshot #025 2026-09-17T12:55:25Z
[collector] snapshot #026 2026-09-17T12:55:26Z
[collector] snapshot #027 2026-09-17T12:55:27Z
[collector] snapshot #028 2026-09-17T12:55:28Z
[collector] snapshot #029 2026-09-17T12:55:29Z
[collector] snapshot #030 2026-09-17T12:55:30Z
[collector] snapshot #031 2026-09-17T12:55:31Z
[collector] snapshot #032 2026-09-17T12:55:32Z
[collector] snapshot #033 2026-09-17T12:55:33Z
[collector] snapshot #034 2026-09-17T12:55:34Z
[collector] snapshot #035 2026-09-17T12:55:35Z
[collector] snapshot #036 2026-09-17T12:55:36Z
[collector] snapshot #037 2026-09-17T12:55:37Z
[collector] snapshot #038 2026-09-17T12:55:38Z
[collector] snapshot #039 2026-09-17T12:55:39Z
[collector] snapshot #040 2026-09-17T12:55:40Z
[collector] snapshot #041 2026-09-17T12:55:41Z
[collector] snapshot #042 2026-09-17T12:55:42Z
[collector] snapshot #043 2026-09-17T12:55:43Z
[collector] snapshot #044 2026-09-17T12:55:44Z
[collector] snapshot #045 2026-09-17T12:55:45Z
[collector] snapshot #046 2026-09-17T12:55:46Z
[collector] snapshot #047 2026-09-17T12:55:47Z
[collector] snapshot #048 2026-09-17T12:55:48Z
[collector] snapshot #049 2026-09-17T12:55:49Z
[collector] snapshot #050 2026-09-17T12:55:50Z
[collector] snapshot #051 2026-09-17T12:55:51Z
[collector] snapshot #052 2026-09-17T12:55:52Z
[collector] snapshot #053 2026-09-17T12:55:53Z
[collector] snapshot #054 2026-09-17T12:55:54Z
[collector] snapshot #055 2026-09-17T12:55:55Z
[collector] snapshot #056 2026-09-17T12:55:56Z
[collector] snapshot #057 2026-09-17T12:55:57Z
[collector] snapshot #058 2026-09-17T12:55:58Z
[collector] snapshot #059 2026-09-17T12:55:59Z
[collector] snapshot #060 2026-09-17T12:56:00Z
[collector] kết thúc. Đã ghi 60 snapshot -> /home/ubuntu/dt4n-core/data/phase6r/raw/RN-load10M-s4015-r1.jsonl.partial
[traffic] đã dừng các iperf server
[gen] OK     RN-load10M-s4015-r1  snapshots=60  sep=-  sha=eb96d477b9ee

========================================================================
[2026-09-17T12:56:01Z] RUN RN-load8M-s4014-r2             exec_index=19 split=r_set
[traffic] đã dừng các iperf server
[traffic] đã dừng các iperf server
[traffic] iperf server (TCP) bật nền trên srv1
[traffic] iperf server (TCP) bật nền trên srv2
[traffic] nền srv1->srv2 UDP @2Mbps qua bottleneck s2-s3
[traffic] NORMAL: h1 -> srv1 TCP @2M per client
[traffic] NORMAL: h2 -> srv2 TCP @2M per client
[traffic] NORMAL: h3 -> srv1 TCP @2M per client
[traffic] đã dừng các iperf server
[traffic] iperf server (TCP) bật nền trên srv1
[traffic] iperf server (TCP) bật nền trên srv2
[traffic] nền srv1->srv2 UDP @2Mbps qua bottleneck s2-s3
[traffic] NORMAL: h1 -> srv1 TCP @8M per client
[traffic] NORMAL: h2 -> srv2 TCP @8M per client
[traffic] NORMAL: h3 -> srv1 TCP @8M per client
[gen] profile=fixed, pre-roll 5s
[collector] bắt đầu, interval=1.0s
[collector] JSONL log  -> /home/ubuntu/dt4n-core/data/phase6r/raw/RN-load8M-s4014-r2.jsonl.partial (overwrite)
[collector] snapshot #001 2026-09-17T12:56:19Z
[collector] snapshot #002 2026-09-17T12:56:20Z
[collector] snapshot #003 2026-09-17T12:56:21Z
[collector] snapshot #004 2026-09-17T12:56:22Z
[collector] snapshot #005 2026-09-17T12:56:23Z
[collector] snapshot #006 2026-09-17T12:56:24Z
[collector] snapshot #007 2026-09-17T12:56:25Z
[collector] snapshot #008 2026-09-17T12:56:26Z
[collector] snapshot #009 2026-09-17T12:56:27Z
[collector] snapshot #010 2026-09-17T12:56:28Z
[collector] snapshot #011 2026-09-17T12:56:29Z
[collector] snapshot #012 2026-09-17T12:56:30Z
[collector] snapshot #013 2026-09-17T12:56:31Z
[collector] snapshot #014 2026-09-17T12:56:32Z
[collector] snapshot #015 2026-09-17T12:56:33Z
[collector] snapshot #016 2026-09-17T12:56:34Z
[collector] snapshot #017 2026-09-17T12:56:35Z
[collector] snapshot #018 2026-09-17T12:56:36Z
[collector] snapshot #019 2026-09-17T12:56:37Z
[collector] snapshot #020 2026-09-17T12:56:38Z
[collector] snapshot #021 2026-09-17T12:56:39Z
[collector] snapshot #022 2026-09-17T12:56:40Z
[collector] snapshot #023 2026-09-17T12:56:41Z
[collector] snapshot #024 2026-09-17T12:56:42Z
[collector] snapshot #025 2026-09-17T12:56:43Z
[collector] snapshot #026 2026-09-17T12:56:44Z
[collector] snapshot #027 2026-09-17T12:56:45Z
[collector] snapshot #028 2026-09-17T12:56:46Z
[collector] snapshot #029 2026-09-17T12:56:47Z
[collector] snapshot #030 2026-09-17T12:56:48Z
[collector] snapshot #031 2026-09-17T12:56:49Z
[collector] snapshot #032 2026-09-17T12:56:50Z
[collector] snapshot #033 2026-09-17T12:56:51Z
[collector] snapshot #034 2026-09-17T12:56:52Z
[collector] snapshot #035 2026-09-17T12:56:53Z
[collector] snapshot #036 2026-09-17T12:56:54Z
[collector] snapshot #037 2026-09-17T12:56:55Z
[collector] snapshot #038 2026-09-17T12:56:56Z
[collector] snapshot #039 2026-09-17T12:56:57Z
[collector] snapshot #040 2026-09-17T12:56:58Z
[collector] snapshot #041 2026-09-17T12:56:59Z
[collector] snapshot #042 2026-09-17T12:57:00Z
[collector] snapshot #043 2026-09-17T12:57:01Z
[collector] snapshot #044 2026-09-17T12:57:02Z
[collector] snapshot #045 2026-09-17T12:57:03Z
[collector] snapshot #046 2026-09-17T12:57:04Z
[collector] snapshot #047 2026-09-17T12:57:05Z
[collector] snapshot #048 2026-09-17T12:57:06Z
[collector] snapshot #049 2026-09-17T12:57:07Z
[collector] snapshot #050 2026-09-17T12:57:08Z
[collector] snapshot #051 2026-09-17T12:57:09Z
[collector] snapshot #052 2026-09-17T12:57:10Z
[collector] snapshot #053 2026-09-17T12:57:11Z
[collector] snapshot #054 2026-09-17T12:57:12Z
[collector] snapshot #055 2026-09-17T12:57:13Z
[collector] snapshot #056 2026-09-17T12:57:14Z
[collector] snapshot #057 2026-09-17T12:57:15Z
[collector] snapshot #058 2026-09-17T12:57:16Z
[collector] snapshot #059 2026-09-17T12:57:17Z
[collector] snapshot #060 2026-09-17T12:57:18Z
[collector] kết thúc. Đã ghi 60 snapshot -> /home/ubuntu/dt4n-core/data/phase6r/raw/RN-load8M-s4014-r2.jsonl.partial
[traffic] đã dừng các iperf server
[gen] OK     RN-load8M-s4014-r2  snapshots=60  sep=-  sha=efeb0fce7440

========================================================================
[2026-09-17T12:57:19Z] RUN RS-soak2M-s4001-r1             exec_index=20 split=r_set
[traffic] đã dừng các iperf server
[traffic] đã dừng các iperf server
[traffic] iperf server (TCP) bật nền trên srv1
[traffic] iperf server (TCP) bật nền trên srv2
[traffic] nền srv1->srv2 UDP @2Mbps qua bottleneck s2-s3
[traffic] NORMAL: h1 -> srv1 TCP @2M per client
[traffic] NORMAL: h2 -> srv2 TCP @2M per client
[traffic] NORMAL: h3 -> srv1 TCP @2M per client
[traffic] đã dừng các iperf server
[traffic] iperf server (TCP) bật nền trên srv1
[traffic] iperf server (TCP) bật nền trên srv2
[traffic] nền srv1->srv2 UDP @2Mbps qua bottleneck s2-s3
[traffic] NORMAL: h1 -> srv1 TCP @2M per client
[traffic] NORMAL: h2 -> srv2 TCP @2M per client
[traffic] NORMAL: h3 -> srv1 TCP @2M per client
[gen] profile=fixed, pre-roll 5s
[collector] bắt đầu, interval=1.0s
[collector] JSONL log  -> /home/ubuntu/dt4n-core/data/phase6r/raw/RS-soak2M-s4001-r1.jsonl.partial (overwrite)
[collector] snapshot #001 2026-09-17T12:57:36Z
[collector] snapshot #002 2026-09-17T12:57:37Z
[collector] snapshot #003 2026-09-17T12:57:38Z
[collector] snapshot #004 2026-09-17T12:57:39Z
[collector] snapshot #005 2026-09-17T12:57:40Z
[collector] snapshot #006 2026-09-17T12:57:41Z
[collector] snapshot #007 2026-09-17T12:57:42Z
[collector] snapshot #008 2026-09-17T12:57:43Z
[collector] snapshot #009 2026-09-17T12:57:44Z
[collector] snapshot #010 2026-09-17T12:57:45Z
[collector] snapshot #011 2026-09-17T12:57:46Z
[collector] snapshot #012 2026-09-17T12:57:47Z
[collector] snapshot #013 2026-09-17T12:57:48Z
[collector] snapshot #014 2026-09-17T12:57:49Z
[collector] snapshot #015 2026-09-17T12:57:50Z
[collector] snapshot #016 2026-09-17T12:57:51Z
[collector] snapshot #017 2026-09-17T12:57:52Z
[collector] snapshot #018 2026-09-17T12:57:53Z
[collector] snapshot #019 2026-09-17T12:57:54Z
[collector] snapshot #020 2026-09-17T12:57:55Z
[collector] snapshot #021 2026-09-17T12:57:56Z
[collector] snapshot #022 2026-09-17T12:57:57Z
[collector] snapshot #023 2026-09-17T12:57:58Z
[collector] snapshot #024 2026-09-17T12:57:59Z
[collector] snapshot #025 2026-09-17T12:58:00Z
[collector] snapshot #026 2026-09-17T12:58:01Z
[collector] snapshot #027 2026-09-17T12:58:02Z
[collector] snapshot #028 2026-09-17T12:58:03Z
[collector] snapshot #029 2026-09-17T12:58:04Z
[collector] snapshot #030 2026-09-17T12:58:05Z
[collector] snapshot #031 2026-09-17T12:58:06Z
[collector] snapshot #032 2026-09-17T12:58:07Z
[collector] snapshot #033 2026-09-17T12:58:08Z
[collector] snapshot #034 2026-09-17T12:58:09Z
[collector] snapshot #035 2026-09-17T12:58:10Z
[collector] snapshot #036 2026-09-17T12:58:11Z
[collector] snapshot #037 2026-09-17T12:58:12Z
[collector] snapshot #038 2026-09-17T12:58:13Z
[collector] snapshot #039 2026-09-17T12:58:14Z
[collector] snapshot #040 2026-09-17T12:58:15Z
[collector] snapshot #041 2026-09-17T12:58:16Z
[collector] snapshot #042 2026-09-17T12:58:17Z
[collector] snapshot #043 2026-09-17T12:58:18Z
[collector] snapshot #044 2026-09-17T12:58:19Z
[collector] snapshot #045 2026-09-17T12:58:20Z
[collector] snapshot #046 2026-09-17T12:58:21Z
[collector] snapshot #047 2026-09-17T12:58:22Z
[collector] snapshot #048 2026-09-17T12:58:23Z
[collector] snapshot #049 2026-09-17T12:58:24Z
[collector] snapshot #050 2026-09-17T12:58:25Z
[collector] snapshot #051 2026-09-17T12:58:26Z
[collector] snapshot #052 2026-09-17T12:58:27Z
[collector] snapshot #053 2026-09-17T12:58:28Z
[collector] snapshot #054 2026-09-17T12:58:29Z
[collector] snapshot #055 2026-09-17T12:58:30Z
[collector] snapshot #056 2026-09-17T12:58:31Z
[collector] snapshot #057 2026-09-17T12:58:32Z
[collector] snapshot #058 2026-09-17T12:58:33Z
[collector] snapshot #059 2026-09-17T12:58:34Z
[collector] snapshot #060 2026-09-17T12:58:35Z
[collector] snapshot #061 2026-09-17T12:58:36Z
[collector] snapshot #062 2026-09-17T12:58:37Z
[collector] snapshot #063 2026-09-17T12:58:38Z
[collector] snapshot #064 2026-09-17T12:58:39Z
[collector] snapshot #065 2026-09-17T12:58:40Z
[collector] snapshot #066 2026-09-17T12:58:41Z
[collector] snapshot #067 2026-09-17T12:58:42Z
[collector] snapshot #068 2026-09-17T12:58:43Z
[collector] snapshot #069 2026-09-17T12:58:44Z
[collector] snapshot #070 2026-09-17T12:58:45Z
[collector] snapshot #071 2026-09-17T12:58:46Z
[collector] snapshot #072 2026-09-17T12:58:47Z
[collector] snapshot #073 2026-09-17T12:58:48Z
[collector] snapshot #074 2026-09-17T12:58:49Z
[collector] snapshot #075 2026-09-17T12:58:50Z
[collector] snapshot #076 2026-09-17T12:58:51Z
[collector] snapshot #077 2026-09-17T12:58:52Z
[collector] snapshot #078 2026-09-17T12:58:53Z
[collector] snapshot #079 2026-09-17T12:58:54Z
[collector] snapshot #080 2026-09-17T12:58:55Z
[collector] snapshot #081 2026-09-17T12:58:56Z
[collector] snapshot #082 2026-09-17T12:58:57Z
[collector] snapshot #083 2026-09-17T12:58:58Z
[collector] snapshot #084 2026-09-17T12:58:59Z
[collector] snapshot #085 2026-09-17T12:59:00Z
[collector] snapshot #086 2026-09-17T12:59:01Z
[collector] snapshot #087 2026-09-17T12:59:02Z
[collector] snapshot #088 2026-09-17T12:59:03Z
[collector] snapshot #089 2026-09-17T12:59:04Z
[collector] snapshot #090 2026-09-17T12:59:05Z
[collector] snapshot #091 2026-09-17T12:59:06Z
[collector] snapshot #092 2026-09-17T12:59:07Z
[collector] snapshot #093 2026-09-17T12:59:08Z
[collector] snapshot #094 2026-09-17T12:59:09Z
[collector] snapshot #095 2026-09-17T12:59:10Z
[collector] snapshot #096 2026-09-17T12:59:11Z
[collector] snapshot #097 2026-09-17T12:59:12Z
[collector] snapshot #098 2026-09-17T12:59:13Z
[collector] snapshot #099 2026-09-17T12:59:14Z
[collector] snapshot #100 2026-09-17T12:59:15Z
[collector] snapshot #101 2026-09-17T12:59:16Z
[collector] snapshot #102 2026-09-17T12:59:17Z
[collector] snapshot #103 2026-09-17T12:59:18Z
[collector] snapshot #104 2026-09-17T12:59:19Z
[collector] snapshot #105 2026-09-17T12:59:20Z
[collector] snapshot #106 2026-09-17T12:59:21Z
[collector] snapshot #107 2026-09-17T12:59:22Z
[collector] snapshot #108 2026-09-17T12:59:23Z
[collector] snapshot #109 2026-09-17T12:59:24Z
[collector] snapshot #110 2026-09-17T12:59:25Z
[collector] snapshot #111 2026-09-17T12:59:26Z
[collector] snapshot #112 2026-09-17T12:59:27Z
[collector] snapshot #113 2026-09-17T12:59:28Z
[collector] snapshot #114 2026-09-17T12:59:29Z
[collector] snapshot #115 2026-09-17T12:59:30Z
[collector] snapshot #116 2026-09-17T12:59:31Z
[collector] snapshot #117 2026-09-17T12:59:32Z
[collector] snapshot #118 2026-09-17T12:59:33Z
[collector] snapshot #119 2026-09-17T12:59:34Z
[collector] snapshot #120 2026-09-17T12:59:35Z
[collector] snapshot #121 2026-09-17T12:59:36Z
[collector] snapshot #122 2026-09-17T12:59:37Z
[collector] snapshot #123 2026-09-17T12:59:38Z
[collector] snapshot #124 2026-09-17T12:59:39Z
[collector] snapshot #125 2026-09-17T12:59:40Z
[collector] snapshot #126 2026-09-17T12:59:41Z
[collector] snapshot #127 2026-09-17T12:59:42Z
[collector] snapshot #128 2026-09-17T12:59:43Z
[collector] snapshot #129 2026-09-17T12:59:44Z
[collector] snapshot #130 2026-09-17T12:59:45Z
[collector] snapshot #131 2026-09-17T12:59:46Z
[collector] snapshot #132 2026-09-17T12:59:47Z
[collector] snapshot #133 2026-09-17T12:59:48Z
[collector] snapshot #134 2026-09-17T12:59:49Z
[collector] snapshot #135 2026-09-17T12:59:50Z
[collector] snapshot #136 2026-09-17T12:59:52Z
[collector] snapshot #137 2026-09-17T12:59:53Z
[collector] snapshot #138 2026-09-17T12:59:54Z
[collector] snapshot #139 2026-09-17T12:59:55Z
[collector] snapshot #140 2026-09-17T12:59:56Z
[collector] snapshot #141 2026-09-17T12:59:57Z
[collector] snapshot #142 2026-09-17T12:59:58Z
[collector] snapshot #143 2026-09-17T12:59:59Z
[collector] snapshot #144 2026-09-17T13:00:00Z
[collector] snapshot #145 2026-09-17T13:00:01Z
[collector] snapshot #146 2026-09-17T13:00:02Z
[collector] snapshot #147 2026-09-17T13:00:03Z
[collector] snapshot #148 2026-09-17T13:00:04Z
[collector] snapshot #149 2026-09-17T13:00:05Z
[collector] snapshot #150 2026-09-17T13:00:06Z
[collector] snapshot #151 2026-09-17T13:00:07Z
[collector] snapshot #152 2026-09-17T13:00:08Z
[collector] snapshot #153 2026-09-17T13:00:09Z
[collector] snapshot #154 2026-09-17T13:00:10Z
[collector] snapshot #155 2026-09-17T13:00:11Z
[collector] snapshot #156 2026-09-17T13:00:12Z
[collector] snapshot #157 2026-09-17T13:00:13Z
[collector] snapshot #158 2026-09-17T13:00:14Z
[collector] snapshot #159 2026-09-17T13:00:15Z
[collector] snapshot #160 2026-09-17T13:00:16Z
[collector] snapshot #161 2026-09-17T13:00:17Z
[collector] snapshot #162 2026-09-17T13:00:18Z
[collector] snapshot #163 2026-09-17T13:00:19Z
[collector] snapshot #164 2026-09-17T13:00:20Z
[collector] snapshot #165 2026-09-17T13:00:21Z
[collector] snapshot #166 2026-09-17T13:00:22Z
[collector] snapshot #167 2026-09-17T13:00:23Z
[collector] snapshot #168 2026-09-17T13:00:24Z
[collector] snapshot #169 2026-09-17T13:00:25Z
[collector] snapshot #170 2026-09-17T13:00:26Z
[collector] snapshot #171 2026-09-17T13:00:27Z
[collector] snapshot #172 2026-09-17T13:00:28Z
[collector] snapshot #173 2026-09-17T13:00:29Z
[collector] snapshot #174 2026-09-17T13:00:30Z
[collector] snapshot #175 2026-09-17T13:00:31Z
[collector] snapshot #176 2026-09-17T13:00:32Z
[collector] snapshot #177 2026-09-17T13:00:33Z
[collector] snapshot #178 2026-09-17T13:00:34Z
[collector] snapshot #179 2026-09-17T13:00:35Z
[collector] snapshot #180 2026-09-17T13:00:36Z
[collector] snapshot #181 2026-09-17T13:00:37Z
[collector] snapshot #182 2026-09-17T13:00:38Z
[collector] snapshot #183 2026-09-17T13:00:39Z
[collector] snapshot #184 2026-09-17T13:00:40Z
[collector] snapshot #185 2026-09-17T13:00:41Z
[collector] snapshot #186 2026-09-17T13:00:42Z
[collector] snapshot #187 2026-09-17T13:00:43Z
[collector] snapshot #188 2026-09-17T13:00:44Z
[collector] snapshot #189 2026-09-17T13:00:45Z
[collector] snapshot #190 2026-09-17T13:00:46Z
[collector] snapshot #191 2026-09-17T13:00:47Z
[collector] snapshot #192 2026-09-17T13:00:48Z
[collector] snapshot #193 2026-09-17T13:00:49Z
[collector] snapshot #194 2026-09-17T13:00:50Z
[collector] snapshot #195 2026-09-17T13:00:51Z
[collector] snapshot #196 2026-09-17T13:00:52Z
[collector] snapshot #197 2026-09-17T13:00:53Z
[collector] snapshot #198 2026-09-17T13:00:54Z
[collector] snapshot #199 2026-09-17T13:00:55Z
[collector] snapshot #200 2026-09-17T13:00:56Z
[collector] snapshot #201 2026-09-17T13:00:57Z
[collector] snapshot #202 2026-09-17T13:00:58Z
[collector] snapshot #203 2026-09-17T13:00:59Z
[collector] snapshot #204 2026-09-17T13:01:00Z
[collector] snapshot #205 2026-09-17T13:01:01Z
[collector] snapshot #206 2026-09-17T13:01:02Z
[collector] snapshot #207 2026-09-17T13:01:03Z
[collector] snapshot #208 2026-09-17T13:01:04Z
[collector] snapshot #209 2026-09-17T13:01:05Z
[collector] snapshot #210 2026-09-17T13:01:06Z
[collector] snapshot #211 2026-09-17T13:01:07Z
[collector] snapshot #212 2026-09-17T13:01:08Z
[collector] snapshot #213 2026-09-17T13:01:09Z
[collector] snapshot #214 2026-09-17T13:01:10Z
[collector] snapshot #215 2026-09-17T13:01:11Z
[collector] snapshot #216 2026-09-17T13:01:12Z
[collector] snapshot #217 2026-09-17T13:01:13Z
[collector] snapshot #218 2026-09-17T13:01:14Z
[collector] snapshot #219 2026-09-17T13:01:15Z
[collector] snapshot #220 2026-09-17T13:01:16Z
[collector] snapshot #221 2026-09-17T13:01:17Z
[collector] snapshot #222 2026-09-17T13:01:18Z
[collector] snapshot #223 2026-09-17T13:01:19Z
[collector] snapshot #224 2026-09-17T13:01:20Z
[collector] snapshot #225 2026-09-17T13:01:21Z
[collector] snapshot #226 2026-09-17T13:01:22Z
[collector] snapshot #227 2026-09-17T13:01:23Z
[collector] snapshot #228 2026-09-17T13:01:24Z
[collector] snapshot #229 2026-09-17T13:01:25Z
[collector] snapshot #230 2026-09-17T13:01:26Z
[collector] snapshot #231 2026-09-17T13:01:27Z
[collector] snapshot #232 2026-09-17T13:01:28Z
[collector] snapshot #233 2026-09-17T13:01:29Z
[collector] snapshot #234 2026-09-17T13:01:30Z
[collector] snapshot #235 2026-09-17T13:01:31Z
[collector] snapshot #236 2026-09-17T13:01:32Z
[collector] snapshot #237 2026-09-17T13:01:33Z
[collector] snapshot #238 2026-09-17T13:01:34Z
[collector] snapshot #239 2026-09-17T13:01:35Z
[collector] snapshot #240 2026-09-17T13:01:36Z
[collector] snapshot #241 2026-09-17T13:01:37Z
[collector] snapshot #242 2026-09-17T13:01:38Z
[collector] snapshot #243 2026-09-17T13:01:39Z
[collector] snapshot #244 2026-09-17T13:01:40Z
[collector] snapshot #245 2026-09-17T13:01:41Z
[collector] snapshot #246 2026-09-17T13:01:42Z
[collector] snapshot #247 2026-09-17T13:01:43Z
[collector] snapshot #248 2026-09-17T13:01:44Z
[collector] snapshot #249 2026-09-17T13:01:45Z
[collector] snapshot #250 2026-09-17T13:01:46Z
[collector] snapshot #251 2026-09-17T13:01:47Z
[collector] snapshot #252 2026-09-17T13:01:48Z
[collector] snapshot #253 2026-09-17T13:01:49Z
[collector] snapshot #254 2026-09-17T13:01:50Z
[collector] snapshot #255 2026-09-17T13:01:51Z
[collector] snapshot #256 2026-09-17T13:01:52Z
[collector] snapshot #257 2026-09-17T13:01:53Z
[collector] snapshot #258 2026-09-17T13:01:54Z
[collector] snapshot #259 2026-09-17T13:01:55Z
[collector] snapshot #260 2026-09-17T13:01:56Z
[collector] snapshot #261 2026-09-17T13:01:57Z
[collector] snapshot #262 2026-09-17T13:01:58Z
[collector] snapshot #263 2026-09-17T13:01:59Z
[collector] snapshot #264 2026-09-17T13:02:00Z
[collector] snapshot #265 2026-09-17T13:02:01Z
[collector] snapshot #266 2026-09-17T13:02:02Z
[collector] snapshot #267 2026-09-17T13:02:03Z
[collector] snapshot #268 2026-09-17T13:02:04Z
[collector] snapshot #269 2026-09-17T13:02:05Z
[collector] snapshot #270 2026-09-17T13:02:06Z
[collector] snapshot #271 2026-09-17T13:02:07Z
[collector] snapshot #272 2026-09-17T13:02:08Z
[collector] snapshot #273 2026-09-17T13:02:09Z
[collector] snapshot #274 2026-09-17T13:02:10Z
[collector] snapshot #275 2026-09-17T13:02:11Z
[collector] snapshot #276 2026-09-17T13:02:12Z
[collector] snapshot #277 2026-09-17T13:02:13Z
[collector] snapshot #278 2026-09-17T13:02:14Z
[collector] snapshot #279 2026-09-17T13:02:15Z
[collector] snapshot #280 2026-09-17T13:02:16Z
[collector] snapshot #281 2026-09-17T13:02:17Z
[collector] snapshot #282 2026-09-17T13:02:18Z
[collector] snapshot #283 2026-09-17T13:02:19Z
[collector] snapshot #284 2026-09-17T13:02:20Z
[collector] snapshot #285 2026-09-17T13:02:21Z
[collector] snapshot #286 2026-09-17T13:02:22Z
[collector] snapshot #287 2026-09-17T13:02:23Z
[collector] snapshot #288 2026-09-17T13:02:24Z
[collector] snapshot #289 2026-09-17T13:02:25Z
[collector] snapshot #290 2026-09-17T13:02:26Z
[collector] snapshot #291 2026-09-17T13:02:27Z
[collector] snapshot #292 2026-09-17T13:02:28Z
[collector] snapshot #293 2026-09-17T13:02:29Z
[collector] snapshot #294 2026-09-17T13:02:30Z
[collector] snapshot #295 2026-09-17T13:02:31Z
[collector] snapshot #296 2026-09-17T13:02:32Z
[collector] snapshot #297 2026-09-17T13:02:33Z
[collector] snapshot #298 2026-09-17T13:02:34Z
[collector] snapshot #299 2026-09-17T13:02:35Z
[collector] snapshot #300 2026-09-17T13:02:36Z
[collector] snapshot #301 2026-09-17T13:02:37Z
[collector] snapshot #302 2026-09-17T13:02:38Z
[collector] snapshot #303 2026-09-17T13:02:39Z
[collector] snapshot #304 2026-09-17T13:02:40Z
[collector] snapshot #305 2026-09-17T13:02:41Z
[collector] snapshot #306 2026-09-17T13:02:42Z
[collector] snapshot #307 2026-09-17T13:02:43Z
[collector] snapshot #308 2026-09-17T13:02:44Z
[collector] snapshot #309 2026-09-17T13:02:45Z
[collector] snapshot #310 2026-09-17T13:02:46Z
[collector] snapshot #311 2026-09-17T13:02:47Z
[collector] snapshot #312 2026-09-17T13:02:48Z
[collector] snapshot #313 2026-09-17T13:02:49Z
[collector] snapshot #314 2026-09-17T13:02:50Z
[collector] snapshot #315 2026-09-17T13:02:51Z
[collector] snapshot #316 2026-09-17T13:02:52Z
[collector] snapshot #317 2026-09-17T13:02:53Z
[collector] snapshot #318 2026-09-17T13:02:54Z
[collector] snapshot #319 2026-09-17T13:02:55Z
[collector] snapshot #320 2026-09-17T13:02:56Z
[collector] snapshot #321 2026-09-17T13:02:57Z
[collector] snapshot #322 2026-09-17T13:02:58Z
[collector] snapshot #323 2026-09-17T13:02:59Z
[collector] snapshot #324 2026-09-17T13:03:00Z
[collector] snapshot #325 2026-09-17T13:03:01Z
[collector] snapshot #326 2026-09-17T13:03:02Z
[collector] snapshot #327 2026-09-17T13:03:03Z
[collector] snapshot #328 2026-09-17T13:03:04Z
[collector] snapshot #329 2026-09-17T13:03:05Z
[collector] snapshot #330 2026-09-17T13:03:06Z
[collector] snapshot #331 2026-09-17T13:03:07Z
[collector] snapshot #332 2026-09-17T13:03:08Z
[collector] snapshot #333 2026-09-17T13:03:09Z
[collector] snapshot #334 2026-09-17T13:03:10Z
[collector] snapshot #335 2026-09-17T13:03:11Z
[collector] snapshot #336 2026-09-17T13:03:12Z
[collector] snapshot #337 2026-09-17T13:03:13Z
[collector] snapshot #338 2026-09-17T13:03:14Z
[collector] snapshot #339 2026-09-17T13:03:15Z
[collector] snapshot #340 2026-09-17T13:03:16Z
[collector] snapshot #341 2026-09-17T13:03:17Z
[collector] snapshot #342 2026-09-17T13:03:18Z
[collector] snapshot #343 2026-09-17T13:03:19Z
[collector] snapshot #344 2026-09-17T13:03:20Z
[collector] snapshot #345 2026-09-17T13:03:21Z
[collector] snapshot #346 2026-09-17T13:03:22Z
[collector] snapshot #347 2026-09-17T13:03:23Z
[collector] snapshot #348 2026-09-17T13:03:24Z
[collector] snapshot #349 2026-09-17T13:03:25Z
[collector] snapshot #350 2026-09-17T13:03:26Z
[collector] snapshot #351 2026-09-17T13:03:27Z
[collector] snapshot #352 2026-09-17T13:03:28Z
[collector] snapshot #353 2026-09-17T13:03:29Z
[collector] snapshot #354 2026-09-17T13:03:30Z
[collector] snapshot #355 2026-09-17T13:03:31Z
[collector] snapshot #356 2026-09-17T13:03:32Z
[collector] snapshot #357 2026-09-17T13:03:33Z
[collector] snapshot #358 2026-09-17T13:03:34Z
[collector] snapshot #359 2026-09-17T13:03:35Z
[collector] snapshot #360 2026-09-17T13:03:36Z
[collector] snapshot #361 2026-09-17T13:03:37Z
[collector] snapshot #362 2026-09-17T13:03:38Z
[collector] snapshot #363 2026-09-17T13:03:39Z
[collector] snapshot #364 2026-09-17T13:03:40Z
[collector] snapshot #365 2026-09-17T13:03:41Z
[collector] snapshot #366 2026-09-17T13:03:42Z
[collector] snapshot #367 2026-09-17T13:03:43Z
[collector] snapshot #368 2026-09-17T13:03:44Z
[collector] snapshot #369 2026-09-17T13:03:45Z
[collector] snapshot #370 2026-09-17T13:03:46Z
[collector] snapshot #371 2026-09-17T13:03:47Z
[collector] snapshot #372 2026-09-17T13:03:48Z
[collector] snapshot #373 2026-09-17T13:03:49Z
[collector] snapshot #374 2026-09-17T13:03:50Z
[collector] snapshot #375 2026-09-17T13:03:51Z
[collector] snapshot #376 2026-09-17T13:03:52Z
[collector] snapshot #377 2026-09-17T13:03:53Z
[collector] snapshot #378 2026-09-17T13:03:54Z
[collector] snapshot #379 2026-09-17T13:03:55Z
[collector] snapshot #380 2026-09-17T13:03:56Z
[collector] snapshot #381 2026-09-17T13:03:57Z
[collector] snapshot #382 2026-09-17T13:03:58Z
[collector] snapshot #383 2026-09-17T13:03:59Z
[collector] snapshot #384 2026-09-17T13:04:00Z
[collector] snapshot #385 2026-09-17T13:04:01Z
[collector] snapshot #386 2026-09-17T13:04:02Z
[collector] snapshot #387 2026-09-17T13:04:03Z
[collector] snapshot #388 2026-09-17T13:04:04Z
[collector] snapshot #389 2026-09-17T13:04:05Z
[collector] snapshot #390 2026-09-17T13:04:06Z
[collector] snapshot #391 2026-09-17T13:04:07Z
[collector] snapshot #392 2026-09-17T13:04:08Z
[collector] snapshot #393 2026-09-17T13:04:09Z
[collector] snapshot #394 2026-09-17T13:04:10Z
[collector] snapshot #395 2026-09-17T13:04:11Z
[collector] snapshot #396 2026-09-17T13:04:12Z
[collector] snapshot #397 2026-09-17T13:04:13Z
[collector] snapshot #398 2026-09-17T13:04:14Z
[collector] snapshot #399 2026-09-17T13:04:15Z
[collector] snapshot #400 2026-09-17T13:04:16Z
[collector] snapshot #401 2026-09-17T13:04:17Z
[collector] snapshot #402 2026-09-17T13:04:18Z
[collector] snapshot #403 2026-09-17T13:04:19Z
[collector] snapshot #404 2026-09-17T13:04:20Z
[collector] snapshot #405 2026-09-17T13:04:21Z
[collector] snapshot #406 2026-09-17T13:04:22Z
[collector] snapshot #407 2026-09-17T13:04:23Z
[collector] snapshot #408 2026-09-17T13:04:24Z
[collector] snapshot #409 2026-09-17T13:04:25Z
[collector] snapshot #410 2026-09-17T13:04:26Z
[collector] snapshot #411 2026-09-17T13:04:27Z
[collector] snapshot #412 2026-09-17T13:04:28Z
[collector] snapshot #413 2026-09-17T13:04:29Z
[collector] snapshot #414 2026-09-17T13:04:30Z
[collector] snapshot #415 2026-09-17T13:04:31Z
[collector] snapshot #416 2026-09-17T13:04:32Z
[collector] snapshot #417 2026-09-17T13:04:33Z
[collector] snapshot #418 2026-09-17T13:04:34Z
[collector] snapshot #419 2026-09-17T13:04:35Z
[collector] snapshot #420 2026-09-17T13:04:36Z
[collector] snapshot #421 2026-09-17T13:04:37Z
[collector] snapshot #422 2026-09-17T13:04:38Z
[collector] snapshot #423 2026-09-17T13:04:39Z
[collector] snapshot #424 2026-09-17T13:04:40Z
[collector] snapshot #425 2026-09-17T13:04:41Z
[collector] snapshot #426 2026-09-17T13:04:42Z
[collector] snapshot #427 2026-09-17T13:04:43Z
[collector] snapshot #428 2026-09-17T13:04:44Z
[collector] snapshot #429 2026-09-17T13:04:45Z
[collector] snapshot #430 2026-09-17T13:04:46Z
[collector] snapshot #431 2026-09-17T13:04:47Z
[collector] snapshot #432 2026-09-17T13:04:48Z
[collector] snapshot #433 2026-09-17T13:04:49Z
[collector] snapshot #434 2026-09-17T13:04:50Z
[collector] snapshot #435 2026-09-17T13:04:51Z
[collector] snapshot #436 2026-09-17T13:04:52Z
[collector] snapshot #437 2026-09-17T13:04:53Z
[collector] snapshot #438 2026-09-17T13:04:54Z
[collector] snapshot #439 2026-09-17T13:04:55Z
[collector] snapshot #440 2026-09-17T13:04:56Z
[collector] snapshot #441 2026-09-17T13:04:57Z
[collector] snapshot #442 2026-09-17T13:04:58Z
[collector] snapshot #443 2026-09-17T13:04:59Z
[collector] snapshot #444 2026-09-17T13:05:00Z
[collector] snapshot #445 2026-09-17T13:05:01Z
[collector] snapshot #446 2026-09-17T13:05:02Z
[collector] snapshot #447 2026-09-17T13:05:03Z
[collector] snapshot #448 2026-09-17T13:05:04Z
[collector] snapshot #449 2026-09-17T13:05:05Z
[collector] snapshot #450 2026-09-17T13:05:06Z
[collector] snapshot #451 2026-09-17T13:05:07Z
[collector] snapshot #452 2026-09-17T13:05:08Z
[collector] snapshot #453 2026-09-17T13:05:09Z
[collector] snapshot #454 2026-09-17T13:05:10Z
[collector] snapshot #455 2026-09-17T13:05:11Z
[collector] snapshot #456 2026-09-17T13:05:12Z
[collector] snapshot #457 2026-09-17T13:05:13Z
[collector] snapshot #458 2026-09-17T13:05:14Z
[collector] snapshot #459 2026-09-17T13:05:15Z
[collector] snapshot #460 2026-09-17T13:05:16Z
[collector] snapshot #461 2026-09-17T13:05:17Z
[collector] snapshot #462 2026-09-17T13:05:18Z
[collector] snapshot #463 2026-09-17T13:05:19Z
[collector] snapshot #464 2026-09-17T13:05:20Z
[collector] snapshot #465 2026-09-17T13:05:21Z
[collector] snapshot #466 2026-09-17T13:05:22Z
[collector] snapshot #467 2026-09-17T13:05:23Z
[collector] snapshot #468 2026-09-17T13:05:24Z
[collector] snapshot #469 2026-09-17T13:05:25Z
[collector] snapshot #470 2026-09-17T13:05:26Z
[collector] snapshot #471 2026-09-17T13:05:27Z
[collector] snapshot #472 2026-09-17T13:05:28Z
[collector] snapshot #473 2026-09-17T13:05:29Z
[collector] snapshot #474 2026-09-17T13:05:30Z
[collector] snapshot #475 2026-09-17T13:05:31Z
[collector] snapshot #476 2026-09-17T13:05:32Z
[collector] snapshot #477 2026-09-17T13:05:33Z
[collector] snapshot #478 2026-09-17T13:05:34Z
[collector] snapshot #479 2026-09-17T13:05:35Z
[collector] snapshot #480 2026-09-17T13:05:36Z
[collector] snapshot #481 2026-09-17T13:05:37Z
[collector] snapshot #482 2026-09-17T13:05:38Z
[collector] snapshot #483 2026-09-17T13:05:39Z
[collector] snapshot #484 2026-09-17T13:05:40Z
[collector] snapshot #485 2026-09-17T13:05:41Z
[collector] snapshot #486 2026-09-17T13:05:42Z
[collector] snapshot #487 2026-09-17T13:05:43Z
[collector] snapshot #488 2026-09-17T13:05:44Z
[collector] snapshot #489 2026-09-17T13:05:45Z
[collector] snapshot #490 2026-09-17T13:05:46Z
[collector] snapshot #491 2026-09-17T13:05:47Z
[collector] snapshot #492 2026-09-17T13:05:48Z
[collector] snapshot #493 2026-09-17T13:05:49Z
[collector] snapshot #494 2026-09-17T13:05:50Z
[collector] snapshot #495 2026-09-17T13:05:51Z
[collector] snapshot #496 2026-09-17T13:05:52Z
[collector] snapshot #497 2026-09-17T13:05:53Z
[collector] snapshot #498 2026-09-17T13:05:54Z
[collector] snapshot #499 2026-09-17T13:05:55Z
[collector] snapshot #500 2026-09-17T13:05:56Z
[collector] snapshot #501 2026-09-17T13:05:57Z
[collector] snapshot #502 2026-09-17T13:05:58Z
[collector] snapshot #503 2026-09-17T13:05:59Z
[collector] snapshot #504 2026-09-17T13:06:00Z
[collector] snapshot #505 2026-09-17T13:06:01Z
[collector] snapshot #506 2026-09-17T13:06:02Z
[collector] snapshot #507 2026-09-17T13:06:03Z
[collector] snapshot #508 2026-09-17T13:06:04Z
[collector] snapshot #509 2026-09-17T13:06:05Z
[collector] snapshot #510 2026-09-17T13:06:06Z
[collector] snapshot #511 2026-09-17T13:06:07Z
[collector] snapshot #512 2026-09-17T13:06:08Z
[collector] snapshot #513 2026-09-17T13:06:09Z
[collector] snapshot #514 2026-09-17T13:06:10Z
[collector] snapshot #515 2026-09-17T13:06:11Z
[collector] snapshot #516 2026-09-17T13:06:12Z
[collector] snapshot #517 2026-09-17T13:06:13Z
[collector] snapshot #518 2026-09-17T13:06:14Z
[collector] snapshot #519 2026-09-17T13:06:15Z
[collector] snapshot #520 2026-09-17T13:06:16Z
[collector] snapshot #521 2026-09-17T13:06:17Z
[collector] snapshot #522 2026-09-17T13:06:18Z
[collector] snapshot #523 2026-09-17T13:06:19Z
[collector] snapshot #524 2026-09-17T13:06:20Z
[collector] snapshot #525 2026-09-17T13:06:21Z
[collector] snapshot #526 2026-09-17T13:06:22Z
[collector] snapshot #527 2026-09-17T13:06:23Z
[collector] snapshot #528 2026-09-17T13:06:24Z
[collector] snapshot #529 2026-09-17T13:06:25Z
[collector] snapshot #530 2026-09-17T13:06:26Z
[collector] snapshot #531 2026-09-17T13:06:27Z
[collector] snapshot #532 2026-09-17T13:06:28Z
[collector] snapshot #533 2026-09-17T13:06:29Z
[collector] snapshot #534 2026-09-17T13:06:30Z
[collector] snapshot #535 2026-09-17T13:06:31Z
[collector] snapshot #536 2026-09-17T13:06:32Z
[collector] snapshot #537 2026-09-17T13:06:33Z
[collector] snapshot #538 2026-09-17T13:06:34Z
[collector] snapshot #539 2026-09-17T13:06:35Z
[collector] snapshot #540 2026-09-17T13:06:36Z
[collector] snapshot #541 2026-09-17T13:06:37Z
[collector] snapshot #542 2026-09-17T13:06:38Z
[collector] snapshot #543 2026-09-17T13:06:39Z
[collector] snapshot #544 2026-09-17T13:06:40Z
[collector] snapshot #545 2026-09-17T13:06:41Z
[collector] snapshot #546 2026-09-17T13:06:42Z
[collector] snapshot #547 2026-09-17T13:06:43Z
[collector] snapshot #548 2026-09-17T13:06:44Z
[collector] snapshot #549 2026-09-17T13:06:45Z
[collector] snapshot #550 2026-09-17T13:06:46Z
[collector] snapshot #551 2026-09-17T13:06:47Z
[collector] snapshot #552 2026-09-17T13:06:48Z
[collector] snapshot #553 2026-09-17T13:06:49Z
[collector] snapshot #554 2026-09-17T13:06:50Z
[collector] snapshot #555 2026-09-17T13:06:51Z
[collector] snapshot #556 2026-09-17T13:06:52Z
[collector] snapshot #557 2026-09-17T13:06:53Z
[collector] snapshot #558 2026-09-17T13:06:54Z
[collector] snapshot #559 2026-09-17T13:06:55Z
[collector] snapshot #560 2026-09-17T13:06:56Z
[collector] snapshot #561 2026-09-17T13:06:57Z
[collector] snapshot #562 2026-09-17T13:06:58Z
[collector] snapshot #563 2026-09-17T13:06:59Z
[collector] snapshot #564 2026-09-17T13:07:00Z
[collector] snapshot #565 2026-09-17T13:07:01Z
[collector] snapshot #566 2026-09-17T13:07:02Z
[collector] snapshot #567 2026-09-17T13:07:03Z
[collector] snapshot #568 2026-09-17T13:07:04Z
[collector] snapshot #569 2026-09-17T13:07:05Z
[collector] snapshot #570 2026-09-17T13:07:06Z
[collector] snapshot #571 2026-09-17T13:07:07Z
[collector] snapshot #572 2026-09-17T13:07:08Z
[collector] snapshot #573 2026-09-17T13:07:09Z
[collector] snapshot #574 2026-09-17T13:07:10Z
[collector] snapshot #575 2026-09-17T13:07:11Z
[collector] snapshot #576 2026-09-17T13:07:12Z
[collector] snapshot #577 2026-09-17T13:07:13Z
[collector] snapshot #578 2026-09-17T13:07:14Z
[collector] snapshot #579 2026-09-17T13:07:15Z
[collector] snapshot #580 2026-09-17T13:07:16Z
[collector] snapshot #581 2026-09-17T13:07:17Z
[collector] snapshot #582 2026-09-17T13:07:18Z
[collector] snapshot #583 2026-09-17T13:07:19Z
[collector] snapshot #584 2026-09-17T13:07:20Z
[collector] snapshot #585 2026-09-17T13:07:21Z
[collector] snapshot #586 2026-09-17T13:07:22Z
[collector] snapshot #587 2026-09-17T13:07:23Z
[collector] snapshot #588 2026-09-17T13:07:24Z
[collector] snapshot #589 2026-09-17T13:07:25Z
[collector] snapshot #590 2026-09-17T13:07:26Z
[collector] snapshot #591 2026-09-17T13:07:27Z
[collector] snapshot #592 2026-09-17T13:07:28Z
[collector] snapshot #593 2026-09-17T13:07:29Z
[collector] snapshot #594 2026-09-17T13:07:30Z
[collector] snapshot #595 2026-09-17T13:07:31Z
[collector] snapshot #596 2026-09-17T13:07:32Z
[collector] snapshot #597 2026-09-17T13:07:33Z
[collector] snapshot #598 2026-09-17T13:07:34Z
[collector] snapshot #599 2026-09-17T13:07:35Z
[collector] snapshot #600 2026-09-17T13:07:36Z
[collector] snapshot #601 2026-09-17T13:07:37Z
[collector] snapshot #602 2026-09-17T13:07:38Z
[collector] snapshot #603 2026-09-17T13:07:39Z
[collector] snapshot #604 2026-09-17T13:07:40Z
[collector] snapshot #605 2026-09-17T13:07:41Z
[collector] snapshot #606 2026-09-17T13:07:42Z
[collector] snapshot #607 2026-09-17T13:07:43Z
[collector] snapshot #608 2026-09-17T13:07:44Z
[collector] snapshot #609 2026-09-17T13:07:45Z
[collector] snapshot #610 2026-09-17T13:07:46Z
[collector] snapshot #611 2026-09-17T13:07:47Z
[collector] snapshot #612 2026-09-17T13:07:48Z
[collector] snapshot #613 2026-09-17T13:07:49Z
[collector] snapshot #614 2026-09-17T13:07:50Z
[collector] snapshot #615 2026-09-17T13:07:51Z
[collector] snapshot #616 2026-09-17T13:07:52Z
[collector] snapshot #617 2026-09-17T13:07:53Z
[collector] snapshot #618 2026-09-17T13:07:54Z
[collector] snapshot #619 2026-09-17T13:07:55Z
[collector] snapshot #620 2026-09-17T13:07:56Z
[collector] snapshot #621 2026-09-17T13:07:57Z
[collector] snapshot #622 2026-09-17T13:07:58Z
[collector] snapshot #623 2026-09-17T13:07:59Z
[collector] snapshot #624 2026-09-17T13:08:00Z
[collector] snapshot #625 2026-09-17T13:08:01Z
[collector] snapshot #626 2026-09-17T13:08:02Z
[collector] snapshot #627 2026-09-17T13:08:03Z
[collector] snapshot #628 2026-09-17T13:08:04Z
[collector] snapshot #629 2026-09-17T13:08:05Z
[collector] snapshot #630 2026-09-17T13:08:06Z
[collector] snapshot #631 2026-09-17T13:08:07Z
[collector] snapshot #632 2026-09-17T13:08:08Z
[collector] snapshot #633 2026-09-17T13:08:09Z
[collector] snapshot #634 2026-09-17T13:08:10Z
[collector] snapshot #635 2026-09-17T13:08:11Z
[collector] snapshot #636 2026-09-17T13:08:12Z
[collector] snapshot #637 2026-09-17T13:08:13Z
[collector] snapshot #638 2026-09-17T13:08:14Z
[collector] snapshot #639 2026-09-17T13:08:15Z
[collector] snapshot #640 2026-09-17T13:08:16Z
[collector] snapshot #641 2026-09-17T13:08:17Z
[collector] snapshot #642 2026-09-17T13:08:18Z
[collector] snapshot #643 2026-09-17T13:08:19Z
[collector] snapshot #644 2026-09-17T13:08:20Z
[collector] snapshot #645 2026-09-17T13:08:21Z
[collector] snapshot #646 2026-09-17T13:08:22Z
[collector] snapshot #647 2026-09-17T13:08:23Z
[collector] snapshot #648 2026-09-17T13:08:24Z
[collector] snapshot #649 2026-09-17T13:08:25Z
[collector] snapshot #650 2026-09-17T13:08:26Z
[collector] snapshot #651 2026-09-17T13:08:27Z
[collector] snapshot #652 2026-09-17T13:08:28Z
[collector] snapshot #653 2026-09-17T13:08:29Z
[collector] snapshot #654 2026-09-17T13:08:30Z
[collector] snapshot #655 2026-09-17T13:08:31Z
[collector] snapshot #656 2026-09-17T13:08:32Z
[collector] snapshot #657 2026-09-17T13:08:33Z
[collector] snapshot #658 2026-09-17T13:08:34Z
[collector] snapshot #659 2026-09-17T13:08:35Z
[collector] snapshot #660 2026-09-17T13:08:36Z
[collector] snapshot #661 2026-09-17T13:08:37Z
[collector] snapshot #662 2026-09-17T13:08:38Z
[collector] snapshot #663 2026-09-17T13:08:39Z
[collector] snapshot #664 2026-09-17T13:08:40Z
[collector] snapshot #665 2026-09-17T13:08:41Z
[collector] snapshot #666 2026-09-17T13:08:42Z
[collector] snapshot #667 2026-09-17T13:08:43Z
[collector] snapshot #668 2026-09-17T13:08:44Z
[collector] snapshot #669 2026-09-17T13:08:45Z
[collector] snapshot #670 2026-09-17T13:08:46Z
[collector] snapshot #671 2026-09-17T13:08:47Z
[collector] snapshot #672 2026-09-17T13:08:48Z
[collector] snapshot #673 2026-09-17T13:08:49Z
[collector] snapshot #674 2026-09-17T13:08:50Z
[collector] snapshot #675 2026-09-17T13:08:51Z
[collector] snapshot #676 2026-09-17T13:08:52Z
[collector] snapshot #677 2026-09-17T13:08:53Z
[collector] snapshot #678 2026-09-17T13:08:54Z
[collector] snapshot #679 2026-09-17T13:08:55Z
[collector] snapshot #680 2026-09-17T13:08:56Z
[collector] snapshot #681 2026-09-17T13:08:57Z
[collector] snapshot #682 2026-09-17T13:08:58Z
[collector] snapshot #683 2026-09-17T13:08:59Z
[collector] snapshot #684 2026-09-17T13:09:00Z
[collector] snapshot #685 2026-09-17T13:09:01Z
[collector] snapshot #686 2026-09-17T13:09:02Z
[collector] snapshot #687 2026-09-17T13:09:03Z
[collector] snapshot #688 2026-09-17T13:09:04Z
[collector] snapshot #689 2026-09-17T13:09:05Z
[collector] snapshot #690 2026-09-17T13:09:06Z
[collector] snapshot #691 2026-09-17T13:09:07Z
[collector] snapshot #692 2026-09-17T13:09:08Z
[collector] snapshot #693 2026-09-17T13:09:09Z
[collector] snapshot #694 2026-09-17T13:09:10Z
[collector] snapshot #695 2026-09-17T13:09:11Z
[collector] snapshot #696 2026-09-17T13:09:12Z
[collector] snapshot #697 2026-09-17T13:09:13Z
[collector] snapshot #698 2026-09-17T13:09:14Z
[collector] snapshot #699 2026-09-17T13:09:15Z
[collector] snapshot #700 2026-09-17T13:09:16Z
[collector] snapshot #701 2026-09-17T13:09:17Z
[collector] snapshot #702 2026-09-17T13:09:18Z
[collector] snapshot #703 2026-09-17T13:09:19Z
[collector] snapshot #704 2026-09-17T13:09:20Z
[collector] snapshot #705 2026-09-17T13:09:21Z
[collector] snapshot #706 2026-09-17T13:09:22Z
[collector] snapshot #707 2026-09-17T13:09:23Z
[collector] snapshot #708 2026-09-17T13:09:24Z
[collector] snapshot #709 2026-09-17T13:09:25Z
[collector] snapshot #710 2026-09-17T13:09:26Z
[collector] snapshot #711 2026-09-17T13:09:27Z
[collector] snapshot #712 2026-09-17T13:09:28Z
[collector] snapshot #713 2026-09-17T13:09:29Z
[collector] snapshot #714 2026-09-17T13:09:30Z
[collector] snapshot #715 2026-09-17T13:09:31Z
[collector] snapshot #716 2026-09-17T13:09:32Z
[collector] snapshot #717 2026-09-17T13:09:33Z
[collector] snapshot #718 2026-09-17T13:09:34Z
[collector] snapshot #719 2026-09-17T13:09:35Z
[collector] snapshot #720 2026-09-17T13:09:36Z
[collector] snapshot #721 2026-09-17T13:09:37Z
[collector] snapshot #722 2026-09-17T13:09:38Z
[collector] snapshot #723 2026-09-17T13:09:39Z
[collector] snapshot #724 2026-09-17T13:09:40Z
[collector] snapshot #725 2026-09-17T13:09:41Z
[collector] snapshot #726 2026-09-17T13:09:42Z
[collector] snapshot #727 2026-09-17T13:09:43Z
[collector] snapshot #728 2026-09-17T13:09:44Z
[collector] snapshot #729 2026-09-17T13:09:45Z
[collector] snapshot #730 2026-09-17T13:09:46Z
[collector] snapshot #731 2026-09-17T13:09:47Z
[collector] snapshot #732 2026-09-17T13:09:48Z
[collector] snapshot #733 2026-09-17T13:09:49Z
[collector] snapshot #734 2026-09-17T13:09:50Z
[collector] snapshot #735 2026-09-17T13:09:51Z
[collector] snapshot #736 2026-09-17T13:09:52Z
[collector] snapshot #737 2026-09-17T13:09:53Z
[collector] snapshot #738 2026-09-17T13:09:54Z
[collector] snapshot #739 2026-09-17T13:09:55Z
[collector] snapshot #740 2026-09-17T13:09:56Z
[collector] snapshot #741 2026-09-17T13:09:57Z
[collector] snapshot #742 2026-09-17T13:09:58Z
[collector] snapshot #743 2026-09-17T13:09:59Z
[collector] snapshot #744 2026-09-17T13:10:00Z
[collector] snapshot #745 2026-09-17T13:10:01Z
[collector] snapshot #746 2026-09-17T13:10:02Z
[collector] snapshot #747 2026-09-17T13:10:03Z
[collector] snapshot #748 2026-09-17T13:10:04Z
[collector] snapshot #749 2026-09-17T13:10:05Z
[collector] snapshot #750 2026-09-17T13:10:06Z
[collector] snapshot #751 2026-09-17T13:10:07Z
[collector] snapshot #752 2026-09-17T13:10:08Z
[collector] snapshot #753 2026-09-17T13:10:09Z
[collector] snapshot #754 2026-09-17T13:10:10Z
[collector] snapshot #755 2026-09-17T13:10:11Z
[collector] snapshot #756 2026-09-17T13:10:12Z
[collector] snapshot #757 2026-09-17T13:10:13Z
[collector] snapshot #758 2026-09-17T13:10:14Z
[collector] snapshot #759 2026-09-17T13:10:15Z
[collector] snapshot #760 2026-09-17T13:10:16Z
[collector] snapshot #761 2026-09-17T13:10:17Z
[collector] snapshot #762 2026-09-17T13:10:18Z
[collector] snapshot #763 2026-09-17T13:10:19Z
[collector] snapshot #764 2026-09-17T13:10:20Z
[collector] snapshot #765 2026-09-17T13:10:21Z
[collector] snapshot #766 2026-09-17T13:10:22Z
[collector] snapshot #767 2026-09-17T13:10:23Z
[collector] snapshot #768 2026-09-17T13:10:24Z
[collector] snapshot #769 2026-09-17T13:10:25Z
[collector] snapshot #770 2026-09-17T13:10:26Z
[collector] snapshot #771 2026-09-17T13:10:27Z
[collector] snapshot #772 2026-09-17T13:10:28Z
[collector] snapshot #773 2026-09-17T13:10:29Z
[collector] snapshot #774 2026-09-17T13:10:30Z
[collector] snapshot #775 2026-09-17T13:10:31Z
[collector] snapshot #776 2026-09-17T13:10:32Z
[collector] snapshot #777 2026-09-17T13:10:33Z
[collector] snapshot #778 2026-09-17T13:10:34Z
[collector] snapshot #779 2026-09-17T13:10:35Z
[collector] snapshot #780 2026-09-17T13:10:36Z
[collector] snapshot #781 2026-09-17T13:10:37Z
[collector] snapshot #782 2026-09-17T13:10:38Z
[collector] snapshot #783 2026-09-17T13:10:39Z
[collector] snapshot #784 2026-09-17T13:10:40Z
[collector] snapshot #785 2026-09-17T13:10:41Z
[collector] snapshot #786 2026-09-17T13:10:42Z
[collector] snapshot #787 2026-09-17T13:10:43Z
[collector] snapshot #788 2026-09-17T13:10:44Z
[collector] snapshot #789 2026-09-17T13:10:45Z
[collector] snapshot #790 2026-09-17T13:10:46Z
[collector] snapshot #791 2026-09-17T13:10:47Z
[collector] snapshot #792 2026-09-17T13:10:48Z
[collector] snapshot #793 2026-09-17T13:10:49Z
[collector] snapshot #794 2026-09-17T13:10:50Z
[collector] snapshot #795 2026-09-17T13:10:51Z
[collector] snapshot #796 2026-09-17T13:10:52Z
[collector] snapshot #797 2026-09-17T13:10:53Z
[collector] snapshot #798 2026-09-17T13:10:54Z
[collector] snapshot #799 2026-09-17T13:10:55Z
[collector] snapshot #800 2026-09-17T13:10:56Z
[collector] snapshot #801 2026-09-17T13:10:57Z
[collector] snapshot #802 2026-09-17T13:10:58Z
[collector] snapshot #803 2026-09-17T13:10:59Z
[collector] snapshot #804 2026-09-17T13:11:00Z
[collector] snapshot #805 2026-09-17T13:11:01Z
[collector] snapshot #806 2026-09-17T13:11:02Z
[collector] snapshot #807 2026-09-17T13:11:03Z
[collector] snapshot #808 2026-09-17T13:11:04Z
[collector] snapshot #809 2026-09-17T13:11:05Z
[collector] snapshot #810 2026-09-17T13:11:06Z
[collector] snapshot #811 2026-09-17T13:11:07Z
[collector] snapshot #812 2026-09-17T13:11:08Z
[collector] snapshot #813 2026-09-17T13:11:09Z
[collector] snapshot #814 2026-09-17T13:11:10Z
[collector] snapshot #815 2026-09-17T13:11:11Z
[collector] snapshot #816 2026-09-17T13:11:12Z
[collector] snapshot #817 2026-09-17T13:11:13Z
[collector] snapshot #818 2026-09-17T13:11:14Z
[collector] snapshot #819 2026-09-17T13:11:15Z
[collector] snapshot #820 2026-09-17T13:11:16Z
[collector] snapshot #821 2026-09-17T13:11:17Z
[collector] snapshot #822 2026-09-17T13:11:18Z
[collector] snapshot #823 2026-09-17T13:11:19Z
[collector] snapshot #824 2026-09-17T13:11:20Z
[collector] snapshot #825 2026-09-17T13:11:21Z
[collector] snapshot #826 2026-09-17T13:11:22Z
[collector] snapshot #827 2026-09-17T13:11:23Z
[collector] snapshot #828 2026-09-17T13:11:24Z
[collector] snapshot #829 2026-09-17T13:11:25Z
[collector] snapshot #830 2026-09-17T13:11:26Z
[collector] snapshot #831 2026-09-17T13:11:27Z
[collector] snapshot #832 2026-09-17T13:11:28Z
[collector] snapshot #833 2026-09-17T13:11:29Z
[collector] snapshot #834 2026-09-17T13:11:30Z
[collector] snapshot #835 2026-09-17T13:11:31Z
[collector] snapshot #836 2026-09-17T13:11:32Z
[collector] snapshot #837 2026-09-17T13:11:33Z
[collector] snapshot #838 2026-09-17T13:11:34Z
[collector] snapshot #839 2026-09-17T13:11:35Z
[collector] snapshot #840 2026-09-17T13:11:36Z
[collector] snapshot #841 2026-09-17T13:11:37Z
[collector] snapshot #842 2026-09-17T13:11:38Z
[collector] snapshot #843 2026-09-17T13:11:39Z
[collector] snapshot #844 2026-09-17T13:11:40Z
[collector] snapshot #845 2026-09-17T13:11:41Z
[collector] snapshot #846 2026-09-17T13:11:42Z
[collector] snapshot #847 2026-09-17T13:11:43Z
[collector] snapshot #848 2026-09-17T13:11:44Z
[collector] snapshot #849 2026-09-17T13:11:45Z
[collector] snapshot #850 2026-09-17T13:11:46Z
[collector] snapshot #851 2026-09-17T13:11:47Z
[collector] snapshot #852 2026-09-17T13:11:48Z
[collector] snapshot #853 2026-09-17T13:11:49Z
[collector] snapshot #854 2026-09-17T13:11:50Z
[collector] snapshot #855 2026-09-17T13:11:51Z
[collector] snapshot #856 2026-09-17T13:11:52Z
[collector] snapshot #857 2026-09-17T13:11:53Z
[collector] snapshot #858 2026-09-17T13:11:54Z
[collector] snapshot #859 2026-09-17T13:11:55Z
[collector] snapshot #860 2026-09-17T13:11:56Z
[collector] snapshot #861 2026-09-17T13:11:57Z
[collector] snapshot #862 2026-09-17T13:11:58Z
[collector] snapshot #863 2026-09-17T13:11:59Z
[collector] snapshot #864 2026-09-17T13:12:00Z
[collector] snapshot #865 2026-09-17T13:12:01Z
[collector] snapshot #866 2026-09-17T13:12:02Z
[collector] snapshot #867 2026-09-17T13:12:03Z
[collector] snapshot #868 2026-09-17T13:12:04Z
[collector] snapshot #869 2026-09-17T13:12:05Z
[collector] snapshot #870 2026-09-17T13:12:06Z
[collector] snapshot #871 2026-09-17T13:12:07Z
[collector] snapshot #872 2026-09-17T13:12:08Z
[collector] snapshot #873 2026-09-17T13:12:09Z
[collector] snapshot #874 2026-09-17T13:12:10Z
[collector] snapshot #875 2026-09-17T13:12:11Z
[collector] snapshot #876 2026-09-17T13:12:12Z
[collector] snapshot #877 2026-09-17T13:12:13Z
[collector] snapshot #878 2026-09-17T13:12:14Z
[collector] snapshot #879 2026-09-17T13:12:15Z
[collector] snapshot #880 2026-09-17T13:12:16Z
[collector] snapshot #881 2026-09-17T13:12:17Z
[collector] snapshot #882 2026-09-17T13:12:18Z
[collector] snapshot #883 2026-09-17T13:12:19Z
[collector] snapshot #884 2026-09-17T13:12:20Z
[collector] snapshot #885 2026-09-17T13:12:21Z
[collector] snapshot #886 2026-09-17T13:12:22Z
[collector] snapshot #887 2026-09-17T13:12:23Z
[collector] snapshot #888 2026-09-17T13:12:24Z
[collector] snapshot #889 2026-09-17T13:12:25Z
[collector] snapshot #890 2026-09-17T13:12:26Z
[collector] snapshot #891 2026-09-17T13:12:27Z
[collector] snapshot #892 2026-09-17T13:12:28Z
[collector] snapshot #893 2026-09-17T13:12:29Z
[collector] snapshot #894 2026-09-17T13:12:30Z
[collector] snapshot #895 2026-09-17T13:12:31Z
[collector] snapshot #896 2026-09-17T13:12:32Z
[collector] snapshot #897 2026-09-17T13:12:33Z
[collector] snapshot #898 2026-09-17T13:12:34Z
[collector] snapshot #899 2026-09-17T13:12:35Z
[collector] snapshot #900 2026-09-17T13:12:36Z
[collector] snapshot #901 2026-09-17T13:12:37Z
[collector] snapshot #902 2026-09-17T13:12:38Z
[collector] snapshot #903 2026-09-17T13:12:39Z
[collector] snapshot #904 2026-09-17T13:12:40Z
[collector] snapshot #905 2026-09-17T13:12:41Z
[collector] snapshot #906 2026-09-17T13:12:42Z
[collector] snapshot #907 2026-09-17T13:12:43Z
[collector] snapshot #908 2026-09-17T13:12:44Z
[collector] snapshot #909 2026-09-17T13:12:45Z
[collector] snapshot #910 2026-09-17T13:12:46Z
[collector] snapshot #911 2026-09-17T13:12:47Z
[collector] snapshot #912 2026-09-17T13:12:48Z
[collector] snapshot #913 2026-09-17T13:12:49Z
[collector] snapshot #914 2026-09-17T13:12:50Z
[collector] snapshot #915 2026-09-17T13:12:51Z
[collector] snapshot #916 2026-09-17T13:12:52Z
[collector] snapshot #917 2026-09-17T13:12:53Z
[collector] snapshot #918 2026-09-17T13:12:54Z
[collector] snapshot #919 2026-09-17T13:12:55Z
[collector] snapshot #920 2026-09-17T13:12:56Z
[collector] snapshot #921 2026-09-17T13:12:57Z
[collector] snapshot #922 2026-09-17T13:12:58Z
[collector] snapshot #923 2026-09-17T13:12:59Z
[collector] snapshot #924 2026-09-17T13:13:00Z
[collector] snapshot #925 2026-09-17T13:13:01Z
[collector] snapshot #926 2026-09-17T13:13:02Z
[collector] snapshot #927 2026-09-17T13:13:03Z
[collector] snapshot #928 2026-09-17T13:13:04Z
[collector] snapshot #929 2026-09-17T13:13:05Z
[collector] snapshot #930 2026-09-17T13:13:06Z
[collector] snapshot #931 2026-09-17T13:13:07Z
[collector] snapshot #932 2026-09-17T13:13:08Z
[collector] snapshot #933 2026-09-17T13:13:09Z
[collector] snapshot #934 2026-09-17T13:13:10Z
[collector] snapshot #935 2026-09-17T13:13:11Z
[collector] snapshot #936 2026-09-17T13:13:12Z
[collector] snapshot #937 2026-09-17T13:13:13Z
[collector] snapshot #938 2026-09-17T13:13:14Z
[collector] snapshot #939 2026-09-17T13:13:15Z
[collector] snapshot #940 2026-09-17T13:13:16Z
[collector] snapshot #941 2026-09-17T13:13:17Z
[collector] snapshot #942 2026-09-17T13:13:18Z
[collector] snapshot #943 2026-09-17T13:13:19Z
[collector] snapshot #944 2026-09-17T13:13:20Z
[collector] snapshot #945 2026-09-17T13:13:21Z
[collector] snapshot #946 2026-09-17T13:13:22Z
[collector] snapshot #947 2026-09-17T13:13:23Z
[collector] snapshot #948 2026-09-17T13:13:24Z
[collector] snapshot #949 2026-09-17T13:13:25Z
[collector] snapshot #950 2026-09-17T13:13:26Z
[collector] snapshot #951 2026-09-17T13:13:27Z
[collector] snapshot #952 2026-09-17T13:13:28Z
[collector] snapshot #953 2026-09-17T13:13:29Z
[collector] snapshot #954 2026-09-17T13:13:30Z
[collector] snapshot #955 2026-09-17T13:13:31Z
[collector] snapshot #956 2026-09-17T13:13:32Z
[collector] snapshot #957 2026-09-17T13:13:33Z
[collector] snapshot #958 2026-09-17T13:13:34Z
[collector] snapshot #959 2026-09-17T13:13:35Z
[collector] snapshot #960 2026-09-17T13:13:36Z
[collector] snapshot #961 2026-09-17T13:13:37Z
[collector] snapshot #962 2026-09-17T13:13:38Z
[collector] snapshot #963 2026-09-17T13:13:39Z
[collector] snapshot #964 2026-09-17T13:13:40Z
[collector] snapshot #965 2026-09-17T13:13:41Z
[collector] snapshot #966 2026-09-17T13:13:42Z
[collector] snapshot #967 2026-09-17T13:13:43Z
[collector] snapshot #968 2026-09-17T13:13:44Z
[collector] snapshot #969 2026-09-17T13:13:45Z
[collector] snapshot #970 2026-09-17T13:13:46Z
[collector] snapshot #971 2026-09-17T13:13:47Z
[collector] snapshot #972 2026-09-17T13:13:48Z
[collector] snapshot #973 2026-09-17T13:13:49Z
[collector] snapshot #974 2026-09-17T13:13:50Z
[collector] snapshot #975 2026-09-17T13:13:51Z
[collector] snapshot #976 2026-09-17T13:13:52Z
[collector] snapshot #977 2026-09-17T13:13:53Z
[collector] snapshot #978 2026-09-17T13:13:54Z
[collector] snapshot #979 2026-09-17T13:13:55Z
[collector] snapshot #980 2026-09-17T13:13:56Z
[collector] snapshot #981 2026-09-17T13:13:57Z
[collector] snapshot #982 2026-09-17T13:13:58Z
[collector] snapshot #983 2026-09-17T13:13:59Z
[collector] snapshot #984 2026-09-17T13:14:00Z
[collector] snapshot #985 2026-09-17T13:14:01Z
[collector] snapshot #986 2026-09-17T13:14:02Z
[collector] snapshot #987 2026-09-17T13:14:03Z
[collector] snapshot #988 2026-09-17T13:14:04Z
[collector] snapshot #989 2026-09-17T13:14:05Z
[collector] snapshot #990 2026-09-17T13:14:06Z
[collector] snapshot #991 2026-09-17T13:14:07Z
[collector] snapshot #992 2026-09-17T13:14:08Z
[collector] snapshot #993 2026-09-17T13:14:09Z
[collector] snapshot #994 2026-09-17T13:14:10Z
[collector] snapshot #995 2026-09-17T13:14:11Z
[collector] snapshot #996 2026-09-17T13:14:12Z
[collector] snapshot #997 2026-09-17T13:14:13Z
[collector] snapshot #998 2026-09-17T13:14:14Z
[collector] snapshot #999 2026-09-17T13:14:15Z
[collector] snapshot #1000 2026-09-17T13:14:16Z
[collector] snapshot #1001 2026-09-17T13:14:17Z
[collector] snapshot #1002 2026-09-17T13:14:18Z
[collector] snapshot #1003 2026-09-17T13:14:19Z
[collector] snapshot #1004 2026-09-17T13:14:20Z
[collector] snapshot #1005 2026-09-17T13:14:21Z
[collector] snapshot #1006 2026-09-17T13:14:22Z
[collector] snapshot #1007 2026-09-17T13:14:23Z
[collector] snapshot #1008 2026-09-17T13:14:24Z
[collector] snapshot #1009 2026-09-17T13:14:25Z
[collector] snapshot #1010 2026-09-17T13:14:26Z
[collector] snapshot #1011 2026-09-17T13:14:27Z
[collector] snapshot #1012 2026-09-17T13:14:28Z
[collector] snapshot #1013 2026-09-17T13:14:29Z
[collector] snapshot #1014 2026-09-17T13:14:30Z
[collector] snapshot #1015 2026-09-17T13:14:31Z
[collector] snapshot #1016 2026-09-17T13:14:32Z
[collector] snapshot #1017 2026-09-17T13:14:33Z
[collector] snapshot #1018 2026-09-17T13:14:34Z
[collector] snapshot #1019 2026-09-17T13:14:35Z
[collector] snapshot #1020 2026-09-17T13:14:36Z
[collector] snapshot #1021 2026-09-17T13:14:37Z
[collector] snapshot #1022 2026-09-17T13:14:38Z
[collector] snapshot #1023 2026-09-17T13:14:39Z
[collector] snapshot #1024 2026-09-17T13:14:40Z
[collector] snapshot #1025 2026-09-17T13:14:41Z
[collector] snapshot #1026 2026-09-17T13:14:42Z
[collector] snapshot #1027 2026-09-17T13:14:43Z
[collector] snapshot #1028 2026-09-17T13:14:44Z
[collector] snapshot #1029 2026-09-17T13:14:45Z
[collector] snapshot #1030 2026-09-17T13:14:46Z
[collector] snapshot #1031 2026-09-17T13:14:47Z
[collector] snapshot #1032 2026-09-17T13:14:48Z
[collector] snapshot #1033 2026-09-17T13:14:49Z
[collector] snapshot #1034 2026-09-17T13:14:50Z
[collector] snapshot #1035 2026-09-17T13:14:51Z
[collector] snapshot #1036 2026-09-17T13:14:52Z
[collector] snapshot #1037 2026-09-17T13:14:53Z
[collector] snapshot #1038 2026-09-17T13:14:54Z
[collector] snapshot #1039 2026-09-17T13:14:55Z
[collector] snapshot #1040 2026-09-17T13:14:56Z
[collector] snapshot #1041 2026-09-17T13:14:57Z
[collector] snapshot #1042 2026-09-17T13:14:58Z
[collector] snapshot #1043 2026-09-17T13:14:59Z
[collector] snapshot #1044 2026-09-17T13:15:00Z
[collector] snapshot #1045 2026-09-17T13:15:01Z
[collector] snapshot #1046 2026-09-17T13:15:02Z
[collector] snapshot #1047 2026-09-17T13:15:03Z
[collector] snapshot #1048 2026-09-17T13:15:04Z
[collector] snapshot #1049 2026-09-17T13:15:05Z
[collector] snapshot #1050 2026-09-17T13:15:06Z
[collector] snapshot #1051 2026-09-17T13:15:07Z
[collector] snapshot #1052 2026-09-17T13:15:08Z
[collector] snapshot #1053 2026-09-17T13:15:09Z
[collector] snapshot #1054 2026-09-17T13:15:10Z
[collector] snapshot #1055 2026-09-17T13:15:11Z
[collector] snapshot #1056 2026-09-17T13:15:12Z
[collector] snapshot #1057 2026-09-17T13:15:13Z
[collector] snapshot #1058 2026-09-17T13:15:14Z
[collector] snapshot #1059 2026-09-17T13:15:15Z
[collector] snapshot #1060 2026-09-17T13:15:16Z
[collector] snapshot #1061 2026-09-17T13:15:17Z
[collector] snapshot #1062 2026-09-17T13:15:18Z
[collector] snapshot #1063 2026-09-17T13:15:19Z
[collector] snapshot #1064 2026-09-17T13:15:20Z
[collector] snapshot #1065 2026-09-17T13:15:21Z
[collector] snapshot #1066 2026-09-17T13:15:22Z
[collector] snapshot #1067 2026-09-17T13:15:23Z
[collector] snapshot #1068 2026-09-17T13:15:24Z
[collector] snapshot #1069 2026-09-17T13:15:25Z
[collector] snapshot #1070 2026-09-17T13:15:26Z
[collector] snapshot #1071 2026-09-17T13:15:27Z
[collector] snapshot #1072 2026-09-17T13:15:28Z
[collector] snapshot #1073 2026-09-17T13:15:29Z
[collector] snapshot #1074 2026-09-17T13:15:30Z
[collector] snapshot #1075 2026-09-17T13:15:31Z
[collector] snapshot #1076 2026-09-17T13:15:32Z
[collector] snapshot #1077 2026-09-17T13:15:33Z
[collector] snapshot #1078 2026-09-17T13:15:34Z
[collector] snapshot #1079 2026-09-17T13:15:35Z
[collector] snapshot #1080 2026-09-17T13:15:36Z
[collector] snapshot #1081 2026-09-17T13:15:37Z
[collector] snapshot #1082 2026-09-17T13:15:38Z
[collector] snapshot #1083 2026-09-17T13:15:39Z
[collector] snapshot #1084 2026-09-17T13:15:40Z
[collector] snapshot #1085 2026-09-17T13:15:41Z
[collector] snapshot #1086 2026-09-17T13:15:42Z
[collector] snapshot #1087 2026-09-17T13:15:43Z
[collector] snapshot #1088 2026-09-17T13:15:44Z
[collector] snapshot #1089 2026-09-17T13:15:45Z
[collector] snapshot #1090 2026-09-17T13:15:46Z
[collector] snapshot #1091 2026-09-17T13:15:47Z
[collector] snapshot #1092 2026-09-17T13:15:48Z
[collector] snapshot #1093 2026-09-17T13:15:49Z
[collector] snapshot #1094 2026-09-17T13:15:50Z
[collector] snapshot #1095 2026-09-17T13:15:51Z
[collector] snapshot #1096 2026-09-17T13:15:52Z
[collector] snapshot #1097 2026-09-17T13:15:53Z
[collector] snapshot #1098 2026-09-17T13:15:54Z
[collector] snapshot #1099 2026-09-17T13:15:55Z
[collector] snapshot #1100 2026-09-17T13:15:56Z
[collector] snapshot #1101 2026-09-17T13:15:57Z
[collector] snapshot #1102 2026-09-17T13:15:58Z
[collector] snapshot #1103 2026-09-17T13:15:59Z
[collector] snapshot #1104 2026-09-17T13:16:00Z
[collector] snapshot #1105 2026-09-17T13:16:01Z
[collector] snapshot #1106 2026-09-17T13:16:02Z
[collector] snapshot #1107 2026-09-17T13:16:03Z
[collector] snapshot #1108 2026-09-17T13:16:04Z
[collector] snapshot #1109 2026-09-17T13:16:05Z
[collector] snapshot #1110 2026-09-17T13:16:06Z
[collector] snapshot #1111 2026-09-17T13:16:07Z
[collector] snapshot #1112 2026-09-17T13:16:08Z
[collector] snapshot #1113 2026-09-17T13:16:09Z
[collector] snapshot #1114 2026-09-17T13:16:10Z
[collector] snapshot #1115 2026-09-17T13:16:11Z
[collector] snapshot #1116 2026-09-17T13:16:12Z
[collector] snapshot #1117 2026-09-17T13:16:13Z
[collector] snapshot #1118 2026-09-17T13:16:14Z
[collector] snapshot #1119 2026-09-17T13:16:15Z
[collector] snapshot #1120 2026-09-17T13:16:16Z
[collector] snapshot #1121 2026-09-17T13:16:17Z
[collector] snapshot #1122 2026-09-17T13:16:18Z
[collector] snapshot #1123 2026-09-17T13:16:19Z
[collector] snapshot #1124 2026-09-17T13:16:20Z
[collector] snapshot #1125 2026-09-17T13:16:21Z
[collector] snapshot #1126 2026-09-17T13:16:22Z
[collector] snapshot #1127 2026-09-17T13:16:23Z
[collector] snapshot #1128 2026-09-17T13:16:24Z
[collector] snapshot #1129 2026-09-17T13:16:25Z
[collector] snapshot #1130 2026-09-17T13:16:26Z
[collector] snapshot #1131 2026-09-17T13:16:27Z
[collector] snapshot #1132 2026-09-17T13:16:28Z
[collector] snapshot #1133 2026-09-17T13:16:29Z
[collector] snapshot #1134 2026-09-17T13:16:30Z
[collector] snapshot #1135 2026-09-17T13:16:31Z
[collector] snapshot #1136 2026-09-17T13:16:32Z
[collector] snapshot #1137 2026-09-17T13:16:33Z
[collector] snapshot #1138 2026-09-17T13:16:34Z
[collector] snapshot #1139 2026-09-17T13:16:35Z
[collector] snapshot #1140 2026-09-17T13:16:36Z
[collector] snapshot #1141 2026-09-17T13:16:37Z
[collector] snapshot #1142 2026-09-17T13:16:38Z
[collector] snapshot #1143 2026-09-17T13:16:39Z
[collector] snapshot #1144 2026-09-17T13:16:40Z
[collector] snapshot #1145 2026-09-17T13:16:41Z
[collector] snapshot #1146 2026-09-17T13:16:42Z
[collector] snapshot #1147 2026-09-17T13:16:43Z
[collector] snapshot #1148 2026-09-17T13:16:44Z
[collector] snapshot #1149 2026-09-17T13:16:45Z
[collector] snapshot #1150 2026-09-17T13:16:46Z
[collector] snapshot #1151 2026-09-17T13:16:47Z
[collector] snapshot #1152 2026-09-17T13:16:48Z
[collector] snapshot #1153 2026-09-17T13:16:49Z
[collector] snapshot #1154 2026-09-17T13:16:50Z
[collector] snapshot #1155 2026-09-17T13:16:51Z
[collector] snapshot #1156 2026-09-17T13:16:52Z
[collector] snapshot #1157 2026-09-17T13:16:53Z
[collector] snapshot #1158 2026-09-17T13:16:54Z
[collector] snapshot #1159 2026-09-17T13:16:55Z
[collector] snapshot #1160 2026-09-17T13:16:56Z
[collector] snapshot #1161 2026-09-17T13:16:57Z
[collector] snapshot #1162 2026-09-17T13:16:58Z
[collector] snapshot #1163 2026-09-17T13:16:59Z
[collector] snapshot #1164 2026-09-17T13:17:00Z
[collector] snapshot #1165 2026-09-17T13:17:01Z
[collector] snapshot #1166 2026-09-17T13:17:02Z
[collector] snapshot #1167 2026-09-17T13:17:03Z
[collector] snapshot #1168 2026-09-17T13:17:04Z
[collector] snapshot #1169 2026-09-17T13:17:05Z
[collector] snapshot #1170 2026-09-17T13:17:06Z
[collector] snapshot #1171 2026-09-17T13:17:07Z
[collector] snapshot #1172 2026-09-17T13:17:08Z
[collector] snapshot #1173 2026-09-17T13:17:09Z
[collector] snapshot #1174 2026-09-17T13:17:10Z
[collector] snapshot #1175 2026-09-17T13:17:11Z
[collector] snapshot #1176 2026-09-17T13:17:12Z
[collector] snapshot #1177 2026-09-17T13:17:13Z
[collector] snapshot #1178 2026-09-17T13:17:14Z
[collector] snapshot #1179 2026-09-17T13:17:15Z
[collector] snapshot #1180 2026-09-17T13:17:16Z
[collector] snapshot #1181 2026-09-17T13:17:17Z
[collector] snapshot #1182 2026-09-17T13:17:18Z
[collector] snapshot #1183 2026-09-17T13:17:19Z
[collector] snapshot #1184 2026-09-17T13:17:20Z
[collector] snapshot #1185 2026-09-17T13:17:21Z
[collector] snapshot #1186 2026-09-17T13:17:22Z
[collector] snapshot #1187 2026-09-17T13:17:23Z
[collector] snapshot #1188 2026-09-17T13:17:24Z
[collector] snapshot #1189 2026-09-17T13:17:25Z
[collector] snapshot #1190 2026-09-17T13:17:26Z
[collector] snapshot #1191 2026-09-17T13:17:27Z
[collector] snapshot #1192 2026-09-17T13:17:28Z
[collector] snapshot #1193 2026-09-17T13:17:29Z
[collector] snapshot #1194 2026-09-17T13:17:30Z
[collector] snapshot #1195 2026-09-17T13:17:31Z
[collector] snapshot #1196 2026-09-17T13:17:32Z
[collector] snapshot #1197 2026-09-17T13:17:33Z
[collector] snapshot #1198 2026-09-17T13:17:34Z
[collector] snapshot #1199 2026-09-17T13:17:35Z
[collector] snapshot #1200 2026-09-17T13:17:36Z
[collector] snapshot #1201 2026-09-17T13:17:37Z
[collector] snapshot #1202 2026-09-17T13:17:38Z
[collector] snapshot #1203 2026-09-17T13:17:39Z
[collector] snapshot #1204 2026-09-17T13:17:40Z
[collector] snapshot #1205 2026-09-17T13:17:41Z
[collector] snapshot #1206 2026-09-17T13:17:42Z
[collector] snapshot #1207 2026-09-17T13:17:43Z
[collector] snapshot #1208 2026-09-17T13:17:44Z
[collector] snapshot #1209 2026-09-17T13:17:45Z
[collector] snapshot #1210 2026-09-17T13:17:46Z
[collector] snapshot #1211 2026-09-17T13:17:47Z
[collector] snapshot #1212 2026-09-17T13:17:48Z
[collector] snapshot #1213 2026-09-17T13:17:49Z
[collector] snapshot #1214 2026-09-17T13:17:50Z
[collector] snapshot #1215 2026-09-17T13:17:51Z
[collector] snapshot #1216 2026-09-17T13:17:52Z
[collector] snapshot #1217 2026-09-17T13:17:53Z
[collector] snapshot #1218 2026-09-17T13:17:54Z
[collector] snapshot #1219 2026-09-17T13:17:55Z
[collector] snapshot #1220 2026-09-17T13:17:56Z
[collector] snapshot #1221 2026-09-17T13:17:57Z
[collector] snapshot #1222 2026-09-17T13:17:58Z
[collector] snapshot #1223 2026-09-17T13:17:59Z
[collector] snapshot #1224 2026-09-17T13:18:00Z
[collector] snapshot #1225 2026-09-17T13:18:01Z
[collector] snapshot #1226 2026-09-17T13:18:02Z
[collector] snapshot #1227 2026-09-17T13:18:03Z
[collector] snapshot #1228 2026-09-17T13:18:04Z
[collector] snapshot #1229 2026-09-17T13:18:05Z
[collector] snapshot #1230 2026-09-17T13:18:06Z
[collector] snapshot #1231 2026-09-17T13:18:07Z
[collector] snapshot #1232 2026-09-17T13:18:08Z
[collector] snapshot #1233 2026-09-17T13:18:09Z
[collector] snapshot #1234 2026-09-17T13:18:10Z
[collector] snapshot #1235 2026-09-17T13:18:11Z
[collector] snapshot #1236 2026-09-17T13:18:12Z
[collector] snapshot #1237 2026-09-17T13:18:13Z
[collector] snapshot #1238 2026-09-17T13:18:14Z
[collector] snapshot #1239 2026-09-17T13:18:15Z
[collector] snapshot #1240 2026-09-17T13:18:16Z
[collector] snapshot #1241 2026-09-17T13:18:17Z
[collector] snapshot #1242 2026-09-17T13:18:18Z
[collector] snapshot #1243 2026-09-17T13:18:19Z
[collector] snapshot #1244 2026-09-17T13:18:20Z
[collector] snapshot #1245 2026-09-17T13:18:21Z
[collector] snapshot #1246 2026-09-17T13:18:22Z
[collector] snapshot #1247 2026-09-17T13:18:23Z
[collector] snapshot #1248 2026-09-17T13:18:24Z
[collector] snapshot #1249 2026-09-17T13:18:25Z
[collector] snapshot #1250 2026-09-17T13:18:26Z
[collector] snapshot #1251 2026-09-17T13:18:27Z
[collector] snapshot #1252 2026-09-17T13:18:28Z
[collector] snapshot #1253 2026-09-17T13:18:29Z
[collector] snapshot #1254 2026-09-17T13:18:30Z
[collector] snapshot #1255 2026-09-17T13:18:31Z
[collector] snapshot #1256 2026-09-17T13:18:32Z
[collector] snapshot #1257 2026-09-17T13:18:33Z
[collector] snapshot #1258 2026-09-17T13:18:34Z
[collector] snapshot #1259 2026-09-17T13:18:35Z
[collector] snapshot #1260 2026-09-17T13:18:36Z
[collector] snapshot #1261 2026-09-17T13:18:37Z
[collector] snapshot #1262 2026-09-17T13:18:38Z
[collector] snapshot #1263 2026-09-17T13:18:39Z
[collector] snapshot #1264 2026-09-17T13:18:40Z
[collector] snapshot #1265 2026-09-17T13:18:41Z
[collector] snapshot #1266 2026-09-17T13:18:42Z
[collector] snapshot #1267 2026-09-17T13:18:43Z
[collector] snapshot #1268 2026-09-17T13:18:44Z
[collector] snapshot #1269 2026-09-17T13:18:45Z
[collector] snapshot #1270 2026-09-17T13:18:46Z
[collector] snapshot #1271 2026-09-17T13:18:47Z
[collector] snapshot #1272 2026-09-17T13:18:48Z
[collector] snapshot #1273 2026-09-17T13:18:49Z
[collector] snapshot #1274 2026-09-17T13:18:50Z
[collector] snapshot #1275 2026-09-17T13:18:51Z
[collector] snapshot #1276 2026-09-17T13:18:52Z
[collector] snapshot #1277 2026-09-17T13:18:53Z
[collector] snapshot #1278 2026-09-17T13:18:54Z
[collector] snapshot #1279 2026-09-17T13:18:55Z
[collector] snapshot #1280 2026-09-17T13:18:56Z
[collector] snapshot #1281 2026-09-17T13:18:57Z
[collector] snapshot #1282 2026-09-17T13:18:58Z
[collector] snapshot #1283 2026-09-17T13:18:59Z
[collector] snapshot #1284 2026-09-17T13:19:00Z
[collector] snapshot #1285 2026-09-17T13:19:01Z
[collector] snapshot #1286 2026-09-17T13:19:02Z
[collector] snapshot #1287 2026-09-17T13:19:03Z
[collector] snapshot #1288 2026-09-17T13:19:04Z
[collector] snapshot #1289 2026-09-17T13:19:05Z
[collector] snapshot #1290 2026-09-17T13:19:06Z
[collector] snapshot #1291 2026-09-17T13:19:07Z
[collector] snapshot #1292 2026-09-17T13:19:08Z
[collector] snapshot #1293 2026-09-17T13:19:09Z
[collector] snapshot #1294 2026-09-17T13:19:10Z
[collector] snapshot #1295 2026-09-17T13:19:11Z
[collector] snapshot #1296 2026-09-17T13:19:12Z
[collector] snapshot #1297 2026-09-17T13:19:13Z
[collector] snapshot #1298 2026-09-17T13:19:14Z
[collector] snapshot #1299 2026-09-17T13:19:15Z
[collector] snapshot #1300 2026-09-17T13:19:16Z
[collector] snapshot #1301 2026-09-17T13:19:17Z
[collector] snapshot #1302 2026-09-17T13:19:18Z
[collector] snapshot #1303 2026-09-17T13:19:19Z
[collector] snapshot #1304 2026-09-17T13:19:20Z
[collector] snapshot #1305 2026-09-17T13:19:21Z
[collector] snapshot #1306 2026-09-17T13:19:22Z
[collector] snapshot #1307 2026-09-17T13:19:23Z
[collector] snapshot #1308 2026-09-17T13:19:24Z
[collector] snapshot #1309 2026-09-17T13:19:25Z
[collector] snapshot #1310 2026-09-17T13:19:26Z
[collector] snapshot #1311 2026-09-17T13:19:27Z
[collector] snapshot #1312 2026-09-17T13:19:28Z
[collector] snapshot #1313 2026-09-17T13:19:29Z
[collector] snapshot #1314 2026-09-17T13:19:30Z
[collector] snapshot #1315 2026-09-17T13:19:31Z
[collector] snapshot #1316 2026-09-17T13:19:32Z
[collector] snapshot #1317 2026-09-17T13:19:33Z
[collector] snapshot #1318 2026-09-17T13:19:34Z
[collector] snapshot #1319 2026-09-17T13:19:35Z
[collector] snapshot #1320 2026-09-17T13:19:36Z
[collector] snapshot #1321 2026-09-17T13:19:37Z
[collector] snapshot #1322 2026-09-17T13:19:38Z
[collector] snapshot #1323 2026-09-17T13:19:39Z
[collector] snapshot #1324 2026-09-17T13:19:40Z
[collector] snapshot #1325 2026-09-17T13:19:41Z
[collector] snapshot #1326 2026-09-17T13:19:42Z
[collector] snapshot #1327 2026-09-17T13:19:43Z
[collector] snapshot #1328 2026-09-17T13:19:44Z
[collector] snapshot #1329 2026-09-17T13:19:45Z
[collector] snapshot #1330 2026-09-17T13:19:46Z
[collector] snapshot #1331 2026-09-17T13:19:47Z
[collector] snapshot #1332 2026-09-17T13:19:48Z
[collector] snapshot #1333 2026-09-17T13:19:49Z
[collector] snapshot #1334 2026-09-17T13:19:50Z
[collector] snapshot #1335 2026-09-17T13:19:51Z
[collector] snapshot #1336 2026-09-17T13:19:52Z
[collector] snapshot #1337 2026-09-17T13:19:53Z
[collector] snapshot #1338 2026-09-17T13:19:54Z
[collector] snapshot #1339 2026-09-17T13:19:55Z
[collector] snapshot #1340 2026-09-17T13:19:56Z
[collector] snapshot #1341 2026-09-17T13:19:57Z
[collector] snapshot #1342 2026-09-17T13:19:58Z
[collector] snapshot #1343 2026-09-17T13:19:59Z
[collector] snapshot #1344 2026-09-17T13:20:00Z
[collector] snapshot #1345 2026-09-17T13:20:01Z
[collector] snapshot #1346 2026-09-17T13:20:02Z
[collector] snapshot #1347 2026-09-17T13:20:03Z
[collector] snapshot #1348 2026-09-17T13:20:04Z
[collector] snapshot #1349 2026-09-17T13:20:05Z
[collector] snapshot #1350 2026-09-17T13:20:06Z
[collector] snapshot #1351 2026-09-17T13:20:07Z
[collector] snapshot #1352 2026-09-17T13:20:08Z
[collector] snapshot #1353 2026-09-17T13:20:09Z
[collector] snapshot #1354 2026-09-17T13:20:10Z
[collector] snapshot #1355 2026-09-17T13:20:11Z
[collector] snapshot #1356 2026-09-17T13:20:12Z
[collector] snapshot #1357 2026-09-17T13:20:13Z
[collector] snapshot #1358 2026-09-17T13:20:14Z
[collector] snapshot #1359 2026-09-17T13:20:15Z
[collector] snapshot #1360 2026-09-17T13:20:16Z
[collector] snapshot #1361 2026-09-17T13:20:17Z
[collector] snapshot #1362 2026-09-17T13:20:18Z
[collector] snapshot #1363 2026-09-17T13:20:19Z
[collector] snapshot #1364 2026-09-17T13:20:20Z
[collector] snapshot #1365 2026-09-17T13:20:21Z
[collector] snapshot #1366 2026-09-17T13:20:22Z
[collector] snapshot #1367 2026-09-17T13:20:23Z
[collector] snapshot #1368 2026-09-17T13:20:24Z
[collector] snapshot #1369 2026-09-17T13:20:25Z
[collector] snapshot #1370 2026-09-17T13:20:26Z
[collector] snapshot #1371 2026-09-17T13:20:27Z
[collector] snapshot #1372 2026-09-17T13:20:28Z
[collector] snapshot #1373 2026-09-17T13:20:29Z
[collector] snapshot #1374 2026-09-17T13:20:30Z
[collector] snapshot #1375 2026-09-17T13:20:31Z
[collector] snapshot #1376 2026-09-17T13:20:32Z
[collector] snapshot #1377 2026-09-17T13:20:33Z
[collector] snapshot #1378 2026-09-17T13:20:34Z
[collector] snapshot #1379 2026-09-17T13:20:35Z
[collector] snapshot #1380 2026-09-17T13:20:36Z
[collector] snapshot #1381 2026-09-17T13:20:37Z
[collector] snapshot #1382 2026-09-17T13:20:38Z
[collector] snapshot #1383 2026-09-17T13:20:39Z
[collector] snapshot #1384 2026-09-17T13:20:40Z
[collector] snapshot #1385 2026-09-17T13:20:41Z
[collector] snapshot #1386 2026-09-17T13:20:42Z
[collector] snapshot #1387 2026-09-17T13:20:43Z
[collector] snapshot #1388 2026-09-17T13:20:44Z
[collector] snapshot #1389 2026-09-17T13:20:45Z
[collector] snapshot #1390 2026-09-17T13:20:46Z
[collector] snapshot #1391 2026-09-17T13:20:47Z
[collector] snapshot #1392 2026-09-17T13:20:48Z
[collector] snapshot #1393 2026-09-17T13:20:49Z
[collector] snapshot #1394 2026-09-17T13:20:50Z
[collector] snapshot #1395 2026-09-17T13:20:51Z
[collector] snapshot #1396 2026-09-17T13:20:52Z
[collector] snapshot #1397 2026-09-17T13:20:53Z
[collector] snapshot #1398 2026-09-17T13:20:54Z
[collector] snapshot #1399 2026-09-17T13:20:55Z
[collector] snapshot #1400 2026-09-17T13:20:56Z
[collector] snapshot #1401 2026-09-17T13:20:57Z
[collector] snapshot #1402 2026-09-17T13:20:58Z
[collector] snapshot #1403 2026-09-17T13:20:59Z
[collector] snapshot #1404 2026-09-17T13:21:00Z
[collector] snapshot #1405 2026-09-17T13:21:01Z
[collector] snapshot #1406 2026-09-17T13:21:02Z
[collector] snapshot #1407 2026-09-17T13:21:03Z
[collector] snapshot #1408 2026-09-17T13:21:04Z
[collector] snapshot #1409 2026-09-17T13:21:05Z
[collector] snapshot #1410 2026-09-17T13:21:06Z
[collector] snapshot #1411 2026-09-17T13:21:07Z
[collector] snapshot #1412 2026-09-17T13:21:08Z
[collector] snapshot #1413 2026-09-17T13:21:09Z
[collector] snapshot #1414 2026-09-17T13:21:10Z
[collector] snapshot #1415 2026-09-17T13:21:11Z
[collector] snapshot #1416 2026-09-17T13:21:12Z
[collector] snapshot #1417 2026-09-17T13:21:13Z
[collector] snapshot #1418 2026-09-17T13:21:14Z
[collector] snapshot #1419 2026-09-17T13:21:15Z
[collector] snapshot #1420 2026-09-17T13:21:16Z
[collector] snapshot #1421 2026-09-17T13:21:17Z
[collector] snapshot #1422 2026-09-17T13:21:18Z
[collector] snapshot #1423 2026-09-17T13:21:19Z
[collector] snapshot #1424 2026-09-17T13:21:20Z
[collector] snapshot #1425 2026-09-17T13:21:21Z
[collector] snapshot #1426 2026-09-17T13:21:22Z
[collector] snapshot #1427 2026-09-17T13:21:23Z
[collector] snapshot #1428 2026-09-17T13:21:24Z
[collector] snapshot #1429 2026-09-17T13:21:25Z
[collector] snapshot #1430 2026-09-17T13:21:26Z
[collector] snapshot #1431 2026-09-17T13:21:27Z
[collector] snapshot #1432 2026-09-17T13:21:28Z
[collector] snapshot #1433 2026-09-17T13:21:29Z
[collector] snapshot #1434 2026-09-17T13:21:30Z
[collector] snapshot #1435 2026-09-17T13:21:31Z
[collector] snapshot #1436 2026-09-17T13:21:32Z
[collector] snapshot #1437 2026-09-17T13:21:33Z
[collector] snapshot #1438 2026-09-17T13:21:34Z
[collector] snapshot #1439 2026-09-17T13:21:35Z
[collector] snapshot #1440 2026-09-17T13:21:36Z
[collector] snapshot #1441 2026-09-17T13:21:37Z
[collector] snapshot #1442 2026-09-17T13:21:38Z
[collector] snapshot #1443 2026-09-17T13:21:39Z
[collector] snapshot #1444 2026-09-17T13:21:40Z
[collector] snapshot #1445 2026-09-17T13:21:41Z
[collector] snapshot #1446 2026-09-17T13:21:42Z
[collector] snapshot #1447 2026-09-17T13:21:43Z
[collector] snapshot #1448 2026-09-17T13:21:44Z
[collector] snapshot #1449 2026-09-17T13:21:45Z
[collector] snapshot #1450 2026-09-17T13:21:46Z
[collector] snapshot #1451 2026-09-17T13:21:47Z
[collector] snapshot #1452 2026-09-17T13:21:48Z
[collector] snapshot #1453 2026-09-17T13:21:49Z
[collector] snapshot #1454 2026-09-17T13:21:50Z
[collector] snapshot #1455 2026-09-17T13:21:51Z
[collector] snapshot #1456 2026-09-17T13:21:52Z
[collector] snapshot #1457 2026-09-17T13:21:53Z
[collector] snapshot #1458 2026-09-17T13:21:54Z
[collector] snapshot #1459 2026-09-17T13:21:55Z
[collector] snapshot #1460 2026-09-17T13:21:56Z
[collector] snapshot #1461 2026-09-17T13:21:57Z
[collector] snapshot #1462 2026-09-17T13:21:58Z
[collector] snapshot #1463 2026-09-17T13:21:59Z
[collector] snapshot #1464 2026-09-17T13:22:00Z
[collector] snapshot #1465 2026-09-17T13:22:01Z
[collector] snapshot #1466 2026-09-17T13:22:02Z
[collector] snapshot #1467 2026-09-17T13:22:03Z
[collector] snapshot #1468 2026-09-17T13:22:04Z
[collector] snapshot #1469 2026-09-17T13:22:05Z
[collector] snapshot #1470 2026-09-17T13:22:06Z
[collector] snapshot #1471 2026-09-17T13:22:07Z
[collector] snapshot #1472 2026-09-17T13:22:08Z
[collector] snapshot #1473 2026-09-17T13:22:09Z
[collector] snapshot #1474 2026-09-17T13:22:10Z
[collector] snapshot #1475 2026-09-17T13:22:11Z
[collector] snapshot #1476 2026-09-17T13:22:12Z
[collector] snapshot #1477 2026-09-17T13:22:13Z
[collector] snapshot #1478 2026-09-17T13:22:14Z
[collector] snapshot #1479 2026-09-17T13:22:15Z
[collector] snapshot #1480 2026-09-17T13:22:16Z
[collector] snapshot #1481 2026-09-17T13:22:17Z
[collector] snapshot #1482 2026-09-17T13:22:18Z
[collector] snapshot #1483 2026-09-17T13:22:19Z
[collector] snapshot #1484 2026-09-17T13:22:20Z
[collector] snapshot #1485 2026-09-17T13:22:21Z
[collector] snapshot #1486 2026-09-17T13:22:22Z
[collector] snapshot #1487 2026-09-17T13:22:23Z
[collector] snapshot #1488 2026-09-17T13:22:24Z
[collector] snapshot #1489 2026-09-17T13:22:25Z
[collector] snapshot #1490 2026-09-17T13:22:26Z
[collector] snapshot #1491 2026-09-17T13:22:27Z
[collector] snapshot #1492 2026-09-17T13:22:28Z
[collector] snapshot #1493 2026-09-17T13:22:29Z
[collector] snapshot #1494 2026-09-17T13:22:30Z
[collector] snapshot #1495 2026-09-17T13:22:31Z
[collector] snapshot #1496 2026-09-17T13:22:32Z
[collector] snapshot #1497 2026-09-17T13:22:33Z
[collector] snapshot #1498 2026-09-17T13:22:34Z
[collector] snapshot #1499 2026-09-17T13:22:35Z
[collector] snapshot #1500 2026-09-17T13:22:36Z
[collector] snapshot #1501 2026-09-17T13:22:37Z
[collector] snapshot #1502 2026-09-17T13:22:38Z
[collector] snapshot #1503 2026-09-17T13:22:39Z
[collector] snapshot #1504 2026-09-17T13:22:40Z
[collector] snapshot #1505 2026-09-17T13:22:41Z
[collector] snapshot #1506 2026-09-17T13:22:42Z
[collector] snapshot #1507 2026-09-17T13:22:43Z
[collector] snapshot #1508 2026-09-17T13:22:44Z
[collector] snapshot #1509 2026-09-17T13:22:45Z
[collector] snapshot #1510 2026-09-17T13:22:46Z
[collector] snapshot #1511 2026-09-17T13:22:47Z
[collector] snapshot #1512 2026-09-17T13:22:48Z
[collector] snapshot #1513 2026-09-17T13:22:49Z
[collector] snapshot #1514 2026-09-17T13:22:50Z
[collector] snapshot #1515 2026-09-17T13:22:51Z
[collector] snapshot #1516 2026-09-17T13:22:52Z
[collector] snapshot #1517 2026-09-17T13:22:53Z
[collector] snapshot #1518 2026-09-17T13:22:54Z
[collector] snapshot #1519 2026-09-17T13:22:55Z
[collector] snapshot #1520 2026-09-17T13:22:56Z
[collector] snapshot #1521 2026-09-17T13:22:57Z
[collector] snapshot #1522 2026-09-17T13:22:58Z
[collector] snapshot #1523 2026-09-17T13:22:59Z
[collector] snapshot #1524 2026-09-17T13:23:00Z
[collector] snapshot #1525 2026-09-17T13:23:01Z
[collector] snapshot #1526 2026-09-17T13:23:02Z
[collector] snapshot #1527 2026-09-17T13:23:03Z
[collector] snapshot #1528 2026-09-17T13:23:04Z
[collector] snapshot #1529 2026-09-17T13:23:05Z
[collector] snapshot #1530 2026-09-17T13:23:06Z
[collector] snapshot #1531 2026-09-17T13:23:07Z
[collector] snapshot #1532 2026-09-17T13:23:08Z
[collector] snapshot #1533 2026-09-17T13:23:09Z
[collector] snapshot #1534 2026-09-17T13:23:10Z
[collector] snapshot #1535 2026-09-17T13:23:11Z
[collector] snapshot #1536 2026-09-17T13:23:12Z
[collector] snapshot #1537 2026-09-17T13:23:13Z
[collector] snapshot #1538 2026-09-17T13:23:14Z
[collector] snapshot #1539 2026-09-17T13:23:15Z
[collector] snapshot #1540 2026-09-17T13:23:16Z
[collector] snapshot #1541 2026-09-17T13:23:17Z
[collector] snapshot #1542 2026-09-17T13:23:18Z
[collector] snapshot #1543 2026-09-17T13:23:19Z
[collector] snapshot #1544 2026-09-17T13:23:20Z
[collector] snapshot #1545 2026-09-17T13:23:21Z
[collector] snapshot #1546 2026-09-17T13:23:22Z
[collector] snapshot #1547 2026-09-17T13:23:23Z
[collector] snapshot #1548 2026-09-17T13:23:24Z
[collector] snapshot #1549 2026-09-17T13:23:25Z
[collector] snapshot #1550 2026-09-17T13:23:26Z
[collector] snapshot #1551 2026-09-17T13:23:27Z
[collector] snapshot #1552 2026-09-17T13:23:28Z
[collector] snapshot #1553 2026-09-17T13:23:29Z
[collector] snapshot #1554 2026-09-17T13:23:30Z
[collector] snapshot #1555 2026-09-17T13:23:31Z
[collector] snapshot #1556 2026-09-17T13:23:32Z
[collector] snapshot #1557 2026-09-17T13:23:33Z
[collector] snapshot #1558 2026-09-17T13:23:34Z
[collector] snapshot #1559 2026-09-17T13:23:35Z
[collector] snapshot #1560 2026-09-17T13:23:36Z
[collector] snapshot #1561 2026-09-17T13:23:37Z
[collector] snapshot #1562 2026-09-17T13:23:38Z
[collector] snapshot #1563 2026-09-17T13:23:39Z
[collector] snapshot #1564 2026-09-17T13:23:40Z
[collector] snapshot #1565 2026-09-17T13:23:41Z
[collector] snapshot #1566 2026-09-17T13:23:42Z
[collector] snapshot #1567 2026-09-17T13:23:43Z
[collector] snapshot #1568 2026-09-17T13:23:44Z
[collector] snapshot #1569 2026-09-17T13:23:45Z
[collector] snapshot #1570 2026-09-17T13:23:46Z
[collector] snapshot #1571 2026-09-17T13:23:47Z
[collector] snapshot #1572 2026-09-17T13:23:48Z
[collector] snapshot #1573 2026-09-17T13:23:49Z
[collector] snapshot #1574 2026-09-17T13:23:50Z
[collector] snapshot #1575 2026-09-17T13:23:51Z
[collector] snapshot #1576 2026-09-17T13:23:52Z
[collector] snapshot #1577 2026-09-17T13:23:53Z
[collector] snapshot #1578 2026-09-17T13:23:54Z
[collector] snapshot #1579 2026-09-17T13:23:55Z
[collector] snapshot #1580 2026-09-17T13:23:56Z
[collector] snapshot #1581 2026-09-17T13:23:57Z
[collector] snapshot #1582 2026-09-17T13:23:58Z
[collector] snapshot #1583 2026-09-17T13:23:59Z
[collector] snapshot #1584 2026-09-17T13:24:00Z
[collector] snapshot #1585 2026-09-17T13:24:01Z
[collector] snapshot #1586 2026-09-17T13:24:02Z
[collector] snapshot #1587 2026-09-17T13:24:03Z
[collector] snapshot #1588 2026-09-17T13:24:04Z
[collector] snapshot #1589 2026-09-17T13:24:05Z
[collector] snapshot #1590 2026-09-17T13:24:06Z
[collector] snapshot #1591 2026-09-17T13:24:07Z
[collector] snapshot #1592 2026-09-17T13:24:08Z
[collector] snapshot #1593 2026-09-17T13:24:09Z
[collector] snapshot #1594 2026-09-17T13:24:10Z
[collector] snapshot #1595 2026-09-17T13:24:11Z
[collector] snapshot #1596 2026-09-17T13:24:12Z
[collector] snapshot #1597 2026-09-17T13:24:13Z
[collector] snapshot #1598 2026-09-17T13:24:14Z
[collector] snapshot #1599 2026-09-17T13:24:15Z
[collector] snapshot #1600 2026-09-17T13:24:16Z
[collector] snapshot #1601 2026-09-17T13:24:17Z
[collector] snapshot #1602 2026-09-17T13:24:18Z
[collector] snapshot #1603 2026-09-17T13:24:19Z
[collector] snapshot #1604 2026-09-17T13:24:20Z
[collector] snapshot #1605 2026-09-17T13:24:21Z
[collector] snapshot #1606 2026-09-17T13:24:22Z
[collector] snapshot #1607 2026-09-17T13:24:23Z
[collector] snapshot #1608 2026-09-17T13:24:24Z
[collector] snapshot #1609 2026-09-17T13:24:25Z
[collector] snapshot #1610 2026-09-17T13:24:26Z
[collector] snapshot #1611 2026-09-17T13:24:27Z
[collector] snapshot #1612 2026-09-17T13:24:28Z
[collector] snapshot #1613 2026-09-17T13:24:29Z
[collector] snapshot #1614 2026-09-17T13:24:30Z
[collector] snapshot #1615 2026-09-17T13:24:31Z
[collector] snapshot #1616 2026-09-17T13:24:32Z
[collector] snapshot #1617 2026-09-17T13:24:33Z
[collector] snapshot #1618 2026-09-17T13:24:34Z
[collector] snapshot #1619 2026-09-17T13:24:35Z
[collector] snapshot #1620 2026-09-17T13:24:36Z
[collector] snapshot #1621 2026-09-17T13:24:37Z
[collector] snapshot #1622 2026-09-17T13:24:38Z
[collector] snapshot #1623 2026-09-17T13:24:39Z
[collector] snapshot #1624 2026-09-17T13:24:40Z
[collector] snapshot #1625 2026-09-17T13:24:41Z
[collector] snapshot #1626 2026-09-17T13:24:42Z
[collector] snapshot #1627 2026-09-17T13:24:43Z
[collector] snapshot #1628 2026-09-17T13:24:44Z
[collector] snapshot #1629 2026-09-17T13:24:45Z
[collector] snapshot #1630 2026-09-17T13:24:46Z
[collector] snapshot #1631 2026-09-17T13:24:47Z
[collector] snapshot #1632 2026-09-17T13:24:48Z
[collector] snapshot #1633 2026-09-17T13:24:49Z
[collector] snapshot #1634 2026-09-17T13:24:50Z
[collector] snapshot #1635 2026-09-17T13:24:51Z
[collector] snapshot #1636 2026-09-17T13:24:52Z
[collector] snapshot #1637 2026-09-17T13:24:53Z
[collector] snapshot #1638 2026-09-17T13:24:54Z
[collector] snapshot #1639 2026-09-17T13:24:55Z
[collector] snapshot #1640 2026-09-17T13:24:56Z
[collector] snapshot #1641 2026-09-17T13:24:57Z
[collector] snapshot #1642 2026-09-17T13:24:58Z
[collector] snapshot #1643 2026-09-17T13:24:59Z
[collector] snapshot #1644 2026-09-17T13:25:00Z
[collector] snapshot #1645 2026-09-17T13:25:01Z
[collector] snapshot #1646 2026-09-17T13:25:02Z
[collector] snapshot #1647 2026-09-17T13:25:03Z
[collector] snapshot #1648 2026-09-17T13:25:04Z
[collector] snapshot #1649 2026-09-17T13:25:05Z
[collector] snapshot #1650 2026-09-17T13:25:06Z
[collector] snapshot #1651 2026-09-17T13:25:07Z
[collector] snapshot #1652 2026-09-17T13:25:08Z
[collector] snapshot #1653 2026-09-17T13:25:09Z
[collector] snapshot #1654 2026-09-17T13:25:10Z
[collector] snapshot #1655 2026-09-17T13:25:11Z
[collector] snapshot #1656 2026-09-17T13:25:12Z
[collector] snapshot #1657 2026-09-17T13:25:13Z
[collector] snapshot #1658 2026-09-17T13:25:14Z
[collector] snapshot #1659 2026-09-17T13:25:15Z
[collector] snapshot #1660 2026-09-17T13:25:16Z
[collector] snapshot #1661 2026-09-17T13:25:17Z
[collector] snapshot #1662 2026-09-17T13:25:18Z
[collector] snapshot #1663 2026-09-17T13:25:19Z
[collector] snapshot #1664 2026-09-17T13:25:20Z
[collector] snapshot #1665 2026-09-17T13:25:21Z
[collector] snapshot #1666 2026-09-17T13:25:22Z
[collector] snapshot #1667 2026-09-17T13:25:23Z
[collector] snapshot #1668 2026-09-17T13:25:24Z
[collector] snapshot #1669 2026-09-17T13:25:25Z
[collector] snapshot #1670 2026-09-17T13:25:26Z
[collector] snapshot #1671 2026-09-17T13:25:27Z
[collector] snapshot #1672 2026-09-17T13:25:28Z
[collector] snapshot #1673 2026-09-17T13:25:29Z
[collector] snapshot #1674 2026-09-17T13:25:31Z
[collector] snapshot #1675 2026-09-17T13:25:32Z
[collector] snapshot #1676 2026-09-17T13:25:33Z
[collector] snapshot #1677 2026-09-17T13:25:34Z
[collector] snapshot #1678 2026-09-17T13:25:35Z
[collector] snapshot #1679 2026-09-17T13:25:36Z
[collector] snapshot #1680 2026-09-17T13:25:37Z
[collector] snapshot #1681 2026-09-17T13:25:38Z
[collector] snapshot #1682 2026-09-17T13:25:39Z
[collector] snapshot #1683 2026-09-17T13:25:40Z
[collector] snapshot #1684 2026-09-17T13:25:41Z
[collector] snapshot #1685 2026-09-17T13:25:42Z
[collector] snapshot #1686 2026-09-17T13:25:43Z
[collector] snapshot #1687 2026-09-17T13:25:44Z
[collector] snapshot #1688 2026-09-17T13:25:45Z
[collector] snapshot #1689 2026-09-17T13:25:46Z
[collector] snapshot #1690 2026-09-17T13:25:47Z
[collector] snapshot #1691 2026-09-17T13:25:48Z
[collector] snapshot #1692 2026-09-17T13:25:49Z
[collector] snapshot #1693 2026-09-17T13:25:50Z
[collector] snapshot #1694 2026-09-17T13:25:51Z
[collector] snapshot #1695 2026-09-17T13:25:52Z
[collector] snapshot #1696 2026-09-17T13:25:53Z
[collector] snapshot #1697 2026-09-17T13:25:54Z
[collector] snapshot #1698 2026-09-17T13:25:55Z
[collector] snapshot #1699 2026-09-17T13:25:56Z
[collector] snapshot #1700 2026-09-17T13:25:57Z
[collector] snapshot #1701 2026-09-17T13:25:58Z
[collector] snapshot #1702 2026-09-17T13:25:59Z
[collector] snapshot #1703 2026-09-17T13:26:00Z
[collector] snapshot #1704 2026-09-17T13:26:01Z
[collector] snapshot #1705 2026-09-17T13:26:02Z
[collector] snapshot #1706 2026-09-17T13:26:03Z
[collector] snapshot #1707 2026-09-17T13:26:04Z
[collector] snapshot #1708 2026-09-17T13:26:05Z
[collector] snapshot #1709 2026-09-17T13:26:06Z
[collector] snapshot #1710 2026-09-17T13:26:07Z
[collector] snapshot #1711 2026-09-17T13:26:08Z
[collector] snapshot #1712 2026-09-17T13:26:09Z
[collector] snapshot #1713 2026-09-17T13:26:10Z
[collector] snapshot #1714 2026-09-17T13:26:11Z
[collector] snapshot #1715 2026-09-17T13:26:12Z
[collector] snapshot #1716 2026-09-17T13:26:13Z
[collector] snapshot #1717 2026-09-17T13:26:14Z
[collector] snapshot #1718 2026-09-17T13:26:15Z
[collector] snapshot #1719 2026-09-17T13:26:16Z
[collector] snapshot #1720 2026-09-17T13:26:17Z
[collector] snapshot #1721 2026-09-17T13:26:18Z
[collector] snapshot #1722 2026-09-17T13:26:19Z
[collector] snapshot #1723 2026-09-17T13:26:20Z
[collector] snapshot #1724 2026-09-17T13:26:21Z
[collector] snapshot #1725 2026-09-17T13:26:22Z
[collector] snapshot #1726 2026-09-17T13:26:23Z
[collector] snapshot #1727 2026-09-17T13:26:24Z
[collector] snapshot #1728 2026-09-17T13:26:25Z
[collector] snapshot #1729 2026-09-17T13:26:26Z
[collector] snapshot #1730 2026-09-17T13:26:27Z
[collector] snapshot #1731 2026-09-17T13:26:28Z
[collector] snapshot #1732 2026-09-17T13:26:29Z
[collector] snapshot #1733 2026-09-17T13:26:30Z
[collector] snapshot #1734 2026-09-17T13:26:31Z
[collector] snapshot #1735 2026-09-17T13:26:32Z
[collector] snapshot #1736 2026-09-17T13:26:33Z
[collector] snapshot #1737 2026-09-17T13:26:34Z
[collector] snapshot #1738 2026-09-17T13:26:35Z
[collector] snapshot #1739 2026-09-17T13:26:36Z
[collector] snapshot #1740 2026-09-17T13:26:37Z
[collector] snapshot #1741 2026-09-17T13:26:38Z
[collector] snapshot #1742 2026-09-17T13:26:39Z
[collector] snapshot #1743 2026-09-17T13:26:40Z
[collector] snapshot #1744 2026-09-17T13:26:41Z
[collector] snapshot #1745 2026-09-17T13:26:42Z
[collector] snapshot #1746 2026-09-17T13:26:43Z
[collector] snapshot #1747 2026-09-17T13:26:44Z
[collector] snapshot #1748 2026-09-17T13:26:45Z
[collector] snapshot #1749 2026-09-17T13:26:46Z
[collector] snapshot #1750 2026-09-17T13:26:47Z
[collector] snapshot #1751 2026-09-17T13:26:48Z
[collector] snapshot #1752 2026-09-17T13:26:49Z
[collector] snapshot #1753 2026-09-17T13:26:50Z
[collector] snapshot #1754 2026-09-17T13:26:51Z
[collector] snapshot #1755 2026-09-17T13:26:52Z
[collector] snapshot #1756 2026-09-17T13:26:53Z
[collector] snapshot #1757 2026-09-17T13:26:54Z
[collector] snapshot #1758 2026-09-17T13:26:55Z
[collector] snapshot #1759 2026-09-17T13:26:56Z
[collector] snapshot #1760 2026-09-17T13:26:57Z
[collector] snapshot #1761 2026-09-17T13:26:58Z
[collector] snapshot #1762 2026-09-17T13:26:59Z
[collector] snapshot #1763 2026-09-17T13:27:00Z
[collector] snapshot #1764 2026-09-17T13:27:01Z
[collector] snapshot #1765 2026-09-17T13:27:02Z
[collector] snapshot #1766 2026-09-17T13:27:03Z
[collector] snapshot #1767 2026-09-17T13:27:04Z
[collector] snapshot #1768 2026-09-17T13:27:05Z
[collector] snapshot #1769 2026-09-17T13:27:06Z
[collector] snapshot #1770 2026-09-17T13:27:07Z
[collector] snapshot #1771 2026-09-17T13:27:08Z
[collector] snapshot #1772 2026-09-17T13:27:09Z
[collector] snapshot #1773 2026-09-17T13:27:10Z
[collector] snapshot #1774 2026-09-17T13:27:11Z
[collector] snapshot #1775 2026-09-17T13:27:12Z
[collector] snapshot #1776 2026-09-17T13:27:13Z
[collector] snapshot #1777 2026-09-17T13:27:14Z
[collector] snapshot #1778 2026-09-17T13:27:15Z
[collector] snapshot #1779 2026-09-17T13:27:16Z
[collector] snapshot #1780 2026-09-17T13:27:17Z
[collector] snapshot #1781 2026-09-17T13:27:18Z
[collector] snapshot #1782 2026-09-17T13:27:19Z
[collector] snapshot #1783 2026-09-17T13:27:20Z
[collector] snapshot #1784 2026-09-17T13:27:21Z
[collector] snapshot #1785 2026-09-17T13:27:22Z
[collector] snapshot #1786 2026-09-17T13:27:23Z
[collector] snapshot #1787 2026-09-17T13:27:24Z
[collector] snapshot #1788 2026-09-17T13:27:25Z
[collector] snapshot #1789 2026-09-17T13:27:26Z
[collector] snapshot #1790 2026-09-17T13:27:27Z
[collector] snapshot #1791 2026-09-17T13:27:28Z
[collector] snapshot #1792 2026-09-17T13:27:29Z
[collector] snapshot #1793 2026-09-17T13:27:30Z
[collector] snapshot #1794 2026-09-17T13:27:31Z
[collector] snapshot #1795 2026-09-17T13:27:32Z
[collector] snapshot #1796 2026-09-17T13:27:33Z
[collector] snapshot #1797 2026-09-17T13:27:34Z
[collector] snapshot #1798 2026-09-17T13:27:35Z
[collector] snapshot #1799 2026-09-17T13:27:36Z
[collector] snapshot #1800 2026-09-17T13:27:37Z
[collector] snapshot #1801 2026-09-17T13:27:38Z
[collector] snapshot #1802 2026-09-17T13:27:39Z
[collector] snapshot #1803 2026-09-17T13:27:40Z
[collector] snapshot #1804 2026-09-17T13:27:41Z
[collector] snapshot #1805 2026-09-17T13:27:42Z
[collector] snapshot #1806 2026-09-17T13:27:43Z
[collector] snapshot #1807 2026-09-17T13:27:44Z
[collector] snapshot #1808 2026-09-17T13:27:45Z
[collector] snapshot #1809 2026-09-17T13:27:46Z
[collector] snapshot #1810 2026-09-17T13:27:47Z
[collector] snapshot #1811 2026-09-17T13:27:48Z
[collector] snapshot #1812 2026-09-17T13:27:49Z
[collector] snapshot #1813 2026-09-17T13:27:50Z
[collector] snapshot #1814 2026-09-17T13:27:51Z
[collector] snapshot #1815 2026-09-17T13:27:52Z
[collector] snapshot #1816 2026-09-17T13:27:53Z
[collector] snapshot #1817 2026-09-17T13:27:54Z
[collector] snapshot #1818 2026-09-17T13:27:55Z
[collector] snapshot #1819 2026-09-17T13:27:56Z
[collector] snapshot #1820 2026-09-17T13:27:57Z
[collector] snapshot #1821 2026-09-17T13:27:58Z
[collector] snapshot #1822 2026-09-17T13:27:59Z
[collector] snapshot #1823 2026-09-17T13:28:00Z
[collector] snapshot #1824 2026-09-17T13:28:01Z
[collector] snapshot #1825 2026-09-17T13:28:02Z
[collector] snapshot #1826 2026-09-17T13:28:03Z
[collector] snapshot #1827 2026-09-17T13:28:04Z
[collector] snapshot #1828 2026-09-17T13:28:05Z
[collector] snapshot #1829 2026-09-17T13:28:06Z
[collector] snapshot #1830 2026-09-17T13:28:07Z
[collector] snapshot #1831 2026-09-17T13:28:08Z
[collector] snapshot #1832 2026-09-17T13:28:09Z
[collector] snapshot #1833 2026-09-17T13:28:10Z
[collector] snapshot #1834 2026-09-17T13:28:11Z
[collector] snapshot #1835 2026-09-17T13:28:12Z
[collector] snapshot #1836 2026-09-17T13:28:13Z
[collector] snapshot #1837 2026-09-17T13:28:14Z
[collector] snapshot #1838 2026-09-17T13:28:15Z
[collector] snapshot #1839 2026-09-17T13:28:16Z
[collector] snapshot #1840 2026-09-17T13:28:17Z
[collector] snapshot #1841 2026-09-17T13:28:18Z
[collector] snapshot #1842 2026-09-17T13:28:19Z
[collector] snapshot #1843 2026-09-17T13:28:20Z
[collector] snapshot #1844 2026-09-17T13:28:21Z
[collector] snapshot #1845 2026-09-17T13:28:22Z
[collector] snapshot #1846 2026-09-17T13:28:23Z
[collector] snapshot #1847 2026-09-17T13:28:24Z
[collector] snapshot #1848 2026-09-17T13:28:25Z
[collector] snapshot #1849 2026-09-17T13:28:26Z
[collector] snapshot #1850 2026-09-17T13:28:27Z
[collector] snapshot #1851 2026-09-17T13:28:28Z
[collector] snapshot #1852 2026-09-17T13:28:29Z
[collector] snapshot #1853 2026-09-17T13:28:30Z
[collector] snapshot #1854 2026-09-17T13:28:31Z
[collector] snapshot #1855 2026-09-17T13:28:32Z
[collector] snapshot #1856 2026-09-17T13:28:33Z
[collector] snapshot #1857 2026-09-17T13:28:34Z
[collector] snapshot #1858 2026-09-17T13:28:35Z
[collector] snapshot #1859 2026-09-17T13:28:36Z
[collector] snapshot #1860 2026-09-17T13:28:37Z
[collector] snapshot #1861 2026-09-17T13:28:38Z
[collector] snapshot #1862 2026-09-17T13:28:39Z
[collector] snapshot #1863 2026-09-17T13:28:40Z
[collector] snapshot #1864 2026-09-17T13:28:41Z
[collector] snapshot #1865 2026-09-17T13:28:42Z
[collector] snapshot #1866 2026-09-17T13:28:43Z
[collector] snapshot #1867 2026-09-17T13:28:44Z
[collector] snapshot #1868 2026-09-17T13:28:45Z
[collector] snapshot #1869 2026-09-17T13:28:46Z
[collector] snapshot #1870 2026-09-17T13:28:47Z
[collector] snapshot #1871 2026-09-17T13:28:48Z
[collector] snapshot #1872 2026-09-17T13:28:49Z
[collector] snapshot #1873 2026-09-17T13:28:50Z
[collector] snapshot #1874 2026-09-17T13:28:51Z
[collector] snapshot #1875 2026-09-17T13:28:52Z
[collector] snapshot #1876 2026-09-17T13:28:53Z
[collector] snapshot #1877 2026-09-17T13:28:54Z
[collector] snapshot #1878 2026-09-17T13:28:55Z
[collector] snapshot #1879 2026-09-17T13:28:56Z
[collector] snapshot #1880 2026-09-17T13:28:57Z
[collector] snapshot #1881 2026-09-17T13:28:58Z
[collector] snapshot #1882 2026-09-17T13:28:59Z
[collector] snapshot #1883 2026-09-17T13:29:00Z
[collector] snapshot #1884 2026-09-17T13:29:01Z
[collector] snapshot #1885 2026-09-17T13:29:02Z
[collector] snapshot #1886 2026-09-17T13:29:03Z
[collector] snapshot #1887 2026-09-17T13:29:04Z
[collector] snapshot #1888 2026-09-17T13:29:05Z
[collector] snapshot #1889 2026-09-17T13:29:06Z
[collector] snapshot #1890 2026-09-17T13:29:07Z
[collector] snapshot #1891 2026-09-17T13:29:08Z
[collector] snapshot #1892 2026-09-17T13:29:09Z
[collector] snapshot #1893 2026-09-17T13:29:10Z
[collector] snapshot #1894 2026-09-17T13:29:11Z
[collector] snapshot #1895 2026-09-17T13:29:12Z
[collector] snapshot #1896 2026-09-17T13:29:13Z
[collector] snapshot #1897 2026-09-17T13:29:14Z
[collector] snapshot #1898 2026-09-17T13:29:15Z
[collector] snapshot #1899 2026-09-17T13:29:16Z
[collector] snapshot #1900 2026-09-17T13:29:17Z
[collector] snapshot #1901 2026-09-17T13:29:18Z
[collector] snapshot #1902 2026-09-17T13:29:19Z
[collector] snapshot #1903 2026-09-17T13:29:20Z
[collector] snapshot #1904 2026-09-17T13:29:21Z
[collector] snapshot #1905 2026-09-17T13:29:22Z
[collector] snapshot #1906 2026-09-17T13:29:23Z
[collector] snapshot #1907 2026-09-17T13:29:24Z
[collector] snapshot #1908 2026-09-17T13:29:25Z
[collector] snapshot #1909 2026-09-17T13:29:26Z
[collector] snapshot #1910 2026-09-17T13:29:27Z
[collector] snapshot #1911 2026-09-17T13:29:28Z
[collector] snapshot #1912 2026-09-17T13:29:29Z
[collector] snapshot #1913 2026-09-17T13:29:30Z
[collector] snapshot #1914 2026-09-17T13:29:31Z
[collector] snapshot #1915 2026-09-17T13:29:32Z
[collector] snapshot #1916 2026-09-17T13:29:33Z
[collector] snapshot #1917 2026-09-17T13:29:34Z
[collector] snapshot #1918 2026-09-17T13:29:35Z
[collector] snapshot #1919 2026-09-17T13:29:36Z
[collector] snapshot #1920 2026-09-17T13:29:37Z
[collector] snapshot #1921 2026-09-17T13:29:38Z
[collector] snapshot #1922 2026-09-17T13:29:39Z
[collector] snapshot #1923 2026-09-17T13:29:40Z
[collector] snapshot #1924 2026-09-17T13:29:41Z
[collector] snapshot #1925 2026-09-17T13:29:42Z
[collector] snapshot #1926 2026-09-17T13:29:43Z
[collector] snapshot #1927 2026-09-17T13:29:44Z
[collector] snapshot #1928 2026-09-17T13:29:45Z
[collector] snapshot #1929 2026-09-17T13:29:46Z
[collector] snapshot #1930 2026-09-17T13:29:47Z
[collector] snapshot #1931 2026-09-17T13:29:48Z
[collector] snapshot #1932 2026-09-17T13:29:49Z
[collector] snapshot #1933 2026-09-17T13:29:50Z
[collector] snapshot #1934 2026-09-17T13:29:51Z
[collector] snapshot #1935 2026-09-17T13:29:52Z
[collector] snapshot #1936 2026-09-17T13:29:53Z
[collector] snapshot #1937 2026-09-17T13:29:54Z
[collector] snapshot #1938 2026-09-17T13:29:55Z
[collector] snapshot #1939 2026-09-17T13:29:56Z
[collector] snapshot #1940 2026-09-17T13:29:57Z
[collector] snapshot #1941 2026-09-17T13:29:58Z
[collector] snapshot #1942 2026-09-17T13:29:59Z
[collector] snapshot #1943 2026-09-17T13:30:00Z
[collector] snapshot #1944 2026-09-17T13:30:01Z
[collector] snapshot #1945 2026-09-17T13:30:02Z
[collector] snapshot #1946 2026-09-17T13:30:03Z
[collector] snapshot #1947 2026-09-17T13:30:04Z
[collector] snapshot #1948 2026-09-17T13:30:05Z
[collector] snapshot #1949 2026-09-17T13:30:06Z
[collector] snapshot #1950 2026-09-17T13:30:07Z
[collector] snapshot #1951 2026-09-17T13:30:08Z
[collector] snapshot #1952 2026-09-17T13:30:09Z
[collector] snapshot #1953 2026-09-17T13:30:10Z
[collector] snapshot #1954 2026-09-17T13:30:11Z
[collector] snapshot #1955 2026-09-17T13:30:12Z
[collector] snapshot #1956 2026-09-17T13:30:13Z
[collector] snapshot #1957 2026-09-17T13:30:14Z
[collector] snapshot #1958 2026-09-17T13:30:15Z
[collector] snapshot #1959 2026-09-17T13:30:16Z
[collector] snapshot #1960 2026-09-17T13:30:17Z
[collector] snapshot #1961 2026-09-17T13:30:18Z
[collector] snapshot #1962 2026-09-17T13:30:19Z
[collector] snapshot #1963 2026-09-17T13:30:20Z
[collector] snapshot #1964 2026-09-17T13:30:21Z
[collector] snapshot #1965 2026-09-17T13:30:22Z
[collector] snapshot #1966 2026-09-17T13:30:23Z
[collector] snapshot #1967 2026-09-17T13:30:24Z
[collector] snapshot #1968 2026-09-17T13:30:25Z
[collector] snapshot #1969 2026-09-17T13:30:26Z
[collector] snapshot #1970 2026-09-17T13:30:27Z
[collector] snapshot #1971 2026-09-17T13:30:28Z
[collector] snapshot #1972 2026-09-17T13:30:29Z
[collector] snapshot #1973 2026-09-17T13:30:30Z
[collector] snapshot #1974 2026-09-17T13:30:31Z
[collector] snapshot #1975 2026-09-17T13:30:32Z
[collector] snapshot #1976 2026-09-17T13:30:33Z
[collector] snapshot #1977 2026-09-17T13:30:34Z
[collector] snapshot #1978 2026-09-17T13:30:35Z
[collector] snapshot #1979 2026-09-17T13:30:36Z
[collector] snapshot #1980 2026-09-17T13:30:37Z
[collector] snapshot #1981 2026-09-17T13:30:38Z
[collector] snapshot #1982 2026-09-17T13:30:39Z
[collector] snapshot #1983 2026-09-17T13:30:40Z
[collector] snapshot #1984 2026-09-17T13:30:41Z
[collector] snapshot #1985 2026-09-17T13:30:42Z
[collector] snapshot #1986 2026-09-17T13:30:43Z
[collector] snapshot #1987 2026-09-17T13:30:44Z
[collector] snapshot #1988 2026-09-17T13:30:45Z
[collector] snapshot #1989 2026-09-17T13:30:46Z
[collector] snapshot #1990 2026-09-17T13:30:47Z
[collector] snapshot #1991 2026-09-17T13:30:48Z
[collector] snapshot #1992 2026-09-17T13:30:49Z
[collector] snapshot #1993 2026-09-17T13:30:50Z
[collector] snapshot #1994 2026-09-17T13:30:51Z
[collector] snapshot #1995 2026-09-17T13:30:52Z
[collector] snapshot #1996 2026-09-17T13:30:53Z
[collector] snapshot #1997 2026-09-17T13:30:54Z
[collector] snapshot #1998 2026-09-17T13:30:55Z
[collector] snapshot #1999 2026-09-17T13:30:56Z
[collector] snapshot #2000 2026-09-17T13:30:57Z
[collector] snapshot #2001 2026-09-17T13:30:58Z
[collector] snapshot #2002 2026-09-17T13:30:59Z
[collector] snapshot #2003 2026-09-17T13:31:00Z
[collector] snapshot #2004 2026-09-17T13:31:01Z
[collector] snapshot #2005 2026-09-17T13:31:02Z
[collector] snapshot #2006 2026-09-17T13:31:03Z
[collector] snapshot #2007 2026-09-17T13:31:04Z
[collector] snapshot #2008 2026-09-17T13:31:05Z
[collector] snapshot #2009 2026-09-17T13:31:06Z
[collector] snapshot #2010 2026-09-17T13:31:07Z
[collector] snapshot #2011 2026-09-17T13:31:08Z
[collector] snapshot #2012 2026-09-17T13:31:09Z
[collector] snapshot #2013 2026-09-17T13:31:10Z
[collector] snapshot #2014 2026-09-17T13:31:11Z
[collector] snapshot #2015 2026-09-17T13:31:12Z
[collector] snapshot #2016 2026-09-17T13:31:13Z
[collector] snapshot #2017 2026-09-17T13:31:14Z
[collector] snapshot #2018 2026-09-17T13:31:15Z
[collector] snapshot #2019 2026-09-17T13:31:16Z
[collector] snapshot #2020 2026-09-17T13:31:17Z
[collector] snapshot #2021 2026-09-17T13:31:18Z
[collector] snapshot #2022 2026-09-17T13:31:19Z
[collector] snapshot #2023 2026-09-17T13:31:20Z
[collector] snapshot #2024 2026-09-17T13:31:21Z
[collector] snapshot #2025 2026-09-17T13:31:22Z
[collector] snapshot #2026 2026-09-17T13:31:23Z
[collector] snapshot #2027 2026-09-17T13:31:24Z
[collector] snapshot #2028 2026-09-17T13:31:25Z
[collector] snapshot #2029 2026-09-17T13:31:26Z
[collector] snapshot #2030 2026-09-17T13:31:27Z
[collector] snapshot #2031 2026-09-17T13:31:28Z
[collector] snapshot #2032 2026-09-17T13:31:29Z
[collector] snapshot #2033 2026-09-17T13:31:30Z
[collector] snapshot #2034 2026-09-17T13:31:31Z
[collector] snapshot #2035 2026-09-17T13:31:32Z
[collector] snapshot #2036 2026-09-17T13:31:33Z
[collector] snapshot #2037 2026-09-17T13:31:34Z
[collector] snapshot #2038 2026-09-17T13:31:35Z
[collector] snapshot #2039 2026-09-17T13:31:36Z
[collector] snapshot #2040 2026-09-17T13:31:37Z
[collector] snapshot #2041 2026-09-17T13:31:38Z
[collector] snapshot #2042 2026-09-17T13:31:39Z
[collector] snapshot #2043 2026-09-17T13:31:40Z
[collector] snapshot #2044 2026-09-17T13:31:41Z
[collector] snapshot #2045 2026-09-17T13:31:42Z
[collector] snapshot #2046 2026-09-17T13:31:43Z
[collector] snapshot #2047 2026-09-17T13:31:44Z
[collector] snapshot #2048 2026-09-17T13:31:45Z
[collector] snapshot #2049 2026-09-17T13:31:46Z
[collector] snapshot #2050 2026-09-17T13:31:47Z
[collector] snapshot #2051 2026-09-17T13:31:48Z
[collector] snapshot #2052 2026-09-17T13:31:49Z
[collector] snapshot #2053 2026-09-17T13:31:50Z
[collector] snapshot #2054 2026-09-17T13:31:51Z
[collector] snapshot #2055 2026-09-17T13:31:52Z
[collector] snapshot #2056 2026-09-17T13:31:53Z
[collector] snapshot #2057 2026-09-17T13:31:54Z
[collector] snapshot #2058 2026-09-17T13:31:55Z
[collector] snapshot #2059 2026-09-17T13:31:56Z
[collector] snapshot #2060 2026-09-17T13:31:57Z
[collector] snapshot #2061 2026-09-17T13:31:58Z
[collector] snapshot #2062 2026-09-17T13:31:59Z
[collector] snapshot #2063 2026-09-17T13:32:00Z
[collector] snapshot #2064 2026-09-17T13:32:01Z
[collector] snapshot #2065 2026-09-17T13:32:02Z
[collector] snapshot #2066 2026-09-17T13:32:03Z
[collector] snapshot #2067 2026-09-17T13:32:04Z
[collector] snapshot #2068 2026-09-17T13:32:05Z
[collector] snapshot #2069 2026-09-17T13:32:06Z
[collector] snapshot #2070 2026-09-17T13:32:07Z
[collector] snapshot #2071 2026-09-17T13:32:08Z
[collector] snapshot #2072 2026-09-17T13:32:09Z
[collector] snapshot #2073 2026-09-17T13:32:10Z
[collector] snapshot #2074 2026-09-17T13:32:11Z
[collector] snapshot #2075 2026-09-17T13:32:12Z
[collector] snapshot #2076 2026-09-17T13:32:13Z
[collector] snapshot #2077 2026-09-17T13:32:14Z
[collector] snapshot #2078 2026-09-17T13:32:15Z
[collector] snapshot #2079 2026-09-17T13:32:16Z
[collector] snapshot #2080 2026-09-17T13:32:17Z
[collector] snapshot #2081 2026-09-17T13:32:18Z
[collector] snapshot #2082 2026-09-17T13:32:19Z
[collector] snapshot #2083 2026-09-17T13:32:20Z
[collector] snapshot #2084 2026-09-17T13:32:21Z
[collector] snapshot #2085 2026-09-17T13:32:22Z
[collector] snapshot #2086 2026-09-17T13:32:23Z
[collector] snapshot #2087 2026-09-17T13:32:24Z
[collector] snapshot #2088 2026-09-17T13:32:25Z
[collector] snapshot #2089 2026-09-17T13:32:26Z
[collector] snapshot #2090 2026-09-17T13:32:27Z
[collector] snapshot #2091 2026-09-17T13:32:28Z
[collector] snapshot #2092 2026-09-17T13:32:29Z
[collector] snapshot #2093 2026-09-17T13:32:30Z
[collector] snapshot #2094 2026-09-17T13:32:31Z
[collector] snapshot #2095 2026-09-17T13:32:32Z
[collector] snapshot #2096 2026-09-17T13:32:33Z
[collector] snapshot #2097 2026-09-17T13:32:34Z
[collector] snapshot #2098 2026-09-17T13:32:35Z
[collector] snapshot #2099 2026-09-17T13:32:36Z
[collector] snapshot #2100 2026-09-17T13:32:37Z
[collector] snapshot #2101 2026-09-17T13:32:38Z
[collector] snapshot #2102 2026-09-17T13:32:39Z
[collector] snapshot #2103 2026-09-17T13:32:40Z
[collector] snapshot #2104 2026-09-17T13:32:41Z
[collector] snapshot #2105 2026-09-17T13:32:42Z
[collector] snapshot #2106 2026-09-17T13:32:43Z
[collector] snapshot #2107 2026-09-17T13:32:44Z
[collector] snapshot #2108 2026-09-17T13:32:45Z
[collector] snapshot #2109 2026-09-17T13:32:46Z
[collector] snapshot #2110 2026-09-17T13:32:47Z
[collector] snapshot #2111 2026-09-17T13:32:48Z
[collector] snapshot #2112 2026-09-17T13:32:49Z
[collector] snapshot #2113 2026-09-17T13:32:50Z
[collector] snapshot #2114 2026-09-17T13:32:51Z
[collector] snapshot #2115 2026-09-17T13:32:52Z
[collector] snapshot #2116 2026-09-17T13:32:53Z
[collector] snapshot #2117 2026-09-17T13:32:54Z
[collector] snapshot #2118 2026-09-17T13:32:55Z
[collector] snapshot #2119 2026-09-17T13:32:56Z
[collector] snapshot #2120 2026-09-17T13:32:57Z
[collector] snapshot #2121 2026-09-17T13:32:58Z
[collector] snapshot #2122 2026-09-17T13:32:59Z
[collector] snapshot #2123 2026-09-17T13:33:00Z
[collector] snapshot #2124 2026-09-17T13:33:01Z
[collector] snapshot #2125 2026-09-17T13:33:02Z
[collector] snapshot #2126 2026-09-17T13:33:03Z
[collector] snapshot #2127 2026-09-17T13:33:04Z
[collector] snapshot #2128 2026-09-17T13:33:05Z
[collector] snapshot #2129 2026-09-17T13:33:06Z
[collector] snapshot #2130 2026-09-17T13:33:07Z
[collector] snapshot #2131 2026-09-17T13:33:08Z
[collector] snapshot #2132 2026-09-17T13:33:09Z
[collector] snapshot #2133 2026-09-17T13:33:10Z
[collector] snapshot #2134 2026-09-17T13:33:11Z
[collector] snapshot #2135 2026-09-17T13:33:12Z
[collector] snapshot #2136 2026-09-17T13:33:13Z
[collector] snapshot #2137 2026-09-17T13:33:14Z
[collector] snapshot #2138 2026-09-17T13:33:15Z
[collector] snapshot #2139 2026-09-17T13:33:16Z
[collector] snapshot #2140 2026-09-17T13:33:17Z
[collector] snapshot #2141 2026-09-17T13:33:18Z
[collector] snapshot #2142 2026-09-17T13:33:19Z
[collector] snapshot #2143 2026-09-17T13:33:20Z
[collector] snapshot #2144 2026-09-17T13:33:21Z
[collector] snapshot #2145 2026-09-17T13:33:22Z
[collector] snapshot #2146 2026-09-17T13:33:23Z
[collector] snapshot #2147 2026-09-17T13:33:24Z
[collector] snapshot #2148 2026-09-17T13:33:25Z
[collector] snapshot #2149 2026-09-17T13:33:26Z
[collector] snapshot #2150 2026-09-17T13:33:27Z
[collector] snapshot #2151 2026-09-17T13:33:28Z
[collector] snapshot #2152 2026-09-17T13:33:29Z
[collector] snapshot #2153 2026-09-17T13:33:30Z
[collector] snapshot #2154 2026-09-17T13:33:31Z
[collector] snapshot #2155 2026-09-17T13:33:32Z
[collector] snapshot #2156 2026-09-17T13:33:33Z
[collector] snapshot #2157 2026-09-17T13:33:34Z
[collector] snapshot #2158 2026-09-17T13:33:35Z
[collector] snapshot #2159 2026-09-17T13:33:36Z
[collector] snapshot #2160 2026-09-17T13:33:37Z
[collector] snapshot #2161 2026-09-17T13:33:38Z
[collector] snapshot #2162 2026-09-17T13:33:39Z
[collector] snapshot #2163 2026-09-17T13:33:40Z
[collector] snapshot #2164 2026-09-17T13:33:41Z
[collector] snapshot #2165 2026-09-17T13:33:42Z
[collector] snapshot #2166 2026-09-17T13:33:43Z
[collector] snapshot #2167 2026-09-17T13:33:44Z
[collector] snapshot #2168 2026-09-17T13:33:45Z
[collector] snapshot #2169 2026-09-17T13:33:46Z
[collector] snapshot #2170 2026-09-17T13:33:47Z
[collector] snapshot #2171 2026-09-17T13:33:48Z
[collector] snapshot #2172 2026-09-17T13:33:49Z
[collector] snapshot #2173 2026-09-17T13:33:50Z
[collector] snapshot #2174 2026-09-17T13:33:51Z
[collector] snapshot #2175 2026-09-17T13:33:52Z
[collector] snapshot #2176 2026-09-17T13:33:53Z
[collector] snapshot #2177 2026-09-17T13:33:54Z
[collector] snapshot #2178 2026-09-17T13:33:55Z
[collector] snapshot #2179 2026-09-17T13:33:56Z
[collector] snapshot #2180 2026-09-17T13:33:57Z
[collector] snapshot #2181 2026-09-17T13:33:58Z
[collector] snapshot #2182 2026-09-17T13:33:59Z
[collector] snapshot #2183 2026-09-17T13:34:00Z
[collector] snapshot #2184 2026-09-17T13:34:01Z
[collector] snapshot #2185 2026-09-17T13:34:02Z
[collector] snapshot #2186 2026-09-17T13:34:03Z
[collector] snapshot #2187 2026-09-17T13:34:04Z
[collector] snapshot #2188 2026-09-17T13:34:05Z
[collector] snapshot #2189 2026-09-17T13:34:06Z
[collector] snapshot #2190 2026-09-17T13:34:07Z
[collector] snapshot #2191 2026-09-17T13:34:08Z
[collector] snapshot #2192 2026-09-17T13:34:09Z
[collector] snapshot #2193 2026-09-17T13:34:10Z
[collector] snapshot #2194 2026-09-17T13:34:11Z
[collector] snapshot #2195 2026-09-17T13:34:12Z
[collector] snapshot #2196 2026-09-17T13:34:13Z
[collector] snapshot #2197 2026-09-17T13:34:14Z
[collector] snapshot #2198 2026-09-17T13:34:15Z
[collector] snapshot #2199 2026-09-17T13:34:16Z
[collector] snapshot #2200 2026-09-17T13:34:17Z
[collector] snapshot #2201 2026-09-17T13:34:18Z
[collector] snapshot #2202 2026-09-17T13:34:19Z
[collector] snapshot #2203 2026-09-17T13:34:20Z
[collector] snapshot #2204 2026-09-17T13:34:21Z
[collector] snapshot #2205 2026-09-17T13:34:22Z
[collector] snapshot #2206 2026-09-17T13:34:23Z
[collector] snapshot #2207 2026-09-17T13:34:24Z
[collector] snapshot #2208 2026-09-17T13:34:25Z
[collector] snapshot #2209 2026-09-17T13:34:26Z
[collector] snapshot #2210 2026-09-17T13:34:27Z
[collector] snapshot #2211 2026-09-17T13:34:28Z
[collector] snapshot #2212 2026-09-17T13:34:29Z
[collector] snapshot #2213 2026-09-17T13:34:30Z
[collector] snapshot #2214 2026-09-17T13:34:31Z
[collector] snapshot #2215 2026-09-17T13:34:32Z
[collector] snapshot #2216 2026-09-17T13:34:33Z
[collector] snapshot #2217 2026-09-17T13:34:34Z
[collector] snapshot #2218 2026-09-17T13:34:35Z
[collector] snapshot #2219 2026-09-17T13:34:36Z
[collector] snapshot #2220 2026-09-17T13:34:37Z
[collector] snapshot #2221 2026-09-17T13:34:38Z
[collector] snapshot #2222 2026-09-17T13:34:39Z
[collector] snapshot #2223 2026-09-17T13:34:40Z
[collector] snapshot #2224 2026-09-17T13:34:41Z
[collector] snapshot #2225 2026-09-17T13:34:42Z
[collector] snapshot #2226 2026-09-17T13:34:43Z
[collector] snapshot #2227 2026-09-17T13:34:44Z
[collector] snapshot #2228 2026-09-17T13:34:45Z
[collector] snapshot #2229 2026-09-17T13:34:46Z
[collector] snapshot #2230 2026-09-17T13:34:47Z
[collector] snapshot #2231 2026-09-17T13:34:48Z
[collector] snapshot #2232 2026-09-17T13:34:49Z
[collector] snapshot #2233 2026-09-17T13:34:50Z
[collector] snapshot #2234 2026-09-17T13:34:51Z
[collector] snapshot #2235 2026-09-17T13:34:52Z
[collector] snapshot #2236 2026-09-17T13:34:53Z
[collector] snapshot #2237 2026-09-17T13:34:54Z
[collector] snapshot #2238 2026-09-17T13:34:55Z
[collector] snapshot #2239 2026-09-17T13:34:56Z
[collector] snapshot #2240 2026-09-17T13:34:57Z
[collector] snapshot #2241 2026-09-17T13:34:58Z
[collector] snapshot #2242 2026-09-17T13:34:59Z
[collector] snapshot #2243 2026-09-17T13:35:00Z
[collector] snapshot #2244 2026-09-17T13:35:01Z
[collector] snapshot #2245 2026-09-17T13:35:02Z
[collector] snapshot #2246 2026-09-17T13:35:03Z
[collector] snapshot #2247 2026-09-17T13:35:04Z
[collector] snapshot #2248 2026-09-17T13:35:05Z
[collector] snapshot #2249 2026-09-17T13:35:06Z
[collector] snapshot #2250 2026-09-17T13:35:07Z
[collector] snapshot #2251 2026-09-17T13:35:08Z
[collector] snapshot #2252 2026-09-17T13:35:09Z
[collector] snapshot #2253 2026-09-17T13:35:10Z
[collector] snapshot #2254 2026-09-17T13:35:11Z
[collector] snapshot #2255 2026-09-17T13:35:12Z
[collector] snapshot #2256 2026-09-17T13:35:13Z
[collector] snapshot #2257 2026-09-17T13:35:14Z
[collector] snapshot #2258 2026-09-17T13:35:15Z
[collector] snapshot #2259 2026-09-17T13:35:16Z
[collector] snapshot #2260 2026-09-17T13:35:17Z
[collector] snapshot #2261 2026-09-17T13:35:18Z
[collector] snapshot #2262 2026-09-17T13:35:19Z
[collector] snapshot #2263 2026-09-17T13:35:20Z
[collector] snapshot #2264 2026-09-17T13:35:21Z
[collector] snapshot #2265 2026-09-17T13:35:22Z
[collector] snapshot #2266 2026-09-17T13:35:23Z
[collector] snapshot #2267 2026-09-17T13:35:24Z
[collector] snapshot #2268 2026-09-17T13:35:25Z
[collector] snapshot #2269 2026-09-17T13:35:26Z
[collector] snapshot #2270 2026-09-17T13:35:27Z
[collector] snapshot #2271 2026-09-17T13:35:28Z
[collector] snapshot #2272 2026-09-17T13:35:29Z
[collector] snapshot #2273 2026-09-17T13:35:30Z
[collector] snapshot #2274 2026-09-17T13:35:31Z
[collector] snapshot #2275 2026-09-17T13:35:32Z
[collector] snapshot #2276 2026-09-17T13:35:33Z
[collector] snapshot #2277 2026-09-17T13:35:34Z
[collector] snapshot #2278 2026-09-17T13:35:35Z
[collector] snapshot #2279 2026-09-17T13:35:36Z
[collector] snapshot #2280 2026-09-17T13:35:37Z
[collector] snapshot #2281 2026-09-17T13:35:38Z
[collector] snapshot #2282 2026-09-17T13:35:39Z
[collector] snapshot #2283 2026-09-17T13:35:40Z
[collector] snapshot #2284 2026-09-17T13:35:41Z
[collector] snapshot #2285 2026-09-17T13:35:42Z
[collector] snapshot #2286 2026-09-17T13:35:43Z
[collector] snapshot #2287 2026-09-17T13:35:44Z
[collector] snapshot #2288 2026-09-17T13:35:45Z
[collector] snapshot #2289 2026-09-17T13:35:46Z
[collector] snapshot #2290 2026-09-17T13:35:47Z
[collector] snapshot #2291 2026-09-17T13:35:48Z
[collector] snapshot #2292 2026-09-17T13:35:49Z
[collector] snapshot #2293 2026-09-17T13:35:50Z
[collector] snapshot #2294 2026-09-17T13:35:51Z
[collector] snapshot #2295 2026-09-17T13:35:52Z
[collector] snapshot #2296 2026-09-17T13:35:53Z
[collector] snapshot #2297 2026-09-17T13:35:54Z
[collector] snapshot #2298 2026-09-17T13:35:55Z
[collector] snapshot #2299 2026-09-17T13:35:56Z
[collector] snapshot #2300 2026-09-17T13:35:57Z
[collector] snapshot #2301 2026-09-17T13:35:58Z
[collector] snapshot #2302 2026-09-17T13:35:59Z
[collector] snapshot #2303 2026-09-17T13:36:00Z
[collector] snapshot #2304 2026-09-17T13:36:01Z
[collector] snapshot #2305 2026-09-17T13:36:02Z
[collector] snapshot #2306 2026-09-17T13:36:03Z
[collector] snapshot #2307 2026-09-17T13:36:04Z
[collector] snapshot #2308 2026-09-17T13:36:05Z
[collector] snapshot #2309 2026-09-17T13:36:06Z
[collector] snapshot #2310 2026-09-17T13:36:07Z
[collector] snapshot #2311 2026-09-17T13:36:08Z
[collector] snapshot #2312 2026-09-17T13:36:09Z
[collector] snapshot #2313 2026-09-17T13:36:10Z
[collector] snapshot #2314 2026-09-17T13:36:11Z
[collector] snapshot #2315 2026-09-17T13:36:12Z
[collector] snapshot #2316 2026-09-17T13:36:13Z
[collector] snapshot #2317 2026-09-17T13:36:14Z
[collector] snapshot #2318 2026-09-17T13:36:15Z
[collector] snapshot #2319 2026-09-17T13:36:16Z
[collector] snapshot #2320 2026-09-17T13:36:17Z
[collector] snapshot #2321 2026-09-17T13:36:18Z
[collector] snapshot #2322 2026-09-17T13:36:19Z
[collector] snapshot #2323 2026-09-17T13:36:20Z
[collector] snapshot #2324 2026-09-17T13:36:21Z
[collector] snapshot #2325 2026-09-17T13:36:22Z
[collector] snapshot #2326 2026-09-17T13:36:23Z
[collector] snapshot #2327 2026-09-17T13:36:24Z
[collector] snapshot #2328 2026-09-17T13:36:25Z
[collector] snapshot #2329 2026-09-17T13:36:26Z
[collector] snapshot #2330 2026-09-17T13:36:27Z
[collector] snapshot #2331 2026-09-17T13:36:28Z
[collector] snapshot #2332 2026-09-17T13:36:29Z
[collector] snapshot #2333 2026-09-17T13:36:30Z
[collector] snapshot #2334 2026-09-17T13:36:31Z
[collector] snapshot #2335 2026-09-17T13:36:32Z
[collector] snapshot #2336 2026-09-17T13:36:33Z
[collector] snapshot #2337 2026-09-17T13:36:34Z
[collector] snapshot #2338 2026-09-17T13:36:35Z
[collector] snapshot #2339 2026-09-17T13:36:36Z
[collector] snapshot #2340 2026-09-17T13:36:37Z
[collector] snapshot #2341 2026-09-17T13:36:38Z
[collector] snapshot #2342 2026-09-17T13:36:39Z
[collector] snapshot #2343 2026-09-17T13:36:40Z
[collector] snapshot #2344 2026-09-17T13:36:41Z
[collector] snapshot #2345 2026-09-17T13:36:42Z
[collector] snapshot #2346 2026-09-17T13:36:43Z
[collector] snapshot #2347 2026-09-17T13:36:44Z
[collector] snapshot #2348 2026-09-17T13:36:45Z
[collector] snapshot #2349 2026-09-17T13:36:46Z
[collector] snapshot #2350 2026-09-17T13:36:47Z
[collector] snapshot #2351 2026-09-17T13:36:48Z
[collector] snapshot #2352 2026-09-17T13:36:49Z
[collector] snapshot #2353 2026-09-17T13:36:50Z
[collector] snapshot #2354 2026-09-17T13:36:51Z
[collector] snapshot #2355 2026-09-17T13:36:52Z
[collector] snapshot #2356 2026-09-17T13:36:53Z
[collector] snapshot #2357 2026-09-17T13:36:54Z
[collector] snapshot #2358 2026-09-17T13:36:55Z
[collector] snapshot #2359 2026-09-17T13:36:56Z
[collector] snapshot #2360 2026-09-17T13:36:57Z
[collector] snapshot #2361 2026-09-17T13:36:58Z
[collector] snapshot #2362 2026-09-17T13:36:59Z
[collector] snapshot #2363 2026-09-17T13:37:00Z
[collector] snapshot #2364 2026-09-17T13:37:01Z
[collector] snapshot #2365 2026-09-17T13:37:02Z
[collector] snapshot #2366 2026-09-17T13:37:03Z
[collector] snapshot #2367 2026-09-17T13:37:04Z
[collector] snapshot #2368 2026-09-17T13:37:05Z
[collector] snapshot #2369 2026-09-17T13:37:06Z
[collector] snapshot #2370 2026-09-17T13:37:07Z
[collector] snapshot #2371 2026-09-17T13:37:08Z
[collector] snapshot #2372 2026-09-17T13:37:09Z
[collector] snapshot #2373 2026-09-17T13:37:10Z
[collector] snapshot #2374 2026-09-17T13:37:11Z
[collector] snapshot #2375 2026-09-17T13:37:12Z
[collector] snapshot #2376 2026-09-17T13:37:13Z
[collector] snapshot #2377 2026-09-17T13:37:14Z
[collector] snapshot #2378 2026-09-17T13:37:15Z
[collector] snapshot #2379 2026-09-17T13:37:16Z
[collector] snapshot #2380 2026-09-17T13:37:17Z
[collector] snapshot #2381 2026-09-17T13:37:18Z
[collector] snapshot #2382 2026-09-17T13:37:19Z
[collector] snapshot #2383 2026-09-17T13:37:20Z
[collector] snapshot #2384 2026-09-17T13:37:21Z
[collector] snapshot #2385 2026-09-17T13:37:22Z
[collector] snapshot #2386 2026-09-17T13:37:23Z
[collector] snapshot #2387 2026-09-17T13:37:24Z
[collector] snapshot #2388 2026-09-17T13:37:25Z
[collector] snapshot #2389 2026-09-17T13:37:26Z
[collector] snapshot #2390 2026-09-17T13:37:27Z
[collector] snapshot #2391 2026-09-17T13:37:28Z
[collector] snapshot #2392 2026-09-17T13:37:29Z
[collector] snapshot #2393 2026-09-17T13:37:30Z
[collector] snapshot #2394 2026-09-17T13:37:31Z
[collector] snapshot #2395 2026-09-17T13:37:32Z
[collector] snapshot #2396 2026-09-17T13:37:33Z
[collector] snapshot #2397 2026-09-17T13:37:34Z
[collector] snapshot #2398 2026-09-17T13:37:35Z
[collector] snapshot #2399 2026-09-17T13:37:36Z
[collector] snapshot #2400 2026-09-17T13:37:37Z
[collector] snapshot #2401 2026-09-17T13:37:38Z
[collector] snapshot #2402 2026-09-17T13:37:39Z
[collector] snapshot #2403 2026-09-17T13:37:40Z
[collector] snapshot #2404 2026-09-17T13:37:41Z
[collector] snapshot #2405 2026-09-17T13:37:42Z
[collector] snapshot #2406 2026-09-17T13:37:43Z
[collector] snapshot #2407 2026-09-17T13:37:44Z
[collector] snapshot #2408 2026-09-17T13:37:45Z
[collector] snapshot #2409 2026-09-17T13:37:46Z
[collector] snapshot #2410 2026-09-17T13:37:47Z
[collector] snapshot #2411 2026-09-17T13:37:48Z
[collector] snapshot #2412 2026-09-17T13:37:49Z
[collector] snapshot #2413 2026-09-17T13:37:50Z
[collector] snapshot #2414 2026-09-17T13:37:51Z
[collector] snapshot #2415 2026-09-17T13:37:52Z
[collector] snapshot #2416 2026-09-17T13:37:53Z
[collector] snapshot #2417 2026-09-17T13:37:54Z
[collector] snapshot #2418 2026-09-17T13:37:55Z
[collector] snapshot #2419 2026-09-17T13:37:56Z
[collector] snapshot #2420 2026-09-17T13:37:57Z
[collector] snapshot #2421 2026-09-17T13:37:58Z
[collector] snapshot #2422 2026-09-17T13:37:59Z
[collector] snapshot #2423 2026-09-17T13:38:00Z
[collector] snapshot #2424 2026-09-17T13:38:01Z
[collector] snapshot #2425 2026-09-17T13:38:02Z
[collector] snapshot #2426 2026-09-17T13:38:03Z
[collector] snapshot #2427 2026-09-17T13:38:04Z
[collector] snapshot #2428 2026-09-17T13:38:05Z
[collector] snapshot #2429 2026-09-17T13:38:06Z
[collector] snapshot #2430 2026-09-17T13:38:07Z
[collector] snapshot #2431 2026-09-17T13:38:08Z
[collector] snapshot #2432 2026-09-17T13:38:09Z
[collector] snapshot #2433 2026-09-17T13:38:10Z
[collector] snapshot #2434 2026-09-17T13:38:11Z
[collector] snapshot #2435 2026-09-17T13:38:12Z
[collector] snapshot #2436 2026-09-17T13:38:13Z
[collector] snapshot #2437 2026-09-17T13:38:14Z
[collector] snapshot #2438 2026-09-17T13:38:15Z
[collector] snapshot #2439 2026-09-17T13:38:16Z
[collector] snapshot #2440 2026-09-17T13:38:17Z
[collector] snapshot #2441 2026-09-17T13:38:18Z
[collector] snapshot #2442 2026-09-17T13:38:19Z
[collector] snapshot #2443 2026-09-17T13:38:20Z
[collector] snapshot #2444 2026-09-17T13:38:21Z
[collector] snapshot #2445 2026-09-17T13:38:22Z
[collector] snapshot #2446 2026-09-17T13:38:23Z
[collector] snapshot #2447 2026-09-17T13:38:24Z
[collector] snapshot #2448 2026-09-17T13:38:25Z
[collector] snapshot #2449 2026-09-17T13:38:26Z
[collector] snapshot #2450 2026-09-17T13:38:27Z
[collector] snapshot #2451 2026-09-17T13:38:28Z
[collector] snapshot #2452 2026-09-17T13:38:29Z
[collector] snapshot #2453 2026-09-17T13:38:30Z
[collector] snapshot #2454 2026-09-17T13:38:31Z
[collector] snapshot #2455 2026-09-17T13:38:32Z
[collector] snapshot #2456 2026-09-17T13:38:33Z
[collector] snapshot #2457 2026-09-17T13:38:34Z
[collector] snapshot #2458 2026-09-17T13:38:35Z
[collector] snapshot #2459 2026-09-17T13:38:36Z
[collector] snapshot #2460 2026-09-17T13:38:37Z
[collector] snapshot #2461 2026-09-17T13:38:38Z
[collector] snapshot #2462 2026-09-17T13:38:39Z
[collector] snapshot #2463 2026-09-17T13:38:40Z
[collector] snapshot #2464 2026-09-17T13:38:41Z
[collector] snapshot #2465 2026-09-17T13:38:42Z
[collector] snapshot #2466 2026-09-17T13:38:43Z
[collector] snapshot #2467 2026-09-17T13:38:44Z
[collector] snapshot #2468 2026-09-17T13:38:45Z
[collector] snapshot #2469 2026-09-17T13:38:46Z
[collector] snapshot #2470 2026-09-17T13:38:47Z
[collector] snapshot #2471 2026-09-17T13:38:48Z
[collector] snapshot #2472 2026-09-17T13:38:49Z
[collector] snapshot #2473 2026-09-17T13:38:50Z
[collector] snapshot #2474 2026-09-17T13:38:51Z
[collector] snapshot #2475 2026-09-17T13:38:52Z
[collector] snapshot #2476 2026-09-17T13:38:53Z
[collector] snapshot #2477 2026-09-17T13:38:54Z
[collector] snapshot #2478 2026-09-17T13:38:55Z
[collector] snapshot #2479 2026-09-17T13:38:56Z
[collector] snapshot #2480 2026-09-17T13:38:57Z
[collector] snapshot #2481 2026-09-17T13:38:58Z
[collector] snapshot #2482 2026-09-17T13:38:59Z
[collector] snapshot #2483 2026-09-17T13:39:00Z
[collector] snapshot #2484 2026-09-17T13:39:01Z
[collector] snapshot #2485 2026-09-17T13:39:02Z
[collector] snapshot #2486 2026-09-17T13:39:03Z
[collector] snapshot #2487 2026-09-17T13:39:04Z
[collector] snapshot #2488 2026-09-17T13:39:05Z
[collector] snapshot #2489 2026-09-17T13:39:06Z
[collector] snapshot #2490 2026-09-17T13:39:07Z
[collector] snapshot #2491 2026-09-17T13:39:08Z
[collector] snapshot #2492 2026-09-17T13:39:09Z
[collector] snapshot #2493 2026-09-17T13:39:10Z
[collector] snapshot #2494 2026-09-17T13:39:11Z
[collector] snapshot #2495 2026-09-17T13:39:12Z
[collector] snapshot #2496 2026-09-17T13:39:13Z
[collector] snapshot #2497 2026-09-17T13:39:14Z
[collector] snapshot #2498 2026-09-17T13:39:15Z
[collector] snapshot #2499 2026-09-17T13:39:16Z
[collector] snapshot #2500 2026-09-17T13:39:17Z
[collector] snapshot #2501 2026-09-17T13:39:18Z
[collector] snapshot #2502 2026-09-17T13:39:19Z
[collector] snapshot #2503 2026-09-17T13:39:20Z
[collector] snapshot #2504 2026-09-17T13:39:21Z
[collector] snapshot #2505 2026-09-17T13:39:22Z
[collector] snapshot #2506 2026-09-17T13:39:23Z
[collector] snapshot #2507 2026-09-17T13:39:24Z
[collector] snapshot #2508 2026-09-17T13:39:25Z
[collector] snapshot #2509 2026-09-17T13:39:26Z
[collector] snapshot #2510 2026-09-17T13:39:27Z
[collector] snapshot #2511 2026-09-17T13:39:28Z
[collector] snapshot #2512 2026-09-17T13:39:29Z
[collector] snapshot #2513 2026-09-17T13:39:30Z
[collector] snapshot #2514 2026-09-17T13:39:31Z
[collector] snapshot #2515 2026-09-17T13:39:32Z
[collector] snapshot #2516 2026-09-17T13:39:33Z
[collector] snapshot #2517 2026-09-17T13:39:34Z
[collector] snapshot #2518 2026-09-17T13:39:35Z
[collector] snapshot #2519 2026-09-17T13:39:36Z
[collector] snapshot #2520 2026-09-17T13:39:37Z
[collector] snapshot #2521 2026-09-17T13:39:38Z
[collector] snapshot #2522 2026-09-17T13:39:39Z
[collector] snapshot #2523 2026-09-17T13:39:40Z
[collector] snapshot #2524 2026-09-17T13:39:41Z
[collector] snapshot #2525 2026-09-17T13:39:42Z
[collector] snapshot #2526 2026-09-17T13:39:43Z
[collector] snapshot #2527 2026-09-17T13:39:44Z
[collector] snapshot #2528 2026-09-17T13:39:45Z
[collector] snapshot #2529 2026-09-17T13:39:46Z
[collector] snapshot #2530 2026-09-17T13:39:47Z
[collector] snapshot #2531 2026-09-17T13:39:48Z
[collector] snapshot #2532 2026-09-17T13:39:49Z
[collector] snapshot #2533 2026-09-17T13:39:50Z
[collector] snapshot #2534 2026-09-17T13:39:51Z
[collector] snapshot #2535 2026-09-17T13:39:52Z
[collector] snapshot #2536 2026-09-17T13:39:53Z
[collector] snapshot #2537 2026-09-17T13:39:54Z
[collector] snapshot #2538 2026-09-17T13:39:55Z
[collector] snapshot #2539 2026-09-17T13:39:56Z
[collector] snapshot #2540 2026-09-17T13:39:57Z
[collector] snapshot #2541 2026-09-17T13:39:58Z
[collector] snapshot #2542 2026-09-17T13:39:59Z
[collector] snapshot #2543 2026-09-17T13:40:00Z
[collector] snapshot #2544 2026-09-17T13:40:01Z
[collector] snapshot #2545 2026-09-17T13:40:02Z
[collector] snapshot #2546 2026-09-17T13:40:03Z
[collector] snapshot #2547 2026-09-17T13:40:04Z
[collector] snapshot #2548 2026-09-17T13:40:05Z
[collector] snapshot #2549 2026-09-17T13:40:06Z
[collector] snapshot #2550 2026-09-17T13:40:07Z
[collector] snapshot #2551 2026-09-17T13:40:08Z
[collector] snapshot #2552 2026-09-17T13:40:09Z
[collector] snapshot #2553 2026-09-17T13:40:10Z
[collector] snapshot #2554 2026-09-17T13:40:11Z
[collector] snapshot #2555 2026-09-17T13:40:12Z
[collector] snapshot #2556 2026-09-17T13:40:13Z
[collector] snapshot #2557 2026-09-17T13:40:14Z
[collector] snapshot #2558 2026-09-17T13:40:15Z
[collector] snapshot #2559 2026-09-17T13:40:16Z
[collector] snapshot #2560 2026-09-17T13:40:17Z
[collector] snapshot #2561 2026-09-17T13:40:18Z
[collector] snapshot #2562 2026-09-17T13:40:19Z
[collector] snapshot #2563 2026-09-17T13:40:20Z
[collector] snapshot #2564 2026-09-17T13:40:21Z
[collector] snapshot #2565 2026-09-17T13:40:22Z
[collector] snapshot #2566 2026-09-17T13:40:23Z
[collector] snapshot #2567 2026-09-17T13:40:24Z
[collector] snapshot #2568 2026-09-17T13:40:25Z
[collector] snapshot #2569 2026-09-17T13:40:26Z
[collector] snapshot #2570 2026-09-17T13:40:27Z
[collector] snapshot #2571 2026-09-17T13:40:28Z
[collector] snapshot #2572 2026-09-17T13:40:29Z
[collector] snapshot #2573 2026-09-17T13:40:30Z
[collector] snapshot #2574 2026-09-17T13:40:31Z
[collector] snapshot #2575 2026-09-17T13:40:32Z
[collector] snapshot #2576 2026-09-17T13:40:33Z
[collector] snapshot #2577 2026-09-17T13:40:34Z
[collector] snapshot #2578 2026-09-17T13:40:35Z
[collector] snapshot #2579 2026-09-17T13:40:36Z
[collector] snapshot #2580 2026-09-17T13:40:37Z
[collector] snapshot #2581 2026-09-17T13:40:38Z
[collector] snapshot #2582 2026-09-17T13:40:39Z
[collector] snapshot #2583 2026-09-17T13:40:40Z
[collector] snapshot #2584 2026-09-17T13:40:41Z
[collector] snapshot #2585 2026-09-17T13:40:42Z
[collector] snapshot #2586 2026-09-17T13:40:43Z
[collector] snapshot #2587 2026-09-17T13:40:44Z
[collector] snapshot #2588 2026-09-17T13:40:45Z
[collector] snapshot #2589 2026-09-17T13:40:46Z
[collector] snapshot #2590 2026-09-17T13:40:47Z
[collector] snapshot #2591 2026-09-17T13:40:48Z
[collector] snapshot #2592 2026-09-17T13:40:49Z
[collector] snapshot #2593 2026-09-17T13:40:50Z
[collector] snapshot #2594 2026-09-17T13:40:51Z
[collector] snapshot #2595 2026-09-17T13:40:52Z
[collector] snapshot #2596 2026-09-17T13:40:53Z
[collector] snapshot #2597 2026-09-17T13:40:54Z
[collector] snapshot #2598 2026-09-17T13:40:55Z
[collector] snapshot #2599 2026-09-17T13:40:56Z
[collector] snapshot #2600 2026-09-17T13:40:57Z
[collector] snapshot #2601 2026-09-17T13:40:58Z
[collector] snapshot #2602 2026-09-17T13:40:59Z
[collector] snapshot #2603 2026-09-17T13:41:00Z
[collector] snapshot #2604 2026-09-17T13:41:01Z
[collector] snapshot #2605 2026-09-17T13:41:02Z
[collector] snapshot #2606 2026-09-17T13:41:03Z
[collector] snapshot #2607 2026-09-17T13:41:04Z
[collector] snapshot #2608 2026-09-17T13:41:05Z
[collector] snapshot #2609 2026-09-17T13:41:06Z
[collector] snapshot #2610 2026-09-17T13:41:07Z
[collector] snapshot #2611 2026-09-17T13:41:08Z
[collector] snapshot #2612 2026-09-17T13:41:09Z
[collector] snapshot #2613 2026-09-17T13:41:10Z
[collector] snapshot #2614 2026-09-17T13:41:11Z
[collector] snapshot #2615 2026-09-17T13:41:12Z
[collector] snapshot #2616 2026-09-17T13:41:13Z
[collector] snapshot #2617 2026-09-17T13:41:14Z
[collector] snapshot #2618 2026-09-17T13:41:15Z
[collector] snapshot #2619 2026-09-17T13:41:16Z
[collector] snapshot #2620 2026-09-17T13:41:17Z
[collector] snapshot #2621 2026-09-17T13:41:18Z
[collector] snapshot #2622 2026-09-17T13:41:19Z
[collector] snapshot #2623 2026-09-17T13:41:20Z
[collector] snapshot #2624 2026-09-17T13:41:21Z
[collector] snapshot #2625 2026-09-17T13:41:22Z
[collector] snapshot #2626 2026-09-17T13:41:23Z
[collector] snapshot #2627 2026-09-17T13:41:24Z
[collector] snapshot #2628 2026-09-17T13:41:25Z
[collector] snapshot #2629 2026-09-17T13:41:26Z
[collector] snapshot #2630 2026-09-17T13:41:27Z
[collector] snapshot #2631 2026-09-17T13:41:28Z
[collector] snapshot #2632 2026-09-17T13:41:29Z
[collector] snapshot #2633 2026-09-17T13:41:30Z
[collector] snapshot #2634 2026-09-17T13:41:31Z
[collector] snapshot #2635 2026-09-17T13:41:32Z
[collector] snapshot #2636 2026-09-17T13:41:33Z
[collector] snapshot #2637 2026-09-17T13:41:34Z
[collector] snapshot #2638 2026-09-17T13:41:35Z
[collector] snapshot #2639 2026-09-17T13:41:36Z
[collector] snapshot #2640 2026-09-17T13:41:37Z
[collector] snapshot #2641 2026-09-17T13:41:38Z
[collector] snapshot #2642 2026-09-17T13:41:39Z
[collector] snapshot #2643 2026-09-17T13:41:40Z
[collector] snapshot #2644 2026-09-17T13:41:41Z
[collector] snapshot #2645 2026-09-17T13:41:42Z
[collector] snapshot #2646 2026-09-17T13:41:43Z
[collector] snapshot #2647 2026-09-17T13:41:44Z
[collector] snapshot #2648 2026-09-17T13:41:45Z
[collector] snapshot #2649 2026-09-17T13:41:46Z
[collector] snapshot #2650 2026-09-17T13:41:47Z
[collector] snapshot #2651 2026-09-17T13:41:48Z
[collector] snapshot #2652 2026-09-17T13:41:49Z
[collector] snapshot #2653 2026-09-17T13:41:50Z
[collector] snapshot #2654 2026-09-17T13:41:51Z
[collector] snapshot #2655 2026-09-17T13:41:52Z
[collector] snapshot #2656 2026-09-17T13:41:53Z
[collector] snapshot #2657 2026-09-17T13:41:54Z
[collector] snapshot #2658 2026-09-17T13:41:55Z
[collector] snapshot #2659 2026-09-17T13:41:56Z
[collector] snapshot #2660 2026-09-17T13:41:57Z
[collector] snapshot #2661 2026-09-17T13:41:58Z
[collector] snapshot #2662 2026-09-17T13:41:59Z
[collector] snapshot #2663 2026-09-17T13:42:00Z
[collector] snapshot #2664 2026-09-17T13:42:01Z
[collector] snapshot #2665 2026-09-17T13:42:02Z
[collector] snapshot #2666 2026-09-17T13:42:03Z
[collector] snapshot #2667 2026-09-17T13:42:04Z
[collector] snapshot #2668 2026-09-17T13:42:05Z
[collector] snapshot #2669 2026-09-17T13:42:06Z
[collector] snapshot #2670 2026-09-17T13:42:07Z
[collector] snapshot #2671 2026-09-17T13:42:08Z
[collector] snapshot #2672 2026-09-17T13:42:09Z
[collector] snapshot #2673 2026-09-17T13:42:10Z
[collector] snapshot #2674 2026-09-17T13:42:11Z
[collector] snapshot #2675 2026-09-17T13:42:12Z
[collector] snapshot #2676 2026-09-17T13:42:13Z
[collector] snapshot #2677 2026-09-17T13:42:14Z
[collector] snapshot #2678 2026-09-17T13:42:15Z
[collector] snapshot #2679 2026-09-17T13:42:16Z
[collector] snapshot #2680 2026-09-17T13:42:17Z
[collector] snapshot #2681 2026-09-17T13:42:18Z
[collector] snapshot #2682 2026-09-17T13:42:19Z
[collector] snapshot #2683 2026-09-17T13:42:20Z
[collector] snapshot #2684 2026-09-17T13:42:21Z
[collector] snapshot #2685 2026-09-17T13:42:22Z
[collector] snapshot #2686 2026-09-17T13:42:23Z
[collector] snapshot #2687 2026-09-17T13:42:24Z
[collector] snapshot #2688 2026-09-17T13:42:25Z
[collector] snapshot #2689 2026-09-17T13:42:26Z
[collector] snapshot #2690 2026-09-17T13:42:27Z
[collector] snapshot #2691 2026-09-17T13:42:28Z
[collector] snapshot #2692 2026-09-17T13:42:29Z
[collector] snapshot #2693 2026-09-17T13:42:30Z
[collector] snapshot #2694 2026-09-17T13:42:31Z
[collector] snapshot #2695 2026-09-17T13:42:32Z
[collector] snapshot #2696 2026-09-17T13:42:33Z
[collector] snapshot #2697 2026-09-17T13:42:34Z
[collector] snapshot #2698 2026-09-17T13:42:35Z
[collector] snapshot #2699 2026-09-17T13:42:36Z
[collector] snapshot #2700 2026-09-17T13:42:37Z
[collector] snapshot #2701 2026-09-17T13:42:38Z
[collector] snapshot #2702 2026-09-17T13:42:39Z
[collector] snapshot #2703 2026-09-17T13:42:40Z
[collector] snapshot #2704 2026-09-17T13:42:41Z
[collector] snapshot #2705 2026-09-17T13:42:42Z
[collector] snapshot #2706 2026-09-17T13:42:43Z
[collector] snapshot #2707 2026-09-17T13:42:44Z
[collector] snapshot #2708 2026-09-17T13:42:45Z
[collector] snapshot #2709 2026-09-17T13:42:46Z
[collector] snapshot #2710 2026-09-17T13:42:47Z
[collector] snapshot #2711 2026-09-17T13:42:48Z
[collector] snapshot #2712 2026-09-17T13:42:49Z
[collector] snapshot #2713 2026-09-17T13:42:50Z
[collector] snapshot #2714 2026-09-17T13:42:51Z
[collector] snapshot #2715 2026-09-17T13:42:52Z
[collector] snapshot #2716 2026-09-17T13:42:53Z
[collector] snapshot #2717 2026-09-17T13:42:54Z
[collector] snapshot #2718 2026-09-17T13:42:55Z
[collector] snapshot #2719 2026-09-17T13:42:56Z
[collector] snapshot #2720 2026-09-17T13:42:57Z
[collector] snapshot #2721 2026-09-17T13:42:58Z
[collector] snapshot #2722 2026-09-17T13:42:59Z
[collector] snapshot #2723 2026-09-17T13:43:00Z
[collector] snapshot #2724 2026-09-17T13:43:01Z
[collector] snapshot #2725 2026-09-17T13:43:02Z
[collector] snapshot #2726 2026-09-17T13:43:03Z
[collector] snapshot #2727 2026-09-17T13:43:04Z
[collector] snapshot #2728 2026-09-17T13:43:05Z
[collector] snapshot #2729 2026-09-17T13:43:06Z
[collector] snapshot #2730 2026-09-17T13:43:07Z
[collector] snapshot #2731 2026-09-17T13:43:08Z
[collector] snapshot #2732 2026-09-17T13:43:09Z
[collector] snapshot #2733 2026-09-17T13:43:10Z
[collector] snapshot #2734 2026-09-17T13:43:11Z
[collector] snapshot #2735 2026-09-17T13:43:12Z
[collector] snapshot #2736 2026-09-17T13:43:13Z
[collector] snapshot #2737 2026-09-17T13:43:14Z
[collector] snapshot #2738 2026-09-17T13:43:15Z
[collector] snapshot #2739 2026-09-17T13:43:16Z
[collector] snapshot #2740 2026-09-17T13:43:17Z
[collector] snapshot #2741 2026-09-17T13:43:18Z
[collector] snapshot #2742 2026-09-17T13:43:19Z
[collector] snapshot #2743 2026-09-17T13:43:20Z
[collector] snapshot #2744 2026-09-17T13:43:21Z
[collector] snapshot #2745 2026-09-17T13:43:22Z
[collector] snapshot #2746 2026-09-17T13:43:23Z
[collector] snapshot #2747 2026-09-17T13:43:24Z
[collector] snapshot #2748 2026-09-17T13:43:25Z
[collector] snapshot #2749 2026-09-17T13:43:26Z
[collector] snapshot #2750 2026-09-17T13:43:27Z
[collector] snapshot #2751 2026-09-17T13:43:28Z
[collector] snapshot #2752 2026-09-17T13:43:29Z
[collector] snapshot #2753 2026-09-17T13:43:30Z
[collector] snapshot #2754 2026-09-17T13:43:31Z
[collector] snapshot #2755 2026-09-17T13:43:32Z
[collector] snapshot #2756 2026-09-17T13:43:33Z
[collector] snapshot #2757 2026-09-17T13:43:34Z
[collector] snapshot #2758 2026-09-17T13:43:35Z
[collector] snapshot #2759 2026-09-17T13:43:36Z
[collector] snapshot #2760 2026-09-17T13:43:37Z
[collector] snapshot #2761 2026-09-17T13:43:38Z
[collector] snapshot #2762 2026-09-17T13:43:39Z
[collector] snapshot #2763 2026-09-17T13:43:40Z
[collector] snapshot #2764 2026-09-17T13:43:41Z
[collector] snapshot #2765 2026-09-17T13:43:42Z
[collector] snapshot #2766 2026-09-17T13:43:43Z
[collector] snapshot #2767 2026-09-17T13:43:44Z
[collector] snapshot #2768 2026-09-17T13:43:45Z
[collector] snapshot #2769 2026-09-17T13:43:46Z
[collector] snapshot #2770 2026-09-17T13:43:47Z
[collector] snapshot #2771 2026-09-17T13:43:48Z
[collector] snapshot #2772 2026-09-17T13:43:49Z
[collector] snapshot #2773 2026-09-17T13:43:50Z
[collector] snapshot #2774 2026-09-17T13:43:51Z
[collector] snapshot #2775 2026-09-17T13:43:52Z
[collector] snapshot #2776 2026-09-17T13:43:53Z
[collector] snapshot #2777 2026-09-17T13:43:54Z
[collector] snapshot #2778 2026-09-17T13:43:55Z
[collector] snapshot #2779 2026-09-17T13:43:56Z
[collector] snapshot #2780 2026-09-17T13:43:57Z
[collector] snapshot #2781 2026-09-17T13:43:58Z
[collector] snapshot #2782 2026-09-17T13:43:59Z
[collector] snapshot #2783 2026-09-17T13:44:00Z
[collector] snapshot #2784 2026-09-17T13:44:01Z
[collector] snapshot #2785 2026-09-17T13:44:02Z
[collector] snapshot #2786 2026-09-17T13:44:03Z
[collector] snapshot #2787 2026-09-17T13:44:04Z
[collector] snapshot #2788 2026-09-17T13:44:05Z
[collector] snapshot #2789 2026-09-17T13:44:06Z
[collector] snapshot #2790 2026-09-17T13:44:07Z
[collector] snapshot #2791 2026-09-17T13:44:08Z
[collector] snapshot #2792 2026-09-17T13:44:09Z
[collector] snapshot #2793 2026-09-17T13:44:10Z
[collector] snapshot #2794 2026-09-17T13:44:11Z
[collector] snapshot #2795 2026-09-17T13:44:12Z
[collector] snapshot #2796 2026-09-17T13:44:13Z
[collector] snapshot #2797 2026-09-17T13:44:14Z
[collector] snapshot #2798 2026-09-17T13:44:15Z
[collector] snapshot #2799 2026-09-17T13:44:16Z
[collector] snapshot #2800 2026-09-17T13:44:17Z
[collector] snapshot #2801 2026-09-17T13:44:18Z
[collector] snapshot #2802 2026-09-17T13:44:19Z
[collector] snapshot #2803 2026-09-17T13:44:20Z
[collector] snapshot #2804 2026-09-17T13:44:21Z
[collector] snapshot #2805 2026-09-17T13:44:22Z
[collector] snapshot #2806 2026-09-17T13:44:23Z
[collector] snapshot #2807 2026-09-17T13:44:24Z
[collector] snapshot #2808 2026-09-17T13:44:25Z
[collector] snapshot #2809 2026-09-17T13:44:26Z
[collector] snapshot #2810 2026-09-17T13:44:27Z
[collector] snapshot #2811 2026-09-17T13:44:28Z
[collector] snapshot #2812 2026-09-17T13:44:29Z
[collector] snapshot #2813 2026-09-17T13:44:30Z
[collector] snapshot #2814 2026-09-17T13:44:31Z
[collector] snapshot #2815 2026-09-17T13:44:32Z
[collector] snapshot #2816 2026-09-17T13:44:33Z
[collector] snapshot #2817 2026-09-17T13:44:34Z
[collector] snapshot #2818 2026-09-17T13:44:35Z
[collector] snapshot #2819 2026-09-17T13:44:36Z
[collector] snapshot #2820 2026-09-17T13:44:37Z
[collector] snapshot #2821 2026-09-17T13:44:38Z
[collector] snapshot #2822 2026-09-17T13:44:39Z
[collector] snapshot #2823 2026-09-17T13:44:40Z
[collector] snapshot #2824 2026-09-17T13:44:41Z
[collector] snapshot #2825 2026-09-17T13:44:42Z
[collector] snapshot #2826 2026-09-17T13:44:43Z
[collector] snapshot #2827 2026-09-17T13:44:44Z
[collector] snapshot #2828 2026-09-17T13:44:45Z
[collector] snapshot #2829 2026-09-17T13:44:46Z
[collector] snapshot #2830 2026-09-17T13:44:47Z
[collector] snapshot #2831 2026-09-17T13:44:48Z
[collector] snapshot #2832 2026-09-17T13:44:49Z
[collector] snapshot #2833 2026-09-17T13:44:50Z
[collector] snapshot #2834 2026-09-17T13:44:51Z
[collector] snapshot #2835 2026-09-17T13:44:52Z
[collector] snapshot #2836 2026-09-17T13:44:53Z
[collector] snapshot #2837 2026-09-17T13:44:54Z
[collector] snapshot #2838 2026-09-17T13:44:55Z
[collector] snapshot #2839 2026-09-17T13:44:56Z
[collector] snapshot #2840 2026-09-17T13:44:57Z
[collector] snapshot #2841 2026-09-17T13:44:58Z
[collector] snapshot #2842 2026-09-17T13:44:59Z
[collector] snapshot #2843 2026-09-17T13:45:00Z
[collector] snapshot #2844 2026-09-17T13:45:01Z
[collector] snapshot #2845 2026-09-17T13:45:02Z
[collector] snapshot #2846 2026-09-17T13:45:03Z
[collector] snapshot #2847 2026-09-17T13:45:04Z
[collector] snapshot #2848 2026-09-17T13:45:05Z
[collector] snapshot #2849 2026-09-17T13:45:06Z
[collector] snapshot #2850 2026-09-17T13:45:07Z
[collector] snapshot #2851 2026-09-17T13:45:08Z
[collector] snapshot #2852 2026-09-17T13:45:09Z
[collector] snapshot #2853 2026-09-17T13:45:10Z
[collector] snapshot #2854 2026-09-17T13:45:11Z
[collector] snapshot #2855 2026-09-17T13:45:12Z
[collector] snapshot #2856 2026-09-17T13:45:13Z
[collector] snapshot #2857 2026-09-17T13:45:14Z
[collector] snapshot #2858 2026-09-17T13:45:15Z
[collector] snapshot #2859 2026-09-17T13:45:16Z
[collector] snapshot #2860 2026-09-17T13:45:17Z
[collector] snapshot #2861 2026-09-17T13:45:18Z
[collector] snapshot #2862 2026-09-17T13:45:19Z
[collector] snapshot #2863 2026-09-17T13:45:20Z
[collector] snapshot #2864 2026-09-17T13:45:21Z
[collector] snapshot #2865 2026-09-17T13:45:22Z
[collector] snapshot #2866 2026-09-17T13:45:23Z
[collector] snapshot #2867 2026-09-17T13:45:24Z
[collector] snapshot #2868 2026-09-17T13:45:25Z
[collector] snapshot #2869 2026-09-17T13:45:26Z
[collector] snapshot #2870 2026-09-17T13:45:27Z
[collector] snapshot #2871 2026-09-17T13:45:28Z
[collector] snapshot #2872 2026-09-17T13:45:29Z
[collector] snapshot #2873 2026-09-17T13:45:30Z
[collector] snapshot #2874 2026-09-17T13:45:31Z
[collector] snapshot #2875 2026-09-17T13:45:32Z
[collector] snapshot #2876 2026-09-17T13:45:33Z
[collector] snapshot #2877 2026-09-17T13:45:34Z
[collector] snapshot #2878 2026-09-17T13:45:35Z
[collector] snapshot #2879 2026-09-17T13:45:36Z
[collector] snapshot #2880 2026-09-17T13:45:37Z
[collector] snapshot #2881 2026-09-17T13:45:38Z
[collector] snapshot #2882 2026-09-17T13:45:39Z
[collector] snapshot #2883 2026-09-17T13:45:40Z
[collector] snapshot #2884 2026-09-17T13:45:41Z
[collector] snapshot #2885 2026-09-17T13:45:42Z
[collector] snapshot #2886 2026-09-17T13:45:43Z
[collector] snapshot #2887 2026-09-17T13:45:44Z
[collector] snapshot #2888 2026-09-17T13:45:45Z
[collector] snapshot #2889 2026-09-17T13:45:46Z
[collector] snapshot #2890 2026-09-17T13:45:47Z
[collector] snapshot #2891 2026-09-17T13:45:48Z
[collector] snapshot #2892 2026-09-17T13:45:49Z
[collector] snapshot #2893 2026-09-17T13:45:50Z
[collector] snapshot #2894 2026-09-17T13:45:51Z
[collector] snapshot #2895 2026-09-17T13:45:52Z
[collector] snapshot #2896 2026-09-17T13:45:53Z
[collector] snapshot #2897 2026-09-17T13:45:54Z
[collector] snapshot #2898 2026-09-17T13:45:55Z
[collector] snapshot #2899 2026-09-17T13:45:56Z
[collector] snapshot #2900 2026-09-17T13:45:57Z
[collector] snapshot #2901 2026-09-17T13:45:58Z
[collector] snapshot #2902 2026-09-17T13:45:59Z
[collector] snapshot #2903 2026-09-17T13:46:00Z
[collector] snapshot #2904 2026-09-17T13:46:01Z
[collector] snapshot #2905 2026-09-17T13:46:02Z
[collector] snapshot #2906 2026-09-17T13:46:03Z
[collector] snapshot #2907 2026-09-17T13:46:04Z
[collector] snapshot #2908 2026-09-17T13:46:05Z
[collector] snapshot #2909 2026-09-17T13:46:06Z
[collector] snapshot #2910 2026-09-17T13:46:07Z
[collector] snapshot #2911 2026-09-17T13:46:08Z
[collector] snapshot #2912 2026-09-17T13:46:09Z
[collector] snapshot #2913 2026-09-17T13:46:10Z
[collector] snapshot #2914 2026-09-17T13:46:11Z
[collector] snapshot #2915 2026-09-17T13:46:12Z
[collector] snapshot #2916 2026-09-17T13:46:13Z
[collector] snapshot #2917 2026-09-17T13:46:14Z
[collector] snapshot #2918 2026-09-17T13:46:15Z
[collector] snapshot #2919 2026-09-17T13:46:16Z
[collector] snapshot #2920 2026-09-17T13:46:17Z
[collector] snapshot #2921 2026-09-17T13:46:18Z
[collector] snapshot #2922 2026-09-17T13:46:19Z
[collector] snapshot #2923 2026-09-17T13:46:20Z
[collector] snapshot #2924 2026-09-17T13:46:21Z
[collector] snapshot #2925 2026-09-17T13:46:22Z
[collector] snapshot #2926 2026-09-17T13:46:23Z
[collector] snapshot #2927 2026-09-17T13:46:24Z
[collector] snapshot #2928 2026-09-17T13:46:25Z
[collector] snapshot #2929 2026-09-17T13:46:26Z
[collector] snapshot #2930 2026-09-17T13:46:27Z
[collector] snapshot #2931 2026-09-17T13:46:28Z
[collector] snapshot #2932 2026-09-17T13:46:29Z
[collector] snapshot #2933 2026-09-17T13:46:30Z
[collector] snapshot #2934 2026-09-17T13:46:31Z
[collector] snapshot #2935 2026-09-17T13:46:32Z
[collector] snapshot #2936 2026-09-17T13:46:33Z
[collector] snapshot #2937 2026-09-17T13:46:34Z
[collector] snapshot #2938 2026-09-17T13:46:35Z
[collector] snapshot #2939 2026-09-17T13:46:36Z
[collector] snapshot #2940 2026-09-17T13:46:37Z
[collector] snapshot #2941 2026-09-17T13:46:38Z
[collector] snapshot #2942 2026-09-17T13:46:39Z
[collector] snapshot #2943 2026-09-17T13:46:40Z
[collector] snapshot #2944 2026-09-17T13:46:41Z
[collector] snapshot #2945 2026-09-17T13:46:42Z
[collector] snapshot #2946 2026-09-17T13:46:43Z
[collector] snapshot #2947 2026-09-17T13:46:44Z
[collector] snapshot #2948 2026-09-17T13:46:45Z
[collector] snapshot #2949 2026-09-17T13:46:46Z
[collector] snapshot #2950 2026-09-17T13:46:47Z
[collector] snapshot #2951 2026-09-17T13:46:48Z
[collector] snapshot #2952 2026-09-17T13:46:49Z
[collector] snapshot #2953 2026-09-17T13:46:50Z
[collector] snapshot #2954 2026-09-17T13:46:51Z
[collector] snapshot #2955 2026-09-17T13:46:52Z
[collector] snapshot #2956 2026-09-17T13:46:53Z
[collector] snapshot #2957 2026-09-17T13:46:54Z
[collector] snapshot #2958 2026-09-17T13:46:55Z
[collector] snapshot #2959 2026-09-17T13:46:56Z
[collector] snapshot #2960 2026-09-17T13:46:57Z
[collector] snapshot #2961 2026-09-17T13:46:58Z
[collector] snapshot #2962 2026-09-17T13:46:59Z
[collector] snapshot #2963 2026-09-17T13:47:00Z
[collector] snapshot #2964 2026-09-17T13:47:01Z
[collector] snapshot #2965 2026-09-17T13:47:02Z
[collector] snapshot #2966 2026-09-17T13:47:03Z
[collector] snapshot #2967 2026-09-17T13:47:04Z
[collector] snapshot #2968 2026-09-17T13:47:05Z
[collector] snapshot #2969 2026-09-17T13:47:06Z
[collector] snapshot #2970 2026-09-17T13:47:07Z
[collector] snapshot #2971 2026-09-17T13:47:08Z
[collector] snapshot #2972 2026-09-17T13:47:09Z
[collector] snapshot #2973 2026-09-17T13:47:10Z
[collector] snapshot #2974 2026-09-17T13:47:11Z
[collector] snapshot #2975 2026-09-17T13:47:12Z
[collector] snapshot #2976 2026-09-17T13:47:13Z
[collector] snapshot #2977 2026-09-17T13:47:14Z
[collector] snapshot #2978 2026-09-17T13:47:15Z
[collector] snapshot #2979 2026-09-17T13:47:16Z
[collector] snapshot #2980 2026-09-17T13:47:17Z
[collector] snapshot #2981 2026-09-17T13:47:18Z
[collector] snapshot #2982 2026-09-17T13:47:19Z
[collector] snapshot #2983 2026-09-17T13:47:20Z
[collector] snapshot #2984 2026-09-17T13:47:21Z
[collector] snapshot #2985 2026-09-17T13:47:22Z
[collector] snapshot #2986 2026-09-17T13:47:23Z
[collector] snapshot #2987 2026-09-17T13:47:24Z
[collector] snapshot #2988 2026-09-17T13:47:25Z
[collector] snapshot #2989 2026-09-17T13:47:26Z
[collector] snapshot #2990 2026-09-17T13:47:27Z
[collector] snapshot #2991 2026-09-17T13:47:28Z
[collector] snapshot #2992 2026-09-17T13:47:29Z
[collector] snapshot #2993 2026-09-17T13:47:30Z
[collector] snapshot #2994 2026-09-17T13:47:31Z
[collector] snapshot #2995 2026-09-17T13:47:32Z
[collector] snapshot #2996 2026-09-17T13:47:33Z
[collector] snapshot #2997 2026-09-17T13:47:34Z
[collector] snapshot #2998 2026-09-17T13:47:35Z
[collector] snapshot #2999 2026-09-17T13:47:36Z
[collector] snapshot #3000 2026-09-17T13:47:37Z
[collector] snapshot #3001 2026-09-17T13:47:38Z
[collector] snapshot #3002 2026-09-17T13:47:39Z
[collector] snapshot #3003 2026-09-17T13:47:40Z
[collector] snapshot #3004 2026-09-17T13:47:41Z
[collector] snapshot #3005 2026-09-17T13:47:42Z
[collector] snapshot #3006 2026-09-17T13:47:43Z
[collector] snapshot #3007 2026-09-17T13:47:44Z
[collector] snapshot #3008 2026-09-17T13:47:45Z
[collector] snapshot #3009 2026-09-17T13:47:46Z
[collector] snapshot #3010 2026-09-17T13:47:47Z
[collector] snapshot #3011 2026-09-17T13:47:48Z
[collector] snapshot #3012 2026-09-17T13:47:49Z
[collector] snapshot #3013 2026-09-17T13:47:50Z
[collector] snapshot #3014 2026-09-17T13:47:51Z
[collector] snapshot #3015 2026-09-17T13:47:52Z
[collector] snapshot #3016 2026-09-17T13:47:53Z
[collector] snapshot #3017 2026-09-17T13:47:54Z
[collector] snapshot #3018 2026-09-17T13:47:55Z
[collector] snapshot #3019 2026-09-17T13:47:56Z
[collector] snapshot #3020 2026-09-17T13:47:57Z
[collector] snapshot #3021 2026-09-17T13:47:58Z
[collector] snapshot #3022 2026-09-17T13:47:59Z
[collector] snapshot #3023 2026-09-17T13:48:00Z
[collector] snapshot #3024 2026-09-17T13:48:01Z
[collector] snapshot #3025 2026-09-17T13:48:02Z
[collector] snapshot #3026 2026-09-17T13:48:03Z
[collector] snapshot #3027 2026-09-17T13:48:04Z
[collector] snapshot #3028 2026-09-17T13:48:05Z
[collector] snapshot #3029 2026-09-17T13:48:06Z
[collector] snapshot #3030 2026-09-17T13:48:07Z
[collector] snapshot #3031 2026-09-17T13:48:08Z
[collector] snapshot #3032 2026-09-17T13:48:09Z
[collector] snapshot #3033 2026-09-17T13:48:10Z
[collector] snapshot #3034 2026-09-17T13:48:11Z
[collector] snapshot #3035 2026-09-17T13:48:12Z
[collector] snapshot #3036 2026-09-17T13:48:13Z
[collector] snapshot #3037 2026-09-17T13:48:14Z
[collector] snapshot #3038 2026-09-17T13:48:15Z
[collector] snapshot #3039 2026-09-17T13:48:16Z
[collector] snapshot #3040 2026-09-17T13:48:17Z
[collector] snapshot #3041 2026-09-17T13:48:18Z
[collector] snapshot #3042 2026-09-17T13:48:19Z
[collector] snapshot #3043 2026-09-17T13:48:20Z
[collector] snapshot #3044 2026-09-17T13:48:21Z
[collector] snapshot #3045 2026-09-17T13:48:22Z
[collector] snapshot #3046 2026-09-17T13:48:23Z
[collector] snapshot #3047 2026-09-17T13:48:24Z
[collector] snapshot #3048 2026-09-17T13:48:25Z
[collector] snapshot #3049 2026-09-17T13:48:26Z
[collector] snapshot #3050 2026-09-17T13:48:27Z
[collector] snapshot #3051 2026-09-17T13:48:28Z
[collector] snapshot #3052 2026-09-17T13:48:29Z
[collector] snapshot #3053 2026-09-17T13:48:30Z
[collector] snapshot #3054 2026-09-17T13:48:31Z
[collector] snapshot #3055 2026-09-17T13:48:32Z
[collector] snapshot #3056 2026-09-17T13:48:33Z
[collector] snapshot #3057 2026-09-17T13:48:34Z
[collector] snapshot #3058 2026-09-17T13:48:35Z
[collector] snapshot #3059 2026-09-17T13:48:36Z
[collector] snapshot #3060 2026-09-17T13:48:37Z
[collector] snapshot #3061 2026-09-17T13:48:38Z
[collector] snapshot #3062 2026-09-17T13:48:39Z
[collector] snapshot #3063 2026-09-17T13:48:40Z
[collector] snapshot #3064 2026-09-17T13:48:41Z
[collector] snapshot #3065 2026-09-17T13:48:42Z
[collector] snapshot #3066 2026-09-17T13:48:43Z
[collector] snapshot #3067 2026-09-17T13:48:44Z
[collector] snapshot #3068 2026-09-17T13:48:45Z
[collector] snapshot #3069 2026-09-17T13:48:46Z
[collector] snapshot #3070 2026-09-17T13:48:47Z
[collector] snapshot #3071 2026-09-17T13:48:48Z
[collector] snapshot #3072 2026-09-17T13:48:49Z
[collector] snapshot #3073 2026-09-17T13:48:50Z
[collector] snapshot #3074 2026-09-17T13:48:51Z
[collector] snapshot #3075 2026-09-17T13:48:52Z
[collector] snapshot #3076 2026-09-17T13:48:53Z
[collector] snapshot #3077 2026-09-17T13:48:54Z
[collector] snapshot #3078 2026-09-17T13:48:55Z
[collector] snapshot #3079 2026-09-17T13:48:56Z
[collector] snapshot #3080 2026-09-17T13:48:57Z
[collector] snapshot #3081 2026-09-17T13:48:58Z
[collector] snapshot #3082 2026-09-17T13:48:59Z
[collector] snapshot #3083 2026-09-17T13:49:00Z
[collector] snapshot #3084 2026-09-17T13:49:01Z
[collector] snapshot #3085 2026-09-17T13:49:02Z
[collector] snapshot #3086 2026-09-17T13:49:03Z
[collector] snapshot #3087 2026-09-17T13:49:04Z
[collector] snapshot #3088 2026-09-17T13:49:05Z
[collector] snapshot #3089 2026-09-17T13:49:06Z
[collector] snapshot #3090 2026-09-17T13:49:07Z
[collector] snapshot #3091 2026-09-17T13:49:08Z
[collector] snapshot #3092 2026-09-17T13:49:09Z
[collector] snapshot #3093 2026-09-17T13:49:10Z
[collector] snapshot #3094 2026-09-17T13:49:11Z
[collector] snapshot #3095 2026-09-17T13:49:12Z
[collector] snapshot #3096 2026-09-17T13:49:13Z
[collector] snapshot #3097 2026-09-17T13:49:14Z
[collector] snapshot #3098 2026-09-17T13:49:15Z
[collector] snapshot #3099 2026-09-17T13:49:16Z
[collector] snapshot #3100 2026-09-17T13:49:17Z
[collector] snapshot #3101 2026-09-17T13:49:18Z
[collector] snapshot #3102 2026-09-17T13:49:19Z
[collector] snapshot #3103 2026-09-17T13:49:20Z
[collector] snapshot #3104 2026-09-17T13:49:21Z
[collector] snapshot #3105 2026-09-17T13:49:22Z
[collector] snapshot #3106 2026-09-17T13:49:23Z
[collector] snapshot #3107 2026-09-17T13:49:24Z
[collector] snapshot #3108 2026-09-17T13:49:25Z
[collector] snapshot #3109 2026-09-17T13:49:26Z
[collector] snapshot #3110 2026-09-17T13:49:27Z
[collector] snapshot #3111 2026-09-17T13:49:28Z
[collector] snapshot #3112 2026-09-17T13:49:29Z
[collector] snapshot #3113 2026-09-17T13:49:30Z
[collector] snapshot #3114 2026-09-17T13:49:31Z
[collector] snapshot #3115 2026-09-17T13:49:32Z
[collector] snapshot #3116 2026-09-17T13:49:33Z
[collector] snapshot #3117 2026-09-17T13:49:34Z
[collector] snapshot #3118 2026-09-17T13:49:35Z
[collector] snapshot #3119 2026-09-17T13:49:36Z
[collector] snapshot #3120 2026-09-17T13:49:37Z
[collector] snapshot #3121 2026-09-17T13:49:38Z
[collector] snapshot #3122 2026-09-17T13:49:39Z
[collector] snapshot #3123 2026-09-17T13:49:40Z
[collector] snapshot #3124 2026-09-17T13:49:41Z
[collector] snapshot #3125 2026-09-17T13:49:42Z
[collector] snapshot #3126 2026-09-17T13:49:43Z
[collector] snapshot #3127 2026-09-17T13:49:44Z
[collector] snapshot #3128 2026-09-17T13:49:45Z
[collector] snapshot #3129 2026-09-17T13:49:46Z
[collector] snapshot #3130 2026-09-17T13:49:47Z
[collector] snapshot #3131 2026-09-17T13:49:48Z
[collector] snapshot #3132 2026-09-17T13:49:49Z
[collector] snapshot #3133 2026-09-17T13:49:50Z
[collector] snapshot #3134 2026-09-17T13:49:51Z
[collector] snapshot #3135 2026-09-17T13:49:52Z
[collector] snapshot #3136 2026-09-17T13:49:53Z
[collector] snapshot #3137 2026-09-17T13:49:54Z
[collector] snapshot #3138 2026-09-17T13:49:55Z
[collector] snapshot #3139 2026-09-17T13:49:56Z
[collector] snapshot #3140 2026-09-17T13:49:57Z
[collector] snapshot #3141 2026-09-17T13:49:58Z
[collector] snapshot #3142 2026-09-17T13:49:59Z
[collector] snapshot #3143 2026-09-17T13:50:00Z
[collector] snapshot #3144 2026-09-17T13:50:01Z
[collector] snapshot #3145 2026-09-17T13:50:02Z
[collector] snapshot #3146 2026-09-17T13:50:03Z
[collector] snapshot #3147 2026-09-17T13:50:04Z
[collector] snapshot #3148 2026-09-17T13:50:05Z
[collector] snapshot #3149 2026-09-17T13:50:06Z
[collector] snapshot #3150 2026-09-17T13:50:07Z
[collector] snapshot #3151 2026-09-17T13:50:08Z
[collector] snapshot #3152 2026-09-17T13:50:09Z
[collector] snapshot #3153 2026-09-17T13:50:10Z
[collector] snapshot #3154 2026-09-17T13:50:11Z
[collector] snapshot #3155 2026-09-17T13:50:12Z
[collector] snapshot #3156 2026-09-17T13:50:13Z
[collector] snapshot #3157 2026-09-17T13:50:14Z
[collector] snapshot #3158 2026-09-17T13:50:15Z
[collector] snapshot #3159 2026-09-17T13:50:16Z
[collector] snapshot #3160 2026-09-17T13:50:17Z
[collector] snapshot #3161 2026-09-17T13:50:18Z
[collector] snapshot #3162 2026-09-17T13:50:19Z
[collector] snapshot #3163 2026-09-17T13:50:20Z
[collector] snapshot #3164 2026-09-17T13:50:21Z
[collector] snapshot #3165 2026-09-17T13:50:22Z
[collector] snapshot #3166 2026-09-17T13:50:23Z
[collector] snapshot #3167 2026-09-17T13:50:24Z
[collector] snapshot #3168 2026-09-17T13:50:25Z
[collector] snapshot #3169 2026-09-17T13:50:26Z
[collector] snapshot #3170 2026-09-17T13:50:27Z
[collector] snapshot #3171 2026-09-17T13:50:28Z
[collector] snapshot #3172 2026-09-17T13:50:29Z
[collector] snapshot #3173 2026-09-17T13:50:30Z
[collector] snapshot #3174 2026-09-17T13:50:31Z
[collector] snapshot #3175 2026-09-17T13:50:32Z
[collector] snapshot #3176 2026-09-17T13:50:33Z
[collector] snapshot #3177 2026-09-17T13:50:34Z
[collector] snapshot #3178 2026-09-17T13:50:35Z
[collector] snapshot #3179 2026-09-17T13:50:36Z
[collector] snapshot #3180 2026-09-17T13:50:37Z
[collector] snapshot #3181 2026-09-17T13:50:38Z
[collector] snapshot #3182 2026-09-17T13:50:39Z
[collector] snapshot #3183 2026-09-17T13:50:40Z
[collector] snapshot #3184 2026-09-17T13:50:41Z
[collector] snapshot #3185 2026-09-17T13:50:42Z
[collector] snapshot #3186 2026-09-17T13:50:43Z
[collector] snapshot #3187 2026-09-17T13:50:44Z
[collector] snapshot #3188 2026-09-17T13:50:45Z
[collector] snapshot #3189 2026-09-17T13:50:46Z
[collector] snapshot #3190 2026-09-17T13:50:47Z
[collector] snapshot #3191 2026-09-17T13:50:48Z
[collector] snapshot #3192 2026-09-17T13:50:49Z
[collector] snapshot #3193 2026-09-17T13:50:50Z
[collector] snapshot #3194 2026-09-17T13:50:51Z
[collector] snapshot #3195 2026-09-17T13:50:52Z
[collector] snapshot #3196 2026-09-17T13:50:53Z
[collector] snapshot #3197 2026-09-17T13:50:54Z
[collector] snapshot #3198 2026-09-17T13:50:55Z
[collector] snapshot #3199 2026-09-17T13:50:56Z
[collector] snapshot #3200 2026-09-17T13:50:57Z
[collector] snapshot #3201 2026-09-17T13:50:58Z
[collector] snapshot #3202 2026-09-17T13:50:59Z
[collector] snapshot #3203 2026-09-17T13:51:00Z
[collector] snapshot #3204 2026-09-17T13:51:01Z
[collector] snapshot #3205 2026-09-17T13:51:02Z
[collector] snapshot #3206 2026-09-17T13:51:03Z
[collector] snapshot #3207 2026-09-17T13:51:04Z
[collector] snapshot #3208 2026-09-17T13:51:05Z
[collector] snapshot #3209 2026-09-17T13:51:06Z
[collector] snapshot #3210 2026-09-17T13:51:07Z
[collector] snapshot #3211 2026-09-17T13:51:08Z
[collector] snapshot #3212 2026-09-17T13:51:09Z
[collector] snapshot #3213 2026-09-17T13:51:10Z
[collector] snapshot #3214 2026-09-17T13:51:11Z
[collector] snapshot #3215 2026-09-17T13:51:12Z
[collector] snapshot #3216 2026-09-17T13:51:13Z
[collector] snapshot #3217 2026-09-17T13:51:14Z
[collector] snapshot #3218 2026-09-17T13:51:15Z
[collector] snapshot #3219 2026-09-17T13:51:16Z
[collector] snapshot #3220 2026-09-17T13:51:17Z
[collector] snapshot #3221 2026-09-17T13:51:18Z
[collector] snapshot #3222 2026-09-17T13:51:19Z
[collector] snapshot #3223 2026-09-17T13:51:20Z
[collector] snapshot #3224 2026-09-17T13:51:21Z
[collector] snapshot #3225 2026-09-17T13:51:22Z
[collector] snapshot #3226 2026-09-17T13:51:23Z
[collector] snapshot #3227 2026-09-17T13:51:24Z
[collector] snapshot #3228 2026-09-17T13:51:25Z
[collector] snapshot #3229 2026-09-17T13:51:26Z
[collector] snapshot #3230 2026-09-17T13:51:27Z
[collector] snapshot #3231 2026-09-17T13:51:28Z
[collector] snapshot #3232 2026-09-17T13:51:29Z
[collector] snapshot #3233 2026-09-17T13:51:30Z
[collector] snapshot #3234 2026-09-17T13:51:31Z
[collector] snapshot #3235 2026-09-17T13:51:32Z
[collector] snapshot #3236 2026-09-17T13:51:33Z
[collector] snapshot #3237 2026-09-17T13:51:34Z
[collector] snapshot #3238 2026-09-17T13:51:35Z
[collector] snapshot #3239 2026-09-17T13:51:36Z
[collector] snapshot #3240 2026-09-17T13:51:37Z
[collector] snapshot #3241 2026-09-17T13:51:38Z
[collector] snapshot #3242 2026-09-17T13:51:39Z
[collector] snapshot #3243 2026-09-17T13:51:40Z
[collector] snapshot #3244 2026-09-17T13:51:41Z
[collector] snapshot #3245 2026-09-17T13:51:42Z
[collector] snapshot #3246 2026-09-17T13:51:43Z
[collector] snapshot #3247 2026-09-17T13:51:44Z
[collector] snapshot #3248 2026-09-17T13:51:45Z
[collector] snapshot #3249 2026-09-17T13:51:46Z
[collector] snapshot #3250 2026-09-17T13:51:47Z
[collector] snapshot #3251 2026-09-17T13:51:48Z
[collector] snapshot #3252 2026-09-17T13:51:49Z
[collector] snapshot #3253 2026-09-17T13:51:50Z
[collector] snapshot #3254 2026-09-17T13:51:51Z
[collector] snapshot #3255 2026-09-17T13:51:52Z
[collector] snapshot #3256 2026-09-17T13:51:53Z
[collector] snapshot #3257 2026-09-17T13:51:54Z
[collector] snapshot #3258 2026-09-17T13:51:55Z
[collector] snapshot #3259 2026-09-17T13:51:56Z
[collector] snapshot #3260 2026-09-17T13:51:58Z
[collector] snapshot #3261 2026-09-17T13:51:59Z
[collector] snapshot #3262 2026-09-17T13:52:00Z
[collector] snapshot #3263 2026-09-17T13:52:01Z
[collector] snapshot #3264 2026-09-17T13:52:02Z
[collector] snapshot #3265 2026-09-17T13:52:03Z
[collector] snapshot #3266 2026-09-17T13:52:04Z
[collector] snapshot #3267 2026-09-17T13:52:05Z
[collector] snapshot #3268 2026-09-17T13:52:06Z
[collector] snapshot #3269 2026-09-17T13:52:07Z
[collector] snapshot #3270 2026-09-17T13:52:08Z
[collector] snapshot #3271 2026-09-17T13:52:09Z
[collector] snapshot #3272 2026-09-17T13:52:10Z
[collector] snapshot #3273 2026-09-17T13:52:11Z
[collector] snapshot #3274 2026-09-17T13:52:12Z
[collector] snapshot #3275 2026-09-17T13:52:13Z
[collector] snapshot #3276 2026-09-17T13:52:14Z
[collector] snapshot #3277 2026-09-17T13:52:15Z
[collector] snapshot #3278 2026-09-17T13:52:16Z
[collector] snapshot #3279 2026-09-17T13:52:17Z
[collector] snapshot #3280 2026-09-17T13:52:18Z
[collector] snapshot #3281 2026-09-17T13:52:19Z
[collector] snapshot #3282 2026-09-17T13:52:20Z
[collector] snapshot #3283 2026-09-17T13:52:21Z
[collector] snapshot #3284 2026-09-17T13:52:22Z
[collector] snapshot #3285 2026-09-17T13:52:23Z
[collector] snapshot #3286 2026-09-17T13:52:24Z
[collector] snapshot #3287 2026-09-17T13:52:25Z
[collector] snapshot #3288 2026-09-17T13:52:26Z
[collector] snapshot #3289 2026-09-17T13:52:27Z
[collector] snapshot #3290 2026-09-17T13:52:28Z
[collector] snapshot #3291 2026-09-17T13:52:29Z
[collector] snapshot #3292 2026-09-17T13:52:30Z
[collector] snapshot #3293 2026-09-17T13:52:31Z
[collector] snapshot #3294 2026-09-17T13:52:32Z
[collector] snapshot #3295 2026-09-17T13:52:33Z
[collector] snapshot #3296 2026-09-17T13:52:34Z
[collector] snapshot #3297 2026-09-17T13:52:35Z
[collector] snapshot #3298 2026-09-17T13:52:36Z
[collector] snapshot #3299 2026-09-17T13:52:37Z
[collector] snapshot #3300 2026-09-17T13:52:38Z
[collector] snapshot #3301 2026-09-17T13:52:39Z
[collector] snapshot #3302 2026-09-17T13:52:40Z
[collector] snapshot #3303 2026-09-17T13:52:41Z
[collector] snapshot #3304 2026-09-17T13:52:42Z
[collector] snapshot #3305 2026-09-17T13:52:43Z
[collector] snapshot #3306 2026-09-17T13:52:44Z
[collector] snapshot #3307 2026-09-17T13:52:45Z
[collector] snapshot #3308 2026-09-17T13:52:46Z
[collector] snapshot #3309 2026-09-17T13:52:47Z
[collector] snapshot #3310 2026-09-17T13:52:48Z
[collector] snapshot #3311 2026-09-17T13:52:49Z
[collector] snapshot #3312 2026-09-17T13:52:50Z
[collector] snapshot #3313 2026-09-17T13:52:51Z
[collector] snapshot #3314 2026-09-17T13:52:52Z
[collector] snapshot #3315 2026-09-17T13:52:53Z
[collector] snapshot #3316 2026-09-17T13:52:54Z
[collector] snapshot #3317 2026-09-17T13:52:55Z
[collector] snapshot #3318 2026-09-17T13:52:56Z
[collector] snapshot #3319 2026-09-17T13:52:57Z
[collector] snapshot #3320 2026-09-17T13:52:58Z
[collector] snapshot #3321 2026-09-17T13:52:59Z
[collector] snapshot #3322 2026-09-17T13:53:00Z
[collector] snapshot #3323 2026-09-17T13:53:01Z
[collector] snapshot #3324 2026-09-17T13:53:02Z
[collector] snapshot #3325 2026-09-17T13:53:03Z
[collector] snapshot #3326 2026-09-17T13:53:04Z
[collector] snapshot #3327 2026-09-17T13:53:05Z
[collector] snapshot #3328 2026-09-17T13:53:06Z
[collector] snapshot #3329 2026-09-17T13:53:07Z
[collector] snapshot #3330 2026-09-17T13:53:08Z
[collector] snapshot #3331 2026-09-17T13:53:09Z
[collector] snapshot #3332 2026-09-17T13:53:10Z
[collector] snapshot #3333 2026-09-17T13:53:11Z
[collector] snapshot #3334 2026-09-17T13:53:12Z
[collector] snapshot #3335 2026-09-17T13:53:13Z
[collector] snapshot #3336 2026-09-17T13:53:14Z
[collector] snapshot #3337 2026-09-17T13:53:15Z
[collector] snapshot #3338 2026-09-17T13:53:16Z
[collector] snapshot #3339 2026-09-17T13:53:17Z
[collector] snapshot #3340 2026-09-17T13:53:18Z
[collector] snapshot #3341 2026-09-17T13:53:19Z
[collector] snapshot #3342 2026-09-17T13:53:20Z
[collector] snapshot #3343 2026-09-17T13:53:21Z
[collector] snapshot #3344 2026-09-17T13:53:22Z
[collector] snapshot #3345 2026-09-17T13:53:23Z
[collector] snapshot #3346 2026-09-17T13:53:24Z
[collector] snapshot #3347 2026-09-17T13:53:25Z
[collector] snapshot #3348 2026-09-17T13:53:26Z
[collector] snapshot #3349 2026-09-17T13:53:27Z
[collector] snapshot #3350 2026-09-17T13:53:28Z
[collector] snapshot #3351 2026-09-17T13:53:29Z
[collector] snapshot #3352 2026-09-17T13:53:30Z
[collector] snapshot #3353 2026-09-17T13:53:31Z
[collector] snapshot #3354 2026-09-17T13:53:32Z
[collector] snapshot #3355 2026-09-17T13:53:33Z
[collector] snapshot #3356 2026-09-17T13:53:34Z
[collector] snapshot #3357 2026-09-17T13:53:35Z
[collector] snapshot #3358 2026-09-17T13:53:36Z
[collector] snapshot #3359 2026-09-17T13:53:37Z
[collector] snapshot #3360 2026-09-17T13:53:38Z
[collector] snapshot #3361 2026-09-17T13:53:39Z
[collector] snapshot #3362 2026-09-17T13:53:40Z
[collector] snapshot #3363 2026-09-17T13:53:41Z
[collector] snapshot #3364 2026-09-17T13:53:42Z
[collector] snapshot #3365 2026-09-17T13:53:43Z
[collector] snapshot #3366 2026-09-17T13:53:44Z
[collector] snapshot #3367 2026-09-17T13:53:45Z
[collector] snapshot #3368 2026-09-17T13:53:46Z
[collector] snapshot #3369 2026-09-17T13:53:47Z
[collector] snapshot #3370 2026-09-17T13:53:48Z
[collector] snapshot #3371 2026-09-17T13:53:49Z
[collector] snapshot #3372 2026-09-17T13:53:50Z
[collector] snapshot #3373 2026-09-17T13:53:51Z
[collector] snapshot #3374 2026-09-17T13:53:52Z
[collector] snapshot #3375 2026-09-17T13:53:53Z
[collector] snapshot #3376 2026-09-17T13:53:54Z
[collector] snapshot #3377 2026-09-17T13:53:55Z
[collector] snapshot #3378 2026-09-17T13:53:56Z
[collector] snapshot #3379 2026-09-17T13:53:57Z
[collector] snapshot #3380 2026-09-17T13:53:58Z
[collector] snapshot #3381 2026-09-17T13:53:59Z
[collector] snapshot #3382 2026-09-17T13:54:00Z
[collector] snapshot #3383 2026-09-17T13:54:01Z
[collector] snapshot #3384 2026-09-17T13:54:02Z
[collector] snapshot #3385 2026-09-17T13:54:03Z
[collector] snapshot #3386 2026-09-17T13:54:04Z
[collector] snapshot #3387 2026-09-17T13:54:05Z
[collector] snapshot #3388 2026-09-17T13:54:06Z
[collector] snapshot #3389 2026-09-17T13:54:07Z
[collector] snapshot #3390 2026-09-17T13:54:08Z
[collector] snapshot #3391 2026-09-17T13:54:09Z
[collector] snapshot #3392 2026-09-17T13:54:10Z
[collector] snapshot #3393 2026-09-17T13:54:11Z
[collector] snapshot #3394 2026-09-17T13:54:12Z
[collector] snapshot #3395 2026-09-17T13:54:13Z
[collector] snapshot #3396 2026-09-17T13:54:14Z
[collector] snapshot #3397 2026-09-17T13:54:15Z
[collector] snapshot #3398 2026-09-17T13:54:16Z
[collector] snapshot #3399 2026-09-17T13:54:17Z
[collector] snapshot #3400 2026-09-17T13:54:18Z
[collector] snapshot #3401 2026-09-17T13:54:19Z
[collector] snapshot #3402 2026-09-17T13:54:20Z
[collector] snapshot #3403 2026-09-17T13:54:21Z
[collector] snapshot #3404 2026-09-17T13:54:22Z
[collector] snapshot #3405 2026-09-17T13:54:23Z
[collector] snapshot #3406 2026-09-17T13:54:24Z
[collector] snapshot #3407 2026-09-17T13:54:25Z
[collector] snapshot #3408 2026-09-17T13:54:26Z
[collector] snapshot #3409 2026-09-17T13:54:27Z
[collector] snapshot #3410 2026-09-17T13:54:28Z
[collector] snapshot #3411 2026-09-17T13:54:29Z
[collector] snapshot #3412 2026-09-17T13:54:30Z
[collector] snapshot #3413 2026-09-17T13:54:31Z
[collector] snapshot #3414 2026-09-17T13:54:32Z
[collector] snapshot #3415 2026-09-17T13:54:33Z
[collector] snapshot #3416 2026-09-17T13:54:34Z
[collector] snapshot #3417 2026-09-17T13:54:35Z
[collector] snapshot #3418 2026-09-17T13:54:36Z
[collector] snapshot #3419 2026-09-17T13:54:37Z
[collector] snapshot #3420 2026-09-17T13:54:38Z
[collector] snapshot #3421 2026-09-17T13:54:39Z
[collector] snapshot #3422 2026-09-17T13:54:40Z
[collector] snapshot #3423 2026-09-17T13:54:41Z
[collector] snapshot #3424 2026-09-17T13:54:42Z
[collector] snapshot #3425 2026-09-17T13:54:43Z
[collector] snapshot #3426 2026-09-17T13:54:44Z
[collector] snapshot #3427 2026-09-17T13:54:45Z
[collector] snapshot #3428 2026-09-17T13:54:46Z
[collector] snapshot #3429 2026-09-17T13:54:47Z
[collector] snapshot #3430 2026-09-17T13:54:48Z
[collector] snapshot #3431 2026-09-17T13:54:49Z
[collector] snapshot #3432 2026-09-17T13:54:50Z
[collector] snapshot #3433 2026-09-17T13:54:51Z
[collector] snapshot #3434 2026-09-17T13:54:52Z
[collector] snapshot #3435 2026-09-17T13:54:53Z
[collector] snapshot #3436 2026-09-17T13:54:54Z
[collector] snapshot #3437 2026-09-17T13:54:55Z
[collector] snapshot #3438 2026-09-17T13:54:56Z
[collector] snapshot #3439 2026-09-17T13:54:57Z
[collector] snapshot #3440 2026-09-17T13:54:58Z
[collector] snapshot #3441 2026-09-17T13:54:59Z
[collector] snapshot #3442 2026-09-17T13:55:00Z
[collector] snapshot #3443 2026-09-17T13:55:01Z
[collector] snapshot #3444 2026-09-17T13:55:02Z
[collector] snapshot #3445 2026-09-17T13:55:03Z
[collector] snapshot #3446 2026-09-17T13:55:04Z
[collector] snapshot #3447 2026-09-17T13:55:05Z
[collector] snapshot #3448 2026-09-17T13:55:06Z
[collector] snapshot #3449 2026-09-17T13:55:07Z
[collector] snapshot #3450 2026-09-17T13:55:08Z
[collector] snapshot #3451 2026-09-17T13:55:09Z
[collector] snapshot #3452 2026-09-17T13:55:10Z
[collector] snapshot #3453 2026-09-17T13:55:11Z
[collector] snapshot #3454 2026-09-17T13:55:12Z
[collector] snapshot #3455 2026-09-17T13:55:13Z
[collector] snapshot #3456 2026-09-17T13:55:14Z
[collector] snapshot #3457 2026-09-17T13:55:15Z
[collector] snapshot #3458 2026-09-17T13:55:16Z
[collector] snapshot #3459 2026-09-17T13:55:17Z
[collector] snapshot #3460 2026-09-17T13:55:18Z
[collector] snapshot #3461 2026-09-17T13:55:19Z
[collector] snapshot #3462 2026-09-17T13:55:20Z
[collector] snapshot #3463 2026-09-17T13:55:21Z
[collector] snapshot #3464 2026-09-17T13:55:22Z
[collector] snapshot #3465 2026-09-17T13:55:23Z
[collector] snapshot #3466 2026-09-17T13:55:24Z
[collector] snapshot #3467 2026-09-17T13:55:25Z
[collector] snapshot #3468 2026-09-17T13:55:26Z
[collector] snapshot #3469 2026-09-17T13:55:27Z
[collector] snapshot #3470 2026-09-17T13:55:28Z
[collector] snapshot #3471 2026-09-17T13:55:29Z
[collector] snapshot #3472 2026-09-17T13:55:30Z
[collector] snapshot #3473 2026-09-17T13:55:31Z
[collector] snapshot #3474 2026-09-17T13:55:32Z
[collector] snapshot #3475 2026-09-17T13:55:33Z
[collector] snapshot #3476 2026-09-17T13:55:34Z
[collector] snapshot #3477 2026-09-17T13:55:35Z
[collector] snapshot #3478 2026-09-17T13:55:36Z
[collector] snapshot #3479 2026-09-17T13:55:37Z
[collector] snapshot #3480 2026-09-17T13:55:38Z
[collector] snapshot #3481 2026-09-17T13:55:39Z
[collector] snapshot #3482 2026-09-17T13:55:40Z
[collector] snapshot #3483 2026-09-17T13:55:41Z
[collector] snapshot #3484 2026-09-17T13:55:42Z
[collector] snapshot #3485 2026-09-17T13:55:43Z
[collector] snapshot #3486 2026-09-17T13:55:44Z
[collector] snapshot #3487 2026-09-17T13:55:45Z
[collector] snapshot #3488 2026-09-17T13:55:46Z
[collector] snapshot #3489 2026-09-17T13:55:47Z
[collector] snapshot #3490 2026-09-17T13:55:48Z
[collector] snapshot #3491 2026-09-17T13:55:49Z
[collector] snapshot #3492 2026-09-17T13:55:50Z
[collector] snapshot #3493 2026-09-17T13:55:51Z
[collector] snapshot #3494 2026-09-17T13:55:52Z
[collector] snapshot #3495 2026-09-17T13:55:53Z
[collector] snapshot #3496 2026-09-17T13:55:54Z
[collector] snapshot #3497 2026-09-17T13:55:55Z
[collector] snapshot #3498 2026-09-17T13:55:56Z
[collector] snapshot #3499 2026-09-17T13:55:57Z
[collector] snapshot #3500 2026-09-17T13:55:58Z
[collector] snapshot #3501 2026-09-17T13:55:59Z
[collector] snapshot #3502 2026-09-17T13:56:00Z
[collector] snapshot #3503 2026-09-17T13:56:01Z
[collector] snapshot #3504 2026-09-17T13:56:02Z
[collector] snapshot #3505 2026-09-17T13:56:03Z
[collector] snapshot #3506 2026-09-17T13:56:04Z
[collector] snapshot #3507 2026-09-17T13:56:05Z
[collector] snapshot #3508 2026-09-17T13:56:06Z
[collector] snapshot #3509 2026-09-17T13:56:07Z
[collector] snapshot #3510 2026-09-17T13:56:08Z
[collector] snapshot #3511 2026-09-17T13:56:09Z
[collector] snapshot #3512 2026-09-17T13:56:10Z
[collector] snapshot #3513 2026-09-17T13:56:11Z
[collector] snapshot #3514 2026-09-17T13:56:12Z
[collector] snapshot #3515 2026-09-17T13:56:13Z
[collector] snapshot #3516 2026-09-17T13:56:14Z
[collector] snapshot #3517 2026-09-17T13:56:15Z
[collector] snapshot #3518 2026-09-17T13:56:16Z
[collector] snapshot #3519 2026-09-17T13:56:17Z
[collector] snapshot #3520 2026-09-17T13:56:18Z
[collector] snapshot #3521 2026-09-17T13:56:19Z
[collector] snapshot #3522 2026-09-17T13:56:20Z
[collector] snapshot #3523 2026-09-17T13:56:21Z
[collector] snapshot #3524 2026-09-17T13:56:22Z
[collector] snapshot #3525 2026-09-17T13:56:23Z
[collector] snapshot #3526 2026-09-17T13:56:24Z
[collector] snapshot #3527 2026-09-17T13:56:25Z
[collector] snapshot #3528 2026-09-17T13:56:26Z
[collector] snapshot #3529 2026-09-17T13:56:27Z
[collector] snapshot #3530 2026-09-17T13:56:28Z
[collector] snapshot #3531 2026-09-17T13:56:29Z
[collector] snapshot #3532 2026-09-17T13:56:30Z
[collector] snapshot #3533 2026-09-17T13:56:31Z
[collector] snapshot #3534 2026-09-17T13:56:32Z
[collector] snapshot #3535 2026-09-17T13:56:33Z
[collector] snapshot #3536 2026-09-17T13:56:34Z
[collector] snapshot #3537 2026-09-17T13:56:35Z
[collector] snapshot #3538 2026-09-17T13:56:36Z
[collector] snapshot #3539 2026-09-17T13:56:37Z
[collector] snapshot #3540 2026-09-17T13:56:38Z
[collector] snapshot #3541 2026-09-17T13:56:39Z
[collector] snapshot #3542 2026-09-17T13:56:40Z
[collector] snapshot #3543 2026-09-17T13:56:41Z
[collector] snapshot #3544 2026-09-17T13:56:42Z
[collector] snapshot #3545 2026-09-17T13:56:43Z
[collector] snapshot #3546 2026-09-17T13:56:44Z
[collector] snapshot #3547 2026-09-17T13:56:45Z
[collector] snapshot #3548 2026-09-17T13:56:46Z
[collector] snapshot #3549 2026-09-17T13:56:47Z
[collector] snapshot #3550 2026-09-17T13:56:48Z
[collector] snapshot #3551 2026-09-17T13:56:49Z
[collector] snapshot #3552 2026-09-17T13:56:50Z
[collector] snapshot #3553 2026-09-17T13:56:51Z
[collector] snapshot #3554 2026-09-17T13:56:52Z
[collector] snapshot #3555 2026-09-17T13:56:53Z
[collector] snapshot #3556 2026-09-17T13:56:54Z
[collector] snapshot #3557 2026-09-17T13:56:55Z
[collector] snapshot #3558 2026-09-17T13:56:56Z
[collector] snapshot #3559 2026-09-17T13:56:57Z
[collector] snapshot #3560 2026-09-17T13:56:58Z
[collector] snapshot #3561 2026-09-17T13:56:59Z
[collector] snapshot #3562 2026-09-17T13:57:00Z
[collector] snapshot #3563 2026-09-17T13:57:01Z
[collector] snapshot #3564 2026-09-17T13:57:02Z
[collector] snapshot #3565 2026-09-17T13:57:03Z
[collector] snapshot #3566 2026-09-17T13:57:04Z
[collector] snapshot #3567 2026-09-17T13:57:05Z
[collector] snapshot #3568 2026-09-17T13:57:06Z
[collector] snapshot #3569 2026-09-17T13:57:07Z
[collector] snapshot #3570 2026-09-17T13:57:08Z
[collector] snapshot #3571 2026-09-17T13:57:09Z
[collector] snapshot #3572 2026-09-17T13:57:10Z
[collector] snapshot #3573 2026-09-17T13:57:11Z
[collector] snapshot #3574 2026-09-17T13:57:12Z
[collector] snapshot #3575 2026-09-17T13:57:13Z
[collector] snapshot #3576 2026-09-17T13:57:14Z
[collector] snapshot #3577 2026-09-17T13:57:15Z
[collector] snapshot #3578 2026-09-17T13:57:16Z
[collector] snapshot #3579 2026-09-17T13:57:17Z
[collector] snapshot #3580 2026-09-17T13:57:18Z
[collector] snapshot #3581 2026-09-17T13:57:19Z
[collector] snapshot #3582 2026-09-17T13:57:20Z
[collector] snapshot #3583 2026-09-17T13:57:21Z
[collector] snapshot #3584 2026-09-17T13:57:22Z
[collector] snapshot #3585 2026-09-17T13:57:23Z
[collector] snapshot #3586 2026-09-17T13:57:24Z
[collector] snapshot #3587 2026-09-17T13:57:25Z
[collector] snapshot #3588 2026-09-17T13:57:26Z
[collector] snapshot #3589 2026-09-17T13:57:27Z
[collector] snapshot #3590 2026-09-17T13:57:28Z
[collector] snapshot #3591 2026-09-17T13:57:29Z
[collector] snapshot #3592 2026-09-17T13:57:30Z
[collector] snapshot #3593 2026-09-17T13:57:31Z
[collector] snapshot #3594 2026-09-17T13:57:32Z
[collector] snapshot #3595 2026-09-17T13:57:33Z
[collector] snapshot #3596 2026-09-17T13:57:34Z
[collector] snapshot #3597 2026-09-17T13:57:35Z
[collector] snapshot #3598 2026-09-17T13:57:36Z
[collector] kết thúc. Đã ghi 3598 snapshot -> /home/ubuntu/dt4n-core/data/phase6r/raw/RS-soak2M-s4001-r1.jsonl.partial
[traffic] đã dừng các iperf server
[gen] OK     RS-soak2M-s4001-r1  snapshots=3598  sep=-  sha=65ea9b0d8e48

========================================================================
[2026-09-17T13:57:38Z] RUN RS-soak2M-s4003-r3             exec_index=21 split=r_set
[traffic] đã dừng các iperf server
[traffic] đã dừng các iperf server
[traffic] iperf server (TCP) bật nền trên srv1
[traffic] iperf server (TCP) bật nền trên srv2
[traffic] nền srv1->srv2 UDP @2Mbps qua bottleneck s2-s3
[traffic] NORMAL: h1 -> srv1 TCP @2M per client
[traffic] NORMAL: h2 -> srv2 TCP @2M per client
[traffic] NORMAL: h3 -> srv1 TCP @2M per client
[traffic] đã dừng các iperf server
[traffic] iperf server (TCP) bật nền trên srv1
[traffic] iperf server (TCP) bật nền trên srv2
[traffic] nền srv1->srv2 UDP @2Mbps qua bottleneck s2-s3
[traffic] NORMAL: h1 -> srv1 TCP @2M per client
[traffic] NORMAL: h2 -> srv2 TCP @2M per client
[traffic] NORMAL: h3 -> srv1 TCP @2M per client
[gen] profile=fixed, pre-roll 5s
[collector] bắt đầu, interval=1.0s
[collector] JSONL log  -> /home/ubuntu/dt4n-core/data/phase6r/raw/RS-soak2M-s4003-r3.jsonl.partial (overwrite)
[collector] snapshot #001 2026-09-17T13:57:55Z
[collector] snapshot #002 2026-09-17T13:57:56Z
[collector] snapshot #003 2026-09-17T13:57:57Z
[collector] snapshot #004 2026-09-17T13:57:58Z
[collector] snapshot #005 2026-09-17T13:57:59Z
[collector] snapshot #006 2026-09-17T13:58:00Z
[collector] snapshot #007 2026-09-17T13:58:01Z
[collector] snapshot #008 2026-09-17T13:58:02Z
[collector] snapshot #009 2026-09-17T13:58:03Z
[collector] snapshot #010 2026-09-17T13:58:04Z
[collector] snapshot #011 2026-09-17T13:58:05Z
[collector] snapshot #012 2026-09-17T13:58:06Z
[collector] snapshot #013 2026-09-17T13:58:07Z
[collector] snapshot #014 2026-09-17T13:58:08Z
[collector] snapshot #015 2026-09-17T13:58:09Z
[collector] snapshot #016 2026-09-17T13:58:10Z
[collector] snapshot #017 2026-09-17T13:58:11Z
[collector] snapshot #018 2026-09-17T13:58:12Z
[collector] snapshot #019 2026-09-17T13:58:13Z
[collector] snapshot #020 2026-09-17T13:58:14Z
[collector] snapshot #021 2026-09-17T13:58:15Z
[collector] snapshot #022 2026-09-17T13:58:16Z
[collector] snapshot #023 2026-09-17T13:58:17Z
[collector] snapshot #024 2026-09-17T13:58:18Z
[collector] snapshot #025 2026-09-17T13:58:19Z
[collector] snapshot #026 2026-09-17T13:58:20Z
[collector] snapshot #027 2026-09-17T13:58:21Z
[collector] snapshot #028 2026-09-17T13:58:22Z
[collector] snapshot #029 2026-09-17T13:58:23Z
[collector] snapshot #030 2026-09-17T13:58:24Z
[collector] snapshot #031 2026-09-17T13:58:25Z
[collector] snapshot #032 2026-09-17T13:58:26Z
[collector] snapshot #033 2026-09-17T13:58:27Z
[collector] snapshot #034 2026-09-17T13:58:28Z
[collector] snapshot #035 2026-09-17T13:58:29Z
[collector] snapshot #036 2026-09-17T13:58:30Z
[collector] snapshot #037 2026-09-17T13:58:31Z
[collector] snapshot #038 2026-09-17T13:58:32Z
[collector] snapshot #039 2026-09-17T13:58:33Z
[collector] snapshot #040 2026-09-17T13:58:34Z
[collector] snapshot #041 2026-09-17T13:58:35Z
[collector] snapshot #042 2026-09-17T13:58:36Z
[collector] snapshot #043 2026-09-17T13:58:37Z
[collector] snapshot #044 2026-09-17T13:58:38Z
[collector] snapshot #045 2026-09-17T13:58:39Z
[collector] snapshot #046 2026-09-17T13:58:40Z
[collector] snapshot #047 2026-09-17T13:58:41Z
[collector] snapshot #048 2026-09-17T13:58:42Z
[collector] snapshot #049 2026-09-17T13:58:43Z
[collector] snapshot #050 2026-09-17T13:58:44Z
[collector] snapshot #051 2026-09-17T13:58:45Z
[collector] snapshot #052 2026-09-17T13:58:46Z
[collector] snapshot #053 2026-09-17T13:58:47Z
[collector] snapshot #054 2026-09-17T13:58:48Z
[collector] snapshot #055 2026-09-17T13:58:49Z
[collector] snapshot #056 2026-09-17T13:58:50Z
[collector] snapshot #057 2026-09-17T13:58:51Z
[collector] snapshot #058 2026-09-17T13:58:52Z
[collector] snapshot #059 2026-09-17T13:58:53Z
[collector] snapshot #060 2026-09-17T13:58:54Z
[collector] snapshot #061 2026-09-17T13:58:55Z
[collector] snapshot #062 2026-09-17T13:58:56Z
[collector] snapshot #063 2026-09-17T13:58:57Z
[collector] snapshot #064 2026-09-17T13:58:58Z
[collector] snapshot #065 2026-09-17T13:58:59Z
[collector] snapshot #066 2026-09-17T13:59:00Z
[collector] snapshot #067 2026-09-17T13:59:01Z
[collector] snapshot #068 2026-09-17T13:59:02Z
[collector] snapshot #069 2026-09-17T13:59:03Z
[collector] snapshot #070 2026-09-17T13:59:04Z
[collector] snapshot #071 2026-09-17T13:59:05Z
[collector] snapshot #072 2026-09-17T13:59:06Z
[collector] snapshot #073 2026-09-17T13:59:07Z
[collector] snapshot #074 2026-09-17T13:59:08Z
[collector] snapshot #075 2026-09-17T13:59:09Z
[collector] snapshot #076 2026-09-17T13:59:10Z
[collector] snapshot #077 2026-09-17T13:59:11Z
[collector] snapshot #078 2026-09-17T13:59:12Z
[collector] snapshot #079 2026-09-17T13:59:13Z
[collector] snapshot #080 2026-09-17T13:59:14Z
[collector] snapshot #081 2026-09-17T13:59:15Z
[collector] snapshot #082 2026-09-17T13:59:16Z
[collector] snapshot #083 2026-09-17T13:59:17Z
[collector] snapshot #084 2026-09-17T13:59:18Z
[collector] snapshot #085 2026-09-17T13:59:19Z
[collector] snapshot #086 2026-09-17T13:59:20Z
[collector] snapshot #087 2026-09-17T13:59:21Z
[collector] snapshot #088 2026-09-17T13:59:22Z
[collector] snapshot #089 2026-09-17T13:59:23Z
[collector] snapshot #090 2026-09-17T13:59:24Z
[collector] snapshot #091 2026-09-17T13:59:25Z
[collector] snapshot #092 2026-09-17T13:59:26Z
[collector] snapshot #093 2026-09-17T13:59:27Z
[collector] snapshot #094 2026-09-17T13:59:28Z
[collector] snapshot #095 2026-09-17T13:59:29Z
[collector] snapshot #096 2026-09-17T13:59:30Z
[collector] snapshot #097 2026-09-17T13:59:31Z
[collector] snapshot #098 2026-09-17T13:59:32Z
[collector] snapshot #099 2026-09-17T13:59:33Z
[collector] snapshot #100 2026-09-17T13:59:34Z
[collector] snapshot #101 2026-09-17T13:59:35Z
[collector] snapshot #102 2026-09-17T13:59:36Z
[collector] snapshot #103 2026-09-17T13:59:37Z
[collector] snapshot #104 2026-09-17T13:59:38Z
[collector] snapshot #105 2026-09-17T13:59:39Z
[collector] snapshot #106 2026-09-17T13:59:40Z
[collector] snapshot #107 2026-09-17T13:59:41Z
[collector] snapshot #108 2026-09-17T13:59:42Z
[collector] snapshot #109 2026-09-17T13:59:43Z
[collector] snapshot #110 2026-09-17T13:59:44Z
[collector] snapshot #111 2026-09-17T13:59:45Z
[collector] snapshot #112 2026-09-17T13:59:46Z
[collector] snapshot #113 2026-09-17T13:59:47Z
[collector] snapshot #114 2026-09-17T13:59:48Z
[collector] snapshot #115 2026-09-17T13:59:49Z
[collector] snapshot #116 2026-09-17T13:59:50Z
[collector] snapshot #117 2026-09-17T13:59:51Z
[collector] snapshot #118 2026-09-17T13:59:52Z
[collector] snapshot #119 2026-09-17T13:59:53Z
[collector] snapshot #120 2026-09-17T13:59:54Z
[collector] snapshot #121 2026-09-17T13:59:55Z
[collector] snapshot #122 2026-09-17T13:59:56Z
[collector] snapshot #123 2026-09-17T13:59:57Z
[collector] snapshot #124 2026-09-17T13:59:58Z
[collector] snapshot #125 2026-09-17T13:59:59Z
[collector] snapshot #126 2026-09-17T14:00:00Z
[collector] snapshot #127 2026-09-17T14:00:01Z
[collector] snapshot #128 2026-09-17T14:00:02Z
[collector] snapshot #129 2026-09-17T14:00:03Z
[collector] snapshot #130 2026-09-17T14:00:04Z
[collector] snapshot #131 2026-09-17T14:00:05Z
[collector] snapshot #132 2026-09-17T14:00:06Z
[collector] snapshot #133 2026-09-17T14:00:07Z
[collector] snapshot #134 2026-09-17T14:00:08Z
[collector] snapshot #135 2026-09-17T14:00:09Z
[collector] snapshot #136 2026-09-17T14:00:10Z
[collector] snapshot #137 2026-09-17T14:00:11Z
[collector] snapshot #138 2026-09-17T14:00:12Z
[collector] snapshot #139 2026-09-17T14:00:13Z
[collector] snapshot #140 2026-09-17T14:00:14Z
[collector] snapshot #141 2026-09-17T14:00:15Z
[collector] snapshot #142 2026-09-17T14:00:16Z
[collector] snapshot #143 2026-09-17T14:00:17Z
[collector] snapshot #144 2026-09-17T14:00:18Z
[collector] snapshot #145 2026-09-17T14:00:19Z
[collector] snapshot #146 2026-09-17T14:00:20Z
[collector] snapshot #147 2026-09-17T14:00:21Z
[collector] snapshot #148 2026-09-17T14:00:22Z
[collector] snapshot #149 2026-09-17T14:00:23Z
[collector] snapshot #150 2026-09-17T14:00:24Z
[collector] snapshot #151 2026-09-17T14:00:25Z
[collector] snapshot #152 2026-09-17T14:00:26Z
[collector] snapshot #153 2026-09-17T14:00:27Z
[collector] snapshot #154 2026-09-17T14:00:28Z
[collector] snapshot #155 2026-09-17T14:00:29Z
[collector] snapshot #156 2026-09-17T14:00:30Z
[collector] snapshot #157 2026-09-17T14:00:31Z
[collector] snapshot #158 2026-09-17T14:00:32Z
[collector] snapshot #159 2026-09-17T14:00:33Z
[collector] snapshot #160 2026-09-17T14:00:34Z
[collector] snapshot #161 2026-09-17T14:00:35Z
[collector] snapshot #162 2026-09-17T14:00:36Z
[collector] snapshot #163 2026-09-17T14:00:37Z
[collector] snapshot #164 2026-09-17T14:00:38Z
[collector] snapshot #165 2026-09-17T14:00:39Z
[collector] snapshot #166 2026-09-17T14:00:40Z
[collector] snapshot #167 2026-09-17T14:00:41Z
[collector] snapshot #168 2026-09-17T14:00:42Z
[collector] snapshot #169 2026-09-17T14:00:43Z
[collector] snapshot #170 2026-09-17T14:00:44Z
[collector] snapshot #171 2026-09-17T14:00:45Z
[collector] snapshot #172 2026-09-17T14:00:46Z
[collector] snapshot #173 2026-09-17T14:00:47Z
[collector] snapshot #174 2026-09-17T14:00:48Z
[collector] snapshot #175 2026-09-17T14:00:49Z
[collector] snapshot #176 2026-09-17T14:00:50Z
[collector] snapshot #177 2026-09-17T14:00:51Z
[collector] snapshot #178 2026-09-17T14:00:52Z
[collector] snapshot #179 2026-09-17T14:00:53Z
[collector] snapshot #180 2026-09-17T14:00:54Z
[collector] snapshot #181 2026-09-17T14:00:55Z
[collector] snapshot #182 2026-09-17T14:00:56Z
[collector] snapshot #183 2026-09-17T14:00:57Z
[collector] snapshot #184 2026-09-17T14:00:58Z
[collector] snapshot #185 2026-09-17T14:00:59Z
[collector] snapshot #186 2026-09-17T14:01:00Z
[collector] snapshot #187 2026-09-17T14:01:01Z
[collector] snapshot #188 2026-09-17T14:01:02Z
[collector] snapshot #189 2026-09-17T14:01:03Z
[collector] snapshot #190 2026-09-17T14:01:04Z
[collector] snapshot #191 2026-09-17T14:01:05Z
[collector] snapshot #192 2026-09-17T14:01:06Z
[collector] snapshot #193 2026-09-17T14:01:07Z
[collector] snapshot #194 2026-09-17T14:01:08Z
[collector] snapshot #195 2026-09-17T14:01:09Z
[collector] snapshot #196 2026-09-17T14:01:10Z
[collector] snapshot #197 2026-09-17T14:01:11Z
[collector] snapshot #198 2026-09-17T14:01:12Z
[collector] snapshot #199 2026-09-17T14:01:13Z
[collector] snapshot #200 2026-09-17T14:01:14Z
[collector] snapshot #201 2026-09-17T14:01:15Z
[collector] snapshot #202 2026-09-17T14:01:16Z
[collector] snapshot #203 2026-09-17T14:01:17Z
[collector] snapshot #204 2026-09-17T14:01:18Z
[collector] snapshot #205 2026-09-17T14:01:19Z
[collector] snapshot #206 2026-09-17T14:01:20Z
[collector] snapshot #207 2026-09-17T14:01:21Z
[collector] snapshot #208 2026-09-17T14:01:22Z
[collector] snapshot #209 2026-09-17T14:01:23Z
[collector] snapshot #210 2026-09-17T14:01:24Z
[collector] snapshot #211 2026-09-17T14:01:25Z
[collector] snapshot #212 2026-09-17T14:01:26Z
[collector] snapshot #213 2026-09-17T14:01:27Z
[collector] snapshot #214 2026-09-17T14:01:28Z
[collector] snapshot #215 2026-09-17T14:01:29Z
[collector] snapshot #216 2026-09-17T14:01:30Z
[collector] snapshot #217 2026-09-17T14:01:31Z
[collector] snapshot #218 2026-09-17T14:01:32Z
[collector] snapshot #219 2026-09-17T14:01:33Z
[collector] snapshot #220 2026-09-17T14:01:34Z
[collector] snapshot #221 2026-09-17T14:01:35Z
[collector] snapshot #222 2026-09-17T14:01:36Z
[collector] snapshot #223 2026-09-17T14:01:37Z
[collector] snapshot #224 2026-09-17T14:01:38Z
[collector] snapshot #225 2026-09-17T14:01:39Z
[collector] snapshot #226 2026-09-17T14:01:40Z
[collector] snapshot #227 2026-09-17T14:01:41Z
[collector] snapshot #228 2026-09-17T14:01:42Z
[collector] snapshot #229 2026-09-17T14:01:43Z
[collector] snapshot #230 2026-09-17T14:01:44Z
[collector] snapshot #231 2026-09-17T14:01:45Z
[collector] snapshot #232 2026-09-17T14:01:46Z
[collector] snapshot #233 2026-09-17T14:01:47Z
[collector] snapshot #234 2026-09-17T14:01:49Z
[collector] snapshot #235 2026-09-17T14:01:50Z
[collector] snapshot #236 2026-09-17T14:01:51Z
[collector] snapshot #237 2026-09-17T14:01:52Z
[collector] snapshot #238 2026-09-17T14:01:53Z
[collector] snapshot #239 2026-09-17T14:01:54Z
[collector] snapshot #240 2026-09-17T14:01:55Z
[collector] snapshot #241 2026-09-17T14:01:56Z
[collector] snapshot #242 2026-09-17T14:01:57Z
[collector] snapshot #243 2026-09-17T14:01:58Z
[collector] snapshot #244 2026-09-17T14:01:59Z
[collector] snapshot #245 2026-09-17T14:02:00Z
[collector] snapshot #246 2026-09-17T14:02:01Z
[collector] snapshot #247 2026-09-17T14:02:02Z
[collector] snapshot #248 2026-09-17T14:02:03Z
[collector] snapshot #249 2026-09-17T14:02:04Z
[collector] snapshot #250 2026-09-17T14:02:05Z
[collector] snapshot #251 2026-09-17T14:02:06Z
[collector] snapshot #252 2026-09-17T14:02:07Z
[collector] snapshot #253 2026-09-17T14:02:08Z
[collector] snapshot #254 2026-09-17T14:02:09Z
[collector] snapshot #255 2026-09-17T14:02:10Z
[collector] snapshot #256 2026-09-17T14:02:11Z
[collector] snapshot #257 2026-09-17T14:02:12Z
[collector] snapshot #258 2026-09-17T14:02:13Z
[collector] snapshot #259 2026-09-17T14:02:14Z
[collector] snapshot #260 2026-09-17T14:02:15Z
[collector] snapshot #261 2026-09-17T14:02:16Z
[collector] snapshot #262 2026-09-17T14:02:17Z
[collector] snapshot #263 2026-09-17T14:02:18Z
[collector] snapshot #264 2026-09-17T14:02:19Z
[collector] snapshot #265 2026-09-17T14:02:20Z
[collector] snapshot #266 2026-09-17T14:02:21Z
[collector] snapshot #267 2026-09-17T14:02:22Z
[collector] snapshot #268 2026-09-17T14:02:23Z
[collector] snapshot #269 2026-09-17T14:02:24Z
[collector] snapshot #270 2026-09-17T14:02:25Z
[collector] snapshot #271 2026-09-17T14:02:26Z
[collector] snapshot #272 2026-09-17T14:02:27Z
[collector] snapshot #273 2026-09-17T14:02:28Z
[collector] snapshot #274 2026-09-17T14:02:29Z
[collector] snapshot #275 2026-09-17T14:02:30Z
[collector] snapshot #276 2026-09-17T14:02:31Z
[collector] snapshot #277 2026-09-17T14:02:32Z
[collector] snapshot #278 2026-09-17T14:02:33Z
[collector] snapshot #279 2026-09-17T14:02:34Z
[collector] snapshot #280 2026-09-17T14:02:35Z
[collector] snapshot #281 2026-09-17T14:02:36Z
[collector] snapshot #282 2026-09-17T14:02:37Z
[collector] snapshot #283 2026-09-17T14:02:38Z
[collector] snapshot #284 2026-09-17T14:02:39Z
[collector] snapshot #285 2026-09-17T14:02:40Z
[collector] snapshot #286 2026-09-17T14:02:41Z
[collector] snapshot #287 2026-09-17T14:02:42Z
[collector] snapshot #288 2026-09-17T14:02:43Z
[collector] snapshot #289 2026-09-17T14:02:44Z
[collector] snapshot #290 2026-09-17T14:02:45Z
[collector] snapshot #291 2026-09-17T14:02:46Z
[collector] snapshot #292 2026-09-17T14:02:47Z
[collector] snapshot #293 2026-09-17T14:02:48Z
[collector] snapshot #294 2026-09-17T14:02:49Z
[collector] snapshot #295 2026-09-17T14:02:50Z
[collector] snapshot #296 2026-09-17T14:02:51Z
[collector] snapshot #297 2026-09-17T14:02:52Z
[collector] snapshot #298 2026-09-17T14:02:53Z
[collector] snapshot #299 2026-09-17T14:02:54Z
[collector] snapshot #300 2026-09-17T14:02:55Z
[collector] snapshot #301 2026-09-17T14:02:56Z
[collector] snapshot #302 2026-09-17T14:02:57Z
[collector] snapshot #303 2026-09-17T14:02:58Z
[collector] snapshot #304 2026-09-17T14:02:59Z
[collector] snapshot #305 2026-09-17T14:03:00Z
[collector] snapshot #306 2026-09-17T14:03:01Z
[collector] snapshot #307 2026-09-17T14:03:02Z
[collector] snapshot #308 2026-09-17T14:03:03Z
[collector] snapshot #309 2026-09-17T14:03:04Z
[collector] snapshot #310 2026-09-17T14:03:05Z
[collector] snapshot #311 2026-09-17T14:03:06Z
[collector] snapshot #312 2026-09-17T14:03:07Z
[collector] snapshot #313 2026-09-17T14:03:08Z
[collector] snapshot #314 2026-09-17T14:03:09Z
[collector] snapshot #315 2026-09-17T14:03:10Z
[collector] snapshot #316 2026-09-17T14:03:11Z
[collector] snapshot #317 2026-09-17T14:03:12Z
[collector] snapshot #318 2026-09-17T14:03:13Z
[collector] snapshot #319 2026-09-17T14:03:14Z
[collector] snapshot #320 2026-09-17T14:03:15Z
[collector] snapshot #321 2026-09-17T14:03:16Z
[collector] snapshot #322 2026-09-17T14:03:17Z
[collector] snapshot #323 2026-09-17T14:03:18Z
[collector] snapshot #324 2026-09-17T14:03:19Z
[collector] snapshot #325 2026-09-17T14:03:20Z
[collector] snapshot #326 2026-09-17T14:03:21Z
[collector] snapshot #327 2026-09-17T14:03:22Z
[collector] snapshot #328 2026-09-17T14:03:23Z
[collector] snapshot #329 2026-09-17T14:03:24Z
[collector] snapshot #330 2026-09-17T14:03:25Z
[collector] snapshot #331 2026-09-17T14:03:26Z
[collector] snapshot #332 2026-09-17T14:03:27Z
[collector] snapshot #333 2026-09-17T14:03:28Z
[collector] snapshot #334 2026-09-17T14:03:29Z
[collector] snapshot #335 2026-09-17T14:03:30Z
[collector] snapshot #336 2026-09-17T14:03:31Z
[collector] snapshot #337 2026-09-17T14:03:32Z
[collector] snapshot #338 2026-09-17T14:03:33Z
[collector] snapshot #339 2026-09-17T14:03:34Z
[collector] snapshot #340 2026-09-17T14:03:35Z
[collector] snapshot #341 2026-09-17T14:03:36Z
[collector] snapshot #342 2026-09-17T14:03:37Z
[collector] snapshot #343 2026-09-17T14:03:38Z
[collector] snapshot #344 2026-09-17T14:03:39Z
[collector] snapshot #345 2026-09-17T14:03:40Z
[collector] snapshot #346 2026-09-17T14:03:41Z
[collector] snapshot #347 2026-09-17T14:03:42Z
[collector] snapshot #348 2026-09-17T14:03:43Z
[collector] snapshot #349 2026-09-17T14:03:44Z
[collector] snapshot #350 2026-09-17T14:03:45Z
[collector] snapshot #351 2026-09-17T14:03:46Z
[collector] snapshot #352 2026-09-17T14:03:47Z
[collector] snapshot #353 2026-09-17T14:03:48Z
[collector] snapshot #354 2026-09-17T14:03:49Z
[collector] snapshot #355 2026-09-17T14:03:50Z
[collector] snapshot #356 2026-09-17T14:03:51Z
[collector] snapshot #357 2026-09-17T14:03:52Z
[collector] snapshot #358 2026-09-17T14:03:53Z
[collector] snapshot #359 2026-09-17T14:03:54Z
[collector] snapshot #360 2026-09-17T14:03:55Z
[collector] snapshot #361 2026-09-17T14:03:56Z
[collector] snapshot #362 2026-09-17T14:03:57Z
[collector] snapshot #363 2026-09-17T14:03:58Z
[collector] snapshot #364 2026-09-17T14:03:59Z
[collector] snapshot #365 2026-09-17T14:04:00Z
[collector] snapshot #366 2026-09-17T14:04:01Z
[collector] snapshot #367 2026-09-17T14:04:02Z
[collector] snapshot #368 2026-09-17T14:04:03Z
[collector] snapshot #369 2026-09-17T14:04:04Z
[collector] snapshot #370 2026-09-17T14:04:05Z
[collector] snapshot #371 2026-09-17T14:04:06Z
[collector] snapshot #372 2026-09-17T14:04:07Z
[collector] snapshot #373 2026-09-17T14:04:08Z
[collector] snapshot #374 2026-09-17T14:04:09Z
[collector] snapshot #375 2026-09-17T14:04:10Z
[collector] snapshot #376 2026-09-17T14:04:11Z
[collector] snapshot #377 2026-09-17T14:04:12Z
[collector] snapshot #378 2026-09-17T14:04:13Z
[collector] snapshot #379 2026-09-17T14:04:14Z
[collector] snapshot #380 2026-09-17T14:04:15Z
[collector] snapshot #381 2026-09-17T14:04:16Z
[collector] snapshot #382 2026-09-17T14:04:17Z
[collector] snapshot #383 2026-09-17T14:04:18Z
[collector] snapshot #384 2026-09-17T14:04:19Z
[collector] snapshot #385 2026-09-17T14:04:20Z
[collector] snapshot #386 2026-09-17T14:04:21Z
[collector] snapshot #387 2026-09-17T14:04:22Z
[collector] snapshot #388 2026-09-17T14:04:23Z
[collector] snapshot #389 2026-09-17T14:04:24Z
[collector] snapshot #390 2026-09-17T14:04:25Z
[collector] snapshot #391 2026-09-17T14:04:26Z
[collector] snapshot #392 2026-09-17T14:04:27Z
[collector] snapshot #393 2026-09-17T14:04:28Z
[collector] snapshot #394 2026-09-17T14:04:29Z
[collector] snapshot #395 2026-09-17T14:04:30Z
[collector] snapshot #396 2026-09-17T14:04:31Z
[collector] snapshot #397 2026-09-17T14:04:32Z
[collector] snapshot #398 2026-09-17T14:04:33Z
[collector] snapshot #399 2026-09-17T14:04:34Z
[collector] snapshot #400 2026-09-17T14:04:35Z
[collector] snapshot #401 2026-09-17T14:04:36Z
[collector] snapshot #402 2026-09-17T14:04:37Z
[collector] snapshot #403 2026-09-17T14:04:38Z
[collector] snapshot #404 2026-09-17T14:04:39Z
[collector] snapshot #405 2026-09-17T14:04:40Z
[collector] snapshot #406 2026-09-17T14:04:41Z
[collector] snapshot #407 2026-09-17T14:04:42Z
[collector] snapshot #408 2026-09-17T14:04:43Z
[collector] snapshot #409 2026-09-17T14:04:44Z
[collector] snapshot #410 2026-09-17T14:04:45Z
[collector] snapshot #411 2026-09-17T14:04:46Z
[collector] snapshot #412 2026-09-17T14:04:47Z
[collector] snapshot #413 2026-09-17T14:04:48Z
[collector] snapshot #414 2026-09-17T14:04:49Z
[collector] snapshot #415 2026-09-17T14:04:50Z
[collector] snapshot #416 2026-09-17T14:04:51Z
[collector] snapshot #417 2026-09-17T14:04:52Z
[collector] snapshot #418 2026-09-17T14:04:53Z
[collector] snapshot #419 2026-09-17T14:04:54Z
[collector] snapshot #420 2026-09-17T14:04:55Z
[collector] snapshot #421 2026-09-17T14:04:56Z
[collector] snapshot #422 2026-09-17T14:04:57Z
[collector] snapshot #423 2026-09-17T14:04:58Z
[collector] snapshot #424 2026-09-17T14:04:59Z
[collector] snapshot #425 2026-09-17T14:05:00Z
[collector] snapshot #426 2026-09-17T14:05:01Z
[collector] snapshot #427 2026-09-17T14:05:02Z
[collector] snapshot #428 2026-09-17T14:05:03Z
[collector] snapshot #429 2026-09-17T14:05:04Z
[collector] snapshot #430 2026-09-17T14:05:05Z
[collector] snapshot #431 2026-09-17T14:05:06Z
[collector] snapshot #432 2026-09-17T14:05:07Z
[collector] snapshot #433 2026-09-17T14:05:08Z
[collector] snapshot #434 2026-09-17T14:05:09Z
[collector] snapshot #435 2026-09-17T14:05:10Z
[collector] snapshot #436 2026-09-17T14:05:11Z
[collector] snapshot #437 2026-09-17T14:05:12Z
[collector] snapshot #438 2026-09-17T14:05:13Z
[collector] snapshot #439 2026-09-17T14:05:14Z
[collector] snapshot #440 2026-09-17T14:05:15Z
[collector] snapshot #441 2026-09-17T14:05:16Z
[collector] snapshot #442 2026-09-17T14:05:17Z
[collector] snapshot #443 2026-09-17T14:05:18Z
[collector] snapshot #444 2026-09-17T14:05:19Z
[collector] snapshot #445 2026-09-17T14:05:20Z
[collector] snapshot #446 2026-09-17T14:05:21Z
[collector] snapshot #447 2026-09-17T14:05:22Z
[collector] snapshot #448 2026-09-17T14:05:23Z
[collector] snapshot #449 2026-09-17T14:05:24Z
[collector] snapshot #450 2026-09-17T14:05:25Z
[collector] snapshot #451 2026-09-17T14:05:26Z
[collector] snapshot #452 2026-09-17T14:05:27Z
[collector] snapshot #453 2026-09-17T14:05:28Z
[collector] snapshot #454 2026-09-17T14:05:29Z
[collector] snapshot #455 2026-09-17T14:05:30Z
[collector] snapshot #456 2026-09-17T14:05:31Z
[collector] snapshot #457 2026-09-17T14:05:32Z
[collector] snapshot #458 2026-09-17T14:05:33Z
[collector] snapshot #459 2026-09-17T14:05:34Z
[collector] snapshot #460 2026-09-17T14:05:35Z
[collector] snapshot #461 2026-09-17T14:05:36Z
[collector] snapshot #462 2026-09-17T14:05:37Z
[collector] snapshot #463 2026-09-17T14:05:38Z
[collector] snapshot #464 2026-09-17T14:05:39Z
[collector] snapshot #465 2026-09-17T14:05:40Z
[collector] snapshot #466 2026-09-17T14:05:41Z
[collector] snapshot #467 2026-09-17T14:05:42Z
[collector] snapshot #468 2026-09-17T14:05:43Z
[collector] snapshot #469 2026-09-17T14:05:44Z
[collector] snapshot #470 2026-09-17T14:05:45Z
[collector] snapshot #471 2026-09-17T14:05:46Z
[collector] snapshot #472 2026-09-17T14:05:47Z
[collector] snapshot #473 2026-09-17T14:05:48Z
[collector] snapshot #474 2026-09-17T14:05:49Z
[collector] snapshot #475 2026-09-17T14:05:50Z
[collector] snapshot #476 2026-09-17T14:05:51Z
[collector] snapshot #477 2026-09-17T14:05:52Z
[collector] snapshot #478 2026-09-17T14:05:53Z
[collector] snapshot #479 2026-09-17T14:05:54Z
[collector] snapshot #480 2026-09-17T14:05:55Z
[collector] snapshot #481 2026-09-17T14:05:56Z
[collector] snapshot #482 2026-09-17T14:05:57Z
[collector] snapshot #483 2026-09-17T14:05:58Z
[collector] snapshot #484 2026-09-17T14:05:59Z
[collector] snapshot #485 2026-09-17T14:06:00Z
[collector] snapshot #486 2026-09-17T14:06:01Z
[collector] snapshot #487 2026-09-17T14:06:02Z
[collector] snapshot #488 2026-09-17T14:06:03Z
[collector] snapshot #489 2026-09-17T14:06:04Z
[collector] snapshot #490 2026-09-17T14:06:05Z
[collector] snapshot #491 2026-09-17T14:06:06Z
[collector] snapshot #492 2026-09-17T14:06:07Z
[collector] snapshot #493 2026-09-17T14:06:08Z
[collector] snapshot #494 2026-09-17T14:06:09Z
[collector] snapshot #495 2026-09-17T14:06:10Z
[collector] snapshot #496 2026-09-17T14:06:11Z
[collector] snapshot #497 2026-09-17T14:06:12Z
[collector] snapshot #498 2026-09-17T14:06:13Z
[collector] snapshot #499 2026-09-17T14:06:14Z
[collector] snapshot #500 2026-09-17T14:06:15Z
[collector] snapshot #501 2026-09-17T14:06:16Z
[collector] snapshot #502 2026-09-17T14:06:17Z
[collector] snapshot #503 2026-09-17T14:06:18Z
[collector] snapshot #504 2026-09-17T14:06:19Z
[collector] snapshot #505 2026-09-17T14:06:20Z
[collector] snapshot #506 2026-09-17T14:06:21Z
[collector] snapshot #507 2026-09-17T14:06:22Z
[collector] snapshot #508 2026-09-17T14:06:23Z
[collector] snapshot #509 2026-09-17T14:06:24Z
[collector] snapshot #510 2026-09-17T14:06:25Z
[collector] snapshot #511 2026-09-17T14:06:26Z
[collector] snapshot #512 2026-09-17T14:06:27Z
[collector] snapshot #513 2026-09-17T14:06:28Z
[collector] snapshot #514 2026-09-17T14:06:29Z
[collector] snapshot #515 2026-09-17T14:06:30Z
[collector] snapshot #516 2026-09-17T14:06:31Z
[collector] snapshot #517 2026-09-17T14:06:32Z
[collector] snapshot #518 2026-09-17T14:06:33Z
[collector] snapshot #519 2026-09-17T14:06:34Z
[collector] snapshot #520 2026-09-17T14:06:35Z
[collector] snapshot #521 2026-09-17T14:06:36Z
[collector] snapshot #522 2026-09-17T14:06:37Z
[collector] snapshot #523 2026-09-17T14:06:38Z
[collector] snapshot #524 2026-09-17T14:06:39Z
[collector] snapshot #525 2026-09-17T14:06:40Z
[collector] snapshot #526 2026-09-17T14:06:41Z
[collector] snapshot #527 2026-09-17T14:06:42Z
[collector] snapshot #528 2026-09-17T14:06:43Z
[collector] snapshot #529 2026-09-17T14:06:44Z
[collector] snapshot #530 2026-09-17T14:06:45Z
[collector] snapshot #531 2026-09-17T14:06:46Z
[collector] snapshot #532 2026-09-17T14:06:47Z
[collector] snapshot #533 2026-09-17T14:06:48Z
[collector] snapshot #534 2026-09-17T14:06:49Z
[collector] snapshot #535 2026-09-17T14:06:50Z
[collector] snapshot #536 2026-09-17T14:06:51Z
[collector] snapshot #537 2026-09-17T14:06:52Z
[collector] snapshot #538 2026-09-17T14:06:53Z
[collector] snapshot #539 2026-09-17T14:06:54Z
[collector] snapshot #540 2026-09-17T14:06:55Z
[collector] snapshot #541 2026-09-17T14:06:56Z
[collector] snapshot #542 2026-09-17T14:06:57Z
[collector] snapshot #543 2026-09-17T14:06:58Z
[collector] snapshot #544 2026-09-17T14:06:59Z
[collector] snapshot #545 2026-09-17T14:07:00Z
[collector] snapshot #546 2026-09-17T14:07:01Z
[collector] snapshot #547 2026-09-17T14:07:02Z
[collector] snapshot #548 2026-09-17T14:07:03Z
[collector] snapshot #549 2026-09-17T14:07:04Z
[collector] snapshot #550 2026-09-17T14:07:05Z
[collector] snapshot #551 2026-09-17T14:07:06Z
[collector] snapshot #552 2026-09-17T14:07:07Z
[collector] snapshot #553 2026-09-17T14:07:08Z
[collector] snapshot #554 2026-09-17T14:07:09Z
[collector] snapshot #555 2026-09-17T14:07:10Z
[collector] snapshot #556 2026-09-17T14:07:11Z
[collector] snapshot #557 2026-09-17T14:07:12Z
[collector] snapshot #558 2026-09-17T14:07:13Z
[collector] snapshot #559 2026-09-17T14:07:14Z
[collector] snapshot #560 2026-09-17T14:07:15Z
[collector] snapshot #561 2026-09-17T14:07:16Z
[collector] snapshot #562 2026-09-17T14:07:17Z
[collector] snapshot #563 2026-09-17T14:07:18Z
[collector] snapshot #564 2026-09-17T14:07:19Z
[collector] snapshot #565 2026-09-17T14:07:20Z
[collector] snapshot #566 2026-09-17T14:07:21Z
[collector] snapshot #567 2026-09-17T14:07:22Z
[collector] snapshot #568 2026-09-17T14:07:23Z
[collector] snapshot #569 2026-09-17T14:07:24Z
[collector] snapshot #570 2026-09-17T14:07:25Z
[collector] snapshot #571 2026-09-17T14:07:26Z
[collector] snapshot #572 2026-09-17T14:07:27Z
[collector] snapshot #573 2026-09-17T14:07:28Z
[collector] snapshot #574 2026-09-17T14:07:29Z
[collector] snapshot #575 2026-09-17T14:07:30Z
[collector] snapshot #576 2026-09-17T14:07:31Z
[collector] snapshot #577 2026-09-17T14:07:32Z
[collector] snapshot #578 2026-09-17T14:07:33Z
[collector] snapshot #579 2026-09-17T14:07:34Z
[collector] snapshot #580 2026-09-17T14:07:35Z
[collector] snapshot #581 2026-09-17T14:07:36Z
[collector] snapshot #582 2026-09-17T14:07:37Z
[collector] snapshot #583 2026-09-17T14:07:38Z
[collector] snapshot #584 2026-09-17T14:07:39Z
[collector] snapshot #585 2026-09-17T14:07:40Z
[collector] snapshot #586 2026-09-17T14:07:41Z
[collector] snapshot #587 2026-09-17T14:07:42Z
[collector] snapshot #588 2026-09-17T14:07:43Z
[collector] snapshot #589 2026-09-17T14:07:44Z
[collector] snapshot #590 2026-09-17T14:07:45Z
[collector] snapshot #591 2026-09-17T14:07:46Z
[collector] snapshot #592 2026-09-17T14:07:47Z
[collector] snapshot #593 2026-09-17T14:07:48Z
[collector] snapshot #594 2026-09-17T14:07:49Z
[collector] snapshot #595 2026-09-17T14:07:50Z
[collector] snapshot #596 2026-09-17T14:07:51Z
[collector] snapshot #597 2026-09-17T14:07:52Z
[collector] snapshot #598 2026-09-17T14:07:53Z
[collector] snapshot #599 2026-09-17T14:07:54Z
[collector] snapshot #600 2026-09-17T14:07:55Z
[collector] snapshot #601 2026-09-17T14:07:56Z
[collector] snapshot #602 2026-09-17T14:07:57Z
[collector] snapshot #603 2026-09-17T14:07:58Z
[collector] snapshot #604 2026-09-17T14:07:59Z
[collector] snapshot #605 2026-09-17T14:08:00Z
[collector] snapshot #606 2026-09-17T14:08:01Z
[collector] snapshot #607 2026-09-17T14:08:02Z
[collector] snapshot #608 2026-09-17T14:08:03Z
[collector] snapshot #609 2026-09-17T14:08:04Z
[collector] snapshot #610 2026-09-17T14:08:05Z
[collector] snapshot #611 2026-09-17T14:08:06Z
[collector] snapshot #612 2026-09-17T14:08:07Z
[collector] snapshot #613 2026-09-17T14:08:08Z
[collector] snapshot #614 2026-09-17T14:08:09Z
[collector] snapshot #615 2026-09-17T14:08:10Z
[collector] snapshot #616 2026-09-17T14:08:11Z
[collector] snapshot #617 2026-09-17T14:08:12Z
[collector] snapshot #618 2026-09-17T14:08:13Z
[collector] snapshot #619 2026-09-17T14:08:14Z
[collector] snapshot #620 2026-09-17T14:08:15Z
[collector] snapshot #621 2026-09-17T14:08:16Z
[collector] snapshot #622 2026-09-17T14:08:17Z
[collector] snapshot #623 2026-09-17T14:08:18Z
[collector] snapshot #624 2026-09-17T14:08:19Z
[collector] snapshot #625 2026-09-17T14:08:20Z
[collector] snapshot #626 2026-09-17T14:08:21Z
[collector] snapshot #627 2026-09-17T14:08:22Z
[collector] snapshot #628 2026-09-17T14:08:23Z
[collector] snapshot #629 2026-09-17T14:08:24Z
[collector] snapshot #630 2026-09-17T14:08:25Z
[collector] snapshot #631 2026-09-17T14:08:26Z
[collector] snapshot #632 2026-09-17T14:08:27Z
[collector] snapshot #633 2026-09-17T14:08:28Z
[collector] snapshot #634 2026-09-17T14:08:29Z
[collector] snapshot #635 2026-09-17T14:08:30Z
[collector] snapshot #636 2026-09-17T14:08:31Z
[collector] snapshot #637 2026-09-17T14:08:32Z
[collector] snapshot #638 2026-09-17T14:08:33Z
[collector] snapshot #639 2026-09-17T14:08:34Z
[collector] snapshot #640 2026-09-17T14:08:35Z
[collector] snapshot #641 2026-09-17T14:08:36Z
[collector] snapshot #642 2026-09-17T14:08:37Z
[collector] snapshot #643 2026-09-17T14:08:38Z
[collector] snapshot #644 2026-09-17T14:08:39Z
[collector] snapshot #645 2026-09-17T14:08:40Z
[collector] snapshot #646 2026-09-17T14:08:41Z
[collector] snapshot #647 2026-09-17T14:08:42Z
[collector] snapshot #648 2026-09-17T14:08:43Z
[collector] snapshot #649 2026-09-17T14:08:44Z
[collector] snapshot #650 2026-09-17T14:08:45Z
[collector] snapshot #651 2026-09-17T14:08:46Z
[collector] snapshot #652 2026-09-17T14:08:47Z
[collector] snapshot #653 2026-09-17T14:08:48Z
[collector] snapshot #654 2026-09-17T14:08:49Z
[collector] snapshot #655 2026-09-17T14:08:50Z
[collector] snapshot #656 2026-09-17T14:08:51Z
[collector] snapshot #657 2026-09-17T14:08:52Z
[collector] snapshot #658 2026-09-17T14:08:53Z
[collector] snapshot #659 2026-09-17T14:08:54Z
[collector] snapshot #660 2026-09-17T14:08:55Z
[collector] snapshot #661 2026-09-17T14:08:56Z
[collector] snapshot #662 2026-09-17T14:08:57Z
[collector] snapshot #663 2026-09-17T14:08:58Z
[collector] snapshot #664 2026-09-17T14:08:59Z
[collector] snapshot #665 2026-09-17T14:09:00Z
[collector] snapshot #666 2026-09-17T14:09:01Z
[collector] snapshot #667 2026-09-17T14:09:02Z
[collector] snapshot #668 2026-09-17T14:09:03Z
[collector] snapshot #669 2026-09-17T14:09:04Z
[collector] snapshot #670 2026-09-17T14:09:05Z
[collector] snapshot #671 2026-09-17T14:09:06Z
[collector] snapshot #672 2026-09-17T14:09:07Z
[collector] snapshot #673 2026-09-17T14:09:08Z
[collector] snapshot #674 2026-09-17T14:09:09Z
[collector] snapshot #675 2026-09-17T14:09:10Z
[collector] snapshot #676 2026-09-17T14:09:11Z
[collector] snapshot #677 2026-09-17T14:09:12Z
[collector] snapshot #678 2026-09-17T14:09:13Z
[collector] snapshot #679 2026-09-17T14:09:14Z
[collector] snapshot #680 2026-09-17T14:09:15Z
[collector] snapshot #681 2026-09-17T14:09:16Z
[collector] snapshot #682 2026-09-17T14:09:17Z
[collector] snapshot #683 2026-09-17T14:09:18Z
[collector] snapshot #684 2026-09-17T14:09:19Z
[collector] snapshot #685 2026-09-17T14:09:20Z
[collector] snapshot #686 2026-09-17T14:09:21Z
[collector] snapshot #687 2026-09-17T14:09:22Z
[collector] snapshot #688 2026-09-17T14:09:23Z
[collector] snapshot #689 2026-09-17T14:09:24Z
[collector] snapshot #690 2026-09-17T14:09:25Z
[collector] snapshot #691 2026-09-17T14:09:26Z
[collector] snapshot #692 2026-09-17T14:09:27Z
[collector] snapshot #693 2026-09-17T14:09:28Z
[collector] snapshot #694 2026-09-17T14:09:29Z
[collector] snapshot #695 2026-09-17T14:09:30Z
[collector] snapshot #696 2026-09-17T14:09:31Z
[collector] snapshot #697 2026-09-17T14:09:32Z
[collector] snapshot #698 2026-09-17T14:09:33Z
[collector] snapshot #699 2026-09-17T14:09:34Z
[collector] snapshot #700 2026-09-17T14:09:35Z
[collector] snapshot #701 2026-09-17T14:09:36Z
[collector] snapshot #702 2026-09-17T14:09:37Z
[collector] snapshot #703 2026-09-17T14:09:38Z
[collector] snapshot #704 2026-09-17T14:09:39Z
[collector] snapshot #705 2026-09-17T14:09:40Z
[collector] snapshot #706 2026-09-17T14:09:41Z
[collector] snapshot #707 2026-09-17T14:09:42Z
[collector] snapshot #708 2026-09-17T14:09:43Z
[collector] snapshot #709 2026-09-17T14:09:44Z
[collector] snapshot #710 2026-09-17T14:09:45Z
[collector] snapshot #711 2026-09-17T14:09:46Z
[collector] snapshot #712 2026-09-17T14:09:47Z
[collector] snapshot #713 2026-09-17T14:09:48Z
[collector] snapshot #714 2026-09-17T14:09:49Z
[collector] snapshot #715 2026-09-17T14:09:50Z
[collector] snapshot #716 2026-09-17T14:09:51Z
[collector] snapshot #717 2026-09-17T14:09:52Z
[collector] snapshot #718 2026-09-17T14:09:53Z
[collector] snapshot #719 2026-09-17T14:09:54Z
[collector] snapshot #720 2026-09-17T14:09:55Z
[collector] snapshot #721 2026-09-17T14:09:56Z
[collector] snapshot #722 2026-09-17T14:09:57Z
[collector] snapshot #723 2026-09-17T14:09:58Z
[collector] snapshot #724 2026-09-17T14:09:59Z
[collector] snapshot #725 2026-09-17T14:10:00Z
[collector] snapshot #726 2026-09-17T14:10:01Z
[collector] snapshot #727 2026-09-17T14:10:02Z
[collector] snapshot #728 2026-09-17T14:10:03Z
[collector] snapshot #729 2026-09-17T14:10:04Z
[collector] snapshot #730 2026-09-17T14:10:05Z
[collector] snapshot #731 2026-09-17T14:10:06Z
[collector] snapshot #732 2026-09-17T14:10:07Z
[collector] snapshot #733 2026-09-17T14:10:08Z
[collector] snapshot #734 2026-09-17T14:10:09Z
[collector] snapshot #735 2026-09-17T14:10:10Z
[collector] snapshot #736 2026-09-17T14:10:11Z
[collector] snapshot #737 2026-09-17T14:10:12Z
[collector] snapshot #738 2026-09-17T14:10:13Z
[collector] snapshot #739 2026-09-17T14:10:14Z
[collector] snapshot #740 2026-09-17T14:10:15Z
[collector] snapshot #741 2026-09-17T14:10:16Z
[collector] snapshot #742 2026-09-17T14:10:17Z
[collector] snapshot #743 2026-09-17T14:10:18Z
[collector] snapshot #744 2026-09-17T14:10:19Z
[collector] snapshot #745 2026-09-17T14:10:20Z
[collector] snapshot #746 2026-09-17T14:10:21Z
[collector] snapshot #747 2026-09-17T14:10:22Z
[collector] snapshot #748 2026-09-17T14:10:23Z
[collector] snapshot #749 2026-09-17T14:10:24Z
[collector] snapshot #750 2026-09-17T14:10:25Z
[collector] snapshot #751 2026-09-17T14:10:26Z
[collector] snapshot #752 2026-09-17T14:10:27Z
[collector] snapshot #753 2026-09-17T14:10:28Z
[collector] snapshot #754 2026-09-17T14:10:29Z
[collector] snapshot #755 2026-09-17T14:10:30Z
[collector] snapshot #756 2026-09-17T14:10:31Z
[collector] snapshot #757 2026-09-17T14:10:32Z
[collector] snapshot #758 2026-09-17T14:10:33Z
[collector] snapshot #759 2026-09-17T14:10:34Z
[collector] snapshot #760 2026-09-17T14:10:35Z
[collector] snapshot #761 2026-09-17T14:10:36Z
[collector] snapshot #762 2026-09-17T14:10:37Z
[collector] snapshot #763 2026-09-17T14:10:38Z
[collector] snapshot #764 2026-09-17T14:10:39Z
[collector] snapshot #765 2026-09-17T14:10:40Z
[collector] snapshot #766 2026-09-17T14:10:41Z
[collector] snapshot #767 2026-09-17T14:10:42Z
[collector] snapshot #768 2026-09-17T14:10:43Z
[collector] snapshot #769 2026-09-17T14:10:44Z
[collector] snapshot #770 2026-09-17T14:10:45Z
[collector] snapshot #771 2026-09-17T14:10:46Z
[collector] snapshot #772 2026-09-17T14:10:47Z
[collector] snapshot #773 2026-09-17T14:10:48Z
[collector] snapshot #774 2026-09-17T14:10:49Z
[collector] snapshot #775 2026-09-17T14:10:50Z
[collector] snapshot #776 2026-09-17T14:10:51Z
[collector] snapshot #777 2026-09-17T14:10:52Z
[collector] snapshot #778 2026-09-17T14:10:53Z
[collector] snapshot #779 2026-09-17T14:10:54Z
[collector] snapshot #780 2026-09-17T14:10:55Z
[collector] snapshot #781 2026-09-17T14:10:56Z
[collector] snapshot #782 2026-09-17T14:10:57Z
[collector] snapshot #783 2026-09-17T14:10:58Z
[collector] snapshot #784 2026-09-17T14:10:59Z
[collector] snapshot #785 2026-09-17T14:11:00Z
[collector] snapshot #786 2026-09-17T14:11:01Z
[collector] snapshot #787 2026-09-17T14:11:02Z
[collector] snapshot #788 2026-09-17T14:11:03Z
[collector] snapshot #789 2026-09-17T14:11:04Z
[collector] snapshot #790 2026-09-17T14:11:05Z
[collector] snapshot #791 2026-09-17T14:11:06Z
[collector] snapshot #792 2026-09-17T14:11:07Z
[collector] snapshot #793 2026-09-17T14:11:08Z
[collector] snapshot #794 2026-09-17T14:11:09Z
[collector] snapshot #795 2026-09-17T14:11:10Z
[collector] snapshot #796 2026-09-17T14:11:11Z
[collector] snapshot #797 2026-09-17T14:11:12Z
[collector] snapshot #798 2026-09-17T14:11:13Z
[collector] snapshot #799 2026-09-17T14:11:14Z
[collector] snapshot #800 2026-09-17T14:11:15Z
[collector] snapshot #801 2026-09-17T14:11:16Z
[collector] snapshot #802 2026-09-17T14:11:17Z
[collector] snapshot #803 2026-09-17T14:11:18Z
[collector] snapshot #804 2026-09-17T14:11:19Z
[collector] snapshot #805 2026-09-17T14:11:20Z
[collector] snapshot #806 2026-09-17T14:11:21Z
[collector] snapshot #807 2026-09-17T14:11:22Z
[collector] snapshot #808 2026-09-17T14:11:23Z
[collector] snapshot #809 2026-09-17T14:11:24Z
[collector] snapshot #810 2026-09-17T14:11:25Z
[collector] snapshot #811 2026-09-17T14:11:26Z
[collector] snapshot #812 2026-09-17T14:11:27Z
[collector] snapshot #813 2026-09-17T14:11:28Z
[collector] snapshot #814 2026-09-17T14:11:29Z
[collector] snapshot #815 2026-09-17T14:11:30Z
[collector] snapshot #816 2026-09-17T14:11:31Z
[collector] snapshot #817 2026-09-17T14:11:32Z
[collector] snapshot #818 2026-09-17T14:11:33Z
[collector] snapshot #819 2026-09-17T14:11:34Z
[collector] snapshot #820 2026-09-17T14:11:35Z
[collector] snapshot #821 2026-09-17T14:11:36Z
[collector] snapshot #822 2026-09-17T14:11:37Z
[collector] snapshot #823 2026-09-17T14:11:38Z
[collector] snapshot #824 2026-09-17T14:11:39Z
[collector] snapshot #825 2026-09-17T14:11:40Z
[collector] snapshot #826 2026-09-17T14:11:41Z
[collector] snapshot #827 2026-09-17T14:11:42Z
[collector] snapshot #828 2026-09-17T14:11:43Z
[collector] snapshot #829 2026-09-17T14:11:44Z
[collector] snapshot #830 2026-09-17T14:11:45Z
[collector] snapshot #831 2026-09-17T14:11:46Z
[collector] snapshot #832 2026-09-17T14:11:47Z
[collector] snapshot #833 2026-09-17T14:11:48Z
[collector] snapshot #834 2026-09-17T14:11:49Z
[collector] snapshot #835 2026-09-17T14:11:50Z
[collector] snapshot #836 2026-09-17T14:11:51Z
[collector] snapshot #837 2026-09-17T14:11:52Z
[collector] snapshot #838 2026-09-17T14:11:53Z
[collector] snapshot #839 2026-09-17T14:11:54Z
[collector] snapshot #840 2026-09-17T14:11:55Z
[collector] snapshot #841 2026-09-17T14:11:56Z
[collector] snapshot #842 2026-09-17T14:11:57Z
[collector] snapshot #843 2026-09-17T14:11:58Z
[collector] snapshot #844 2026-09-17T14:11:59Z
[collector] snapshot #845 2026-09-17T14:12:00Z
[collector] snapshot #846 2026-09-17T14:12:01Z
[collector] snapshot #847 2026-09-17T14:12:02Z
[collector] snapshot #848 2026-09-17T14:12:03Z
[collector] snapshot #849 2026-09-17T14:12:04Z
[collector] snapshot #850 2026-09-17T14:12:05Z
[collector] snapshot #851 2026-09-17T14:12:06Z
[collector] snapshot #852 2026-09-17T14:12:07Z
[collector] snapshot #853 2026-09-17T14:12:08Z
[collector] snapshot #854 2026-09-17T14:12:09Z
[collector] snapshot #855 2026-09-17T14:12:10Z
[collector] snapshot #856 2026-09-17T14:12:11Z
[collector] snapshot #857 2026-09-17T14:12:12Z
[collector] snapshot #858 2026-09-17T14:12:13Z
[collector] snapshot #859 2026-09-17T14:12:14Z
[collector] snapshot #860 2026-09-17T14:12:15Z
[collector] snapshot #861 2026-09-17T14:12:16Z
[collector] snapshot #862 2026-09-17T14:12:17Z
[collector] snapshot #863 2026-09-17T14:12:18Z
[collector] snapshot #864 2026-09-17T14:12:19Z
[collector] snapshot #865 2026-09-17T14:12:20Z
[collector] snapshot #866 2026-09-17T14:12:21Z
[collector] snapshot #867 2026-09-17T14:12:22Z
[collector] snapshot #868 2026-09-17T14:12:23Z
[collector] snapshot #869 2026-09-17T14:12:24Z
[collector] snapshot #870 2026-09-17T14:12:25Z
[collector] snapshot #871 2026-09-17T14:12:26Z
[collector] snapshot #872 2026-09-17T14:12:27Z
[collector] snapshot #873 2026-09-17T14:12:28Z
[collector] snapshot #874 2026-09-17T14:12:29Z
[collector] snapshot #875 2026-09-17T14:12:30Z
[collector] snapshot #876 2026-09-17T14:12:31Z
[collector] snapshot #877 2026-09-17T14:12:32Z
[collector] snapshot #878 2026-09-17T14:12:33Z
[collector] snapshot #879 2026-09-17T14:12:34Z
[collector] snapshot #880 2026-09-17T14:12:35Z
[collector] snapshot #881 2026-09-17T14:12:36Z
[collector] snapshot #882 2026-09-17T14:12:37Z
[collector] snapshot #883 2026-09-17T14:12:38Z
[collector] snapshot #884 2026-09-17T14:12:39Z
[collector] snapshot #885 2026-09-17T14:12:40Z
[collector] snapshot #886 2026-09-17T14:12:41Z
[collector] snapshot #887 2026-09-17T14:12:42Z
[collector] snapshot #888 2026-09-17T14:12:43Z
[collector] snapshot #889 2026-09-17T14:12:44Z
[collector] snapshot #890 2026-09-17T14:12:45Z
[collector] snapshot #891 2026-09-17T14:12:46Z
[collector] snapshot #892 2026-09-17T14:12:47Z
[collector] snapshot #893 2026-09-17T14:12:48Z
[collector] snapshot #894 2026-09-17T14:12:49Z
[collector] snapshot #895 2026-09-17T14:12:50Z
[collector] snapshot #896 2026-09-17T14:12:51Z
[collector] snapshot #897 2026-09-17T14:12:52Z
[collector] snapshot #898 2026-09-17T14:12:53Z
[collector] snapshot #899 2026-09-17T14:12:54Z
[collector] snapshot #900 2026-09-17T14:12:55Z
[collector] snapshot #901 2026-09-17T14:12:56Z
[collector] snapshot #902 2026-09-17T14:12:57Z
[collector] snapshot #903 2026-09-17T14:12:58Z
[collector] snapshot #904 2026-09-17T14:12:59Z
[collector] snapshot #905 2026-09-17T14:13:00Z
[collector] snapshot #906 2026-09-17T14:13:01Z
[collector] snapshot #907 2026-09-17T14:13:02Z
[collector] snapshot #908 2026-09-17T14:13:03Z
[collector] snapshot #909 2026-09-17T14:13:04Z
[collector] snapshot #910 2026-09-17T14:13:05Z
[collector] snapshot #911 2026-09-17T14:13:06Z
[collector] snapshot #912 2026-09-17T14:13:07Z
[collector] snapshot #913 2026-09-17T14:13:08Z
[collector] snapshot #914 2026-09-17T14:13:09Z
[collector] snapshot #915 2026-09-17T14:13:10Z
[collector] snapshot #916 2026-09-17T14:13:11Z
[collector] snapshot #917 2026-09-17T14:13:12Z
[collector] snapshot #918 2026-09-17T14:13:13Z
[collector] snapshot #919 2026-09-17T14:13:14Z
[collector] snapshot #920 2026-09-17T14:13:15Z
[collector] snapshot #921 2026-09-17T14:13:16Z
[collector] snapshot #922 2026-09-17T14:13:17Z
[collector] snapshot #923 2026-09-17T14:13:18Z
[collector] snapshot #924 2026-09-17T14:13:19Z
[collector] snapshot #925 2026-09-17T14:13:20Z
[collector] snapshot #926 2026-09-17T14:13:21Z
[collector] snapshot #927 2026-09-17T14:13:22Z
[collector] snapshot #928 2026-09-17T14:13:23Z
[collector] snapshot #929 2026-09-17T14:13:24Z
[collector] snapshot #930 2026-09-17T14:13:25Z
[collector] snapshot #931 2026-09-17T14:13:26Z
[collector] snapshot #932 2026-09-17T14:13:27Z
[collector] snapshot #933 2026-09-17T14:13:28Z
[collector] snapshot #934 2026-09-17T14:13:29Z
[collector] snapshot #935 2026-09-17T14:13:30Z
[collector] snapshot #936 2026-09-17T14:13:31Z
[collector] snapshot #937 2026-09-17T14:13:32Z
[collector] snapshot #938 2026-09-17T14:13:33Z
[collector] snapshot #939 2026-09-17T14:13:34Z
[collector] snapshot #940 2026-09-17T14:13:35Z
[collector] snapshot #941 2026-09-17T14:13:36Z
[collector] snapshot #942 2026-09-17T14:13:37Z
[collector] snapshot #943 2026-09-17T14:13:38Z
[collector] snapshot #944 2026-09-17T14:13:39Z
[collector] snapshot #945 2026-09-17T14:13:40Z
[collector] snapshot #946 2026-09-17T14:13:41Z
[collector] snapshot #947 2026-09-17T14:13:42Z
[collector] snapshot #948 2026-09-17T14:13:43Z
[collector] snapshot #949 2026-09-17T14:13:44Z
[collector] snapshot #950 2026-09-17T14:13:45Z
[collector] snapshot #951 2026-09-17T14:13:46Z
[collector] snapshot #952 2026-09-17T14:13:47Z
[collector] snapshot #953 2026-09-17T14:13:48Z
[collector] snapshot #954 2026-09-17T14:13:49Z
[collector] snapshot #955 2026-09-17T14:13:50Z
[collector] snapshot #956 2026-09-17T14:13:51Z
[collector] snapshot #957 2026-09-17T14:13:52Z
[collector] snapshot #958 2026-09-17T14:13:53Z
[collector] snapshot #959 2026-09-17T14:13:54Z
[collector] snapshot #960 2026-09-17T14:13:55Z
[collector] snapshot #961 2026-09-17T14:13:56Z
[collector] snapshot #962 2026-09-17T14:13:57Z
[collector] snapshot #963 2026-09-17T14:13:58Z
[collector] snapshot #964 2026-09-17T14:13:59Z
[collector] snapshot #965 2026-09-17T14:14:00Z
[collector] snapshot #966 2026-09-17T14:14:01Z
[collector] snapshot #967 2026-09-17T14:14:02Z
[collector] snapshot #968 2026-09-17T14:14:03Z
[collector] snapshot #969 2026-09-17T14:14:04Z
[collector] snapshot #970 2026-09-17T14:14:05Z
[collector] snapshot #971 2026-09-17T14:14:06Z
[collector] snapshot #972 2026-09-17T14:14:07Z
[collector] snapshot #973 2026-09-17T14:14:08Z
[collector] snapshot #974 2026-09-17T14:14:09Z
[collector] snapshot #975 2026-09-17T14:14:10Z
[collector] snapshot #976 2026-09-17T14:14:11Z
[collector] snapshot #977 2026-09-17T14:14:12Z
[collector] snapshot #978 2026-09-17T14:14:13Z
[collector] snapshot #979 2026-09-17T14:14:14Z
[collector] snapshot #980 2026-09-17T14:14:15Z
[collector] snapshot #981 2026-09-17T14:14:16Z
[collector] snapshot #982 2026-09-17T14:14:17Z
[collector] snapshot #983 2026-09-17T14:14:18Z
[collector] snapshot #984 2026-09-17T14:14:19Z
[collector] snapshot #985 2026-09-17T14:14:20Z
[collector] snapshot #986 2026-09-17T14:14:21Z
[collector] snapshot #987 2026-09-17T14:14:22Z
[collector] snapshot #988 2026-09-17T14:14:23Z
[collector] snapshot #989 2026-09-17T14:14:24Z
[collector] snapshot #990 2026-09-17T14:14:25Z
[collector] snapshot #991 2026-09-17T14:14:26Z
[collector] snapshot #992 2026-09-17T14:14:27Z
[collector] snapshot #993 2026-09-17T14:14:28Z
[collector] snapshot #994 2026-09-17T14:14:29Z
[collector] snapshot #995 2026-09-17T14:14:30Z
[collector] snapshot #996 2026-09-17T14:14:31Z
[collector] snapshot #997 2026-09-17T14:14:32Z
[collector] snapshot #998 2026-09-17T14:14:33Z
[collector] snapshot #999 2026-09-17T14:14:34Z
[collector] snapshot #1000 2026-09-17T14:14:35Z
[collector] snapshot #1001 2026-09-17T14:14:36Z
[collector] snapshot #1002 2026-09-17T14:14:37Z
[collector] snapshot #1003 2026-09-17T14:14:38Z
[collector] snapshot #1004 2026-09-17T14:14:39Z
[collector] snapshot #1005 2026-09-17T14:14:40Z
[collector] snapshot #1006 2026-09-17T14:14:41Z
[collector] snapshot #1007 2026-09-17T14:14:42Z
[collector] snapshot #1008 2026-09-17T14:14:43Z
[collector] snapshot #1009 2026-09-17T14:14:44Z
[collector] snapshot #1010 2026-09-17T14:14:45Z
[collector] snapshot #1011 2026-09-17T14:14:46Z
[collector] snapshot #1012 2026-09-17T14:14:47Z
[collector] snapshot #1013 2026-09-17T14:14:48Z
[collector] snapshot #1014 2026-09-17T14:14:49Z
[collector] snapshot #1015 2026-09-17T14:14:50Z
[collector] snapshot #1016 2026-09-17T14:14:51Z
[collector] snapshot #1017 2026-09-17T14:14:52Z
[collector] snapshot #1018 2026-09-17T14:14:53Z
[collector] snapshot #1019 2026-09-17T14:14:54Z
[collector] snapshot #1020 2026-09-17T14:14:55Z
[collector] snapshot #1021 2026-09-17T14:14:56Z
[collector] snapshot #1022 2026-09-17T14:14:57Z
[collector] snapshot #1023 2026-09-17T14:14:58Z
[collector] snapshot #1024 2026-09-17T14:14:59Z
[collector] snapshot #1025 2026-09-17T14:15:00Z
[collector] snapshot #1026 2026-09-17T14:15:01Z
[collector] snapshot #1027 2026-09-17T14:15:02Z
[collector] snapshot #1028 2026-09-17T14:15:03Z
[collector] snapshot #1029 2026-09-17T14:15:04Z
[collector] snapshot #1030 2026-09-17T14:15:05Z
[collector] snapshot #1031 2026-09-17T14:15:06Z
[collector] snapshot #1032 2026-09-17T14:15:07Z
[collector] snapshot #1033 2026-09-17T14:15:08Z
[collector] snapshot #1034 2026-09-17T14:15:09Z
[collector] snapshot #1035 2026-09-17T14:15:10Z
[collector] snapshot #1036 2026-09-17T14:15:11Z
[collector] snapshot #1037 2026-09-17T14:15:12Z
[collector] snapshot #1038 2026-09-17T14:15:13Z
[collector] snapshot #1039 2026-09-17T14:15:14Z
[collector] snapshot #1040 2026-09-17T14:15:15Z
[collector] snapshot #1041 2026-09-17T14:15:16Z
[collector] snapshot #1042 2026-09-17T14:15:17Z
[collector] snapshot #1043 2026-09-17T14:15:18Z
[collector] snapshot #1044 2026-09-17T14:15:19Z
[collector] snapshot #1045 2026-09-17T14:15:20Z
[collector] snapshot #1046 2026-09-17T14:15:21Z
[collector] snapshot #1047 2026-09-17T14:15:22Z
[collector] snapshot #1048 2026-09-17T14:15:23Z
[collector] snapshot #1049 2026-09-17T14:15:24Z
[collector] snapshot #1050 2026-09-17T14:15:25Z
[collector] snapshot #1051 2026-09-17T14:15:26Z
[collector] snapshot #1052 2026-09-17T14:15:27Z
[collector] snapshot #1053 2026-09-17T14:15:28Z
[collector] snapshot #1054 2026-09-17T14:15:29Z
[collector] snapshot #1055 2026-09-17T14:15:30Z
[collector] snapshot #1056 2026-09-17T14:15:31Z
[collector] snapshot #1057 2026-09-17T14:15:32Z
[collector] snapshot #1058 2026-09-17T14:15:33Z
[collector] snapshot #1059 2026-09-17T14:15:34Z
[collector] snapshot #1060 2026-09-17T14:15:35Z
[collector] snapshot #1061 2026-09-17T14:15:36Z
[collector] snapshot #1062 2026-09-17T14:15:37Z
[collector] snapshot #1063 2026-09-17T14:15:38Z
[collector] snapshot #1064 2026-09-17T14:15:39Z
[collector] snapshot #1065 2026-09-17T14:15:40Z
[collector] snapshot #1066 2026-09-17T14:15:41Z
[collector] snapshot #1067 2026-09-17T14:15:42Z
[collector] snapshot #1068 2026-09-17T14:15:43Z
[collector] snapshot #1069 2026-09-17T14:15:44Z
[collector] snapshot #1070 2026-09-17T14:15:45Z
[collector] snapshot #1071 2026-09-17T14:15:46Z
[collector] snapshot #1072 2026-09-17T14:15:47Z
[collector] snapshot #1073 2026-09-17T14:15:48Z
[collector] snapshot #1074 2026-09-17T14:15:49Z
[collector] snapshot #1075 2026-09-17T14:15:50Z
[collector] snapshot #1076 2026-09-17T14:15:51Z
[collector] snapshot #1077 2026-09-17T14:15:52Z
[collector] snapshot #1078 2026-09-17T14:15:53Z
[collector] snapshot #1079 2026-09-17T14:15:54Z
[collector] snapshot #1080 2026-09-17T14:15:55Z
[collector] snapshot #1081 2026-09-17T14:15:56Z
[collector] snapshot #1082 2026-09-17T14:15:57Z
[collector] snapshot #1083 2026-09-17T14:15:58Z
[collector] snapshot #1084 2026-09-17T14:15:59Z
[collector] snapshot #1085 2026-09-17T14:16:00Z
[collector] snapshot #1086 2026-09-17T14:16:01Z
[collector] snapshot #1087 2026-09-17T14:16:02Z
[collector] snapshot #1088 2026-09-17T14:16:03Z
[collector] snapshot #1089 2026-09-17T14:16:04Z
[collector] snapshot #1090 2026-09-17T14:16:05Z
[collector] snapshot #1091 2026-09-17T14:16:06Z
[collector] snapshot #1092 2026-09-17T14:16:07Z
[collector] snapshot #1093 2026-09-17T14:16:08Z
[collector] snapshot #1094 2026-09-17T14:16:09Z
[collector] snapshot #1095 2026-09-17T14:16:10Z
[collector] snapshot #1096 2026-09-17T14:16:11Z
[collector] snapshot #1097 2026-09-17T14:16:12Z
[collector] snapshot #1098 2026-09-17T14:16:13Z
[collector] snapshot #1099 2026-09-17T14:16:14Z
[collector] snapshot #1100 2026-09-17T14:16:15Z
[collector] snapshot #1101 2026-09-17T14:16:16Z
[collector] snapshot #1102 2026-09-17T14:16:17Z
[collector] snapshot #1103 2026-09-17T14:16:18Z
[collector] snapshot #1104 2026-09-17T14:16:19Z
[collector] snapshot #1105 2026-09-17T14:16:20Z
[collector] snapshot #1106 2026-09-17T14:16:21Z
[collector] snapshot #1107 2026-09-17T14:16:22Z
[collector] snapshot #1108 2026-09-17T14:16:23Z
[collector] snapshot #1109 2026-09-17T14:16:24Z
[collector] snapshot #1110 2026-09-17T14:16:25Z
[collector] snapshot #1111 2026-09-17T14:16:26Z
[collector] snapshot #1112 2026-09-17T14:16:27Z
[collector] snapshot #1113 2026-09-17T14:16:28Z
[collector] snapshot #1114 2026-09-17T14:16:29Z
[collector] snapshot #1115 2026-09-17T14:16:30Z
[collector] snapshot #1116 2026-09-17T14:16:31Z
[collector] snapshot #1117 2026-09-17T14:16:32Z
[collector] snapshot #1118 2026-09-17T14:16:33Z
[collector] snapshot #1119 2026-09-17T14:16:34Z
[collector] snapshot #1120 2026-09-17T14:16:35Z
[collector] snapshot #1121 2026-09-17T14:16:36Z
[collector] snapshot #1122 2026-09-17T14:16:37Z
[collector] snapshot #1123 2026-09-17T14:16:38Z
[collector] snapshot #1124 2026-09-17T14:16:39Z
[collector] snapshot #1125 2026-09-17T14:16:40Z
[collector] snapshot #1126 2026-09-17T14:16:41Z
[collector] snapshot #1127 2026-09-17T14:16:42Z
[collector] snapshot #1128 2026-09-17T14:16:43Z
[collector] snapshot #1129 2026-09-17T14:16:44Z
[collector] snapshot #1130 2026-09-17T14:16:45Z
[collector] snapshot #1131 2026-09-17T14:16:46Z
[collector] snapshot #1132 2026-09-17T14:16:47Z
[collector] snapshot #1133 2026-09-17T14:16:48Z
[collector] snapshot #1134 2026-09-17T14:16:49Z
[collector] snapshot #1135 2026-09-17T14:16:50Z
[collector] snapshot #1136 2026-09-17T14:16:51Z
[collector] snapshot #1137 2026-09-17T14:16:52Z
[collector] snapshot #1138 2026-09-17T14:16:53Z
[collector] snapshot #1139 2026-09-17T14:16:54Z
[collector] snapshot #1140 2026-09-17T14:16:55Z
[collector] snapshot #1141 2026-09-17T14:16:56Z
[collector] snapshot #1142 2026-09-17T14:16:57Z
[collector] snapshot #1143 2026-09-17T14:16:58Z
[collector] snapshot #1144 2026-09-17T14:16:59Z
[collector] snapshot #1145 2026-09-17T14:17:00Z
[collector] snapshot #1146 2026-09-17T14:17:01Z
[collector] snapshot #1147 2026-09-17T14:17:02Z
[collector] snapshot #1148 2026-09-17T14:17:03Z
[collector] snapshot #1149 2026-09-17T14:17:04Z
[collector] snapshot #1150 2026-09-17T14:17:05Z
[collector] snapshot #1151 2026-09-17T14:17:06Z
[collector] snapshot #1152 2026-09-17T14:17:07Z
[collector] snapshot #1153 2026-09-17T14:17:08Z
[collector] snapshot #1154 2026-09-17T14:17:09Z
[collector] snapshot #1155 2026-09-17T14:17:10Z
[collector] snapshot #1156 2026-09-17T14:17:11Z
[collector] snapshot #1157 2026-09-17T14:17:12Z
[collector] snapshot #1158 2026-09-17T14:17:13Z
[collector] snapshot #1159 2026-09-17T14:17:14Z
[collector] snapshot #1160 2026-09-17T14:17:15Z
[collector] snapshot #1161 2026-09-17T14:17:16Z
[collector] snapshot #1162 2026-09-17T14:17:17Z
[collector] snapshot #1163 2026-09-17T14:17:18Z
[collector] snapshot #1164 2026-09-17T14:17:19Z
[collector] snapshot #1165 2026-09-17T14:17:20Z
[collector] snapshot #1166 2026-09-17T14:17:21Z
[collector] snapshot #1167 2026-09-17T14:17:22Z
[collector] snapshot #1168 2026-09-17T14:17:23Z
[collector] snapshot #1169 2026-09-17T14:17:24Z
[collector] snapshot #1170 2026-09-17T14:17:25Z
[collector] snapshot #1171 2026-09-17T14:17:26Z
[collector] snapshot #1172 2026-09-17T14:17:27Z
[collector] snapshot #1173 2026-09-17T14:17:28Z
[collector] snapshot #1174 2026-09-17T14:17:29Z
[collector] snapshot #1175 2026-09-17T14:17:30Z
[collector] snapshot #1176 2026-09-17T14:17:31Z
[collector] snapshot #1177 2026-09-17T14:17:32Z
[collector] snapshot #1178 2026-09-17T14:17:33Z
[collector] snapshot #1179 2026-09-17T14:17:34Z
[collector] snapshot #1180 2026-09-17T14:17:35Z
[collector] snapshot #1181 2026-09-17T14:17:36Z
[collector] snapshot #1182 2026-09-17T14:17:37Z
[collector] snapshot #1183 2026-09-17T14:17:38Z
[collector] snapshot #1184 2026-09-17T14:17:39Z
[collector] snapshot #1185 2026-09-17T14:17:40Z
[collector] snapshot #1186 2026-09-17T14:17:41Z
[collector] snapshot #1187 2026-09-17T14:17:42Z
[collector] snapshot #1188 2026-09-17T14:17:43Z
[collector] snapshot #1189 2026-09-17T14:17:44Z
[collector] snapshot #1190 2026-09-17T14:17:45Z
[collector] snapshot #1191 2026-09-17T14:17:46Z
[collector] snapshot #1192 2026-09-17T14:17:47Z
[collector] snapshot #1193 2026-09-17T14:17:48Z
[collector] snapshot #1194 2026-09-17T14:17:49Z
[collector] snapshot #1195 2026-09-17T14:17:50Z
[collector] snapshot #1196 2026-09-17T14:17:51Z
[collector] snapshot #1197 2026-09-17T14:17:52Z
[collector] snapshot #1198 2026-09-17T14:17:53Z
[collector] snapshot #1199 2026-09-17T14:17:54Z
[collector] snapshot #1200 2026-09-17T14:17:55Z
[collector] snapshot #1201 2026-09-17T14:17:56Z
[collector] snapshot #1202 2026-09-17T14:17:57Z
[collector] snapshot #1203 2026-09-17T14:17:58Z
[collector] snapshot #1204 2026-09-17T14:17:59Z
[collector] snapshot #1205 2026-09-17T14:18:00Z
[collector] snapshot #1206 2026-09-17T14:18:01Z
[collector] snapshot #1207 2026-09-17T14:18:02Z
[collector] snapshot #1208 2026-09-17T14:18:03Z
[collector] snapshot #1209 2026-09-17T14:18:04Z
[collector] snapshot #1210 2026-09-17T14:18:05Z
[collector] snapshot #1211 2026-09-17T14:18:06Z
[collector] snapshot #1212 2026-09-17T14:18:07Z
[collector] snapshot #1213 2026-09-17T14:18:08Z
[collector] snapshot #1214 2026-09-17T14:18:09Z
[collector] snapshot #1215 2026-09-17T14:18:10Z
[collector] snapshot #1216 2026-09-17T14:18:11Z
[collector] snapshot #1217 2026-09-17T14:18:12Z
[collector] snapshot #1218 2026-09-17T14:18:13Z
[collector] snapshot #1219 2026-09-17T14:18:14Z
[collector] snapshot #1220 2026-09-17T14:18:15Z
[collector] snapshot #1221 2026-09-17T14:18:16Z
[collector] snapshot #1222 2026-09-17T14:18:17Z
[collector] snapshot #1223 2026-09-17T14:18:18Z
[collector] snapshot #1224 2026-09-17T14:18:19Z
[collector] snapshot #1225 2026-09-17T14:18:20Z
[collector] snapshot #1226 2026-09-17T14:18:21Z
[collector] snapshot #1227 2026-09-17T14:18:22Z
[collector] snapshot #1228 2026-09-17T14:18:23Z
[collector] snapshot #1229 2026-09-17T14:18:24Z
[collector] snapshot #1230 2026-09-17T14:18:25Z
[collector] snapshot #1231 2026-09-17T14:18:26Z
[collector] snapshot #1232 2026-09-17T14:18:27Z
[collector] snapshot #1233 2026-09-17T14:18:28Z
[collector] snapshot #1234 2026-09-17T14:18:29Z
[collector] snapshot #1235 2026-09-17T14:18:30Z
[collector] snapshot #1236 2026-09-17T14:18:31Z
[collector] snapshot #1237 2026-09-17T14:18:32Z
[collector] snapshot #1238 2026-09-17T14:18:33Z
[collector] snapshot #1239 2026-09-17T14:18:34Z
[collector] snapshot #1240 2026-09-17T14:18:35Z
[collector] snapshot #1241 2026-09-17T14:18:36Z
[collector] snapshot #1242 2026-09-17T14:18:37Z
[collector] snapshot #1243 2026-09-17T14:18:38Z
[collector] snapshot #1244 2026-09-17T14:18:39Z
[collector] snapshot #1245 2026-09-17T14:18:40Z
[collector] snapshot #1246 2026-09-17T14:18:41Z
[collector] snapshot #1247 2026-09-17T14:18:42Z
[collector] snapshot #1248 2026-09-17T14:18:43Z
[collector] snapshot #1249 2026-09-17T14:18:44Z
[collector] snapshot #1250 2026-09-17T14:18:45Z
[collector] snapshot #1251 2026-09-17T14:18:46Z
[collector] snapshot #1252 2026-09-17T14:18:47Z
[collector] snapshot #1253 2026-09-17T14:18:48Z
[collector] snapshot #1254 2026-09-17T14:18:49Z
[collector] snapshot #1255 2026-09-17T14:18:50Z
[collector] snapshot #1256 2026-09-17T14:18:51Z
[collector] snapshot #1257 2026-09-17T14:18:52Z
[collector] snapshot #1258 2026-09-17T14:18:53Z
[collector] snapshot #1259 2026-09-17T14:18:54Z
[collector] snapshot #1260 2026-09-17T14:18:55Z
[collector] snapshot #1261 2026-09-17T14:18:56Z
[collector] snapshot #1262 2026-09-17T14:18:57Z
[collector] snapshot #1263 2026-09-17T14:18:58Z
[collector] snapshot #1264 2026-09-17T14:18:59Z
[collector] snapshot #1265 2026-09-17T14:19:00Z
[collector] snapshot #1266 2026-09-17T14:19:01Z
[collector] snapshot #1267 2026-09-17T14:19:02Z
[collector] snapshot #1268 2026-09-17T14:19:03Z
[collector] snapshot #1269 2026-09-17T14:19:04Z
[collector] snapshot #1270 2026-09-17T14:19:05Z
[collector] snapshot #1271 2026-09-17T14:19:06Z
[collector] snapshot #1272 2026-09-17T14:19:07Z
[collector] snapshot #1273 2026-09-17T14:19:08Z
[collector] snapshot #1274 2026-09-17T14:19:09Z
[collector] snapshot #1275 2026-09-17T14:19:10Z
[collector] snapshot #1276 2026-09-17T14:19:11Z
[collector] snapshot #1277 2026-09-17T14:19:12Z
[collector] snapshot #1278 2026-09-17T14:19:13Z
[collector] snapshot #1279 2026-09-17T14:19:14Z
[collector] snapshot #1280 2026-09-17T14:19:15Z
[collector] snapshot #1281 2026-09-17T14:19:16Z
[collector] snapshot #1282 2026-09-17T14:19:17Z
[collector] snapshot #1283 2026-09-17T14:19:18Z
[collector] snapshot #1284 2026-09-17T14:19:19Z
[collector] snapshot #1285 2026-09-17T14:19:20Z
[collector] snapshot #1286 2026-09-17T14:19:21Z
[collector] snapshot #1287 2026-09-17T14:19:22Z
[collector] snapshot #1288 2026-09-17T14:19:23Z
[collector] snapshot #1289 2026-09-17T14:19:24Z
[collector] snapshot #1290 2026-09-17T14:19:25Z
[collector] snapshot #1291 2026-09-17T14:19:26Z
[collector] snapshot #1292 2026-09-17T14:19:27Z
[collector] snapshot #1293 2026-09-17T14:19:28Z
[collector] snapshot #1294 2026-09-17T14:19:29Z
[collector] snapshot #1295 2026-09-17T14:19:30Z
[collector] snapshot #1296 2026-09-17T14:19:31Z
[collector] snapshot #1297 2026-09-17T14:19:32Z
[collector] snapshot #1298 2026-09-17T14:19:33Z
[collector] snapshot #1299 2026-09-17T14:19:34Z
[collector] snapshot #1300 2026-09-17T14:19:35Z
[collector] snapshot #1301 2026-09-17T14:19:36Z
[collector] snapshot #1302 2026-09-17T14:19:37Z
[collector] snapshot #1303 2026-09-17T14:19:38Z
[collector] snapshot #1304 2026-09-17T14:19:39Z
[collector] snapshot #1305 2026-09-17T14:19:40Z
[collector] snapshot #1306 2026-09-17T14:19:41Z
[collector] snapshot #1307 2026-09-17T14:19:42Z
[collector] snapshot #1308 2026-09-17T14:19:43Z
[collector] snapshot #1309 2026-09-17T14:19:44Z
[collector] snapshot #1310 2026-09-17T14:19:45Z
[collector] snapshot #1311 2026-09-17T14:19:46Z
[collector] snapshot #1312 2026-09-17T14:19:47Z
[collector] snapshot #1313 2026-09-17T14:19:48Z
[collector] snapshot #1314 2026-09-17T14:19:49Z
[collector] snapshot #1315 2026-09-17T14:19:50Z
[collector] snapshot #1316 2026-09-17T14:19:51Z
[collector] snapshot #1317 2026-09-17T14:19:52Z
[collector] snapshot #1318 2026-09-17T14:19:53Z
[collector] snapshot #1319 2026-09-17T14:19:54Z
[collector] snapshot #1320 2026-09-17T14:19:55Z
[collector] snapshot #1321 2026-09-17T14:19:56Z
[collector] snapshot #1322 2026-09-17T14:19:57Z
[collector] snapshot #1323 2026-09-17T14:19:58Z
[collector] snapshot #1324 2026-09-17T14:19:59Z
[collector] snapshot #1325 2026-09-17T14:20:00Z
[collector] snapshot #1326 2026-09-17T14:20:01Z
[collector] snapshot #1327 2026-09-17T14:20:02Z
[collector] snapshot #1328 2026-09-17T14:20:03Z
[collector] snapshot #1329 2026-09-17T14:20:04Z
[collector] snapshot #1330 2026-09-17T14:20:05Z
[collector] snapshot #1331 2026-09-17T14:20:06Z
[collector] snapshot #1332 2026-09-17T14:20:07Z
[collector] snapshot #1333 2026-09-17T14:20:08Z
[collector] snapshot #1334 2026-09-17T14:20:09Z
[collector] snapshot #1335 2026-09-17T14:20:10Z
[collector] snapshot #1336 2026-09-17T14:20:11Z
[collector] snapshot #1337 2026-09-17T14:20:12Z
[collector] snapshot #1338 2026-09-17T14:20:13Z
[collector] snapshot #1339 2026-09-17T14:20:14Z
[collector] snapshot #1340 2026-09-17T14:20:15Z
[collector] snapshot #1341 2026-09-17T14:20:16Z
[collector] snapshot #1342 2026-09-17T14:20:17Z
[collector] snapshot #1343 2026-09-17T14:20:18Z
[collector] snapshot #1344 2026-09-17T14:20:19Z
[collector] snapshot #1345 2026-09-17T14:20:20Z
[collector] snapshot #1346 2026-09-17T14:20:21Z
[collector] snapshot #1347 2026-09-17T14:20:22Z
[collector] snapshot #1348 2026-09-17T14:20:23Z
[collector] snapshot #1349 2026-09-17T14:20:24Z
[collector] snapshot #1350 2026-09-17T14:20:25Z
[collector] snapshot #1351 2026-09-17T14:20:26Z
[collector] snapshot #1352 2026-09-17T14:20:27Z
[collector] snapshot #1353 2026-09-17T14:20:28Z
[collector] snapshot #1354 2026-09-17T14:20:29Z
[collector] snapshot #1355 2026-09-17T14:20:30Z
[collector] snapshot #1356 2026-09-17T14:20:31Z
[collector] snapshot #1357 2026-09-17T14:20:32Z
[collector] snapshot #1358 2026-09-17T14:20:33Z
[collector] snapshot #1359 2026-09-17T14:20:34Z
[collector] snapshot #1360 2026-09-17T14:20:35Z
[collector] snapshot #1361 2026-09-17T14:20:36Z
[collector] snapshot #1362 2026-09-17T14:20:37Z
[collector] snapshot #1363 2026-09-17T14:20:38Z
[collector] snapshot #1364 2026-09-17T14:20:39Z
[collector] snapshot #1365 2026-09-17T14:20:40Z
[collector] snapshot #1366 2026-09-17T14:20:41Z
[collector] snapshot #1367 2026-09-17T14:20:42Z
[collector] snapshot #1368 2026-09-17T14:20:43Z
[collector] snapshot #1369 2026-09-17T14:20:44Z
[collector] snapshot #1370 2026-09-17T14:20:45Z
[collector] snapshot #1371 2026-09-17T14:20:46Z
[collector] snapshot #1372 2026-09-17T14:20:47Z
[collector] snapshot #1373 2026-09-17T14:20:48Z
[collector] snapshot #1374 2026-09-17T14:20:49Z
[collector] snapshot #1375 2026-09-17T14:20:50Z
[collector] snapshot #1376 2026-09-17T14:20:51Z
[collector] snapshot #1377 2026-09-17T14:20:52Z
[collector] snapshot #1378 2026-09-17T14:20:53Z
[collector] snapshot #1379 2026-09-17T14:20:54Z
[collector] snapshot #1380 2026-09-17T14:20:55Z
[collector] snapshot #1381 2026-09-17T14:20:56Z
[collector] snapshot #1382 2026-09-17T14:20:57Z
[collector] snapshot #1383 2026-09-17T14:20:58Z
[collector] snapshot #1384 2026-09-17T14:20:59Z
[collector] snapshot #1385 2026-09-17T14:21:00Z
[collector] snapshot #1386 2026-09-17T14:21:01Z
[collector] snapshot #1387 2026-09-17T14:21:02Z
[collector] snapshot #1388 2026-09-17T14:21:03Z
[collector] snapshot #1389 2026-09-17T14:21:04Z
[collector] snapshot #1390 2026-09-17T14:21:05Z
[collector] snapshot #1391 2026-09-17T14:21:06Z
[collector] snapshot #1392 2026-09-17T14:21:07Z
[collector] snapshot #1393 2026-09-17T14:21:08Z
[collector] snapshot #1394 2026-09-17T14:21:09Z
[collector] snapshot #1395 2026-09-17T14:21:10Z
[collector] snapshot #1396 2026-09-17T14:21:11Z
[collector] snapshot #1397 2026-09-17T14:21:12Z
[collector] snapshot #1398 2026-09-17T14:21:13Z
[collector] snapshot #1399 2026-09-17T14:21:14Z
[collector] snapshot #1400 2026-09-17T14:21:15Z
[collector] snapshot #1401 2026-09-17T14:21:16Z
[collector] snapshot #1402 2026-09-17T14:21:17Z
[collector] snapshot #1403 2026-09-17T14:21:18Z
[collector] snapshot #1404 2026-09-17T14:21:19Z
[collector] snapshot #1405 2026-09-17T14:21:20Z
[collector] snapshot #1406 2026-09-17T14:21:21Z
[collector] snapshot #1407 2026-09-17T14:21:22Z
[collector] snapshot #1408 2026-09-17T14:21:23Z
[collector] snapshot #1409 2026-09-17T14:21:24Z
[collector] snapshot #1410 2026-09-17T14:21:25Z
[collector] snapshot #1411 2026-09-17T14:21:26Z
[collector] snapshot #1412 2026-09-17T14:21:27Z
[collector] snapshot #1413 2026-09-17T14:21:28Z
[collector] snapshot #1414 2026-09-17T14:21:29Z
[collector] snapshot #1415 2026-09-17T14:21:30Z
[collector] snapshot #1416 2026-09-17T14:21:31Z
[collector] snapshot #1417 2026-09-17T14:21:32Z
[collector] snapshot #1418 2026-09-17T14:21:33Z
[collector] snapshot #1419 2026-09-17T14:21:34Z
[collector] snapshot #1420 2026-09-17T14:21:35Z
[collector] snapshot #1421 2026-09-17T14:21:36Z
[collector] snapshot #1422 2026-09-17T14:21:37Z
[collector] snapshot #1423 2026-09-17T14:21:38Z
[collector] snapshot #1424 2026-09-17T14:21:39Z
[collector] snapshot #1425 2026-09-17T14:21:40Z
[collector] snapshot #1426 2026-09-17T14:21:41Z
[collector] snapshot #1427 2026-09-17T14:21:42Z
[collector] snapshot #1428 2026-09-17T14:21:43Z
[collector] snapshot #1429 2026-09-17T14:21:44Z
[collector] snapshot #1430 2026-09-17T14:21:45Z
[collector] snapshot #1431 2026-09-17T14:21:46Z
[collector] snapshot #1432 2026-09-17T14:21:47Z
[collector] snapshot #1433 2026-09-17T14:21:48Z
[collector] snapshot #1434 2026-09-17T14:21:49Z
[collector] snapshot #1435 2026-09-17T14:21:50Z
[collector] snapshot #1436 2026-09-17T14:21:51Z
[collector] snapshot #1437 2026-09-17T14:21:52Z
[collector] snapshot #1438 2026-09-17T14:21:53Z
[collector] snapshot #1439 2026-09-17T14:21:54Z
[collector] snapshot #1440 2026-09-17T14:21:55Z
[collector] snapshot #1441 2026-09-17T14:21:56Z
[collector] snapshot #1442 2026-09-17T14:21:57Z
[collector] snapshot #1443 2026-09-17T14:21:58Z
[collector] snapshot #1444 2026-09-17T14:21:59Z
[collector] snapshot #1445 2026-09-17T14:22:00Z
[collector] snapshot #1446 2026-09-17T14:22:01Z
[collector] snapshot #1447 2026-09-17T14:22:02Z
[collector] snapshot #1448 2026-09-17T14:22:03Z
[collector] snapshot #1449 2026-09-17T14:22:04Z
[collector] snapshot #1450 2026-09-17T14:22:05Z
[collector] snapshot #1451 2026-09-17T14:22:06Z
[collector] snapshot #1452 2026-09-17T14:22:07Z
[collector] snapshot #1453 2026-09-17T14:22:08Z
[collector] snapshot #1454 2026-09-17T14:22:09Z
[collector] snapshot #1455 2026-09-17T14:22:10Z
[collector] snapshot #1456 2026-09-17T14:22:11Z
[collector] snapshot #1457 2026-09-17T14:22:12Z
[collector] snapshot #1458 2026-09-17T14:22:13Z
[collector] snapshot #1459 2026-09-17T14:22:14Z
[collector] snapshot #1460 2026-09-17T14:22:15Z
[collector] snapshot #1461 2026-09-17T14:22:16Z
[collector] snapshot #1462 2026-09-17T14:22:17Z
[collector] snapshot #1463 2026-09-17T14:22:18Z
[collector] snapshot #1464 2026-09-17T14:22:19Z
[collector] snapshot #1465 2026-09-17T14:22:20Z
[collector] snapshot #1466 2026-09-17T14:22:21Z
[collector] snapshot #1467 2026-09-17T14:22:22Z
[collector] snapshot #1468 2026-09-17T14:22:23Z
[collector] snapshot #1469 2026-09-17T14:22:24Z
[collector] snapshot #1470 2026-09-17T14:22:25Z
[collector] snapshot #1471 2026-09-17T14:22:26Z
[collector] snapshot #1472 2026-09-17T14:22:27Z
[collector] snapshot #1473 2026-09-17T14:22:28Z
[collector] snapshot #1474 2026-09-17T14:22:29Z
[collector] snapshot #1475 2026-09-17T14:22:30Z
[collector] snapshot #1476 2026-09-17T14:22:31Z
[collector] snapshot #1477 2026-09-17T14:22:32Z
[collector] snapshot #1478 2026-09-17T14:22:33Z
[collector] snapshot #1479 2026-09-17T14:22:34Z
[collector] snapshot #1480 2026-09-17T14:22:35Z
[collector] snapshot #1481 2026-09-17T14:22:36Z
[collector] snapshot #1482 2026-09-17T14:22:37Z
[collector] snapshot #1483 2026-09-17T14:22:38Z
[collector] snapshot #1484 2026-09-17T14:22:39Z
[collector] snapshot #1485 2026-09-17T14:22:40Z
[collector] snapshot #1486 2026-09-17T14:22:41Z
[collector] snapshot #1487 2026-09-17T14:22:42Z
[collector] snapshot #1488 2026-09-17T14:22:43Z
[collector] snapshot #1489 2026-09-17T14:22:44Z
[collector] snapshot #1490 2026-09-17T14:22:45Z
[collector] snapshot #1491 2026-09-17T14:22:46Z
[collector] snapshot #1492 2026-09-17T14:22:47Z
[collector] snapshot #1493 2026-09-17T14:22:48Z
[collector] snapshot #1494 2026-09-17T14:22:49Z
[collector] snapshot #1495 2026-09-17T14:22:50Z
[collector] snapshot #1496 2026-09-17T14:22:51Z
[collector] snapshot #1497 2026-09-17T14:22:52Z
[collector] snapshot #1498 2026-09-17T14:22:53Z
[collector] snapshot #1499 2026-09-17T14:22:54Z
[collector] snapshot #1500 2026-09-17T14:22:55Z
[collector] snapshot #1501 2026-09-17T14:22:56Z
[collector] snapshot #1502 2026-09-17T14:22:57Z
[collector] snapshot #1503 2026-09-17T14:22:58Z
[collector] snapshot #1504 2026-09-17T14:22:59Z
[collector] snapshot #1505 2026-09-17T14:23:00Z
[collector] snapshot #1506 2026-09-17T14:23:01Z
[collector] snapshot #1507 2026-09-17T14:23:02Z
[collector] snapshot #1508 2026-09-17T14:23:03Z
[collector] snapshot #1509 2026-09-17T14:23:04Z
[collector] snapshot #1510 2026-09-17T14:23:05Z
[collector] snapshot #1511 2026-09-17T14:23:06Z
[collector] snapshot #1512 2026-09-17T14:23:07Z
[collector] snapshot #1513 2026-09-17T14:23:08Z
[collector] snapshot #1514 2026-09-17T14:23:09Z
[collector] snapshot #1515 2026-09-17T14:23:10Z
[collector] snapshot #1516 2026-09-17T14:23:11Z
[collector] snapshot #1517 2026-09-17T14:23:12Z
[collector] snapshot #1518 2026-09-17T14:23:13Z
[collector] snapshot #1519 2026-09-17T14:23:14Z
[collector] snapshot #1520 2026-09-17T14:23:15Z
[collector] snapshot #1521 2026-09-17T14:23:16Z
[collector] snapshot #1522 2026-09-17T14:23:17Z
[collector] snapshot #1523 2026-09-17T14:23:18Z
[collector] snapshot #1524 2026-09-17T14:23:19Z
[collector] snapshot #1525 2026-09-17T14:23:20Z
[collector] snapshot #1526 2026-09-17T14:23:21Z
[collector] snapshot #1527 2026-09-17T14:23:22Z
[collector] snapshot #1528 2026-09-17T14:23:23Z
[collector] snapshot #1529 2026-09-17T14:23:24Z
[collector] snapshot #1530 2026-09-17T14:23:25Z
[collector] snapshot #1531 2026-09-17T14:23:26Z
[collector] snapshot #1532 2026-09-17T14:23:27Z
[collector] snapshot #1533 2026-09-17T14:23:28Z
[collector] snapshot #1534 2026-09-17T14:23:29Z
[collector] snapshot #1535 2026-09-17T14:23:30Z
[collector] snapshot #1536 2026-09-17T14:23:31Z
[collector] snapshot #1537 2026-09-17T14:23:32Z
[collector] snapshot #1538 2026-09-17T14:23:33Z
[collector] snapshot #1539 2026-09-17T14:23:34Z
[collector] snapshot #1540 2026-09-17T14:23:35Z
[collector] snapshot #1541 2026-09-17T14:23:36Z
[collector] snapshot #1542 2026-09-17T14:23:37Z
[collector] snapshot #1543 2026-09-17T14:23:38Z
[collector] snapshot #1544 2026-09-17T14:23:39Z
[collector] snapshot #1545 2026-09-17T14:23:40Z
[collector] snapshot #1546 2026-09-17T14:23:41Z
[collector] snapshot #1547 2026-09-17T14:23:42Z
[collector] snapshot #1548 2026-09-17T14:23:43Z
[collector] snapshot #1549 2026-09-17T14:23:44Z
[collector] snapshot #1550 2026-09-17T14:23:45Z
[collector] snapshot #1551 2026-09-17T14:23:46Z
[collector] snapshot #1552 2026-09-17T14:23:47Z
[collector] snapshot #1553 2026-09-17T14:23:48Z
[collector] snapshot #1554 2026-09-17T14:23:49Z
[collector] snapshot #1555 2026-09-17T14:23:50Z
[collector] snapshot #1556 2026-09-17T14:23:51Z
[collector] snapshot #1557 2026-09-17T14:23:52Z
[collector] snapshot #1558 2026-09-17T14:23:53Z
[collector] snapshot #1559 2026-09-17T14:23:54Z
[collector] snapshot #1560 2026-09-17T14:23:55Z
[collector] snapshot #1561 2026-09-17T14:23:56Z
[collector] snapshot #1562 2026-09-17T14:23:57Z
[collector] snapshot #1563 2026-09-17T14:23:58Z
[collector] snapshot #1564 2026-09-17T14:23:59Z
[collector] snapshot #1565 2026-09-17T14:24:00Z
[collector] snapshot #1566 2026-09-17T14:24:01Z
[collector] snapshot #1567 2026-09-17T14:24:02Z
[collector] snapshot #1568 2026-09-17T14:24:03Z
[collector] snapshot #1569 2026-09-17T14:24:04Z
[collector] snapshot #1570 2026-09-17T14:24:05Z
[collector] snapshot #1571 2026-09-17T14:24:06Z
[collector] snapshot #1572 2026-09-17T14:24:07Z
[collector] snapshot #1573 2026-09-17T14:24:08Z
[collector] snapshot #1574 2026-09-17T14:24:09Z
[collector] snapshot #1575 2026-09-17T14:24:10Z
[collector] snapshot #1576 2026-09-17T14:24:11Z
[collector] snapshot #1577 2026-09-17T14:24:12Z
[collector] snapshot #1578 2026-09-17T14:24:13Z
[collector] snapshot #1579 2026-09-17T14:24:14Z
[collector] snapshot #1580 2026-09-17T14:24:15Z
[collector] snapshot #1581 2026-09-17T14:24:16Z
[collector] snapshot #1582 2026-09-17T14:24:17Z
[collector] snapshot #1583 2026-09-17T14:24:18Z
[collector] snapshot #1584 2026-09-17T14:24:19Z
[collector] snapshot #1585 2026-09-17T14:24:20Z
[collector] snapshot #1586 2026-09-17T14:24:21Z
[collector] snapshot #1587 2026-09-17T14:24:22Z
[collector] snapshot #1588 2026-09-17T14:24:23Z
[collector] snapshot #1589 2026-09-17T14:24:24Z
[collector] snapshot #1590 2026-09-17T14:24:25Z
[collector] snapshot #1591 2026-09-17T14:24:26Z
[collector] snapshot #1592 2026-09-17T14:24:27Z
[collector] snapshot #1593 2026-09-17T14:24:28Z
[collector] snapshot #1594 2026-09-17T14:24:29Z
[collector] snapshot #1595 2026-09-17T14:24:30Z
[collector] snapshot #1596 2026-09-17T14:24:31Z
[collector] snapshot #1597 2026-09-17T14:24:32Z
[collector] snapshot #1598 2026-09-17T14:24:33Z
[collector] snapshot #1599 2026-09-17T14:24:34Z
[collector] snapshot #1600 2026-09-17T14:24:35Z
[collector] snapshot #1601 2026-09-17T14:24:36Z
[collector] snapshot #1602 2026-09-17T14:24:37Z
[collector] snapshot #1603 2026-09-17T14:24:38Z
[collector] snapshot #1604 2026-09-17T14:24:39Z
[collector] snapshot #1605 2026-09-17T14:24:40Z
[collector] snapshot #1606 2026-09-17T14:24:41Z
[collector] snapshot #1607 2026-09-17T14:24:42Z
[collector] snapshot #1608 2026-09-17T14:24:43Z
[collector] snapshot #1609 2026-09-17T14:24:44Z
[collector] snapshot #1610 2026-09-17T14:24:45Z
[collector] snapshot #1611 2026-09-17T14:24:46Z
[collector] snapshot #1612 2026-09-17T14:24:47Z
[collector] snapshot #1613 2026-09-17T14:24:48Z
[collector] snapshot #1614 2026-09-17T14:24:49Z
[collector] snapshot #1615 2026-09-17T14:24:50Z
[collector] snapshot #1616 2026-09-17T14:24:51Z
[collector] snapshot #1617 2026-09-17T14:24:52Z
[collector] snapshot #1618 2026-09-17T14:24:53Z
[collector] snapshot #1619 2026-09-17T14:24:54Z
[collector] snapshot #1620 2026-09-17T14:24:55Z
[collector] snapshot #1621 2026-09-17T14:24:56Z
[collector] snapshot #1622 2026-09-17T14:24:57Z
[collector] snapshot #1623 2026-09-17T14:24:58Z
[collector] snapshot #1624 2026-09-17T14:24:59Z
[collector] snapshot #1625 2026-09-17T14:25:00Z
[collector] snapshot #1626 2026-09-17T14:25:01Z
[collector] snapshot #1627 2026-09-17T14:25:02Z
[collector] snapshot #1628 2026-09-17T14:25:03Z
[collector] snapshot #1629 2026-09-17T14:25:04Z
[collector] snapshot #1630 2026-09-17T14:25:05Z
[collector] snapshot #1631 2026-09-17T14:25:06Z
[collector] snapshot #1632 2026-09-17T14:25:07Z
[collector] snapshot #1633 2026-09-17T14:25:08Z
[collector] snapshot #1634 2026-09-17T14:25:09Z
[collector] snapshot #1635 2026-09-17T14:25:10Z
[collector] snapshot #1636 2026-09-17T14:25:11Z
[collector] snapshot #1637 2026-09-17T14:25:12Z
[collector] snapshot #1638 2026-09-17T14:25:13Z
[collector] snapshot #1639 2026-09-17T14:25:14Z
[collector] snapshot #1640 2026-09-17T14:25:15Z
[collector] snapshot #1641 2026-09-17T14:25:16Z
[collector] snapshot #1642 2026-09-17T14:25:17Z
[collector] snapshot #1643 2026-09-17T14:25:18Z
[collector] snapshot #1644 2026-09-17T14:25:19Z
[collector] snapshot #1645 2026-09-17T14:25:20Z
[collector] snapshot #1646 2026-09-17T14:25:21Z
[collector] snapshot #1647 2026-09-17T14:25:22Z
[collector] snapshot #1648 2026-09-17T14:25:23Z
[collector] snapshot #1649 2026-09-17T14:25:24Z
[collector] snapshot #1650 2026-09-17T14:25:25Z
[collector] snapshot #1651 2026-09-17T14:25:26Z
[collector] snapshot #1652 2026-09-17T14:25:27Z
[collector] snapshot #1653 2026-09-17T14:25:28Z
[collector] snapshot #1654 2026-09-17T14:25:29Z
[collector] snapshot #1655 2026-09-17T14:25:30Z
[collector] snapshot #1656 2026-09-17T14:25:31Z
[collector] snapshot #1657 2026-09-17T14:25:32Z
[collector] snapshot #1658 2026-09-17T14:25:33Z
[collector] snapshot #1659 2026-09-17T14:25:34Z
[collector] snapshot #1660 2026-09-17T14:25:35Z
[collector] snapshot #1661 2026-09-17T14:25:36Z
[collector] snapshot #1662 2026-09-17T14:25:37Z
[collector] snapshot #1663 2026-09-17T14:25:38Z
[collector] snapshot #1664 2026-09-17T14:25:39Z
[collector] snapshot #1665 2026-09-17T14:25:40Z
[collector] snapshot #1666 2026-09-17T14:25:41Z
[collector] snapshot #1667 2026-09-17T14:25:42Z
[collector] snapshot #1668 2026-09-17T14:25:43Z
[collector] snapshot #1669 2026-09-17T14:25:44Z
[collector] snapshot #1670 2026-09-17T14:25:45Z
[collector] snapshot #1671 2026-09-17T14:25:46Z
[collector] snapshot #1672 2026-09-17T14:25:47Z
[collector] snapshot #1673 2026-09-17T14:25:48Z
[collector] snapshot #1674 2026-09-17T14:25:49Z
[collector] snapshot #1675 2026-09-17T14:25:50Z
[collector] snapshot #1676 2026-09-17T14:25:51Z
[collector] snapshot #1677 2026-09-17T14:25:52Z
[collector] snapshot #1678 2026-09-17T14:25:53Z
[collector] snapshot #1679 2026-09-17T14:25:54Z
[collector] snapshot #1680 2026-09-17T14:25:55Z
[collector] snapshot #1681 2026-09-17T14:25:56Z
[collector] snapshot #1682 2026-09-17T14:25:57Z
[collector] snapshot #1683 2026-09-17T14:25:58Z
[collector] snapshot #1684 2026-09-17T14:25:59Z
[collector] snapshot #1685 2026-09-17T14:26:00Z
[collector] snapshot #1686 2026-09-17T14:26:01Z
[collector] snapshot #1687 2026-09-17T14:26:02Z
[collector] snapshot #1688 2026-09-17T14:26:03Z
[collector] snapshot #1689 2026-09-17T14:26:04Z
[collector] snapshot #1690 2026-09-17T14:26:05Z
[collector] snapshot #1691 2026-09-17T14:26:06Z
[collector] snapshot #1692 2026-09-17T14:26:07Z
[collector] snapshot #1693 2026-09-17T14:26:08Z
[collector] snapshot #1694 2026-09-17T14:26:09Z
[collector] snapshot #1695 2026-09-17T14:26:10Z
[collector] snapshot #1696 2026-09-17T14:26:11Z
[collector] snapshot #1697 2026-09-17T14:26:12Z
[collector] snapshot #1698 2026-09-17T14:26:13Z
[collector] snapshot #1699 2026-09-17T14:26:14Z
[collector] snapshot #1700 2026-09-17T14:26:15Z
[collector] snapshot #1701 2026-09-17T14:26:16Z
[collector] snapshot #1702 2026-09-17T14:26:17Z
[collector] snapshot #1703 2026-09-17T14:26:18Z
[collector] snapshot #1704 2026-09-17T14:26:19Z
[collector] snapshot #1705 2026-09-17T14:26:20Z
[collector] snapshot #1706 2026-09-17T14:26:21Z
[collector] snapshot #1707 2026-09-17T14:26:22Z
[collector] snapshot #1708 2026-09-17T14:26:23Z
[collector] snapshot #1709 2026-09-17T14:26:24Z
[collector] snapshot #1710 2026-09-17T14:26:25Z
[collector] snapshot #1711 2026-09-17T14:26:26Z
[collector] snapshot #1712 2026-09-17T14:26:27Z
[collector] snapshot #1713 2026-09-17T14:26:28Z
[collector] snapshot #1714 2026-09-17T14:26:29Z
[collector] snapshot #1715 2026-09-17T14:26:30Z
[collector] snapshot #1716 2026-09-17T14:26:31Z
[collector] snapshot #1717 2026-09-17T14:26:32Z
[collector] snapshot #1718 2026-09-17T14:26:33Z
[collector] snapshot #1719 2026-09-17T14:26:34Z
[collector] snapshot #1720 2026-09-17T14:26:35Z
[collector] snapshot #1721 2026-09-17T14:26:36Z
[collector] snapshot #1722 2026-09-17T14:26:37Z
[collector] snapshot #1723 2026-09-17T14:26:38Z
[collector] snapshot #1724 2026-09-17T14:26:39Z
[collector] snapshot #1725 2026-09-17T14:26:40Z
[collector] snapshot #1726 2026-09-17T14:26:41Z
[collector] snapshot #1727 2026-09-17T14:26:42Z
[collector] snapshot #1728 2026-09-17T14:26:43Z
[collector] snapshot #1729 2026-09-17T14:26:44Z
[collector] snapshot #1730 2026-09-17T14:26:45Z
[collector] snapshot #1731 2026-09-17T14:26:46Z
[collector] snapshot #1732 2026-09-17T14:26:47Z
[collector] snapshot #1733 2026-09-17T14:26:48Z
[collector] snapshot #1734 2026-09-17T14:26:49Z
[collector] snapshot #1735 2026-09-17T14:26:50Z
[collector] snapshot #1736 2026-09-17T14:26:51Z
[collector] snapshot #1737 2026-09-17T14:26:52Z
[collector] snapshot #1738 2026-09-17T14:26:53Z
[collector] snapshot #1739 2026-09-17T14:26:54Z
[collector] snapshot #1740 2026-09-17T14:26:55Z
[collector] snapshot #1741 2026-09-17T14:26:56Z
[collector] snapshot #1742 2026-09-17T14:26:57Z
[collector] snapshot #1743 2026-09-17T14:26:58Z
[collector] snapshot #1744 2026-09-17T14:26:59Z
[collector] snapshot #1745 2026-09-17T14:27:00Z
[collector] snapshot #1746 2026-09-17T14:27:01Z
[collector] snapshot #1747 2026-09-17T14:27:02Z
[collector] snapshot #1748 2026-09-17T14:27:03Z
[collector] snapshot #1749 2026-09-17T14:27:04Z
[collector] snapshot #1750 2026-09-17T14:27:05Z
[collector] snapshot #1751 2026-09-17T14:27:06Z
[collector] snapshot #1752 2026-09-17T14:27:07Z
[collector] snapshot #1753 2026-09-17T14:27:08Z
[collector] snapshot #1754 2026-09-17T14:27:10Z
[collector] snapshot #1755 2026-09-17T14:27:11Z
[collector] snapshot #1756 2026-09-17T14:27:12Z
[collector] snapshot #1757 2026-09-17T14:27:13Z
[collector] snapshot #1758 2026-09-17T14:27:14Z
[collector] snapshot #1759 2026-09-17T14:27:15Z
[collector] snapshot #1760 2026-09-17T14:27:16Z
[collector] snapshot #1761 2026-09-17T14:27:17Z
[collector] snapshot #1762 2026-09-17T14:27:18Z
[collector] snapshot #1763 2026-09-17T14:27:19Z
[collector] snapshot #1764 2026-09-17T14:27:20Z
[collector] snapshot #1765 2026-09-17T14:27:21Z
[collector] snapshot #1766 2026-09-17T14:27:22Z
[collector] snapshot #1767 2026-09-17T14:27:23Z
[collector] snapshot #1768 2026-09-17T14:27:24Z
[collector] snapshot #1769 2026-09-17T14:27:25Z
[collector] snapshot #1770 2026-09-17T14:27:26Z
[collector] snapshot #1771 2026-09-17T14:27:27Z
[collector] snapshot #1772 2026-09-17T14:27:28Z
[collector] snapshot #1773 2026-09-17T14:27:29Z
[collector] snapshot #1774 2026-09-17T14:27:30Z
[collector] snapshot #1775 2026-09-17T14:27:31Z
[collector] snapshot #1776 2026-09-17T14:27:32Z
[collector] snapshot #1777 2026-09-17T14:27:33Z
[collector] snapshot #1778 2026-09-17T14:27:34Z
[collector] snapshot #1779 2026-09-17T14:27:35Z
[collector] snapshot #1780 2026-09-17T14:27:36Z
[collector] snapshot #1781 2026-09-17T14:27:37Z
[collector] snapshot #1782 2026-09-17T14:27:38Z
[collector] snapshot #1783 2026-09-17T14:27:39Z
[collector] snapshot #1784 2026-09-17T14:27:40Z
[collector] snapshot #1785 2026-09-17T14:27:41Z
[collector] snapshot #1786 2026-09-17T14:27:42Z
[collector] snapshot #1787 2026-09-17T14:27:43Z
[collector] snapshot #1788 2026-09-17T14:27:44Z
[collector] snapshot #1789 2026-09-17T14:27:45Z
[collector] snapshot #1790 2026-09-17T14:27:46Z
[collector] snapshot #1791 2026-09-17T14:27:47Z
[collector] snapshot #1792 2026-09-17T14:27:48Z
[collector] snapshot #1793 2026-09-17T14:27:49Z
[collector] snapshot #1794 2026-09-17T14:27:50Z
[collector] snapshot #1795 2026-09-17T14:27:51Z
[collector] snapshot #1796 2026-09-17T14:27:52Z
[collector] snapshot #1797 2026-09-17T14:27:53Z
[collector] snapshot #1798 2026-09-17T14:27:54Z
[collector] snapshot #1799 2026-09-17T14:27:55Z
[collector] snapshot #1800 2026-09-17T14:27:56Z
[collector] snapshot #1801 2026-09-17T14:27:57Z
[collector] snapshot #1802 2026-09-17T14:27:58Z
[collector] snapshot #1803 2026-09-17T14:27:59Z
[collector] snapshot #1804 2026-09-17T14:28:00Z
[collector] snapshot #1805 2026-09-17T14:28:01Z
[collector] snapshot #1806 2026-09-17T14:28:02Z
[collector] snapshot #1807 2026-09-17T14:28:03Z
[collector] snapshot #1808 2026-09-17T14:28:04Z
[collector] snapshot #1809 2026-09-17T14:28:05Z
[collector] snapshot #1810 2026-09-17T14:28:06Z
[collector] snapshot #1811 2026-09-17T14:28:07Z
[collector] snapshot #1812 2026-09-17T14:28:08Z
[collector] snapshot #1813 2026-09-17T14:28:09Z
[collector] snapshot #1814 2026-09-17T14:28:10Z
[collector] snapshot #1815 2026-09-17T14:28:11Z
[collector] snapshot #1816 2026-09-17T14:28:12Z
[collector] snapshot #1817 2026-09-17T14:28:13Z
[collector] snapshot #1818 2026-09-17T14:28:14Z
[collector] snapshot #1819 2026-09-17T14:28:15Z
[collector] snapshot #1820 2026-09-17T14:28:16Z
[collector] snapshot #1821 2026-09-17T14:28:17Z
[collector] snapshot #1822 2026-09-17T14:28:18Z
[collector] snapshot #1823 2026-09-17T14:28:19Z
[collector] snapshot #1824 2026-09-17T14:28:20Z
[collector] snapshot #1825 2026-09-17T14:28:21Z
[collector] snapshot #1826 2026-09-17T14:28:22Z
[collector] snapshot #1827 2026-09-17T14:28:23Z
[collector] snapshot #1828 2026-09-17T14:28:24Z
[collector] snapshot #1829 2026-09-17T14:28:25Z
[collector] snapshot #1830 2026-09-17T14:28:26Z
[collector] snapshot #1831 2026-09-17T14:28:27Z
[collector] snapshot #1832 2026-09-17T14:28:28Z
[collector] snapshot #1833 2026-09-17T14:28:29Z
[collector] snapshot #1834 2026-09-17T14:28:30Z
[collector] snapshot #1835 2026-09-17T14:28:31Z
[collector] snapshot #1836 2026-09-17T14:28:32Z
[collector] snapshot #1837 2026-09-17T14:28:33Z
[collector] snapshot #1838 2026-09-17T14:28:34Z
[collector] snapshot #1839 2026-09-17T14:28:35Z
[collector] snapshot #1840 2026-09-17T14:28:36Z
[collector] snapshot #1841 2026-09-17T14:28:37Z
[collector] snapshot #1842 2026-09-17T14:28:38Z
[collector] snapshot #1843 2026-09-17T14:28:39Z
[collector] snapshot #1844 2026-09-17T14:28:40Z
[collector] snapshot #1845 2026-09-17T14:28:41Z
[collector] snapshot #1846 2026-09-17T14:28:42Z
[collector] snapshot #1847 2026-09-17T14:28:43Z
[collector] snapshot #1848 2026-09-17T14:28:44Z
[collector] snapshot #1849 2026-09-17T14:28:45Z
[collector] snapshot #1850 2026-09-17T14:28:46Z
[collector] snapshot #1851 2026-09-17T14:28:47Z
[collector] snapshot #1852 2026-09-17T14:28:48Z
[collector] snapshot #1853 2026-09-17T14:28:49Z
[collector] snapshot #1854 2026-09-17T14:28:50Z
[collector] snapshot #1855 2026-09-17T14:28:51Z
[collector] snapshot #1856 2026-09-17T14:28:52Z
[collector] snapshot #1857 2026-09-17T14:28:53Z
[collector] snapshot #1858 2026-09-17T14:28:54Z
[collector] snapshot #1859 2026-09-17T14:28:55Z
[collector] snapshot #1860 2026-09-17T14:28:56Z
[collector] snapshot #1861 2026-09-17T14:28:57Z
[collector] snapshot #1862 2026-09-17T14:28:58Z
[collector] snapshot #1863 2026-09-17T14:28:59Z
[collector] snapshot #1864 2026-09-17T14:29:00Z
[collector] snapshot #1865 2026-09-17T14:29:01Z
[collector] snapshot #1866 2026-09-17T14:29:02Z
[collector] snapshot #1867 2026-09-17T14:29:03Z
[collector] snapshot #1868 2026-09-17T14:29:04Z
[collector] snapshot #1869 2026-09-17T14:29:05Z
[collector] snapshot #1870 2026-09-17T14:29:06Z
[collector] snapshot #1871 2026-09-17T14:29:07Z
[collector] snapshot #1872 2026-09-17T14:29:08Z
[collector] snapshot #1873 2026-09-17T14:29:09Z
[collector] snapshot #1874 2026-09-17T14:29:10Z
[collector] snapshot #1875 2026-09-17T14:29:11Z
[collector] snapshot #1876 2026-09-17T14:29:12Z
[collector] snapshot #1877 2026-09-17T14:29:13Z
[collector] snapshot #1878 2026-09-17T14:29:14Z
[collector] snapshot #1879 2026-09-17T14:29:15Z
[collector] snapshot #1880 2026-09-17T14:29:16Z
[collector] snapshot #1881 2026-09-17T14:29:17Z
[collector] snapshot #1882 2026-09-17T14:29:18Z
[collector] snapshot #1883 2026-09-17T14:29:19Z
[collector] snapshot #1884 2026-09-17T14:29:20Z
[collector] snapshot #1885 2026-09-17T14:29:21Z
[collector] snapshot #1886 2026-09-17T14:29:22Z
[collector] snapshot #1887 2026-09-17T14:29:23Z
[collector] snapshot #1888 2026-09-17T14:29:24Z
[collector] snapshot #1889 2026-09-17T14:29:25Z
[collector] snapshot #1890 2026-09-17T14:29:26Z
[collector] snapshot #1891 2026-09-17T14:29:27Z
[collector] snapshot #1892 2026-09-17T14:29:28Z
[collector] snapshot #1893 2026-09-17T14:29:29Z
[collector] snapshot #1894 2026-09-17T14:29:30Z
[collector] snapshot #1895 2026-09-17T14:29:31Z
[collector] snapshot #1896 2026-09-17T14:29:32Z
[collector] snapshot #1897 2026-09-17T14:29:33Z
[collector] snapshot #1898 2026-09-17T14:29:34Z
[collector] snapshot #1899 2026-09-17T14:29:35Z
[collector] snapshot #1900 2026-09-17T14:29:36Z
[collector] snapshot #1901 2026-09-17T14:29:37Z
[collector] snapshot #1902 2026-09-17T14:29:38Z
[collector] snapshot #1903 2026-09-17T14:29:39Z
[collector] snapshot #1904 2026-09-17T14:29:40Z
[collector] snapshot #1905 2026-09-17T14:29:41Z
[collector] snapshot #1906 2026-09-17T14:29:42Z
[collector] snapshot #1907 2026-09-17T14:29:43Z
[collector] snapshot #1908 2026-09-17T14:29:44Z
[collector] snapshot #1909 2026-09-17T14:29:45Z
[collector] snapshot #1910 2026-09-17T14:29:46Z
[collector] snapshot #1911 2026-09-17T14:29:47Z
[collector] snapshot #1912 2026-09-17T14:29:48Z
[collector] snapshot #1913 2026-09-17T14:29:49Z
[collector] snapshot #1914 2026-09-17T14:29:50Z
[collector] snapshot #1915 2026-09-17T14:29:51Z
[collector] snapshot #1916 2026-09-17T14:29:52Z
[collector] snapshot #1917 2026-09-17T14:29:53Z
[collector] snapshot #1918 2026-09-17T14:29:54Z
[collector] snapshot #1919 2026-09-17T14:29:55Z
[collector] snapshot #1920 2026-09-17T14:29:56Z
[collector] snapshot #1921 2026-09-17T14:29:57Z
[collector] snapshot #1922 2026-09-17T14:29:58Z
[collector] snapshot #1923 2026-09-17T14:29:59Z
[collector] snapshot #1924 2026-09-17T14:30:00Z
[collector] snapshot #1925 2026-09-17T14:30:01Z
[collector] snapshot #1926 2026-09-17T14:30:02Z
[collector] snapshot #1927 2026-09-17T14:30:03Z
[collector] snapshot #1928 2026-09-17T14:30:04Z
[collector] snapshot #1929 2026-09-17T14:30:05Z
[collector] snapshot #1930 2026-09-17T14:30:06Z
[collector] snapshot #1931 2026-09-17T14:30:07Z
[collector] snapshot #1932 2026-09-17T14:30:08Z
[collector] snapshot #1933 2026-09-17T14:30:09Z
[collector] snapshot #1934 2026-09-17T14:30:10Z
[collector] snapshot #1935 2026-09-17T14:30:11Z
[collector] snapshot #1936 2026-09-17T14:30:12Z
[collector] snapshot #1937 2026-09-17T14:30:13Z
[collector] snapshot #1938 2026-09-17T14:30:14Z
[collector] snapshot #1939 2026-09-17T14:30:15Z
[collector] snapshot #1940 2026-09-17T14:30:16Z
[collector] snapshot #1941 2026-09-17T14:30:17Z
[collector] snapshot #1942 2026-09-17T14:30:18Z
[collector] snapshot #1943 2026-09-17T14:30:19Z
[collector] snapshot #1944 2026-09-17T14:30:20Z
[collector] snapshot #1945 2026-09-17T14:30:21Z
[collector] snapshot #1946 2026-09-17T14:30:22Z
[collector] snapshot #1947 2026-09-17T14:30:23Z
[collector] snapshot #1948 2026-09-17T14:30:24Z
[collector] snapshot #1949 2026-09-17T14:30:25Z
[collector] snapshot #1950 2026-09-17T14:30:26Z
[collector] snapshot #1951 2026-09-17T14:30:27Z
[collector] snapshot #1952 2026-09-17T14:30:28Z
[collector] snapshot #1953 2026-09-17T14:30:29Z
[collector] snapshot #1954 2026-09-17T14:30:30Z
[collector] snapshot #1955 2026-09-17T14:30:31Z
[collector] snapshot #1956 2026-09-17T14:30:32Z
[collector] snapshot #1957 2026-09-17T14:30:33Z
[collector] snapshot #1958 2026-09-17T14:30:34Z
[collector] snapshot #1959 2026-09-17T14:30:35Z
[collector] snapshot #1960 2026-09-17T14:30:36Z
[collector] snapshot #1961 2026-09-17T14:30:37Z
[collector] snapshot #1962 2026-09-17T14:30:38Z
[collector] snapshot #1963 2026-09-17T14:30:39Z
[collector] snapshot #1964 2026-09-17T14:30:40Z
[collector] snapshot #1965 2026-09-17T14:30:41Z
[collector] snapshot #1966 2026-09-17T14:30:42Z
[collector] snapshot #1967 2026-09-17T14:30:43Z
[collector] snapshot #1968 2026-09-17T14:30:44Z
[collector] snapshot #1969 2026-09-17T14:30:45Z
[collector] snapshot #1970 2026-09-17T14:30:46Z
[collector] snapshot #1971 2026-09-17T14:30:47Z
[collector] snapshot #1972 2026-09-17T14:30:48Z
[collector] snapshot #1973 2026-09-17T14:30:49Z
[collector] snapshot #1974 2026-09-17T14:30:50Z
[collector] snapshot #1975 2026-09-17T14:30:51Z
[collector] snapshot #1976 2026-09-17T14:30:52Z
[collector] snapshot #1977 2026-09-17T14:30:53Z
[collector] snapshot #1978 2026-09-17T14:30:54Z
[collector] snapshot #1979 2026-09-17T14:30:55Z
[collector] snapshot #1980 2026-09-17T14:30:56Z
[collector] snapshot #1981 2026-09-17T14:30:57Z
[collector] snapshot #1982 2026-09-17T14:30:58Z
[collector] snapshot #1983 2026-09-17T14:30:59Z
[collector] snapshot #1984 2026-09-17T14:31:00Z
[collector] snapshot #1985 2026-09-17T14:31:01Z
[collector] snapshot #1986 2026-09-17T14:31:02Z
[collector] snapshot #1987 2026-09-17T14:31:03Z
[collector] snapshot #1988 2026-09-17T14:31:04Z
[collector] snapshot #1989 2026-09-17T14:31:05Z
[collector] snapshot #1990 2026-09-17T14:31:06Z
[collector] snapshot #1991 2026-09-17T14:31:07Z
[collector] snapshot #1992 2026-09-17T14:31:08Z
[collector] snapshot #1993 2026-09-17T14:31:09Z
[collector] snapshot #1994 2026-09-17T14:31:10Z
[collector] snapshot #1995 2026-09-17T14:31:11Z
[collector] snapshot #1996 2026-09-17T14:31:12Z
[collector] snapshot #1997 2026-09-17T14:31:13Z
[collector] snapshot #1998 2026-09-17T14:31:14Z
[collector] snapshot #1999 2026-09-17T14:31:15Z
[collector] snapshot #2000 2026-09-17T14:31:16Z
[collector] snapshot #2001 2026-09-17T14:31:17Z
[collector] snapshot #2002 2026-09-17T14:31:18Z
[collector] snapshot #2003 2026-09-17T14:31:19Z
[collector] snapshot #2004 2026-09-17T14:31:20Z
[collector] snapshot #2005 2026-09-17T14:31:21Z
[collector] snapshot #2006 2026-09-17T14:31:22Z
[collector] snapshot #2007 2026-09-17T14:31:23Z
[collector] snapshot #2008 2026-09-17T14:31:24Z
[collector] snapshot #2009 2026-09-17T14:31:25Z
[collector] snapshot #2010 2026-09-17T14:31:26Z
[collector] snapshot #2011 2026-09-17T14:31:27Z
[collector] snapshot #2012 2026-09-17T14:31:28Z
[collector] snapshot #2013 2026-09-17T14:31:29Z
[collector] snapshot #2014 2026-09-17T14:31:30Z
[collector] snapshot #2015 2026-09-17T14:31:31Z
[collector] snapshot #2016 2026-09-17T14:31:32Z
[collector] snapshot #2017 2026-09-17T14:31:33Z
[collector] snapshot #2018 2026-09-17T14:31:34Z
[collector] snapshot #2019 2026-09-17T14:31:35Z
[collector] snapshot #2020 2026-09-17T14:31:36Z
[collector] snapshot #2021 2026-09-17T14:31:37Z
[collector] snapshot #2022 2026-09-17T14:31:38Z
[collector] snapshot #2023 2026-09-17T14:31:39Z
[collector] snapshot #2024 2026-09-17T14:31:40Z
[collector] snapshot #2025 2026-09-17T14:31:41Z
[collector] snapshot #2026 2026-09-17T14:31:42Z
[collector] snapshot #2027 2026-09-17T14:31:43Z
[collector] snapshot #2028 2026-09-17T14:31:44Z
[collector] snapshot #2029 2026-09-17T14:31:45Z
[collector] snapshot #2030 2026-09-17T14:31:46Z
[collector] snapshot #2031 2026-09-17T14:31:47Z
[collector] snapshot #2032 2026-09-17T14:31:48Z
[collector] snapshot #2033 2026-09-17T14:31:49Z
[collector] snapshot #2034 2026-09-17T14:31:50Z
[collector] snapshot #2035 2026-09-17T14:31:51Z
[collector] snapshot #2036 2026-09-17T14:31:52Z
[collector] snapshot #2037 2026-09-17T14:31:53Z
[collector] snapshot #2038 2026-09-17T14:31:54Z
[collector] snapshot #2039 2026-09-17T14:31:55Z
[collector] snapshot #2040 2026-09-17T14:31:56Z
[collector] snapshot #2041 2026-09-17T14:31:57Z
[collector] snapshot #2042 2026-09-17T14:31:58Z
[collector] snapshot #2043 2026-09-17T14:31:59Z
[collector] snapshot #2044 2026-09-17T14:32:00Z
[collector] snapshot #2045 2026-09-17T14:32:01Z
[collector] snapshot #2046 2026-09-17T14:32:02Z
[collector] snapshot #2047 2026-09-17T14:32:03Z
[collector] snapshot #2048 2026-09-17T14:32:04Z
[collector] snapshot #2049 2026-09-17T14:32:05Z
[collector] snapshot #2050 2026-09-17T14:32:06Z
[collector] snapshot #2051 2026-09-17T14:32:07Z
[collector] snapshot #2052 2026-09-17T14:32:08Z
[collector] snapshot #2053 2026-09-17T14:32:09Z
[collector] snapshot #2054 2026-09-17T14:32:10Z
[collector] snapshot #2055 2026-09-17T14:32:11Z
[collector] snapshot #2056 2026-09-17T14:32:12Z
[collector] snapshot #2057 2026-09-17T14:32:13Z
[collector] snapshot #2058 2026-09-17T14:32:14Z
[collector] snapshot #2059 2026-09-17T14:32:15Z
[collector] snapshot #2060 2026-09-17T14:32:16Z
[collector] snapshot #2061 2026-09-17T14:32:17Z
[collector] snapshot #2062 2026-09-17T14:32:18Z
[collector] snapshot #2063 2026-09-17T14:32:19Z
[collector] snapshot #2064 2026-09-17T14:32:20Z
[collector] snapshot #2065 2026-09-17T14:32:21Z
[collector] snapshot #2066 2026-09-17T14:32:22Z
[collector] snapshot #2067 2026-09-17T14:32:23Z
[collector] snapshot #2068 2026-09-17T14:32:24Z
[collector] snapshot #2069 2026-09-17T14:32:25Z
[collector] snapshot #2070 2026-09-17T14:32:26Z
[collector] snapshot #2071 2026-09-17T14:32:27Z
[collector] snapshot #2072 2026-09-17T14:32:28Z
[collector] snapshot #2073 2026-09-17T14:32:29Z
[collector] snapshot #2074 2026-09-17T14:32:30Z
[collector] snapshot #2075 2026-09-17T14:32:31Z
[collector] snapshot #2076 2026-09-17T14:32:32Z
[collector] snapshot #2077 2026-09-17T14:32:33Z
[collector] snapshot #2078 2026-09-17T14:32:34Z
[collector] snapshot #2079 2026-09-17T14:32:35Z
[collector] snapshot #2080 2026-09-17T14:32:36Z
[collector] snapshot #2081 2026-09-17T14:32:37Z
[collector] snapshot #2082 2026-09-17T14:32:38Z
[collector] snapshot #2083 2026-09-17T14:32:39Z
[collector] snapshot #2084 2026-09-17T14:32:40Z
[collector] snapshot #2085 2026-09-17T14:32:41Z
[collector] snapshot #2086 2026-09-17T14:32:42Z
[collector] snapshot #2087 2026-09-17T14:32:43Z
[collector] snapshot #2088 2026-09-17T14:32:44Z
[collector] snapshot #2089 2026-09-17T14:32:45Z
[collector] snapshot #2090 2026-09-17T14:32:46Z
[collector] snapshot #2091 2026-09-17T14:32:47Z
[collector] snapshot #2092 2026-09-17T14:32:48Z
[collector] snapshot #2093 2026-09-17T14:32:49Z
[collector] snapshot #2094 2026-09-17T14:32:50Z
[collector] snapshot #2095 2026-09-17T14:32:51Z
[collector] snapshot #2096 2026-09-17T14:32:52Z
[collector] snapshot #2097 2026-09-17T14:32:53Z
[collector] snapshot #2098 2026-09-17T14:32:54Z
[collector] snapshot #2099 2026-09-17T14:32:55Z
[collector] snapshot #2100 2026-09-17T14:32:56Z
[collector] snapshot #2101 2026-09-17T14:32:57Z
[collector] snapshot #2102 2026-09-17T14:32:58Z
[collector] snapshot #2103 2026-09-17T14:32:59Z
[collector] snapshot #2104 2026-09-17T14:33:00Z
[collector] snapshot #2105 2026-09-17T14:33:01Z
[collector] snapshot #2106 2026-09-17T14:33:02Z
[collector] snapshot #2107 2026-09-17T14:33:03Z
[collector] snapshot #2108 2026-09-17T14:33:04Z
[collector] snapshot #2109 2026-09-17T14:33:05Z
[collector] snapshot #2110 2026-09-17T14:33:06Z
[collector] snapshot #2111 2026-09-17T14:33:07Z
[collector] snapshot #2112 2026-09-17T14:33:08Z
[collector] snapshot #2113 2026-09-17T14:33:09Z
[collector] snapshot #2114 2026-09-17T14:33:10Z
[collector] snapshot #2115 2026-09-17T14:33:11Z
[collector] snapshot #2116 2026-09-17T14:33:12Z
[collector] snapshot #2117 2026-09-17T14:33:13Z
[collector] snapshot #2118 2026-09-17T14:33:14Z
[collector] snapshot #2119 2026-09-17T14:33:15Z
[collector] snapshot #2120 2026-09-17T14:33:16Z
[collector] snapshot #2121 2026-09-17T14:33:17Z
[collector] snapshot #2122 2026-09-17T14:33:18Z
[collector] snapshot #2123 2026-09-17T14:33:19Z
[collector] snapshot #2124 2026-09-17T14:33:20Z
[collector] snapshot #2125 2026-09-17T14:33:21Z
[collector] snapshot #2126 2026-09-17T14:33:22Z
[collector] snapshot #2127 2026-09-17T14:33:23Z
[collector] snapshot #2128 2026-09-17T14:33:24Z
[collector] snapshot #2129 2026-09-17T14:33:25Z
[collector] snapshot #2130 2026-09-17T14:33:26Z
[collector] snapshot #2131 2026-09-17T14:33:27Z
[collector] snapshot #2132 2026-09-17T14:33:28Z
[collector] snapshot #2133 2026-09-17T14:33:29Z
[collector] snapshot #2134 2026-09-17T14:33:30Z
[collector] snapshot #2135 2026-09-17T14:33:31Z
[collector] snapshot #2136 2026-09-17T14:33:32Z
[collector] snapshot #2137 2026-09-17T14:33:33Z
[collector] snapshot #2138 2026-09-17T14:33:34Z
[collector] snapshot #2139 2026-09-17T14:33:35Z
[collector] snapshot #2140 2026-09-17T14:33:36Z
[collector] snapshot #2141 2026-09-17T14:33:37Z
[collector] snapshot #2142 2026-09-17T14:33:38Z
[collector] snapshot #2143 2026-09-17T14:33:39Z
[collector] snapshot #2144 2026-09-17T14:33:40Z
[collector] snapshot #2145 2026-09-17T14:33:41Z
[collector] snapshot #2146 2026-09-17T14:33:42Z
[collector] snapshot #2147 2026-09-17T14:33:43Z
[collector] snapshot #2148 2026-09-17T14:33:44Z
[collector] snapshot #2149 2026-09-17T14:33:45Z
[collector] snapshot #2150 2026-09-17T14:33:46Z
[collector] snapshot #2151 2026-09-17T14:33:47Z
[collector] snapshot #2152 2026-09-17T14:33:48Z
[collector] snapshot #2153 2026-09-17T14:33:49Z
[collector] snapshot #2154 2026-09-17T14:33:50Z
[collector] snapshot #2155 2026-09-17T14:33:51Z
[collector] snapshot #2156 2026-09-17T14:33:52Z
[collector] snapshot #2157 2026-09-17T14:33:53Z
[collector] snapshot #2158 2026-09-17T14:33:54Z
[collector] snapshot #2159 2026-09-17T14:33:55Z
[collector] snapshot #2160 2026-09-17T14:33:56Z
[collector] snapshot #2161 2026-09-17T14:33:57Z
[collector] snapshot #2162 2026-09-17T14:33:58Z
[collector] snapshot #2163 2026-09-17T14:33:59Z
[collector] snapshot #2164 2026-09-17T14:34:00Z
[collector] snapshot #2165 2026-09-17T14:34:01Z
[collector] snapshot #2166 2026-09-17T14:34:02Z
[collector] snapshot #2167 2026-09-17T14:34:03Z
[collector] snapshot #2168 2026-09-17T14:34:04Z
[collector] snapshot #2169 2026-09-17T14:34:05Z
[collector] snapshot #2170 2026-09-17T14:34:06Z
[collector] snapshot #2171 2026-09-17T14:34:07Z
[collector] snapshot #2172 2026-09-17T14:34:08Z
[collector] snapshot #2173 2026-09-17T14:34:09Z
[collector] snapshot #2174 2026-09-17T14:34:10Z
[collector] snapshot #2175 2026-09-17T14:34:11Z
[collector] snapshot #2176 2026-09-17T14:34:12Z
[collector] snapshot #2177 2026-09-17T14:34:13Z
[collector] snapshot #2178 2026-09-17T14:34:14Z
[collector] snapshot #2179 2026-09-17T14:34:15Z
[collector] snapshot #2180 2026-09-17T14:34:16Z
[collector] snapshot #2181 2026-09-17T14:34:17Z
[collector] snapshot #2182 2026-09-17T14:34:18Z
[collector] snapshot #2183 2026-09-17T14:34:19Z
[collector] snapshot #2184 2026-09-17T14:34:20Z
[collector] snapshot #2185 2026-09-17T14:34:21Z
[collector] snapshot #2186 2026-09-17T14:34:22Z
[collector] snapshot #2187 2026-09-17T14:34:23Z
[collector] snapshot #2188 2026-09-17T14:34:24Z
[collector] snapshot #2189 2026-09-17T14:34:25Z
[collector] snapshot #2190 2026-09-17T14:34:26Z
[collector] snapshot #2191 2026-09-17T14:34:27Z
[collector] snapshot #2192 2026-09-17T14:34:28Z
[collector] snapshot #2193 2026-09-17T14:34:29Z
[collector] snapshot #2194 2026-09-17T14:34:30Z
[collector] snapshot #2195 2026-09-17T14:34:31Z
[collector] snapshot #2196 2026-09-17T14:34:32Z
[collector] snapshot #2197 2026-09-17T14:34:33Z
[collector] snapshot #2198 2026-09-17T14:34:34Z
[collector] snapshot #2199 2026-09-17T14:34:35Z
[collector] snapshot #2200 2026-09-17T14:34:36Z
[collector] snapshot #2201 2026-09-17T14:34:37Z
[collector] snapshot #2202 2026-09-17T14:34:38Z
[collector] snapshot #2203 2026-09-17T14:34:39Z
[collector] snapshot #2204 2026-09-17T14:34:40Z
[collector] snapshot #2205 2026-09-17T14:34:41Z
[collector] snapshot #2206 2026-09-17T14:34:42Z
[collector] snapshot #2207 2026-09-17T14:34:43Z
[collector] snapshot #2208 2026-09-17T14:34:44Z
[collector] snapshot #2209 2026-09-17T14:34:45Z
[collector] snapshot #2210 2026-09-17T14:34:46Z
[collector] snapshot #2211 2026-09-17T14:34:47Z
[collector] snapshot #2212 2026-09-17T14:34:48Z
[collector] snapshot #2213 2026-09-17T14:34:49Z
[collector] snapshot #2214 2026-09-17T14:34:50Z
[collector] snapshot #2215 2026-09-17T14:34:51Z
[collector] snapshot #2216 2026-09-17T14:34:52Z
[collector] snapshot #2217 2026-09-17T14:34:53Z
[collector] snapshot #2218 2026-09-17T14:34:54Z
[collector] snapshot #2219 2026-09-17T14:34:55Z
[collector] snapshot #2220 2026-09-17T14:34:56Z
[collector] snapshot #2221 2026-09-17T14:34:57Z
[collector] snapshot #2222 2026-09-17T14:34:58Z
[collector] snapshot #2223 2026-09-17T14:34:59Z
[collector] snapshot #2224 2026-09-17T14:35:00Z
[collector] snapshot #2225 2026-09-17T14:35:01Z
[collector] snapshot #2226 2026-09-17T14:35:02Z
[collector] snapshot #2227 2026-09-17T14:35:03Z
[collector] snapshot #2228 2026-09-17T14:35:04Z
[collector] snapshot #2229 2026-09-17T14:35:05Z
[collector] snapshot #2230 2026-09-17T14:35:06Z
[collector] snapshot #2231 2026-09-17T14:35:07Z
[collector] snapshot #2232 2026-09-17T14:35:08Z
[collector] snapshot #2233 2026-09-17T14:35:09Z
[collector] snapshot #2234 2026-09-17T14:35:10Z
[collector] snapshot #2235 2026-09-17T14:35:11Z
[collector] snapshot #2236 2026-09-17T14:35:12Z
[collector] snapshot #2237 2026-09-17T14:35:13Z
[collector] snapshot #2238 2026-09-17T14:35:14Z
[collector] snapshot #2239 2026-09-17T14:35:15Z
[collector] snapshot #2240 2026-09-17T14:35:16Z
[collector] snapshot #2241 2026-09-17T14:35:17Z
[collector] snapshot #2242 2026-09-17T14:35:18Z
[collector] snapshot #2243 2026-09-17T14:35:19Z
[collector] snapshot #2244 2026-09-17T14:35:20Z
[collector] snapshot #2245 2026-09-17T14:35:21Z
[collector] snapshot #2246 2026-09-17T14:35:22Z
[collector] snapshot #2247 2026-09-17T14:35:23Z
[collector] snapshot #2248 2026-09-17T14:35:24Z
[collector] snapshot #2249 2026-09-17T14:35:25Z
[collector] snapshot #2250 2026-09-17T14:35:26Z
[collector] snapshot #2251 2026-09-17T14:35:27Z
[collector] snapshot #2252 2026-09-17T14:35:28Z
[collector] snapshot #2253 2026-09-17T14:35:29Z
[collector] snapshot #2254 2026-09-17T14:35:30Z
[collector] snapshot #2255 2026-09-17T14:35:31Z
[collector] snapshot #2256 2026-09-17T14:35:32Z
[collector] snapshot #2257 2026-09-17T14:35:33Z
[collector] snapshot #2258 2026-09-17T14:35:34Z
[collector] snapshot #2259 2026-09-17T14:35:35Z
[collector] snapshot #2260 2026-09-17T14:35:36Z
[collector] snapshot #2261 2026-09-17T14:35:37Z
[collector] snapshot #2262 2026-09-17T14:35:38Z
[collector] snapshot #2263 2026-09-17T14:35:39Z
[collector] snapshot #2264 2026-09-17T14:35:40Z
[collector] snapshot #2265 2026-09-17T14:35:41Z
[collector] snapshot #2266 2026-09-17T14:35:42Z
[collector] snapshot #2267 2026-09-17T14:35:43Z
[collector] snapshot #2268 2026-09-17T14:35:44Z
[collector] snapshot #2269 2026-09-17T14:35:45Z
[collector] snapshot #2270 2026-09-17T14:35:46Z
[collector] snapshot #2271 2026-09-17T14:35:47Z
[collector] snapshot #2272 2026-09-17T14:35:48Z
[collector] snapshot #2273 2026-09-17T14:35:49Z
[collector] snapshot #2274 2026-09-17T14:35:50Z
[collector] snapshot #2275 2026-09-17T14:35:51Z
[collector] snapshot #2276 2026-09-17T14:35:52Z
[collector] snapshot #2277 2026-09-17T14:35:53Z
[collector] snapshot #2278 2026-09-17T14:35:54Z
[collector] snapshot #2279 2026-09-17T14:35:55Z
[collector] snapshot #2280 2026-09-17T14:35:56Z
[collector] snapshot #2281 2026-09-17T14:35:57Z
[collector] snapshot #2282 2026-09-17T14:35:58Z
[collector] snapshot #2283 2026-09-17T14:35:59Z
[collector] snapshot #2284 2026-09-17T14:36:00Z
[collector] snapshot #2285 2026-09-17T14:36:01Z
[collector] snapshot #2286 2026-09-17T14:36:02Z
[collector] snapshot #2287 2026-09-17T14:36:03Z
[collector] snapshot #2288 2026-09-17T14:36:04Z
[collector] snapshot #2289 2026-09-17T14:36:05Z
[collector] snapshot #2290 2026-09-17T14:36:06Z
[collector] snapshot #2291 2026-09-17T14:36:07Z
[collector] snapshot #2292 2026-09-17T14:36:08Z
[collector] snapshot #2293 2026-09-17T14:36:09Z
[collector] snapshot #2294 2026-09-17T14:36:10Z
[collector] snapshot #2295 2026-09-17T14:36:11Z
[collector] snapshot #2296 2026-09-17T14:36:12Z
[collector] snapshot #2297 2026-09-17T14:36:13Z
[collector] snapshot #2298 2026-09-17T14:36:14Z
[collector] snapshot #2299 2026-09-17T14:36:15Z
[collector] snapshot #2300 2026-09-17T14:36:16Z
[collector] snapshot #2301 2026-09-17T14:36:17Z
[collector] snapshot #2302 2026-09-17T14:36:18Z
[collector] snapshot #2303 2026-09-17T14:36:19Z
[collector] snapshot #2304 2026-09-17T14:36:20Z
[collector] snapshot #2305 2026-09-17T14:36:21Z
[collector] snapshot #2306 2026-09-17T14:36:22Z
[collector] snapshot #2307 2026-09-17T14:36:23Z
[collector] snapshot #2308 2026-09-17T14:36:24Z
[collector] snapshot #2309 2026-09-17T14:36:25Z
[collector] snapshot #2310 2026-09-17T14:36:26Z
[collector] snapshot #2311 2026-09-17T14:36:27Z
[collector] snapshot #2312 2026-09-17T14:36:28Z
[collector] snapshot #2313 2026-09-17T14:36:29Z
[collector] snapshot #2314 2026-09-17T14:36:30Z
[collector] snapshot #2315 2026-09-17T14:36:31Z
[collector] snapshot #2316 2026-09-17T14:36:32Z
[collector] snapshot #2317 2026-09-17T14:36:33Z
[collector] snapshot #2318 2026-09-17T14:36:34Z
[collector] snapshot #2319 2026-09-17T14:36:35Z
[collector] snapshot #2320 2026-09-17T14:36:36Z
[collector] snapshot #2321 2026-09-17T14:36:37Z
[collector] snapshot #2322 2026-09-17T14:36:38Z
[collector] snapshot #2323 2026-09-17T14:36:39Z
[collector] snapshot #2324 2026-09-17T14:36:40Z
[collector] snapshot #2325 2026-09-17T14:36:41Z
[collector] snapshot #2326 2026-09-17T14:36:42Z
[collector] snapshot #2327 2026-09-17T14:36:43Z
[collector] snapshot #2328 2026-09-17T14:36:44Z
[collector] snapshot #2329 2026-09-17T14:36:45Z
[collector] snapshot #2330 2026-09-17T14:36:46Z
[collector] snapshot #2331 2026-09-17T14:36:47Z
[collector] snapshot #2332 2026-09-17T14:36:48Z
[collector] snapshot #2333 2026-09-17T14:36:49Z
[collector] snapshot #2334 2026-09-17T14:36:50Z
[collector] snapshot #2335 2026-09-17T14:36:51Z
[collector] snapshot #2336 2026-09-17T14:36:52Z
[collector] snapshot #2337 2026-09-17T14:36:53Z
[collector] snapshot #2338 2026-09-17T14:36:54Z
[collector] snapshot #2339 2026-09-17T14:36:55Z
[collector] snapshot #2340 2026-09-17T14:36:56Z
[collector] snapshot #2341 2026-09-17T14:36:57Z
[collector] snapshot #2342 2026-09-17T14:36:58Z
[collector] snapshot #2343 2026-09-17T14:36:59Z
[collector] snapshot #2344 2026-09-17T14:37:00Z
[collector] snapshot #2345 2026-09-17T14:37:01Z
[collector] snapshot #2346 2026-09-17T14:37:02Z
[collector] snapshot #2347 2026-09-17T14:37:03Z
[collector] snapshot #2348 2026-09-17T14:37:04Z
[collector] snapshot #2349 2026-09-17T14:37:05Z
[collector] snapshot #2350 2026-09-17T14:37:06Z
[collector] snapshot #2351 2026-09-17T14:37:07Z
[collector] snapshot #2352 2026-09-17T14:37:08Z
[collector] snapshot #2353 2026-09-17T14:37:09Z
[collector] snapshot #2354 2026-09-17T14:37:10Z
[collector] snapshot #2355 2026-09-17T14:37:11Z
[collector] snapshot #2356 2026-09-17T14:37:12Z
[collector] snapshot #2357 2026-09-17T14:37:13Z
[collector] snapshot #2358 2026-09-17T14:37:14Z
[collector] snapshot #2359 2026-09-17T14:37:15Z
[collector] snapshot #2360 2026-09-17T14:37:16Z
[collector] snapshot #2361 2026-09-17T14:37:17Z
[collector] snapshot #2362 2026-09-17T14:37:18Z
[collector] snapshot #2363 2026-09-17T14:37:19Z
[collector] snapshot #2364 2026-09-17T14:37:20Z
[collector] snapshot #2365 2026-09-17T14:37:21Z
[collector] snapshot #2366 2026-09-17T14:37:22Z
[collector] snapshot #2367 2026-09-17T14:37:23Z
[collector] snapshot #2368 2026-09-17T14:37:24Z
[collector] snapshot #2369 2026-09-17T14:37:25Z
[collector] snapshot #2370 2026-09-17T14:37:26Z
[collector] snapshot #2371 2026-09-17T14:37:27Z
[collector] snapshot #2372 2026-09-17T14:37:28Z
[collector] snapshot #2373 2026-09-17T14:37:29Z
[collector] snapshot #2374 2026-09-17T14:37:30Z
[collector] snapshot #2375 2026-09-17T14:37:31Z
[collector] snapshot #2376 2026-09-17T14:37:32Z
[collector] snapshot #2377 2026-09-17T14:37:33Z
[collector] snapshot #2378 2026-09-17T14:37:34Z
[collector] snapshot #2379 2026-09-17T14:37:35Z
[collector] snapshot #2380 2026-09-17T14:37:36Z
[collector] snapshot #2381 2026-09-17T14:37:37Z
[collector] snapshot #2382 2026-09-17T14:37:38Z
[collector] snapshot #2383 2026-09-17T14:37:39Z
[collector] snapshot #2384 2026-09-17T14:37:40Z
[collector] snapshot #2385 2026-09-17T14:37:41Z
[collector] snapshot #2386 2026-09-17T14:37:42Z
[collector] snapshot #2387 2026-09-17T14:37:43Z
[collector] snapshot #2388 2026-09-17T14:37:44Z
[collector] snapshot #2389 2026-09-17T14:37:45Z
[collector] snapshot #2390 2026-09-17T14:37:46Z
[collector] snapshot #2391 2026-09-17T14:37:47Z
[collector] snapshot #2392 2026-09-17T14:37:48Z
[collector] snapshot #2393 2026-09-17T14:37:49Z
[collector] snapshot #2394 2026-09-17T14:37:50Z
[collector] snapshot #2395 2026-09-17T14:37:51Z
[collector] snapshot #2396 2026-09-17T14:37:52Z
[collector] snapshot #2397 2026-09-17T14:37:53Z
[collector] snapshot #2398 2026-09-17T14:37:54Z
[collector] snapshot #2399 2026-09-17T14:37:55Z
[collector] snapshot #2400 2026-09-17T14:37:56Z
[collector] snapshot #2401 2026-09-17T14:37:57Z
[collector] snapshot #2402 2026-09-17T14:37:58Z
[collector] snapshot #2403 2026-09-17T14:37:59Z
[collector] snapshot #2404 2026-09-17T14:38:00Z
[collector] snapshot #2405 2026-09-17T14:38:01Z
[collector] snapshot #2406 2026-09-17T14:38:02Z
[collector] snapshot #2407 2026-09-17T14:38:03Z
[collector] snapshot #2408 2026-09-17T14:38:04Z
[collector] snapshot #2409 2026-09-17T14:38:05Z
[collector] snapshot #2410 2026-09-17T14:38:06Z
[collector] snapshot #2411 2026-09-17T14:38:07Z
[collector] snapshot #2412 2026-09-17T14:38:08Z
[collector] snapshot #2413 2026-09-17T14:38:09Z
[collector] snapshot #2414 2026-09-17T14:38:10Z
[collector] snapshot #2415 2026-09-17T14:38:11Z
[collector] snapshot #2416 2026-09-17T14:38:12Z
[collector] snapshot #2417 2026-09-17T14:38:13Z
[collector] snapshot #2418 2026-09-17T14:38:14Z
[collector] snapshot #2419 2026-09-17T14:38:15Z
[collector] snapshot #2420 2026-09-17T14:38:16Z
[collector] snapshot #2421 2026-09-17T14:38:17Z
[collector] snapshot #2422 2026-09-17T14:38:18Z
[collector] snapshot #2423 2026-09-17T14:38:19Z
[collector] snapshot #2424 2026-09-17T14:38:20Z
[collector] snapshot #2425 2026-09-17T14:38:21Z
[collector] snapshot #2426 2026-09-17T14:38:22Z
[collector] snapshot #2427 2026-09-17T14:38:23Z
[collector] snapshot #2428 2026-09-17T14:38:24Z
[collector] snapshot #2429 2026-09-17T14:38:25Z
[collector] snapshot #2430 2026-09-17T14:38:26Z
[collector] snapshot #2431 2026-09-17T14:38:27Z
[collector] snapshot #2432 2026-09-17T14:38:28Z
[collector] snapshot #2433 2026-09-17T14:38:29Z
[collector] snapshot #2434 2026-09-17T14:38:30Z
[collector] snapshot #2435 2026-09-17T14:38:31Z
[collector] snapshot #2436 2026-09-17T14:38:32Z
[collector] snapshot #2437 2026-09-17T14:38:33Z
[collector] snapshot #2438 2026-09-17T14:38:34Z
[collector] snapshot #2439 2026-09-17T14:38:35Z
[collector] snapshot #2440 2026-09-17T14:38:36Z
[collector] snapshot #2441 2026-09-17T14:38:37Z
[collector] snapshot #2442 2026-09-17T14:38:38Z
[collector] snapshot #2443 2026-09-17T14:38:39Z
[collector] snapshot #2444 2026-09-17T14:38:40Z
[collector] snapshot #2445 2026-09-17T14:38:41Z
[collector] snapshot #2446 2026-09-17T14:38:42Z
[collector] snapshot #2447 2026-09-17T14:38:43Z
[collector] snapshot #2448 2026-09-17T14:38:44Z
[collector] snapshot #2449 2026-09-17T14:38:45Z
[collector] snapshot #2450 2026-09-17T14:38:46Z
[collector] snapshot #2451 2026-09-17T14:38:47Z
[collector] snapshot #2452 2026-09-17T14:38:48Z
[collector] snapshot #2453 2026-09-17T14:38:49Z
[collector] snapshot #2454 2026-09-17T14:38:50Z
[collector] snapshot #2455 2026-09-17T14:38:51Z
[collector] snapshot #2456 2026-09-17T14:38:52Z
[collector] snapshot #2457 2026-09-17T14:38:53Z
[collector] snapshot #2458 2026-09-17T14:38:54Z
[collector] snapshot #2459 2026-09-17T14:38:55Z
[collector] snapshot #2460 2026-09-17T14:38:56Z
[collector] snapshot #2461 2026-09-17T14:38:57Z
[collector] snapshot #2462 2026-09-17T14:38:58Z
[collector] snapshot #2463 2026-09-17T14:38:59Z
[collector] snapshot #2464 2026-09-17T14:39:00Z
[collector] snapshot #2465 2026-09-17T14:39:01Z
[collector] snapshot #2466 2026-09-17T14:39:02Z
[collector] snapshot #2467 2026-09-17T14:39:03Z
[collector] snapshot #2468 2026-09-17T14:39:04Z
[collector] snapshot #2469 2026-09-17T14:39:05Z
[collector] snapshot #2470 2026-09-17T14:39:06Z
[collector] snapshot #2471 2026-09-17T14:39:07Z
[collector] snapshot #2472 2026-09-17T14:39:08Z
[collector] snapshot #2473 2026-09-17T14:39:09Z
[collector] snapshot #2474 2026-09-17T14:39:10Z
[collector] snapshot #2475 2026-09-17T14:39:11Z
[collector] snapshot #2476 2026-09-17T14:39:12Z
[collector] snapshot #2477 2026-09-17T14:39:13Z
[collector] snapshot #2478 2026-09-17T14:39:14Z
[collector] snapshot #2479 2026-09-17T14:39:15Z
[collector] snapshot #2480 2026-09-17T14:39:16Z
[collector] snapshot #2481 2026-09-17T14:39:17Z
[collector] snapshot #2482 2026-09-17T14:39:18Z
[collector] snapshot #2483 2026-09-17T14:39:19Z
[collector] snapshot #2484 2026-09-17T14:39:20Z
[collector] snapshot #2485 2026-09-17T14:39:21Z
[collector] snapshot #2486 2026-09-17T14:39:22Z
[collector] snapshot #2487 2026-09-17T14:39:23Z
[collector] snapshot #2488 2026-09-17T14:39:24Z
[collector] snapshot #2489 2026-09-17T14:39:25Z
[collector] snapshot #2490 2026-09-17T14:39:26Z
[collector] snapshot #2491 2026-09-17T14:39:27Z
[collector] snapshot #2492 2026-09-17T14:39:28Z
[collector] snapshot #2493 2026-09-17T14:39:29Z
[collector] snapshot #2494 2026-09-17T14:39:30Z
[collector] snapshot #2495 2026-09-17T14:39:31Z
[collector] snapshot #2496 2026-09-17T14:39:32Z
[collector] snapshot #2497 2026-09-17T14:39:33Z
[collector] snapshot #2498 2026-09-17T14:39:34Z
[collector] snapshot #2499 2026-09-17T14:39:35Z
[collector] snapshot #2500 2026-09-17T14:39:36Z
[collector] snapshot #2501 2026-09-17T14:39:37Z
[collector] snapshot #2502 2026-09-17T14:39:38Z
[collector] snapshot #2503 2026-09-17T14:39:39Z
[collector] snapshot #2504 2026-09-17T14:39:40Z
[collector] snapshot #2505 2026-09-17T14:39:41Z
[collector] snapshot #2506 2026-09-17T14:39:42Z
[collector] snapshot #2507 2026-09-17T14:39:43Z
[collector] snapshot #2508 2026-09-17T14:39:44Z
[collector] snapshot #2509 2026-09-17T14:39:45Z
[collector] snapshot #2510 2026-09-17T14:39:46Z
[collector] snapshot #2511 2026-09-17T14:39:47Z
[collector] snapshot #2512 2026-09-17T14:39:48Z
[collector] snapshot #2513 2026-09-17T14:39:49Z
[collector] snapshot #2514 2026-09-17T14:39:50Z
[collector] snapshot #2515 2026-09-17T14:39:51Z
[collector] snapshot #2516 2026-09-17T14:39:52Z
[collector] snapshot #2517 2026-09-17T14:39:53Z
[collector] snapshot #2518 2026-09-17T14:39:54Z
[collector] snapshot #2519 2026-09-17T14:39:55Z
[collector] snapshot #2520 2026-09-17T14:39:56Z
[collector] snapshot #2521 2026-09-17T14:39:57Z
[collector] snapshot #2522 2026-09-17T14:39:58Z
[collector] snapshot #2523 2026-09-17T14:39:59Z
[collector] snapshot #2524 2026-09-17T14:40:00Z
[collector] snapshot #2525 2026-09-17T14:40:01Z
[collector] snapshot #2526 2026-09-17T14:40:02Z
[collector] snapshot #2527 2026-09-17T14:40:03Z
[collector] snapshot #2528 2026-09-17T14:40:04Z
[collector] snapshot #2529 2026-09-17T14:40:05Z
[collector] snapshot #2530 2026-09-17T14:40:06Z
[collector] snapshot #2531 2026-09-17T14:40:07Z
[collector] snapshot #2532 2026-09-17T14:40:08Z
[collector] snapshot #2533 2026-09-17T14:40:09Z
[collector] snapshot #2534 2026-09-17T14:40:10Z
[collector] snapshot #2535 2026-09-17T14:40:11Z
[collector] snapshot #2536 2026-09-17T14:40:12Z
[collector] snapshot #2537 2026-09-17T14:40:13Z
[collector] snapshot #2538 2026-09-17T14:40:14Z
[collector] snapshot #2539 2026-09-17T14:40:15Z
[collector] snapshot #2540 2026-09-17T14:40:16Z
[collector] snapshot #2541 2026-09-17T14:40:17Z
[collector] snapshot #2542 2026-09-17T14:40:18Z
[collector] snapshot #2543 2026-09-17T14:40:19Z
[collector] snapshot #2544 2026-09-17T14:40:20Z
[collector] snapshot #2545 2026-09-17T14:40:21Z
[collector] snapshot #2546 2026-09-17T14:40:22Z
[collector] snapshot #2547 2026-09-17T14:40:23Z
[collector] snapshot #2548 2026-09-17T14:40:24Z
[collector] snapshot #2549 2026-09-17T14:40:25Z
[collector] snapshot #2550 2026-09-17T14:40:26Z
[collector] snapshot #2551 2026-09-17T14:40:27Z
[collector] snapshot #2552 2026-09-17T14:40:28Z
[collector] snapshot #2553 2026-09-17T14:40:29Z
[collector] snapshot #2554 2026-09-17T14:40:30Z
[collector] snapshot #2555 2026-09-17T14:40:31Z
[collector] snapshot #2556 2026-09-17T14:40:32Z
[collector] snapshot #2557 2026-09-17T14:40:33Z
[collector] snapshot #2558 2026-09-17T14:40:34Z
[collector] snapshot #2559 2026-09-17T14:40:35Z
[collector] snapshot #2560 2026-09-17T14:40:36Z
[collector] snapshot #2561 2026-09-17T14:40:37Z
[collector] snapshot #2562 2026-09-17T14:40:38Z
[collector] snapshot #2563 2026-09-17T14:40:39Z
[collector] snapshot #2564 2026-09-17T14:40:40Z
[collector] snapshot #2565 2026-09-17T14:40:41Z
[collector] snapshot #2566 2026-09-17T14:40:42Z
[collector] snapshot #2567 2026-09-17T14:40:43Z
[collector] snapshot #2568 2026-09-17T14:40:44Z
[collector] snapshot #2569 2026-09-17T14:40:45Z
[collector] snapshot #2570 2026-09-17T14:40:46Z
[collector] snapshot #2571 2026-09-17T14:40:47Z
[collector] snapshot #2572 2026-09-17T14:40:48Z
[collector] snapshot #2573 2026-09-17T14:40:49Z
[collector] snapshot #2574 2026-09-17T14:40:50Z
[collector] snapshot #2575 2026-09-17T14:40:51Z
[collector] snapshot #2576 2026-09-17T14:40:52Z
[collector] snapshot #2577 2026-09-17T14:40:53Z
[collector] snapshot #2578 2026-09-17T14:40:54Z
[collector] snapshot #2579 2026-09-17T14:40:55Z
[collector] snapshot #2580 2026-09-17T14:40:56Z
[collector] snapshot #2581 2026-09-17T14:40:57Z
[collector] snapshot #2582 2026-09-17T14:40:58Z
[collector] snapshot #2583 2026-09-17T14:40:59Z
[collector] snapshot #2584 2026-09-17T14:41:00Z
[collector] snapshot #2585 2026-09-17T14:41:01Z
[collector] snapshot #2586 2026-09-17T14:41:02Z
[collector] snapshot #2587 2026-09-17T14:41:03Z
[collector] snapshot #2588 2026-09-17T14:41:04Z
[collector] snapshot #2589 2026-09-17T14:41:05Z
[collector] snapshot #2590 2026-09-17T14:41:06Z
[collector] snapshot #2591 2026-09-17T14:41:07Z
[collector] snapshot #2592 2026-09-17T14:41:08Z
[collector] snapshot #2593 2026-09-17T14:41:09Z
[collector] snapshot #2594 2026-09-17T14:41:10Z
[collector] snapshot #2595 2026-09-17T14:41:11Z
[collector] snapshot #2596 2026-09-17T14:41:12Z
[collector] snapshot #2597 2026-09-17T14:41:13Z
[collector] snapshot #2598 2026-09-17T14:41:14Z
[collector] snapshot #2599 2026-09-17T14:41:15Z
[collector] snapshot #2600 2026-09-17T14:41:16Z
[collector] snapshot #2601 2026-09-17T14:41:17Z
[collector] snapshot #2602 2026-09-17T14:41:18Z
[collector] snapshot #2603 2026-09-17T14:41:19Z
[collector] snapshot #2604 2026-09-17T14:41:20Z
[collector] snapshot #2605 2026-09-17T14:41:21Z
[collector] snapshot #2606 2026-09-17T14:41:22Z
[collector] snapshot #2607 2026-09-17T14:41:23Z
[collector] snapshot #2608 2026-09-17T14:41:24Z
[collector] snapshot #2609 2026-09-17T14:41:25Z
[collector] snapshot #2610 2026-09-17T14:41:26Z
[collector] snapshot #2611 2026-09-17T14:41:27Z
[collector] snapshot #2612 2026-09-17T14:41:28Z
[collector] snapshot #2613 2026-09-17T14:41:29Z
[collector] snapshot #2614 2026-09-17T14:41:30Z
[collector] snapshot #2615 2026-09-17T14:41:31Z
[collector] snapshot #2616 2026-09-17T14:41:32Z
[collector] snapshot #2617 2026-09-17T14:41:33Z
[collector] snapshot #2618 2026-09-17T14:41:34Z
[collector] snapshot #2619 2026-09-17T14:41:35Z
[collector] snapshot #2620 2026-09-17T14:41:36Z
[collector] snapshot #2621 2026-09-17T14:41:37Z
[collector] snapshot #2622 2026-09-17T14:41:38Z
[collector] snapshot #2623 2026-09-17T14:41:39Z
[collector] snapshot #2624 2026-09-17T14:41:40Z
[collector] snapshot #2625 2026-09-17T14:41:41Z
[collector] snapshot #2626 2026-09-17T14:41:42Z
[collector] snapshot #2627 2026-09-17T14:41:43Z
[collector] snapshot #2628 2026-09-17T14:41:44Z
[collector] snapshot #2629 2026-09-17T14:41:45Z
[collector] snapshot #2630 2026-09-17T14:41:46Z
[collector] snapshot #2631 2026-09-17T14:41:47Z
[collector] snapshot #2632 2026-09-17T14:41:48Z
[collector] snapshot #2633 2026-09-17T14:41:49Z
[collector] snapshot #2634 2026-09-17T14:41:50Z
[collector] snapshot #2635 2026-09-17T14:41:51Z
[collector] snapshot #2636 2026-09-17T14:41:52Z
[collector] snapshot #2637 2026-09-17T14:41:53Z
[collector] snapshot #2638 2026-09-17T14:41:54Z
[collector] snapshot #2639 2026-09-17T14:41:55Z
[collector] snapshot #2640 2026-09-17T14:41:56Z
[collector] snapshot #2641 2026-09-17T14:41:57Z
[collector] snapshot #2642 2026-09-17T14:41:58Z
[collector] snapshot #2643 2026-09-17T14:41:59Z
[collector] snapshot #2644 2026-09-17T14:42:00Z
[collector] snapshot #2645 2026-09-17T14:42:01Z
[collector] snapshot #2646 2026-09-17T14:42:02Z
[collector] snapshot #2647 2026-09-17T14:42:03Z
[collector] snapshot #2648 2026-09-17T14:42:04Z
[collector] snapshot #2649 2026-09-17T14:42:05Z
[collector] snapshot #2650 2026-09-17T14:42:06Z
[collector] snapshot #2651 2026-09-17T14:42:07Z
[collector] snapshot #2652 2026-09-17T14:42:08Z
[collector] snapshot #2653 2026-09-17T14:42:09Z
[collector] snapshot #2654 2026-09-17T14:42:10Z
[collector] snapshot #2655 2026-09-17T14:42:11Z
[collector] snapshot #2656 2026-09-17T14:42:12Z
[collector] snapshot #2657 2026-09-17T14:42:13Z
[collector] snapshot #2658 2026-09-17T14:42:14Z
[collector] snapshot #2659 2026-09-17T14:42:15Z
[collector] snapshot #2660 2026-09-17T14:42:16Z
[collector] snapshot #2661 2026-09-17T14:42:17Z
[collector] snapshot #2662 2026-09-17T14:42:18Z
[collector] snapshot #2663 2026-09-17T14:42:19Z
[collector] snapshot #2664 2026-09-17T14:42:20Z
[collector] snapshot #2665 2026-09-17T14:42:21Z
[collector] snapshot #2666 2026-09-17T14:42:22Z
[collector] snapshot #2667 2026-09-17T14:42:23Z
[collector] snapshot #2668 2026-09-17T14:42:24Z
[collector] snapshot #2669 2026-09-17T14:42:25Z
[collector] snapshot #2670 2026-09-17T14:42:26Z
[collector] snapshot #2671 2026-09-17T14:42:27Z
[collector] snapshot #2672 2026-09-17T14:42:28Z
[collector] snapshot #2673 2026-09-17T14:42:29Z
[collector] snapshot #2674 2026-09-17T14:42:30Z
[collector] snapshot #2675 2026-09-17T14:42:31Z
[collector] snapshot #2676 2026-09-17T14:42:32Z
[collector] snapshot #2677 2026-09-17T14:42:33Z
[collector] snapshot #2678 2026-09-17T14:42:34Z
[collector] snapshot #2679 2026-09-17T14:42:35Z
[collector] snapshot #2680 2026-09-17T14:42:36Z
[collector] snapshot #2681 2026-09-17T14:42:37Z
[collector] snapshot #2682 2026-09-17T14:42:38Z
[collector] snapshot #2683 2026-09-17T14:42:39Z
[collector] snapshot #2684 2026-09-17T14:42:40Z
[collector] snapshot #2685 2026-09-17T14:42:41Z
[collector] snapshot #2686 2026-09-17T14:42:42Z
[collector] snapshot #2687 2026-09-17T14:42:43Z
[collector] snapshot #2688 2026-09-17T14:42:44Z
[collector] snapshot #2689 2026-09-17T14:42:45Z
[collector] snapshot #2690 2026-09-17T14:42:46Z
[collector] snapshot #2691 2026-09-17T14:42:47Z
[collector] snapshot #2692 2026-09-17T14:42:48Z
[collector] snapshot #2693 2026-09-17T14:42:49Z
[collector] snapshot #2694 2026-09-17T14:42:50Z
[collector] snapshot #2695 2026-09-17T14:42:51Z
[collector] snapshot #2696 2026-09-17T14:42:52Z
[collector] snapshot #2697 2026-09-17T14:42:53Z
[collector] snapshot #2698 2026-09-17T14:42:54Z
[collector] snapshot #2699 2026-09-17T14:42:55Z
[collector] snapshot #2700 2026-09-17T14:42:56Z
[collector] snapshot #2701 2026-09-17T14:42:57Z
[collector] snapshot #2702 2026-09-17T14:42:58Z
[collector] snapshot #2703 2026-09-17T14:42:59Z
[collector] snapshot #2704 2026-09-17T14:43:00Z
[collector] snapshot #2705 2026-09-17T14:43:01Z
[collector] snapshot #2706 2026-09-17T14:43:02Z
[collector] snapshot #2707 2026-09-17T14:43:03Z
[collector] snapshot #2708 2026-09-17T14:43:04Z
[collector] snapshot #2709 2026-09-17T14:43:05Z
[collector] snapshot #2710 2026-09-17T14:43:06Z
[collector] snapshot #2711 2026-09-17T14:43:07Z
[collector] snapshot #2712 2026-09-17T14:43:08Z
[collector] snapshot #2713 2026-09-17T14:43:09Z
[collector] snapshot #2714 2026-09-17T14:43:10Z
[collector] snapshot #2715 2026-09-17T14:43:11Z
[collector] snapshot #2716 2026-09-17T14:43:12Z
[collector] snapshot #2717 2026-09-17T14:43:13Z
[collector] snapshot #2718 2026-09-17T14:43:14Z
[collector] snapshot #2719 2026-09-17T14:43:15Z
[collector] snapshot #2720 2026-09-17T14:43:16Z
[collector] snapshot #2721 2026-09-17T14:43:17Z
[collector] snapshot #2722 2026-09-17T14:43:18Z
[collector] snapshot #2723 2026-09-17T14:43:19Z
[collector] snapshot #2724 2026-09-17T14:43:20Z
[collector] snapshot #2725 2026-09-17T14:43:21Z
[collector] snapshot #2726 2026-09-17T14:43:22Z
[collector] snapshot #2727 2026-09-17T14:43:23Z
[collector] snapshot #2728 2026-09-17T14:43:24Z
[collector] snapshot #2729 2026-09-17T14:43:25Z
[collector] snapshot #2730 2026-09-17T14:43:26Z
[collector] snapshot #2731 2026-09-17T14:43:27Z
[collector] snapshot #2732 2026-09-17T14:43:28Z
[collector] snapshot #2733 2026-09-17T14:43:29Z
[collector] snapshot #2734 2026-09-17T14:43:30Z
[collector] snapshot #2735 2026-09-17T14:43:31Z
[collector] snapshot #2736 2026-09-17T14:43:32Z
[collector] snapshot #2737 2026-09-17T14:43:33Z
[collector] snapshot #2738 2026-09-17T14:43:34Z
[collector] snapshot #2739 2026-09-17T14:43:35Z
[collector] snapshot #2740 2026-09-17T14:43:36Z
[collector] snapshot #2741 2026-09-17T14:43:37Z
[collector] snapshot #2742 2026-09-17T14:43:38Z
[collector] snapshot #2743 2026-09-17T14:43:39Z
[collector] snapshot #2744 2026-09-17T14:43:40Z
[collector] snapshot #2745 2026-09-17T14:43:41Z
[collector] snapshot #2746 2026-09-17T14:43:42Z
[collector] snapshot #2747 2026-09-17T14:43:43Z
[collector] snapshot #2748 2026-09-17T14:43:44Z
[collector] snapshot #2749 2026-09-17T14:43:45Z
[collector] snapshot #2750 2026-09-17T14:43:46Z
[collector] snapshot #2751 2026-09-17T14:43:47Z
[collector] snapshot #2752 2026-09-17T14:43:48Z
[collector] snapshot #2753 2026-09-17T14:43:49Z
[collector] snapshot #2754 2026-09-17T14:43:50Z
[collector] snapshot #2755 2026-09-17T14:43:51Z
[collector] snapshot #2756 2026-09-17T14:43:52Z
[collector] snapshot #2757 2026-09-17T14:43:53Z
[collector] snapshot #2758 2026-09-17T14:43:54Z
[collector] snapshot #2759 2026-09-17T14:43:55Z
[collector] snapshot #2760 2026-09-17T14:43:56Z
[collector] snapshot #2761 2026-09-17T14:43:57Z
[collector] snapshot #2762 2026-09-17T14:43:58Z
[collector] snapshot #2763 2026-09-17T14:43:59Z
[collector] snapshot #2764 2026-09-17T14:44:00Z
[collector] snapshot #2765 2026-09-17T14:44:01Z
[collector] snapshot #2766 2026-09-17T14:44:02Z
[collector] snapshot #2767 2026-09-17T14:44:03Z
[collector] snapshot #2768 2026-09-17T14:44:04Z
[collector] snapshot #2769 2026-09-17T14:44:05Z
[collector] snapshot #2770 2026-09-17T14:44:06Z
[collector] snapshot #2771 2026-09-17T14:44:07Z
[collector] snapshot #2772 2026-09-17T14:44:08Z
[collector] snapshot #2773 2026-09-17T14:44:09Z
[collector] snapshot #2774 2026-09-17T14:44:10Z
[collector] snapshot #2775 2026-09-17T14:44:11Z
[collector] snapshot #2776 2026-09-17T14:44:12Z
[collector] snapshot #2777 2026-09-17T14:44:13Z
[collector] snapshot #2778 2026-09-17T14:44:14Z
[collector] snapshot #2779 2026-09-17T14:44:15Z
[collector] snapshot #2780 2026-09-17T14:44:16Z
[collector] snapshot #2781 2026-09-17T14:44:17Z
[collector] snapshot #2782 2026-09-17T14:44:18Z
[collector] snapshot #2783 2026-09-17T14:44:19Z
[collector] snapshot #2784 2026-09-17T14:44:20Z
[collector] snapshot #2785 2026-09-17T14:44:21Z
[collector] snapshot #2786 2026-09-17T14:44:22Z
[collector] snapshot #2787 2026-09-17T14:44:23Z
[collector] snapshot #2788 2026-09-17T14:44:24Z
[collector] snapshot #2789 2026-09-17T14:44:25Z
[collector] snapshot #2790 2026-09-17T14:44:26Z
[collector] snapshot #2791 2026-09-17T14:44:27Z
[collector] snapshot #2792 2026-09-17T14:44:28Z
[collector] snapshot #2793 2026-09-17T14:44:29Z
[collector] snapshot #2794 2026-09-17T14:44:30Z
[collector] snapshot #2795 2026-09-17T14:44:31Z
[collector] snapshot #2796 2026-09-17T14:44:32Z
[collector] snapshot #2797 2026-09-17T14:44:33Z
[collector] snapshot #2798 2026-09-17T14:44:34Z
[collector] snapshot #2799 2026-09-17T14:44:35Z
[collector] snapshot #2800 2026-09-17T14:44:36Z
[collector] snapshot #2801 2026-09-17T14:44:37Z
[collector] snapshot #2802 2026-09-17T14:44:38Z
[collector] snapshot #2803 2026-09-17T14:44:39Z
[collector] snapshot #2804 2026-09-17T14:44:40Z
[collector] snapshot #2805 2026-09-17T14:44:41Z
[collector] snapshot #2806 2026-09-17T14:44:42Z
[collector] snapshot #2807 2026-09-17T14:44:43Z
[collector] snapshot #2808 2026-09-17T14:44:44Z
[collector] snapshot #2809 2026-09-17T14:44:45Z
[collector] snapshot #2810 2026-09-17T14:44:46Z
[collector] snapshot #2811 2026-09-17T14:44:47Z
[collector] snapshot #2812 2026-09-17T14:44:48Z
[collector] snapshot #2813 2026-09-17T14:44:49Z
[collector] snapshot #2814 2026-09-17T14:44:50Z
[collector] snapshot #2815 2026-09-17T14:44:51Z
[collector] snapshot #2816 2026-09-17T14:44:52Z
[collector] snapshot #2817 2026-09-17T14:44:53Z
[collector] snapshot #2818 2026-09-17T14:44:54Z
[collector] snapshot #2819 2026-09-17T14:44:55Z
[collector] snapshot #2820 2026-09-17T14:44:56Z
[collector] snapshot #2821 2026-09-17T14:44:57Z
[collector] snapshot #2822 2026-09-17T14:44:58Z
[collector] snapshot #2823 2026-09-17T14:44:59Z
[collector] snapshot #2824 2026-09-17T14:45:00Z
[collector] snapshot #2825 2026-09-17T14:45:01Z
[collector] snapshot #2826 2026-09-17T14:45:02Z
[collector] snapshot #2827 2026-09-17T14:45:03Z
[collector] snapshot #2828 2026-09-17T14:45:04Z
[collector] snapshot #2829 2026-09-17T14:45:05Z
[collector] snapshot #2830 2026-09-17T14:45:06Z
[collector] snapshot #2831 2026-09-17T14:45:07Z
[collector] snapshot #2832 2026-09-17T14:45:08Z
[collector] snapshot #2833 2026-09-17T14:45:09Z
[collector] snapshot #2834 2026-09-17T14:45:10Z
[collector] snapshot #2835 2026-09-17T14:45:11Z
[collector] snapshot #2836 2026-09-17T14:45:12Z
[collector] snapshot #2837 2026-09-17T14:45:13Z
[collector] snapshot #2838 2026-09-17T14:45:14Z
[collector] snapshot #2839 2026-09-17T14:45:15Z
[collector] snapshot #2840 2026-09-17T14:45:16Z
[collector] snapshot #2841 2026-09-17T14:45:17Z
[collector] snapshot #2842 2026-09-17T14:45:18Z
[collector] snapshot #2843 2026-09-17T14:45:19Z
[collector] snapshot #2844 2026-09-17T14:45:20Z
[collector] snapshot #2845 2026-09-17T14:45:21Z
[collector] snapshot #2846 2026-09-17T14:45:22Z
[collector] snapshot #2847 2026-09-17T14:45:23Z
[collector] snapshot #2848 2026-09-17T14:45:24Z
[collector] snapshot #2849 2026-09-17T14:45:25Z
[collector] snapshot #2850 2026-09-17T14:45:26Z
[collector] snapshot #2851 2026-09-17T14:45:27Z
[collector] snapshot #2852 2026-09-17T14:45:28Z
[collector] snapshot #2853 2026-09-17T14:45:29Z
[collector] snapshot #2854 2026-09-17T14:45:30Z
[collector] snapshot #2855 2026-09-17T14:45:31Z
[collector] snapshot #2856 2026-09-17T14:45:32Z
[collector] snapshot #2857 2026-09-17T14:45:33Z
[collector] snapshot #2858 2026-09-17T14:45:34Z
[collector] snapshot #2859 2026-09-17T14:45:35Z
[collector] snapshot #2860 2026-09-17T14:45:36Z
[collector] snapshot #2861 2026-09-17T14:45:37Z
[collector] snapshot #2862 2026-09-17T14:45:38Z
[collector] snapshot #2863 2026-09-17T14:45:39Z
[collector] snapshot #2864 2026-09-17T14:45:40Z
[collector] snapshot #2865 2026-09-17T14:45:41Z
[collector] snapshot #2866 2026-09-17T14:45:42Z
[collector] snapshot #2867 2026-09-17T14:45:43Z
[collector] snapshot #2868 2026-09-17T14:45:44Z
[collector] snapshot #2869 2026-09-17T14:45:45Z
[collector] snapshot #2870 2026-09-17T14:45:46Z
[collector] snapshot #2871 2026-09-17T14:45:47Z
[collector] snapshot #2872 2026-09-17T14:45:48Z
[collector] snapshot #2873 2026-09-17T14:45:49Z
[collector] snapshot #2874 2026-09-17T14:45:50Z
[collector] snapshot #2875 2026-09-17T14:45:51Z
[collector] snapshot #2876 2026-09-17T14:45:52Z
[collector] snapshot #2877 2026-09-17T14:45:53Z
[collector] snapshot #2878 2026-09-17T14:45:54Z
[collector] snapshot #2879 2026-09-17T14:45:55Z
[collector] snapshot #2880 2026-09-17T14:45:56Z
[collector] snapshot #2881 2026-09-17T14:45:57Z
[collector] snapshot #2882 2026-09-17T14:45:58Z
[collector] snapshot #2883 2026-09-17T14:45:59Z
[collector] snapshot #2884 2026-09-17T14:46:00Z
[collector] snapshot #2885 2026-09-17T14:46:01Z
[collector] snapshot #2886 2026-09-17T14:46:02Z
[collector] snapshot #2887 2026-09-17T14:46:03Z
[collector] snapshot #2888 2026-09-17T14:46:04Z
[collector] snapshot #2889 2026-09-17T14:46:05Z
[collector] snapshot #2890 2026-09-17T14:46:06Z
[collector] snapshot #2891 2026-09-17T14:46:07Z
[collector] snapshot #2892 2026-09-17T14:46:08Z
[collector] snapshot #2893 2026-09-17T14:46:09Z
[collector] snapshot #2894 2026-09-17T14:46:10Z
[collector] snapshot #2895 2026-09-17T14:46:11Z
[collector] snapshot #2896 2026-09-17T14:46:12Z
[collector] snapshot #2897 2026-09-17T14:46:13Z
[collector] snapshot #2898 2026-09-17T14:46:14Z
[collector] snapshot #2899 2026-09-17T14:46:15Z
[collector] snapshot #2900 2026-09-17T14:46:16Z
[collector] snapshot #2901 2026-09-17T14:46:17Z
[collector] snapshot #2902 2026-09-17T14:46:18Z
[collector] snapshot #2903 2026-09-17T14:46:19Z
[collector] snapshot #2904 2026-09-17T14:46:20Z
[collector] snapshot #2905 2026-09-17T14:46:21Z
[collector] snapshot #2906 2026-09-17T14:46:22Z
[collector] snapshot #2907 2026-09-17T14:46:23Z
[collector] snapshot #2908 2026-09-17T14:46:24Z
[collector] snapshot #2909 2026-09-17T14:46:25Z
[collector] snapshot #2910 2026-09-17T14:46:26Z
[collector] snapshot #2911 2026-09-17T14:46:27Z
[collector] snapshot #2912 2026-09-17T14:46:28Z
[collector] snapshot #2913 2026-09-17T14:46:29Z
[collector] snapshot #2914 2026-09-17T14:46:30Z
[collector] snapshot #2915 2026-09-17T14:46:31Z
[collector] snapshot #2916 2026-09-17T14:46:32Z
[collector] snapshot #2917 2026-09-17T14:46:33Z
[collector] snapshot #2918 2026-09-17T14:46:34Z
[collector] snapshot #2919 2026-09-17T14:46:35Z
[collector] snapshot #2920 2026-09-17T14:46:36Z
[collector] snapshot #2921 2026-09-17T14:46:37Z
[collector] snapshot #2922 2026-09-17T14:46:38Z
[collector] snapshot #2923 2026-09-17T14:46:39Z
[collector] snapshot #2924 2026-09-17T14:46:40Z
[collector] snapshot #2925 2026-09-17T14:46:41Z
[collector] snapshot #2926 2026-09-17T14:46:42Z
[collector] snapshot #2927 2026-09-17T14:46:43Z
[collector] snapshot #2928 2026-09-17T14:46:44Z
[collector] snapshot #2929 2026-09-17T14:46:45Z
[collector] snapshot #2930 2026-09-17T14:46:46Z
[collector] snapshot #2931 2026-09-17T14:46:47Z
[collector] snapshot #2932 2026-09-17T14:46:48Z
[collector] snapshot #2933 2026-09-17T14:46:49Z
[collector] snapshot #2934 2026-09-17T14:46:50Z
[collector] snapshot #2935 2026-09-17T14:46:51Z
[collector] snapshot #2936 2026-09-17T14:46:52Z
[collector] snapshot #2937 2026-09-17T14:46:53Z
[collector] snapshot #2938 2026-09-17T14:46:54Z
[collector] snapshot #2939 2026-09-17T14:46:55Z
[collector] snapshot #2940 2026-09-17T14:46:56Z
[collector] snapshot #2941 2026-09-17T14:46:57Z
[collector] snapshot #2942 2026-09-17T14:46:58Z
[collector] snapshot #2943 2026-09-17T14:46:59Z
[collector] snapshot #2944 2026-09-17T14:47:00Z
[collector] snapshot #2945 2026-09-17T14:47:01Z
[collector] snapshot #2946 2026-09-17T14:47:02Z
[collector] snapshot #2947 2026-09-17T14:47:03Z
[collector] snapshot #2948 2026-09-17T14:47:04Z
[collector] snapshot #2949 2026-09-17T14:47:05Z
[collector] snapshot #2950 2026-09-17T14:47:06Z
[collector] snapshot #2951 2026-09-17T14:47:07Z
[collector] snapshot #2952 2026-09-17T14:47:08Z
[collector] snapshot #2953 2026-09-17T14:47:09Z
[collector] snapshot #2954 2026-09-17T14:47:10Z
[collector] snapshot #2955 2026-09-17T14:47:11Z
[collector] snapshot #2956 2026-09-17T14:47:12Z
[collector] snapshot #2957 2026-09-17T14:47:13Z
[collector] snapshot #2958 2026-09-17T14:47:14Z
[collector] snapshot #2959 2026-09-17T14:47:15Z
[collector] snapshot #2960 2026-09-17T14:47:16Z
[collector] snapshot #2961 2026-09-17T14:47:17Z
[collector] snapshot #2962 2026-09-17T14:47:18Z
[collector] snapshot #2963 2026-09-17T14:47:19Z
[collector] snapshot #2964 2026-09-17T14:47:20Z
[collector] snapshot #2965 2026-09-17T14:47:21Z
[collector] snapshot #2966 2026-09-17T14:47:22Z
[collector] snapshot #2967 2026-09-17T14:47:23Z
[collector] snapshot #2968 2026-09-17T14:47:24Z
[collector] snapshot #2969 2026-09-17T14:47:25Z
[collector] snapshot #2970 2026-09-17T14:47:26Z
[collector] snapshot #2971 2026-09-17T14:47:27Z
[collector] snapshot #2972 2026-09-17T14:47:28Z
[collector] snapshot #2973 2026-09-17T14:47:29Z
[collector] snapshot #2974 2026-09-17T14:47:30Z
[collector] snapshot #2975 2026-09-17T14:47:31Z
[collector] snapshot #2976 2026-09-17T14:47:32Z
[collector] snapshot #2977 2026-09-17T14:47:33Z
[collector] snapshot #2978 2026-09-17T14:47:34Z
[collector] snapshot #2979 2026-09-17T14:47:35Z
[collector] snapshot #2980 2026-09-17T14:47:36Z
[collector] snapshot #2981 2026-09-17T14:47:37Z
[collector] snapshot #2982 2026-09-17T14:47:38Z
[collector] snapshot #2983 2026-09-17T14:47:39Z
[collector] snapshot #2984 2026-09-17T14:47:40Z
[collector] snapshot #2985 2026-09-17T14:47:41Z
[collector] snapshot #2986 2026-09-17T14:47:42Z
[collector] snapshot #2987 2026-09-17T14:47:43Z
[collector] snapshot #2988 2026-09-17T14:47:44Z
[collector] snapshot #2989 2026-09-17T14:47:45Z
[collector] snapshot #2990 2026-09-17T14:47:46Z
[collector] snapshot #2991 2026-09-17T14:47:47Z
[collector] snapshot #2992 2026-09-17T14:47:48Z
[collector] snapshot #2993 2026-09-17T14:47:49Z
[collector] snapshot #2994 2026-09-17T14:47:50Z
[collector] snapshot #2995 2026-09-17T14:47:51Z
[collector] snapshot #2996 2026-09-17T14:47:52Z
[collector] snapshot #2997 2026-09-17T14:47:53Z
[collector] snapshot #2998 2026-09-17T14:47:54Z
[collector] snapshot #2999 2026-09-17T14:47:55Z
[collector] snapshot #3000 2026-09-17T14:47:56Z
[collector] snapshot #3001 2026-09-17T14:47:57Z
[collector] snapshot #3002 2026-09-17T14:47:58Z
[collector] snapshot #3003 2026-09-17T14:47:59Z
[collector] snapshot #3004 2026-09-17T14:48:00Z
[collector] snapshot #3005 2026-09-17T14:48:01Z
[collector] snapshot #3006 2026-09-17T14:48:02Z
[collector] snapshot #3007 2026-09-17T14:48:03Z
[collector] snapshot #3008 2026-09-17T14:48:04Z
[collector] snapshot #3009 2026-09-17T14:48:05Z
[collector] snapshot #3010 2026-09-17T14:48:06Z
[collector] snapshot #3011 2026-09-17T14:48:07Z
[collector] snapshot #3012 2026-09-17T14:48:08Z
[collector] snapshot #3013 2026-09-17T14:48:09Z
[collector] snapshot #3014 2026-09-17T14:48:10Z
[collector] snapshot #3015 2026-09-17T14:48:11Z
[collector] snapshot #3016 2026-09-17T14:48:12Z
[collector] snapshot #3017 2026-09-17T14:48:13Z
[collector] snapshot #3018 2026-09-17T14:48:14Z
[collector] snapshot #3019 2026-09-17T14:48:15Z
[collector] snapshot #3020 2026-09-17T14:48:16Z
[collector] snapshot #3021 2026-09-17T14:48:17Z
[collector] snapshot #3022 2026-09-17T14:48:18Z
[collector] snapshot #3023 2026-09-17T14:48:19Z
[collector] snapshot #3024 2026-09-17T14:48:20Z
[collector] snapshot #3025 2026-09-17T14:48:21Z
[collector] snapshot #3026 2026-09-17T14:48:22Z
[collector] snapshot #3027 2026-09-17T14:48:23Z
[collector] snapshot #3028 2026-09-17T14:48:24Z
[collector] snapshot #3029 2026-09-17T14:48:25Z
[collector] snapshot #3030 2026-09-17T14:48:26Z
[collector] snapshot #3031 2026-09-17T14:48:27Z
[collector] snapshot #3032 2026-09-17T14:48:28Z
[collector] snapshot #3033 2026-09-17T14:48:29Z
[collector] snapshot #3034 2026-09-17T14:48:30Z
[collector] snapshot #3035 2026-09-17T14:48:31Z
[collector] snapshot #3036 2026-09-17T14:48:32Z
[collector] snapshot #3037 2026-09-17T14:48:33Z
[collector] snapshot #3038 2026-09-17T14:48:34Z
[collector] snapshot #3039 2026-09-17T14:48:35Z
[collector] snapshot #3040 2026-09-17T14:48:36Z
[collector] snapshot #3041 2026-09-17T14:48:37Z
[collector] snapshot #3042 2026-09-17T14:48:38Z
[collector] snapshot #3043 2026-09-17T14:48:39Z
[collector] snapshot #3044 2026-09-17T14:48:40Z
[collector] snapshot #3045 2026-09-17T14:48:41Z
[collector] snapshot #3046 2026-09-17T14:48:42Z
[collector] snapshot #3047 2026-09-17T14:48:43Z
[collector] snapshot #3048 2026-09-17T14:48:44Z
[collector] snapshot #3049 2026-09-17T14:48:45Z
[collector] snapshot #3050 2026-09-17T14:48:46Z
[collector] snapshot #3051 2026-09-17T14:48:47Z
[collector] snapshot #3052 2026-09-17T14:48:48Z
[collector] snapshot #3053 2026-09-17T14:48:49Z
[collector] snapshot #3054 2026-09-17T14:48:50Z
[collector] snapshot #3055 2026-09-17T14:48:51Z
[collector] snapshot #3056 2026-09-17T14:48:52Z
[collector] snapshot #3057 2026-09-17T14:48:53Z
[collector] snapshot #3058 2026-09-17T14:48:54Z
[collector] snapshot #3059 2026-09-17T14:48:55Z
[collector] snapshot #3060 2026-09-17T14:48:56Z
[collector] snapshot #3061 2026-09-17T14:48:57Z
[collector] snapshot #3062 2026-09-17T14:48:58Z
[collector] snapshot #3063 2026-09-17T14:48:59Z
[collector] snapshot #3064 2026-09-17T14:49:00Z
[collector] snapshot #3065 2026-09-17T14:49:01Z
[collector] snapshot #3066 2026-09-17T14:49:02Z
[collector] snapshot #3067 2026-09-17T14:49:03Z
[collector] snapshot #3068 2026-09-17T14:49:04Z
[collector] snapshot #3069 2026-09-17T14:49:05Z
[collector] snapshot #3070 2026-09-17T14:49:06Z
[collector] snapshot #3071 2026-09-17T14:49:07Z
[collector] snapshot #3072 2026-09-17T14:49:08Z
[collector] snapshot #3073 2026-09-17T14:49:09Z
[collector] snapshot #3074 2026-09-17T14:49:10Z
[collector] snapshot #3075 2026-09-17T14:49:11Z
[collector] snapshot #3076 2026-09-17T14:49:12Z
[collector] snapshot #3077 2026-09-17T14:49:13Z
[collector] snapshot #3078 2026-09-17T14:49:14Z
[collector] snapshot #3079 2026-09-17T14:49:15Z
[collector] snapshot #3080 2026-09-17T14:49:16Z
[collector] snapshot #3081 2026-09-17T14:49:17Z
[collector] snapshot #3082 2026-09-17T14:49:18Z
[collector] snapshot #3083 2026-09-17T14:49:19Z
[collector] snapshot #3084 2026-09-17T14:49:20Z
[collector] snapshot #3085 2026-09-17T14:49:21Z
[collector] snapshot #3086 2026-09-17T14:49:22Z
[collector] snapshot #3087 2026-09-17T14:49:23Z
[collector] snapshot #3088 2026-09-17T14:49:24Z
[collector] snapshot #3089 2026-09-17T14:49:25Z
[collector] snapshot #3090 2026-09-17T14:49:26Z
[collector] snapshot #3091 2026-09-17T14:49:27Z
[collector] snapshot #3092 2026-09-17T14:49:28Z
[collector] snapshot #3093 2026-09-17T14:49:29Z
[collector] snapshot #3094 2026-09-17T14:49:30Z
[collector] snapshot #3095 2026-09-17T14:49:31Z
[collector] snapshot #3096 2026-09-17T14:49:32Z
[collector] snapshot #3097 2026-09-17T14:49:33Z
[collector] snapshot #3098 2026-09-17T14:49:34Z
[collector] snapshot #3099 2026-09-17T14:49:35Z
[collector] snapshot #3100 2026-09-17T14:49:36Z
[collector] snapshot #3101 2026-09-17T14:49:37Z
[collector] snapshot #3102 2026-09-17T14:49:38Z
[collector] snapshot #3103 2026-09-17T14:49:39Z
[collector] snapshot #3104 2026-09-17T14:49:40Z
[collector] snapshot #3105 2026-09-17T14:49:41Z
[collector] snapshot #3106 2026-09-17T14:49:42Z
[collector] snapshot #3107 2026-09-17T14:49:43Z
[collector] snapshot #3108 2026-09-17T14:49:44Z
[collector] snapshot #3109 2026-09-17T14:49:45Z
[collector] snapshot #3110 2026-09-17T14:49:46Z
[collector] snapshot #3111 2026-09-17T14:49:47Z
[collector] snapshot #3112 2026-09-17T14:49:48Z
[collector] snapshot #3113 2026-09-17T14:49:49Z
[collector] snapshot #3114 2026-09-17T14:49:50Z
[collector] snapshot #3115 2026-09-17T14:49:51Z
[collector] snapshot #3116 2026-09-17T14:49:52Z
[collector] snapshot #3117 2026-09-17T14:49:53Z
[collector] snapshot #3118 2026-09-17T14:49:54Z
[collector] snapshot #3119 2026-09-17T14:49:55Z
[collector] snapshot #3120 2026-09-17T14:49:56Z
[collector] snapshot #3121 2026-09-17T14:49:57Z
[collector] snapshot #3122 2026-09-17T14:49:58Z
[collector] snapshot #3123 2026-09-17T14:49:59Z
[collector] snapshot #3124 2026-09-17T14:50:00Z
[collector] snapshot #3125 2026-09-17T14:50:01Z
[collector] snapshot #3126 2026-09-17T14:50:02Z
[collector] snapshot #3127 2026-09-17T14:50:03Z
[collector] snapshot #3128 2026-09-17T14:50:04Z
[collector] snapshot #3129 2026-09-17T14:50:05Z
[collector] snapshot #3130 2026-09-17T14:50:06Z
[collector] snapshot #3131 2026-09-17T14:50:07Z
[collector] snapshot #3132 2026-09-17T14:50:08Z
[collector] snapshot #3133 2026-09-17T14:50:09Z
[collector] snapshot #3134 2026-09-17T14:50:10Z
[collector] snapshot #3135 2026-09-17T14:50:11Z
[collector] snapshot #3136 2026-09-17T14:50:12Z
[collector] snapshot #3137 2026-09-17T14:50:13Z
[collector] snapshot #3138 2026-09-17T14:50:14Z
[collector] snapshot #3139 2026-09-17T14:50:15Z
[collector] snapshot #3140 2026-09-17T14:50:16Z
[collector] snapshot #3141 2026-09-17T14:50:17Z
[collector] snapshot #3142 2026-09-17T14:50:18Z
[collector] snapshot #3143 2026-09-17T14:50:19Z
[collector] snapshot #3144 2026-09-17T14:50:20Z
[collector] snapshot #3145 2026-09-17T14:50:21Z
[collector] snapshot #3146 2026-09-17T14:50:22Z
[collector] snapshot #3147 2026-09-17T14:50:23Z
[collector] snapshot #3148 2026-09-17T14:50:24Z
[collector] snapshot #3149 2026-09-17T14:50:25Z
[collector] snapshot #3150 2026-09-17T14:50:26Z
[collector] snapshot #3151 2026-09-17T14:50:27Z
[collector] snapshot #3152 2026-09-17T14:50:28Z
[collector] snapshot #3153 2026-09-17T14:50:29Z
[collector] snapshot #3154 2026-09-17T14:50:30Z
[collector] snapshot #3155 2026-09-17T14:50:31Z
[collector] snapshot #3156 2026-09-17T14:50:32Z
[collector] snapshot #3157 2026-09-17T14:50:33Z
[collector] snapshot #3158 2026-09-17T14:50:34Z
[collector] snapshot #3159 2026-09-17T14:50:35Z
[collector] snapshot #3160 2026-09-17T14:50:36Z
[collector] snapshot #3161 2026-09-17T14:50:37Z
[collector] snapshot #3162 2026-09-17T14:50:38Z
[collector] snapshot #3163 2026-09-17T14:50:39Z
[collector] snapshot #3164 2026-09-17T14:50:40Z
[collector] snapshot #3165 2026-09-17T14:50:41Z
[collector] snapshot #3166 2026-09-17T14:50:42Z
[collector] snapshot #3167 2026-09-17T14:50:43Z
[collector] snapshot #3168 2026-09-17T14:50:44Z
[collector] snapshot #3169 2026-09-17T14:50:45Z
[collector] snapshot #3170 2026-09-17T14:50:46Z
[collector] snapshot #3171 2026-09-17T14:50:47Z
[collector] snapshot #3172 2026-09-17T14:50:48Z
[collector] snapshot #3173 2026-09-17T14:50:49Z
[collector] snapshot #3174 2026-09-17T14:50:50Z
[collector] snapshot #3175 2026-09-17T14:50:51Z
[collector] snapshot #3176 2026-09-17T14:50:52Z
[collector] snapshot #3177 2026-09-17T14:50:53Z
[collector] snapshot #3178 2026-09-17T14:50:54Z
[collector] snapshot #3179 2026-09-17T14:50:55Z
[collector] snapshot #3180 2026-09-17T14:50:56Z
[collector] snapshot #3181 2026-09-17T14:50:57Z
[collector] snapshot #3182 2026-09-17T14:50:58Z
[collector] snapshot #3183 2026-09-17T14:50:59Z
[collector] snapshot #3184 2026-09-17T14:51:00Z
[collector] snapshot #3185 2026-09-17T14:51:01Z
[collector] snapshot #3186 2026-09-17T14:51:02Z
[collector] snapshot #3187 2026-09-17T14:51:03Z
[collector] snapshot #3188 2026-09-17T14:51:04Z
[collector] snapshot #3189 2026-09-17T14:51:05Z
[collector] snapshot #3190 2026-09-17T14:51:06Z
[collector] snapshot #3191 2026-09-17T14:51:07Z
[collector] snapshot #3192 2026-09-17T14:51:08Z
[collector] snapshot #3193 2026-09-17T14:51:09Z
[collector] snapshot #3194 2026-09-17T14:51:10Z
[collector] snapshot #3195 2026-09-17T14:51:11Z
[collector] snapshot #3196 2026-09-17T14:51:12Z
[collector] snapshot #3197 2026-09-17T14:51:13Z
[collector] snapshot #3198 2026-09-17T14:51:14Z
[collector] snapshot #3199 2026-09-17T14:51:15Z
[collector] snapshot #3200 2026-09-17T14:51:16Z
[collector] snapshot #3201 2026-09-17T14:51:17Z
[collector] snapshot #3202 2026-09-17T14:51:18Z
[collector] snapshot #3203 2026-09-17T14:51:19Z
[collector] snapshot #3204 2026-09-17T14:51:20Z
[collector] snapshot #3205 2026-09-17T14:51:21Z
[collector] snapshot #3206 2026-09-17T14:51:22Z
[collector] snapshot #3207 2026-09-17T14:51:23Z
[collector] snapshot #3208 2026-09-17T14:51:24Z
[collector] snapshot #3209 2026-09-17T14:51:25Z
[collector] snapshot #3210 2026-09-17T14:51:26Z
[collector] snapshot #3211 2026-09-17T14:51:27Z
[collector] snapshot #3212 2026-09-17T14:51:28Z
[collector] snapshot #3213 2026-09-17T14:51:29Z
[collector] snapshot #3214 2026-09-17T14:51:30Z
[collector] snapshot #3215 2026-09-17T14:51:31Z
[collector] snapshot #3216 2026-09-17T14:51:32Z
[collector] snapshot #3217 2026-09-17T14:51:33Z
[collector] snapshot #3218 2026-09-17T14:51:34Z
[collector] snapshot #3219 2026-09-17T14:51:35Z
[collector] snapshot #3220 2026-09-17T14:51:36Z
[collector] snapshot #3221 2026-09-17T14:51:37Z
[collector] snapshot #3222 2026-09-17T14:51:38Z
[collector] snapshot #3223 2026-09-17T14:51:39Z
[collector] snapshot #3224 2026-09-17T14:51:40Z
[collector] snapshot #3225 2026-09-17T14:51:41Z
[collector] snapshot #3226 2026-09-17T14:51:42Z
[collector] snapshot #3227 2026-09-17T14:51:43Z
[collector] snapshot #3228 2026-09-17T14:51:44Z
[collector] snapshot #3229 2026-09-17T14:51:45Z
[collector] snapshot #3230 2026-09-17T14:51:46Z
[collector] snapshot #3231 2026-09-17T14:51:47Z
[collector] snapshot #3232 2026-09-17T14:51:48Z
[collector] snapshot #3233 2026-09-17T14:51:49Z
[collector] snapshot #3234 2026-09-17T14:51:50Z
[collector] snapshot #3235 2026-09-17T14:51:51Z
[collector] snapshot #3236 2026-09-17T14:51:52Z
[collector] snapshot #3237 2026-09-17T14:51:53Z
[collector] snapshot #3238 2026-09-17T14:51:54Z
[collector] snapshot #3239 2026-09-17T14:51:55Z
[collector] snapshot #3240 2026-09-17T14:51:56Z
[collector] snapshot #3241 2026-09-17T14:51:57Z
[collector] snapshot #3242 2026-09-17T14:51:58Z
[collector] snapshot #3243 2026-09-17T14:51:59Z
[collector] snapshot #3244 2026-09-17T14:52:00Z
[collector] snapshot #3245 2026-09-17T14:52:01Z
[collector] snapshot #3246 2026-09-17T14:52:02Z
[collector] snapshot #3247 2026-09-17T14:52:03Z
[collector] snapshot #3248 2026-09-17T14:52:04Z
[collector] snapshot #3249 2026-09-17T14:52:05Z
[collector] snapshot #3250 2026-09-17T14:52:06Z
[collector] snapshot #3251 2026-09-17T14:52:07Z
[collector] snapshot #3252 2026-09-17T14:52:08Z
[collector] snapshot #3253 2026-09-17T14:52:09Z
[collector] snapshot #3254 2026-09-17T14:52:10Z
[collector] snapshot #3255 2026-09-17T14:52:11Z
[collector] snapshot #3256 2026-09-17T14:52:12Z
[collector] snapshot #3257 2026-09-17T14:52:13Z
[collector] snapshot #3258 2026-09-17T14:52:14Z
[collector] snapshot #3259 2026-09-17T14:52:15Z
[collector] snapshot #3260 2026-09-17T14:52:16Z
[collector] snapshot #3261 2026-09-17T14:52:17Z
[collector] snapshot #3262 2026-09-17T14:52:18Z
[collector] snapshot #3263 2026-09-17T14:52:19Z
[collector] snapshot #3264 2026-09-17T14:52:20Z
[collector] snapshot #3265 2026-09-17T14:52:21Z
[collector] snapshot #3266 2026-09-17T14:52:22Z
[collector] snapshot #3267 2026-09-17T14:52:23Z
[collector] snapshot #3268 2026-09-17T14:52:24Z
[collector] snapshot #3269 2026-09-17T14:52:25Z
[collector] snapshot #3270 2026-09-17T14:52:26Z
[collector] snapshot #3271 2026-09-17T14:52:27Z
[collector] snapshot #3272 2026-09-17T14:52:28Z
[collector] snapshot #3273 2026-09-17T14:52:29Z
[collector] snapshot #3274 2026-09-17T14:52:30Z
[collector] snapshot #3275 2026-09-17T14:52:31Z
[collector] snapshot #3276 2026-09-17T14:52:32Z
[collector] snapshot #3277 2026-09-17T14:52:33Z
[collector] snapshot #3278 2026-09-17T14:52:34Z
[collector] snapshot #3279 2026-09-17T14:52:35Z
[collector] snapshot #3280 2026-09-17T14:52:36Z
[collector] snapshot #3281 2026-09-17T14:52:37Z
[collector] snapshot #3282 2026-09-17T14:52:38Z
[collector] snapshot #3283 2026-09-17T14:52:39Z
[collector] snapshot #3284 2026-09-17T14:52:40Z
[collector] snapshot #3285 2026-09-17T14:52:41Z
[collector] snapshot #3286 2026-09-17T14:52:42Z
[collector] snapshot #3287 2026-09-17T14:52:43Z
[collector] snapshot #3288 2026-09-17T14:52:44Z
[collector] snapshot #3289 2026-09-17T14:52:45Z
[collector] snapshot #3290 2026-09-17T14:52:46Z
[collector] snapshot #3291 2026-09-17T14:52:47Z
[collector] snapshot #3292 2026-09-17T14:52:48Z
[collector] snapshot #3293 2026-09-17T14:52:49Z
[collector] snapshot #3294 2026-09-17T14:52:50Z
[collector] snapshot #3295 2026-09-17T14:52:51Z
[collector] snapshot #3296 2026-09-17T14:52:52Z
[collector] snapshot #3297 2026-09-17T14:52:53Z
[collector] snapshot #3298 2026-09-17T14:52:54Z
[collector] snapshot #3299 2026-09-17T14:52:55Z
[collector] snapshot #3300 2026-09-17T14:52:56Z
[collector] snapshot #3301 2026-09-17T14:52:57Z
[collector] snapshot #3302 2026-09-17T14:52:58Z
[collector] snapshot #3303 2026-09-17T14:52:59Z
[collector] snapshot #3304 2026-09-17T14:53:00Z
[collector] snapshot #3305 2026-09-17T14:53:01Z
[collector] snapshot #3306 2026-09-17T14:53:02Z
[collector] snapshot #3307 2026-09-17T14:53:03Z
[collector] snapshot #3308 2026-09-17T14:53:04Z
[collector] snapshot #3309 2026-09-17T14:53:05Z
[collector] snapshot #3310 2026-09-17T14:53:06Z
[collector] snapshot #3311 2026-09-17T14:53:07Z
[collector] snapshot #3312 2026-09-17T14:53:08Z
[collector] snapshot #3313 2026-09-17T14:53:09Z
[collector] snapshot #3314 2026-09-17T14:53:10Z
[collector] snapshot #3315 2026-09-17T14:53:11Z
[collector] snapshot #3316 2026-09-17T14:53:12Z
[collector] snapshot #3317 2026-09-17T14:53:13Z
[collector] snapshot #3318 2026-09-17T14:53:14Z
[collector] snapshot #3319 2026-09-17T14:53:15Z
[collector] snapshot #3320 2026-09-17T14:53:16Z
[collector] snapshot #3321 2026-09-17T14:53:17Z
[collector] snapshot #3322 2026-09-17T14:53:18Z
[collector] snapshot #3323 2026-09-17T14:53:19Z
[collector] snapshot #3324 2026-09-17T14:53:20Z
[collector] snapshot #3325 2026-09-17T14:53:21Z
[collector] snapshot #3326 2026-09-17T14:53:22Z
[collector] snapshot #3327 2026-09-17T14:53:23Z
[collector] snapshot #3328 2026-09-17T14:53:24Z
[collector] snapshot #3329 2026-09-17T14:53:25Z
[collector] snapshot #3330 2026-09-17T14:53:26Z
[collector] snapshot #3331 2026-09-17T14:53:27Z
[collector] snapshot #3332 2026-09-17T14:53:28Z
[collector] snapshot #3333 2026-09-17T14:53:29Z
[collector] snapshot #3334 2026-09-17T14:53:30Z
[collector] snapshot #3335 2026-09-17T14:53:31Z
[collector] snapshot #3336 2026-09-17T14:53:32Z
[collector] snapshot #3337 2026-09-17T14:53:33Z
[collector] snapshot #3338 2026-09-17T14:53:34Z
[collector] snapshot #3339 2026-09-17T14:53:35Z
[collector] snapshot #3340 2026-09-17T14:53:36Z
[collector] snapshot #3341 2026-09-17T14:53:37Z
[collector] snapshot #3342 2026-09-17T14:53:38Z
[collector] snapshot #3343 2026-09-17T14:53:39Z
[collector] snapshot #3344 2026-09-17T14:53:40Z
[collector] snapshot #3345 2026-09-17T14:53:41Z
[collector] snapshot #3346 2026-09-17T14:53:42Z
[collector] snapshot #3347 2026-09-17T14:53:43Z
[collector] snapshot #3348 2026-09-17T14:53:44Z
[collector] snapshot #3349 2026-09-17T14:53:45Z
[collector] snapshot #3350 2026-09-17T14:53:47Z
[collector] snapshot #3351 2026-09-17T14:53:48Z
[collector] snapshot #3352 2026-09-17T14:53:49Z
[collector] snapshot #3353 2026-09-17T14:53:50Z
[collector] snapshot #3354 2026-09-17T14:53:51Z
[collector] snapshot #3355 2026-09-17T14:53:52Z
[collector] snapshot #3356 2026-09-17T14:53:53Z
[collector] snapshot #3357 2026-09-17T14:53:54Z
[collector] snapshot #3358 2026-09-17T14:53:55Z
[collector] snapshot #3359 2026-09-17T14:53:56Z
[collector] snapshot #3360 2026-09-17T14:53:57Z
[collector] snapshot #3361 2026-09-17T14:53:58Z
[collector] snapshot #3362 2026-09-17T14:53:59Z
[collector] snapshot #3363 2026-09-17T14:54:00Z
[collector] snapshot #3364 2026-09-17T14:54:01Z
[collector] snapshot #3365 2026-09-17T14:54:02Z
[collector] snapshot #3366 2026-09-17T14:54:03Z
[collector] snapshot #3367 2026-09-17T14:54:04Z
[collector] snapshot #3368 2026-09-17T14:54:05Z
[collector] snapshot #3369 2026-09-17T14:54:06Z
[collector] snapshot #3370 2026-09-17T14:54:07Z
[collector] snapshot #3371 2026-09-17T14:54:08Z
[collector] snapshot #3372 2026-09-17T14:54:09Z
[collector] snapshot #3373 2026-09-17T14:54:10Z
[collector] snapshot #3374 2026-09-17T14:54:11Z
[collector] snapshot #3375 2026-09-17T14:54:12Z
[collector] snapshot #3376 2026-09-17T14:54:13Z
[collector] snapshot #3377 2026-09-17T14:54:14Z
[collector] snapshot #3378 2026-09-17T14:54:15Z
[collector] snapshot #3379 2026-09-17T14:54:16Z
[collector] snapshot #3380 2026-09-17T14:54:17Z
[collector] snapshot #3381 2026-09-17T14:54:18Z
[collector] snapshot #3382 2026-09-17T14:54:19Z
[collector] snapshot #3383 2026-09-17T14:54:20Z
[collector] snapshot #3384 2026-09-17T14:54:21Z
[collector] snapshot #3385 2026-09-17T14:54:22Z
[collector] snapshot #3386 2026-09-17T14:54:23Z
[collector] snapshot #3387 2026-09-17T14:54:24Z
[collector] snapshot #3388 2026-09-17T14:54:25Z
[collector] snapshot #3389 2026-09-17T14:54:26Z
[collector] snapshot #3390 2026-09-17T14:54:27Z
[collector] snapshot #3391 2026-09-17T14:54:28Z
[collector] snapshot #3392 2026-09-17T14:54:29Z
[collector] snapshot #3393 2026-09-17T14:54:30Z
[collector] snapshot #3394 2026-09-17T14:54:31Z
[collector] snapshot #3395 2026-09-17T14:54:32Z
[collector] snapshot #3396 2026-09-17T14:54:33Z
[collector] snapshot #3397 2026-09-17T14:54:34Z
[collector] snapshot #3398 2026-09-17T14:54:35Z
[collector] snapshot #3399 2026-09-17T14:54:36Z
[collector] snapshot #3400 2026-09-17T14:54:37Z
[collector] snapshot #3401 2026-09-17T14:54:38Z
[collector] snapshot #3402 2026-09-17T14:54:39Z
[collector] snapshot #3403 2026-09-17T14:54:40Z
[collector] snapshot #3404 2026-09-17T14:54:41Z
[collector] snapshot #3405 2026-09-17T14:54:42Z
[collector] snapshot #3406 2026-09-17T14:54:43Z
[collector] snapshot #3407 2026-09-17T14:54:44Z
[collector] snapshot #3408 2026-09-17T14:54:45Z
[collector] snapshot #3409 2026-09-17T14:54:46Z
[collector] snapshot #3410 2026-09-17T14:54:47Z
[collector] snapshot #3411 2026-09-17T14:54:48Z
[collector] snapshot #3412 2026-09-17T14:54:49Z
[collector] snapshot #3413 2026-09-17T14:54:50Z
[collector] snapshot #3414 2026-09-17T14:54:51Z
[collector] snapshot #3415 2026-09-17T14:54:52Z
[collector] snapshot #3416 2026-09-17T14:54:53Z
[collector] snapshot #3417 2026-09-17T14:54:54Z
[collector] snapshot #3418 2026-09-17T14:54:55Z
[collector] snapshot #3419 2026-09-17T14:54:56Z
[collector] snapshot #3420 2026-09-17T14:54:57Z
[collector] snapshot #3421 2026-09-17T14:54:58Z
[collector] snapshot #3422 2026-09-17T14:54:59Z
[collector] snapshot #3423 2026-09-17T14:55:00Z
[collector] snapshot #3424 2026-09-17T14:55:01Z
[collector] snapshot #3425 2026-09-17T14:55:02Z
[collector] snapshot #3426 2026-09-17T14:55:03Z
[collector] snapshot #3427 2026-09-17T14:55:04Z
[collector] snapshot #3428 2026-09-17T14:55:05Z
[collector] snapshot #3429 2026-09-17T14:55:06Z
[collector] snapshot #3430 2026-09-17T14:55:07Z
[collector] snapshot #3431 2026-09-17T14:55:08Z
[collector] snapshot #3432 2026-09-17T14:55:09Z
[collector] snapshot #3433 2026-09-17T14:55:10Z
[collector] snapshot #3434 2026-09-17T14:55:11Z
[collector] snapshot #3435 2026-09-17T14:55:12Z
[collector] snapshot #3436 2026-09-17T14:55:13Z
[collector] snapshot #3437 2026-09-17T14:55:14Z
[collector] snapshot #3438 2026-09-17T14:55:15Z
[collector] snapshot #3439 2026-09-17T14:55:16Z
[collector] snapshot #3440 2026-09-17T14:55:17Z
[collector] snapshot #3441 2026-09-17T14:55:18Z
[collector] snapshot #3442 2026-09-17T14:55:19Z
[collector] snapshot #3443 2026-09-17T14:55:20Z
[collector] snapshot #3444 2026-09-17T14:55:21Z
[collector] snapshot #3445 2026-09-17T14:55:22Z
[collector] snapshot #3446 2026-09-17T14:55:23Z
[collector] snapshot #3447 2026-09-17T14:55:24Z
[collector] snapshot #3448 2026-09-17T14:55:25Z
[collector] snapshot #3449 2026-09-17T14:55:26Z
[collector] snapshot #3450 2026-09-17T14:55:27Z
[collector] snapshot #3451 2026-09-17T14:55:28Z
[collector] snapshot #3452 2026-09-17T14:55:29Z
[collector] snapshot #3453 2026-09-17T14:55:30Z
[collector] snapshot #3454 2026-09-17T14:55:31Z
[collector] snapshot #3455 2026-09-17T14:55:32Z
[collector] snapshot #3456 2026-09-17T14:55:33Z
[collector] snapshot #3457 2026-09-17T14:55:34Z
[collector] snapshot #3458 2026-09-17T14:55:35Z
[collector] snapshot #3459 2026-09-17T14:55:36Z
[collector] snapshot #3460 2026-09-17T14:55:37Z
[collector] snapshot #3461 2026-09-17T14:55:38Z
[collector] snapshot #3462 2026-09-17T14:55:39Z
[collector] snapshot #3463 2026-09-17T14:55:40Z
[collector] snapshot #3464 2026-09-17T14:55:41Z
[collector] snapshot #3465 2026-09-17T14:55:42Z
[collector] snapshot #3466 2026-09-17T14:55:43Z
[collector] snapshot #3467 2026-09-17T14:55:44Z
[collector] snapshot #3468 2026-09-17T14:55:45Z
[collector] snapshot #3469 2026-09-17T14:55:46Z
[collector] snapshot #3470 2026-09-17T14:55:47Z
[collector] snapshot #3471 2026-09-17T14:55:48Z
[collector] snapshot #3472 2026-09-17T14:55:49Z
[collector] snapshot #3473 2026-09-17T14:55:50Z
[collector] snapshot #3474 2026-09-17T14:55:51Z
[collector] snapshot #3475 2026-09-17T14:55:52Z
[collector] snapshot #3476 2026-09-17T14:55:53Z
[collector] snapshot #3477 2026-09-17T14:55:54Z
[collector] snapshot #3478 2026-09-17T14:55:55Z
[collector] snapshot #3479 2026-09-17T14:55:56Z
[collector] snapshot #3480 2026-09-17T14:55:57Z
[collector] snapshot #3481 2026-09-17T14:55:58Z
[collector] snapshot #3482 2026-09-17T14:55:59Z
[collector] snapshot #3483 2026-09-17T14:56:00Z
[collector] snapshot #3484 2026-09-17T14:56:01Z
[collector] snapshot #3485 2026-09-17T14:56:02Z
[collector] snapshot #3486 2026-09-17T14:56:03Z
[collector] snapshot #3487 2026-09-17T14:56:04Z
[collector] snapshot #3488 2026-09-17T14:56:05Z
[collector] snapshot #3489 2026-09-17T14:56:06Z
[collector] snapshot #3490 2026-09-17T14:56:07Z
[collector] snapshot #3491 2026-09-17T14:56:08Z
[collector] snapshot #3492 2026-09-17T14:56:09Z
[collector] snapshot #3493 2026-09-17T14:56:10Z
[collector] snapshot #3494 2026-09-17T14:56:11Z
[collector] snapshot #3495 2026-09-17T14:56:12Z
[collector] snapshot #3496 2026-09-17T14:56:13Z
[collector] snapshot #3497 2026-09-17T14:56:14Z
[collector] snapshot #3498 2026-09-17T14:56:15Z
[collector] snapshot #3499 2026-09-17T14:56:16Z
[collector] snapshot #3500 2026-09-17T14:56:17Z
[collector] snapshot #3501 2026-09-17T14:56:18Z
[collector] snapshot #3502 2026-09-17T14:56:19Z
[collector] snapshot #3503 2026-09-17T14:56:20Z
[collector] snapshot #3504 2026-09-17T14:56:21Z
[collector] snapshot #3505 2026-09-17T14:56:22Z
[collector] snapshot #3506 2026-09-17T14:56:23Z
[collector] snapshot #3507 2026-09-17T14:56:24Z
[collector] snapshot #3508 2026-09-17T14:56:25Z
[collector] snapshot #3509 2026-09-17T14:56:26Z
[collector] snapshot #3510 2026-09-17T14:56:27Z
[collector] snapshot #3511 2026-09-17T14:56:28Z
[collector] snapshot #3512 2026-09-17T14:56:29Z
[collector] snapshot #3513 2026-09-17T14:56:30Z
[collector] snapshot #3514 2026-09-17T14:56:31Z
[collector] snapshot #3515 2026-09-17T14:56:32Z
[collector] snapshot #3516 2026-09-17T14:56:33Z
[collector] snapshot #3517 2026-09-17T14:56:34Z
[collector] snapshot #3518 2026-09-17T14:56:35Z
[collector] snapshot #3519 2026-09-17T14:56:36Z
[collector] snapshot #3520 2026-09-17T14:56:37Z
[collector] snapshot #3521 2026-09-17T14:56:38Z
[collector] snapshot #3522 2026-09-17T14:56:39Z
[collector] snapshot #3523 2026-09-17T14:56:40Z
[collector] snapshot #3524 2026-09-17T14:56:41Z
[collector] snapshot #3525 2026-09-17T14:56:42Z
[collector] snapshot #3526 2026-09-17T14:56:43Z
[collector] snapshot #3527 2026-09-17T14:56:44Z
[collector] snapshot #3528 2026-09-17T14:56:45Z
[collector] snapshot #3529 2026-09-17T14:56:46Z
[collector] snapshot #3530 2026-09-17T14:56:47Z
[collector] snapshot #3531 2026-09-17T14:56:48Z
[collector] snapshot #3532 2026-09-17T14:56:49Z
[collector] snapshot #3533 2026-09-17T14:56:50Z
[collector] snapshot #3534 2026-09-17T14:56:51Z
[collector] snapshot #3535 2026-09-17T14:56:52Z
[collector] snapshot #3536 2026-09-17T14:56:53Z
[collector] snapshot #3537 2026-09-17T14:56:54Z
[collector] snapshot #3538 2026-09-17T14:56:55Z
[collector] snapshot #3539 2026-09-17T14:56:56Z
[collector] snapshot #3540 2026-09-17T14:56:57Z
[collector] snapshot #3541 2026-09-17T14:56:58Z
[collector] snapshot #3542 2026-09-17T14:56:59Z
[collector] snapshot #3543 2026-09-17T14:57:00Z
[collector] snapshot #3544 2026-09-17T14:57:01Z
[collector] snapshot #3545 2026-09-17T14:57:02Z
[collector] snapshot #3546 2026-09-17T14:57:03Z
[collector] snapshot #3547 2026-09-17T14:57:04Z
[collector] snapshot #3548 2026-09-17T14:57:05Z
[collector] snapshot #3549 2026-09-17T14:57:06Z
[collector] snapshot #3550 2026-09-17T14:57:07Z
[collector] snapshot #3551 2026-09-17T14:57:08Z
[collector] snapshot #3552 2026-09-17T14:57:09Z
[collector] snapshot #3553 2026-09-17T14:57:10Z
[collector] snapshot #3554 2026-09-17T14:57:11Z
[collector] snapshot #3555 2026-09-17T14:57:12Z
[collector] snapshot #3556 2026-09-17T14:57:13Z
[collector] snapshot #3557 2026-09-17T14:57:14Z
[collector] snapshot #3558 2026-09-17T14:57:15Z
[collector] snapshot #3559 2026-09-17T14:57:16Z
[collector] snapshot #3560 2026-09-17T14:57:17Z
[collector] snapshot #3561 2026-09-17T14:57:18Z
[collector] snapshot #3562 2026-09-17T14:57:19Z
[collector] snapshot #3563 2026-09-17T14:57:20Z
[collector] snapshot #3564 2026-09-17T14:57:21Z
[collector] snapshot #3565 2026-09-17T14:57:22Z
[collector] snapshot #3566 2026-09-17T14:57:23Z
[collector] snapshot #3567 2026-09-17T14:57:24Z
[collector] snapshot #3568 2026-09-17T14:57:25Z
[collector] snapshot #3569 2026-09-17T14:57:26Z
[collector] snapshot #3570 2026-09-17T14:57:27Z
[collector] snapshot #3571 2026-09-17T14:57:28Z
[collector] snapshot #3572 2026-09-17T14:57:29Z
[collector] snapshot #3573 2026-09-17T14:57:30Z
[collector] snapshot #3574 2026-09-17T14:57:31Z
[collector] snapshot #3575 2026-09-17T14:57:32Z
[collector] snapshot #3576 2026-09-17T14:57:33Z
[collector] snapshot #3577 2026-09-17T14:57:34Z
[collector] snapshot #3578 2026-09-17T14:57:35Z
[collector] snapshot #3579 2026-09-17T14:57:36Z
[collector] snapshot #3580 2026-09-17T14:57:37Z
[collector] snapshot #3581 2026-09-17T14:57:38Z
[collector] snapshot #3582 2026-09-17T14:57:39Z
[collector] snapshot #3583 2026-09-17T14:57:40Z
[collector] snapshot #3584 2026-09-17T14:57:41Z
[collector] snapshot #3585 2026-09-17T14:57:42Z
[collector] snapshot #3586 2026-09-17T14:57:43Z
[collector] snapshot #3587 2026-09-17T14:57:44Z
[collector] snapshot #3588 2026-09-17T14:57:45Z
[collector] snapshot #3589 2026-09-17T14:57:46Z
[collector] snapshot #3590 2026-09-17T14:57:47Z
[collector] snapshot #3591 2026-09-17T14:57:48Z
[collector] snapshot #3592 2026-09-17T14:57:49Z
[collector] snapshot #3593 2026-09-17T14:57:50Z
[collector] snapshot #3594 2026-09-17T14:57:51Z
[collector] snapshot #3595 2026-09-17T14:57:52Z
[collector] snapshot #3596 2026-09-17T14:57:53Z
[collector] snapshot #3597 2026-09-17T14:57:54Z
[collector] snapshot #3598 2026-09-17T14:57:55Z
[collector] kết thúc. Đã ghi 3598 snapshot -> /home/ubuntu/dt4n-core/data/phase6r/raw/RS-soak2M-s4003-r3.jsonl.partial
[traffic] đã dừng các iperf server
[gen] FAILED gates: ['runtime_log_ok']
[gen] FAILED RS-soak2M-s4003-r3  snapshots=3598  sep=-  sha=896c1b61346f

========================================================================
[2026-09-17T14:57:57Z] RUN RO-ctl_admin_down-s1-s2-s4301-r1 exec_index=22 split=r_set
Traceback (most recent call last):
  File "/home/ubuntu/dt4n-core/scripts/generate_ml_dataset.py", line 298, in main
    status, outcome = execute_run(env, by_id[run_id], contract,
  File "/home/ubuntu/dt4n-core/scripts/generate_ml_dataset.py", line 93, in execute_run
    reset_info = env.soft_reset()           # KHÔNG truyền scenario
  File "/home/ubuntu/dt4n-core/mininet/env_runner.py", line 248, in soft_reset
    ok, waited = self._wait_steady_state()
  File "/home/ubuntu/dt4n-core/mininet/env_runner.py", line 605, in _wait_steady_state
    value = self._read_throughput_norm()
  File "/home/ubuntu/dt4n-core/mininet/env_runner.py", line 566, in _read_throughput_norm
    raise RuntimeError('Incomplete server throughput from Ditto; expected '+str([make_thing_id_host(n) for n in ('srv1','srv2')]))
RuntimeError: Incomplete server throughput from Ditto; expected ['org.dt4n.ml:host-srv1', 'org.dt4n.ml:host-srv2']
[traffic] đã dừng các iperf server
[traffic] đã dừng các iperf server
[traffic] iperf server (TCP) bật nền trên srv1
[traffic] iperf server (TCP) bật nền trên srv2
[traffic] nền srv1->srv2 UDP @2Mbps qua bottleneck s2-s3
[traffic] NORMAL: h1 -> srv1 TCP @2M per client
[traffic] NORMAL: h2 -> srv2 TCP @2M per client
[traffic] NORMAL: h3 -> srv1 TCP @2M per client
[traffic] đã dừng các iperf server
[gen] ok=21 failed=2 complete=False manifest=/home/ubuntu/dt4n-core/results/report/phase6r_rcampaign_manifest.json
[gen] namespace=org.dt4n.ml selected=25 pending=4
=== BOOTSTRAP (mode=create) ===
[1] Policy:
  ✅ policy org.dt4n.ml:default-policy (204)
[3] Things:
  ⏭️  org.dt4n.ml:host-h1 đã tồn tại, bỏ qua
  ⏭️  org.dt4n.ml:host-h2 đã tồn tại, bỏ qua
  ⏭️  org.dt4n.ml:host-h3 đã tồn tại, bỏ qua
  ⏭️  org.dt4n.ml:host-srv1 đã tồn tại, bỏ qua
  ⏭️  org.dt4n.ml:host-srv2 đã tồn tại, bỏ qua
  ⏭️  org.dt4n.ml:switch-s1 đã tồn tại, bỏ qua
  ⏭️  org.dt4n.ml:switch-s2 đã tồn tại, bỏ qua
  ⏭️  org.dt4n.ml:switch-s3 đã tồn tại, bỏ qua
  ⏭️  org.dt4n.ml:link-h1-s1 đã tồn tại, bỏ qua
  ⏭️  org.dt4n.ml:link-h2-s1 đã tồn tại, bỏ qua
  ⏭️  org.dt4n.ml:link-h3-s1 đã tồn tại, bỏ qua
  ⏭️  org.dt4n.ml:link-s1-s2 đã tồn tại, bỏ qua
  ⏭️  org.dt4n.ml:link-s1-s3 đã tồn tại, bỏ qua
  ⏭️  org.dt4n.ml:link-s2-s3 đã tồn tại, bỏ qua
  ⏭️  org.dt4n.ml:link-s2-srv1 đã tồn tại, bỏ qua
  ⏭️  org.dt4n.ml:link-s3-srv2 đã tồn tại, bỏ qua
  ⏭️  org.dt4n.ml:path-h1-srv1 đã tồn tại, bỏ qua
  ⏭️  org.dt4n.ml:controller đã tồn tại, bỏ qua
=== XONG: 0 tạo, 18 bỏ qua, tổng 18 Thing ===
[gen] SKIP RD-degrade-s1-s2-rho200-s4101-r1 (checksum and contract verified)
[gen] SKIP RN-load6M-s4012-r2 (checksum and contract verified)
[gen] SKIP RC-flood-h1_to_srv1-s4201-r1 (checksum and contract verified)
[gen] SKIP RS-soak2M-s4002-r2 (checksum and contract verified)
[gen] SKIP RC-shift-s1-s3-s4204-r1 (checksum and contract verified)
[gen] SKIP RD-degrade-s1-s2-rho050-s4105-r1 (checksum and contract verified)
[gen] SKIP RD-degrade-s1-s2-rho125-s4103-r1 (checksum and contract verified)
[gen] SKIP RD-degrade-s1-s2-rho150-s4102-r1 (checksum and contract verified)
[gen] SKIP RN-load8M-s4013-r1 (checksum and contract verified)
[gen] SKIP RD-degrade-s2-s3-rho050-s4110-r1 (checksum and contract verified)
[gen] SKIP RC-flood-h2_to_srv2-s4202-r1 (checksum and contract verified)
[gen] SKIP RD-degrade-s2-s3-rho150-s4107-r1 (checksum and contract verified)
[gen] SKIP RC-shift-s1-s2-s4203-r1 (checksum and contract verified)
[gen] SKIP RN-load10M-s4016-r2 (checksum and contract verified)
[gen] SKIP RO-ctl_admin_down-s1-s2-s4302-r2 (checksum and contract verified)
[gen] SKIP RD-degrade-s2-s3-rho125-s4108-r1 (checksum and contract verified)
[gen] SKIP RD-degrade-s1-s2-rho080-s4104-r1 (checksum and contract verified)
[gen] SKIP RD-degrade-s2-s3-rho200-s4106-r1 (checksum and contract verified)
[gen] SKIP RN-load10M-s4015-r1 (checksum and contract verified)
[gen] SKIP RN-load8M-s4014-r2 (checksum and contract verified)
[gen] SKIP RS-soak2M-s4001-r1 (checksum and contract verified)

========================================================================
[2026-09-17T15:17:35Z] RUN RS-soak2M-s4003-r3             exec_index=21 split=r_set
[traffic] đã dừng các iperf server
[traffic] đã dừng các iperf server
[traffic] iperf server (TCP) bật nền trên srv1
[traffic] iperf server (TCP) bật nền trên srv2
[traffic] nền srv1->srv2 UDP @2Mbps qua bottleneck s2-s3
[traffic] NORMAL: h1 -> srv1 TCP @2M per client
[traffic] NORMAL: h2 -> srv2 TCP @2M per client
[traffic] NORMAL: h3 -> srv1 TCP @2M per client
[traffic] đã dừng các iperf server
[traffic] iperf server (TCP) bật nền trên srv1
[traffic] iperf server (TCP) bật nền trên srv2
[traffic] nền srv1->srv2 UDP @2Mbps qua bottleneck s2-s3
[traffic] NORMAL: h1 -> srv1 TCP @2M per client
[traffic] NORMAL: h2 -> srv2 TCP @2M per client
[traffic] NORMAL: h3 -> srv1 TCP @2M per client
[gen] profile=fixed, pre-roll 5s
[collector] bắt đầu, interval=1.0s
[collector] JSONL log  -> /home/ubuntu/dt4n-core/data/phase6r/raw/RS-soak2M-s4003-r3.jsonl.partial (overwrite)
[collector] snapshot #001 2026-09-17T15:17:52Z
[collector] snapshot #002 2026-09-17T15:17:53Z
[collector] snapshot #003 2026-09-17T15:17:54Z
[collector] snapshot #004 2026-09-17T15:17:55Z
[collector] snapshot #005 2026-09-17T15:17:56Z
[collector] snapshot #006 2026-09-17T15:17:57Z
[collector] snapshot #007 2026-09-17T15:17:58Z
[collector] snapshot #008 2026-09-17T15:17:59Z
[collector] snapshot #009 2026-09-17T15:18:00Z
[collector] snapshot #010 2026-09-17T15:18:01Z
[collector] snapshot #011 2026-09-17T15:18:02Z
[collector] snapshot #012 2026-09-17T15:18:03Z
[collector] snapshot #013 2026-09-17T15:18:04Z
[collector] snapshot #014 2026-09-17T15:18:05Z
[collector] snapshot #015 2026-09-17T15:18:06Z
[collector] snapshot #016 2026-09-17T15:18:07Z
[collector] snapshot #017 2026-09-17T15:18:08Z
[collector] snapshot #018 2026-09-17T15:18:09Z
[collector] snapshot #019 2026-09-17T15:18:10Z
[collector] snapshot #020 2026-09-17T15:18:11Z
[collector] snapshot #021 2026-09-17T15:18:12Z
[collector] snapshot #022 2026-09-17T15:18:13Z
[collector] snapshot #023 2026-09-17T15:18:14Z
[collector] snapshot #024 2026-09-17T15:18:15Z
[collector] snapshot #025 2026-09-17T15:18:16Z
[collector] snapshot #026 2026-09-17T15:18:17Z
[collector] snapshot #027 2026-09-17T15:18:18Z
[collector] snapshot #028 2026-09-17T15:18:19Z
[collector] snapshot #029 2026-09-17T15:18:20Z
[collector] snapshot #030 2026-09-17T15:18:21Z
[collector] snapshot #031 2026-09-17T15:18:22Z
[collector] snapshot #032 2026-09-17T15:18:23Z
[collector] snapshot #033 2026-09-17T15:18:24Z
[collector] snapshot #034 2026-09-17T15:18:25Z
[collector] snapshot #035 2026-09-17T15:18:26Z
[collector] snapshot #036 2026-09-17T15:18:27Z
[collector] snapshot #037 2026-09-17T15:18:28Z
[collector] snapshot #038 2026-09-17T15:18:29Z
[collector] snapshot #039 2026-09-17T15:18:30Z
[collector] snapshot #040 2026-09-17T15:18:31Z
[collector] snapshot #041 2026-09-17T15:18:32Z
[collector] snapshot #042 2026-09-17T15:18:33Z
[collector] snapshot #043 2026-09-17T15:18:34Z
[collector] snapshot #044 2026-09-17T15:18:35Z
[collector] snapshot #045 2026-09-17T15:18:36Z
[collector] snapshot #046 2026-09-17T15:18:37Z
[collector] snapshot #047 2026-09-17T15:18:38Z
[collector] snapshot #048 2026-09-17T15:18:39Z
[collector] snapshot #049 2026-09-17T15:18:40Z
[collector] snapshot #050 2026-09-17T15:18:41Z
[collector] snapshot #051 2026-09-17T15:18:42Z
[collector] snapshot #052 2026-09-17T15:18:43Z
[collector] snapshot #053 2026-09-17T15:18:44Z
[collector] snapshot #054 2026-09-17T15:18:45Z
[collector] snapshot #055 2026-09-17T15:18:46Z
[collector] snapshot #056 2026-09-17T15:18:47Z
[collector] snapshot #057 2026-09-17T15:18:48Z
[collector] snapshot #058 2026-09-17T15:18:49Z
[collector] snapshot #059 2026-09-17T15:18:50Z
[collector] snapshot #060 2026-09-17T15:18:51Z
[collector] snapshot #061 2026-09-17T15:18:52Z
[collector] snapshot #062 2026-09-17T15:18:53Z
[collector] snapshot #063 2026-09-17T15:18:54Z
[collector] snapshot #064 2026-09-17T15:18:55Z
[collector] snapshot #065 2026-09-17T15:18:56Z
[collector] snapshot #066 2026-09-17T15:18:57Z
[collector] snapshot #067 2026-09-17T15:18:58Z
[collector] snapshot #068 2026-09-17T15:18:59Z
[collector] snapshot #069 2026-09-17T15:19:00Z
[collector] snapshot #070 2026-09-17T15:19:01Z
[collector] snapshot #071 2026-09-17T15:19:02Z
[collector] snapshot #072 2026-09-17T15:19:03Z
[collector] snapshot #073 2026-09-17T15:19:04Z
[collector] snapshot #074 2026-09-17T15:19:05Z
[collector] snapshot #075 2026-09-17T15:19:06Z
[collector] snapshot #076 2026-09-17T15:19:07Z
[collector] snapshot #077 2026-09-17T15:19:08Z
[collector] snapshot #078 2026-09-17T15:19:09Z
[collector] snapshot #079 2026-09-17T15:19:10Z
[collector] snapshot #080 2026-09-17T15:19:11Z
[collector] snapshot #081 2026-09-17T15:19:12Z
[collector] snapshot #082 2026-09-17T15:19:13Z
[collector] snapshot #083 2026-09-17T15:19:14Z
[collector] snapshot #084 2026-09-17T15:19:15Z
[collector] snapshot #085 2026-09-17T15:19:16Z
[collector] snapshot #086 2026-09-17T15:19:17Z
[collector] snapshot #087 2026-09-17T15:19:18Z
[collector] snapshot #088 2026-09-17T15:19:19Z
[collector] snapshot #089 2026-09-17T15:19:20Z
[collector] snapshot #090 2026-09-17T15:19:21Z
[collector] snapshot #091 2026-09-17T15:19:22Z
[collector] snapshot #092 2026-09-17T15:19:23Z
[collector] snapshot #093 2026-09-17T15:19:24Z
[collector] snapshot #094 2026-09-17T15:19:25Z
[collector] snapshot #095 2026-09-17T15:19:26Z
[collector] snapshot #096 2026-09-17T15:19:27Z
[collector] snapshot #097 2026-09-17T15:19:28Z
[collector] snapshot #098 2026-09-17T15:19:29Z
[collector] snapshot #099 2026-09-17T15:19:30Z
[collector] snapshot #100 2026-09-17T15:19:31Z
[collector] snapshot #101 2026-09-17T15:19:32Z
[collector] snapshot #102 2026-09-17T15:19:33Z
[collector] snapshot #103 2026-09-17T15:19:34Z
[collector] snapshot #104 2026-09-17T15:19:35Z
[collector] snapshot #105 2026-09-17T15:19:36Z
[collector] snapshot #106 2026-09-17T15:19:37Z
[collector] snapshot #107 2026-09-17T15:19:38Z
[collector] snapshot #108 2026-09-17T15:19:39Z
[collector] snapshot #109 2026-09-17T15:19:40Z
[collector] snapshot #110 2026-09-17T15:19:41Z
[collector] snapshot #111 2026-09-17T15:19:42Z
[collector] snapshot #112 2026-09-17T15:19:43Z
[collector] snapshot #113 2026-09-17T15:19:44Z
[collector] snapshot #114 2026-09-17T15:19:45Z
[collector] snapshot #115 2026-09-17T15:19:46Z
[collector] snapshot #116 2026-09-17T15:19:47Z
[collector] snapshot #117 2026-09-17T15:19:48Z
[collector] snapshot #118 2026-09-17T15:19:49Z
[collector] snapshot #119 2026-09-17T15:19:50Z
[collector] snapshot #120 2026-09-17T15:19:51Z
[collector] snapshot #121 2026-09-17T15:19:52Z
[collector] snapshot #122 2026-09-17T15:19:53Z
[collector] snapshot #123 2026-09-17T15:19:54Z
[collector] snapshot #124 2026-09-17T15:19:55Z
[collector] snapshot #125 2026-09-17T15:19:56Z
[collector] snapshot #126 2026-09-17T15:19:57Z
[collector] snapshot #127 2026-09-17T15:19:58Z
[collector] snapshot #128 2026-09-17T15:19:59Z
[collector] snapshot #129 2026-09-17T15:20:00Z
[collector] snapshot #130 2026-09-17T15:20:01Z
[collector] snapshot #131 2026-09-17T15:20:02Z
[collector] snapshot #132 2026-09-17T15:20:03Z
[collector] snapshot #133 2026-09-17T15:20:04Z
[collector] snapshot #134 2026-09-17T15:20:05Z
[collector] snapshot #135 2026-09-17T15:20:06Z
[collector] snapshot #136 2026-09-17T15:20:07Z
[collector] snapshot #137 2026-09-17T15:20:08Z
[collector] snapshot #138 2026-09-17T15:20:09Z
[collector] snapshot #139 2026-09-17T15:20:10Z
[collector] snapshot #140 2026-09-17T15:20:11Z
[collector] snapshot #141 2026-09-17T15:20:12Z
[collector] snapshot #142 2026-09-17T15:20:13Z
[collector] snapshot #143 2026-09-17T15:20:14Z
[collector] snapshot #144 2026-09-17T15:20:15Z
[collector] snapshot #145 2026-09-17T15:20:16Z
[collector] snapshot #146 2026-09-17T15:20:17Z
[collector] snapshot #147 2026-09-17T15:20:18Z
[collector] snapshot #148 2026-09-17T15:20:19Z
[collector] snapshot #149 2026-09-17T15:20:20Z
[collector] snapshot #150 2026-09-17T15:20:21Z
[collector] snapshot #151 2026-09-17T15:20:22Z
[collector] snapshot #152 2026-09-17T15:20:23Z
[collector] snapshot #153 2026-09-17T15:20:24Z
[collector] snapshot #154 2026-09-17T15:20:25Z
[collector] snapshot #155 2026-09-17T15:20:26Z
[collector] snapshot #156 2026-09-17T15:20:27Z
[collector] snapshot #157 2026-09-17T15:20:28Z
[collector] snapshot #158 2026-09-17T15:20:29Z
[collector] snapshot #159 2026-09-17T15:20:30Z
[collector] snapshot #160 2026-09-17T15:20:31Z
[collector] snapshot #161 2026-09-17T15:20:32Z
[collector] snapshot #162 2026-09-17T15:20:33Z
[collector] snapshot #163 2026-09-17T15:20:34Z
[collector] snapshot #164 2026-09-17T15:20:35Z
[collector] snapshot #165 2026-09-17T15:20:36Z
[collector] snapshot #166 2026-09-17T15:20:37Z
[collector] snapshot #167 2026-09-17T15:20:38Z
[collector] snapshot #168 2026-09-17T15:20:39Z
[collector] snapshot #169 2026-09-17T15:20:40Z
[collector] snapshot #170 2026-09-17T15:20:41Z
[collector] snapshot #171 2026-09-17T15:20:42Z
[collector] snapshot #172 2026-09-17T15:20:43Z
[collector] snapshot #173 2026-09-17T15:20:44Z
[collector] snapshot #174 2026-09-17T15:20:45Z
[collector] snapshot #175 2026-09-17T15:20:46Z
[collector] snapshot #176 2026-09-17T15:20:47Z
[collector] snapshot #177 2026-09-17T15:20:48Z
[collector] snapshot #178 2026-09-17T15:20:49Z
[collector] snapshot #179 2026-09-17T15:20:50Z
[collector] snapshot #180 2026-09-17T15:20:51Z
[collector] snapshot #181 2026-09-17T15:20:52Z
[collector] snapshot #182 2026-09-17T15:20:53Z
[collector] snapshot #183 2026-09-17T15:20:54Z
[collector] snapshot #184 2026-09-17T15:20:55Z
[collector] snapshot #185 2026-09-17T15:20:56Z
[collector] snapshot #186 2026-09-17T15:20:57Z
[collector] snapshot #187 2026-09-17T15:20:58Z
[collector] snapshot #188 2026-09-17T15:20:59Z
[collector] snapshot #189 2026-09-17T15:21:00Z
[collector] snapshot #190 2026-09-17T15:21:01Z
[collector] snapshot #191 2026-09-17T15:21:02Z
[collector] snapshot #192 2026-09-17T15:21:03Z
[collector] snapshot #193 2026-09-17T15:21:04Z
[collector] snapshot #194 2026-09-17T15:21:05Z
[collector] snapshot #195 2026-09-17T15:21:06Z
[collector] snapshot #196 2026-09-17T15:21:07Z
[collector] snapshot #197 2026-09-17T15:21:08Z
[collector] snapshot #198 2026-09-17T15:21:09Z
[collector] snapshot #199 2026-09-17T15:21:10Z
[collector] snapshot #200 2026-09-17T15:21:11Z
[collector] snapshot #201 2026-09-17T15:21:12Z
[collector] snapshot #202 2026-09-17T15:21:13Z
[collector] snapshot #203 2026-09-17T15:21:14Z
[collector] snapshot #204 2026-09-17T15:21:15Z
[collector] snapshot #205 2026-09-17T15:21:16Z
[collector] snapshot #206 2026-09-17T15:21:17Z
[collector] snapshot #207 2026-09-17T15:21:18Z
[collector] snapshot #208 2026-09-17T15:21:19Z
[collector] snapshot #209 2026-09-17T15:21:20Z
[collector] snapshot #210 2026-09-17T15:21:21Z
[collector] snapshot #211 2026-09-17T15:21:22Z
[collector] snapshot #212 2026-09-17T15:21:23Z
[collector] snapshot #213 2026-09-17T15:21:24Z
[collector] snapshot #214 2026-09-17T15:21:25Z
[collector] snapshot #215 2026-09-17T15:21:26Z
[collector] snapshot #216 2026-09-17T15:21:27Z
[collector] snapshot #217 2026-09-17T15:21:28Z
[collector] snapshot #218 2026-09-17T15:21:29Z
[collector] snapshot #219 2026-09-17T15:21:30Z
[collector] snapshot #220 2026-09-17T15:21:31Z
[collector] snapshot #221 2026-09-17T15:21:32Z
[collector] snapshot #222 2026-09-17T15:21:33Z
[collector] snapshot #223 2026-09-17T15:21:34Z
[collector] snapshot #224 2026-09-17T15:21:35Z
[collector] snapshot #225 2026-09-17T15:21:36Z
[collector] snapshot #226 2026-09-17T15:21:37Z
[collector] snapshot #227 2026-09-17T15:21:38Z
[collector] snapshot #228 2026-09-17T15:21:39Z
[collector] snapshot #229 2026-09-17T15:21:40Z
[collector] snapshot #230 2026-09-17T15:21:41Z
[collector] snapshot #231 2026-09-17T15:21:42Z
[collector] snapshot #232 2026-09-17T15:21:43Z
[collector] snapshot #233 2026-09-17T15:21:44Z
[collector] snapshot #234 2026-09-17T15:21:45Z
[collector] snapshot #235 2026-09-17T15:21:46Z
[collector] snapshot #236 2026-09-17T15:21:47Z
[collector] snapshot #237 2026-09-17T15:21:48Z
[collector] snapshot #238 2026-09-17T15:21:49Z
[collector] snapshot #239 2026-09-17T15:21:50Z
[collector] snapshot #240 2026-09-17T15:21:51Z
[collector] snapshot #241 2026-09-17T15:21:52Z
[collector] snapshot #242 2026-09-17T15:21:53Z
[collector] snapshot #243 2026-09-17T15:21:54Z
[collector] snapshot #244 2026-09-17T15:21:55Z
[collector] snapshot #245 2026-09-17T15:21:56Z
[collector] snapshot #246 2026-09-17T15:21:57Z
[collector] snapshot #247 2026-09-17T15:21:58Z
[collector] snapshot #248 2026-09-17T15:21:59Z
[collector] snapshot #249 2026-09-17T15:22:00Z
[collector] snapshot #250 2026-09-17T15:22:01Z
[collector] snapshot #251 2026-09-17T15:22:02Z
[collector] snapshot #252 2026-09-17T15:22:03Z
[collector] snapshot #253 2026-09-17T15:22:04Z
[collector] snapshot #254 2026-09-17T15:22:05Z
[collector] snapshot #255 2026-09-17T15:22:06Z
[collector] snapshot #256 2026-09-17T15:22:07Z
[collector] snapshot #257 2026-09-17T15:22:08Z
[collector] snapshot #258 2026-09-17T15:22:09Z
[collector] snapshot #259 2026-09-17T15:22:10Z
[collector] snapshot #260 2026-09-17T15:22:11Z
[collector] snapshot #261 2026-09-17T15:22:12Z
[collector] snapshot #262 2026-09-17T15:22:13Z
[collector] snapshot #263 2026-09-17T15:22:14Z
[collector] snapshot #264 2026-09-17T15:22:15Z
[collector] snapshot #265 2026-09-17T15:22:16Z
[collector] snapshot #266 2026-09-17T15:22:17Z
[collector] snapshot #267 2026-09-17T15:22:18Z
[collector] snapshot #268 2026-09-17T15:22:19Z
[collector] snapshot #269 2026-09-17T15:22:20Z
[collector] snapshot #270 2026-09-17T15:22:21Z
[collector] snapshot #271 2026-09-17T15:22:22Z
[collector] snapshot #272 2026-09-17T15:22:23Z
[collector] snapshot #273 2026-09-17T15:22:24Z
[collector] snapshot #274 2026-09-17T15:22:25Z
[collector] snapshot #275 2026-09-17T15:22:26Z
[collector] snapshot #276 2026-09-17T15:22:27Z
[collector] snapshot #277 2026-09-17T15:22:28Z
[collector] snapshot #278 2026-09-17T15:22:29Z
[collector] snapshot #279 2026-09-17T15:22:30Z
[collector] snapshot #280 2026-09-17T15:22:31Z
[collector] snapshot #281 2026-09-17T15:22:32Z
[collector] snapshot #282 2026-09-17T15:22:33Z
[collector] snapshot #283 2026-09-17T15:22:34Z
[collector] snapshot #284 2026-09-17T15:22:35Z
[collector] snapshot #285 2026-09-17T15:22:36Z
[collector] snapshot #286 2026-09-17T15:22:37Z
[collector] snapshot #287 2026-09-17T15:22:38Z
[collector] snapshot #288 2026-09-17T15:22:39Z
[collector] snapshot #289 2026-09-17T15:22:40Z
[collector] snapshot #290 2026-09-17T15:22:41Z
[collector] snapshot #291 2026-09-17T15:22:42Z
[collector] snapshot #292 2026-09-17T15:22:43Z
[collector] snapshot #293 2026-09-17T15:22:44Z
[collector] snapshot #294 2026-09-17T15:22:45Z
[collector] snapshot #295 2026-09-17T15:22:46Z
[collector] snapshot #296 2026-09-17T15:22:47Z
[collector] snapshot #297 2026-09-17T15:22:48Z
[collector] snapshot #298 2026-09-17T15:22:49Z
[collector] snapshot #299 2026-09-17T15:22:50Z
[collector] snapshot #300 2026-09-17T15:22:51Z
[collector] snapshot #301 2026-09-17T15:22:52Z
[collector] snapshot #302 2026-09-17T15:22:53Z
[collector] snapshot #303 2026-09-17T15:22:54Z
[collector] snapshot #304 2026-09-17T15:22:55Z
[collector] snapshot #305 2026-09-17T15:22:56Z
[collector] snapshot #306 2026-09-17T15:22:57Z
[collector] snapshot #307 2026-09-17T15:22:58Z
[collector] snapshot #308 2026-09-17T15:22:59Z
[collector] snapshot #309 2026-09-17T15:23:00Z
[collector] snapshot #310 2026-09-17T15:23:01Z
[collector] snapshot #311 2026-09-17T15:23:02Z
[collector] snapshot #312 2026-09-17T15:23:03Z
[collector] snapshot #313 2026-09-17T15:23:04Z
[collector] snapshot #314 2026-09-17T15:23:05Z
[collector] snapshot #315 2026-09-17T15:23:06Z
[collector] snapshot #316 2026-09-17T15:23:07Z
[collector] snapshot #317 2026-09-17T15:23:08Z
[collector] snapshot #318 2026-09-17T15:23:09Z
[collector] snapshot #319 2026-09-17T15:23:10Z
[collector] snapshot #320 2026-09-17T15:23:11Z
[collector] snapshot #321 2026-09-17T15:23:12Z
[collector] snapshot #322 2026-09-17T15:23:13Z
[collector] snapshot #323 2026-09-17T15:23:14Z
[collector] snapshot #324 2026-09-17T15:23:15Z
[collector] snapshot #325 2026-09-17T15:23:16Z
[collector] snapshot #326 2026-09-17T15:23:17Z
[collector] snapshot #327 2026-09-17T15:23:18Z
[collector] snapshot #328 2026-09-17T15:23:19Z
[collector] snapshot #329 2026-09-17T15:23:20Z
[collector] snapshot #330 2026-09-17T15:23:21Z
[collector] snapshot #331 2026-09-17T15:23:22Z
[collector] snapshot #332 2026-09-17T15:23:23Z
[collector] snapshot #333 2026-09-17T15:23:24Z
[collector] snapshot #334 2026-09-17T15:23:25Z
[collector] snapshot #335 2026-09-17T15:23:26Z
[collector] snapshot #336 2026-09-17T15:23:27Z
[collector] snapshot #337 2026-09-17T15:23:28Z
[collector] snapshot #338 2026-09-17T15:23:29Z
[collector] snapshot #339 2026-09-17T15:23:30Z
[collector] snapshot #340 2026-09-17T15:23:31Z
[collector] snapshot #341 2026-09-17T15:23:32Z
[collector] snapshot #342 2026-09-17T15:23:33Z
[collector] snapshot #343 2026-09-17T15:23:34Z
[collector] snapshot #344 2026-09-17T15:23:35Z
[collector] snapshot #345 2026-09-17T15:23:36Z
[collector] snapshot #346 2026-09-17T15:23:37Z
[collector] snapshot #347 2026-09-17T15:23:38Z
[collector] snapshot #348 2026-09-17T15:23:39Z
[collector] snapshot #349 2026-09-17T15:23:40Z
[collector] snapshot #350 2026-09-17T15:23:41Z
[collector] snapshot #351 2026-09-17T15:23:42Z
[collector] snapshot #352 2026-09-17T15:23:43Z
[collector] snapshot #353 2026-09-17T15:23:44Z
[collector] snapshot #354 2026-09-17T15:23:45Z
[collector] snapshot #355 2026-09-17T15:23:46Z
[collector] snapshot #356 2026-09-17T15:23:47Z
[collector] snapshot #357 2026-09-17T15:23:48Z
[collector] snapshot #358 2026-09-17T15:23:49Z
[collector] snapshot #359 2026-09-17T15:23:50Z
[collector] snapshot #360 2026-09-17T15:23:51Z
[collector] snapshot #361 2026-09-17T15:23:52Z
[collector] snapshot #362 2026-09-17T15:23:53Z
[collector] snapshot #363 2026-09-17T15:23:54Z
[collector] snapshot #364 2026-09-17T15:23:55Z
[collector] snapshot #365 2026-09-17T15:23:56Z
[collector] snapshot #366 2026-09-17T15:23:57Z
[collector] snapshot #367 2026-09-17T15:23:58Z
[collector] snapshot #368 2026-09-17T15:23:59Z
[collector] snapshot #369 2026-09-17T15:24:00Z
[collector] snapshot #370 2026-09-17T15:24:01Z
[collector] snapshot #371 2026-09-17T15:24:02Z
[collector] snapshot #372 2026-09-17T15:24:03Z
[collector] snapshot #373 2026-09-17T15:24:04Z
[collector] snapshot #374 2026-09-17T15:24:05Z
[collector] snapshot #375 2026-09-17T15:24:06Z
[collector] snapshot #376 2026-09-17T15:24:07Z
[collector] snapshot #377 2026-09-17T15:24:08Z
[collector] snapshot #378 2026-09-17T15:24:09Z
[collector] snapshot #379 2026-09-17T15:24:10Z
[collector] snapshot #380 2026-09-17T15:24:11Z
[collector] snapshot #381 2026-09-17T15:24:12Z
[collector] snapshot #382 2026-09-17T15:24:13Z
[collector] snapshot #383 2026-09-17T15:24:14Z
[collector] snapshot #384 2026-09-17T15:24:15Z
[collector] snapshot #385 2026-09-17T15:24:16Z
[collector] snapshot #386 2026-09-17T15:24:17Z
[collector] snapshot #387 2026-09-17T15:24:18Z
[collector] snapshot #388 2026-09-17T15:24:19Z
[collector] snapshot #389 2026-09-17T15:24:20Z
[collector] snapshot #390 2026-09-17T15:24:21Z
[collector] snapshot #391 2026-09-17T15:24:22Z
[collector] snapshot #392 2026-09-17T15:24:23Z
[collector] snapshot #393 2026-09-17T15:24:24Z
[collector] snapshot #394 2026-09-17T15:24:25Z
[collector] snapshot #395 2026-09-17T15:24:26Z
[collector] snapshot #396 2026-09-17T15:24:27Z
[collector] snapshot #397 2026-09-17T15:24:28Z
[collector] snapshot #398 2026-09-17T15:24:29Z
[collector] snapshot #399 2026-09-17T15:24:30Z
[collector] snapshot #400 2026-09-17T15:24:31Z
[collector] snapshot #401 2026-09-17T15:24:32Z
[collector] snapshot #402 2026-09-17T15:24:33Z
[collector] snapshot #403 2026-09-17T15:24:34Z
[collector] snapshot #404 2026-09-17T15:24:35Z
[collector] snapshot #405 2026-09-17T15:24:36Z
[collector] snapshot #406 2026-09-17T15:24:37Z
[collector] snapshot #407 2026-09-17T15:24:38Z
[collector] snapshot #408 2026-09-17T15:24:39Z
[collector] snapshot #409 2026-09-17T15:24:40Z
[collector] snapshot #410 2026-09-17T15:24:41Z
[collector] snapshot #411 2026-09-17T15:24:42Z
[collector] snapshot #412 2026-09-17T15:24:43Z
[collector] snapshot #413 2026-09-17T15:24:44Z
[collector] snapshot #414 2026-09-17T15:24:45Z
[collector] snapshot #415 2026-09-17T15:24:46Z
[collector] snapshot #416 2026-09-17T15:24:47Z
[collector] snapshot #417 2026-09-17T15:24:48Z
[collector] snapshot #418 2026-09-17T15:24:49Z
[collector] snapshot #419 2026-09-17T15:24:50Z
[collector] snapshot #420 2026-09-17T15:24:51Z
[collector] snapshot #421 2026-09-17T15:24:52Z
[collector] snapshot #422 2026-09-17T15:24:53Z
[collector] snapshot #423 2026-09-17T15:24:54Z
[collector] snapshot #424 2026-09-17T15:24:55Z
[collector] snapshot #425 2026-09-17T15:24:56Z
[collector] snapshot #426 2026-09-17T15:24:57Z
[collector] snapshot #427 2026-09-17T15:24:58Z
[collector] snapshot #428 2026-09-17T15:24:59Z
[collector] snapshot #429 2026-09-17T15:25:00Z
[collector] snapshot #430 2026-09-17T15:25:01Z
[collector] snapshot #431 2026-09-17T15:25:02Z
[collector] snapshot #432 2026-09-17T15:25:03Z
[collector] snapshot #433 2026-09-17T15:25:04Z
[collector] snapshot #434 2026-09-17T15:25:05Z
[collector] snapshot #435 2026-09-17T15:25:06Z
[collector] snapshot #436 2026-09-17T15:25:07Z
[collector] snapshot #437 2026-09-17T15:25:08Z
[collector] snapshot #438 2026-09-17T15:25:09Z
[collector] snapshot #439 2026-09-17T15:25:10Z
[collector] snapshot #440 2026-09-17T15:25:11Z
[collector] snapshot #441 2026-09-17T15:25:12Z
[collector] snapshot #442 2026-09-17T15:25:13Z
[collector] snapshot #443 2026-09-17T15:25:14Z
[collector] snapshot #444 2026-09-17T15:25:15Z
[collector] snapshot #445 2026-09-17T15:25:16Z
[collector] snapshot #446 2026-09-17T15:25:17Z
[collector] snapshot #447 2026-09-17T15:25:18Z
[collector] snapshot #448 2026-09-17T15:25:19Z
[collector] snapshot #449 2026-09-17T15:25:20Z
[collector] snapshot #450 2026-09-17T15:25:21Z
[collector] snapshot #451 2026-09-17T15:25:22Z
[collector] snapshot #452 2026-09-17T15:25:23Z
[collector] snapshot #453 2026-09-17T15:25:24Z
[collector] snapshot #454 2026-09-17T15:25:25Z
[collector] snapshot #455 2026-09-17T15:25:26Z
[collector] snapshot #456 2026-09-17T15:25:27Z
[collector] snapshot #457 2026-09-17T15:25:28Z
[collector] snapshot #458 2026-09-17T15:25:29Z
[collector] snapshot #459 2026-09-17T15:25:30Z
[collector] snapshot #460 2026-09-17T15:25:31Z
[collector] snapshot #461 2026-09-17T15:25:32Z
[collector] snapshot #462 2026-09-17T15:25:33Z
[collector] snapshot #463 2026-09-17T15:25:34Z
[collector] snapshot #464 2026-09-17T15:25:35Z
[collector] snapshot #465 2026-09-17T15:25:36Z
[collector] snapshot #466 2026-09-17T15:25:37Z
[collector] snapshot #467 2026-09-17T15:25:38Z
[collector] snapshot #468 2026-09-17T15:25:39Z
[collector] snapshot #469 2026-09-17T15:25:40Z
[collector] snapshot #470 2026-09-17T15:25:41Z
[collector] snapshot #471 2026-09-17T15:25:42Z
[collector] snapshot #472 2026-09-17T15:25:43Z
[collector] snapshot #473 2026-09-17T15:25:44Z
[collector] snapshot #474 2026-09-17T15:25:45Z
[collector] snapshot #475 2026-09-17T15:25:46Z
[collector] snapshot #476 2026-09-17T15:25:47Z
[collector] snapshot #477 2026-09-17T15:25:48Z
[collector] snapshot #478 2026-09-17T15:25:49Z
[collector] snapshot #479 2026-09-17T15:25:50Z
[collector] snapshot #480 2026-09-17T15:25:51Z
[collector] snapshot #481 2026-09-17T15:25:52Z
[collector] snapshot #482 2026-09-17T15:25:53Z
[collector] snapshot #483 2026-09-17T15:25:54Z
[collector] snapshot #484 2026-09-17T15:25:55Z
[collector] snapshot #485 2026-09-17T15:25:56Z
[collector] snapshot #486 2026-09-17T15:25:57Z
[collector] snapshot #487 2026-09-17T15:25:58Z
[collector] snapshot #488 2026-09-17T15:25:59Z
[collector] snapshot #489 2026-09-17T15:26:00Z
[collector] snapshot #490 2026-09-17T15:26:01Z
[collector] snapshot #491 2026-09-17T15:26:02Z
[collector] snapshot #492 2026-09-17T15:26:03Z
[collector] snapshot #493 2026-09-17T15:26:04Z
[collector] snapshot #494 2026-09-17T15:26:05Z
[collector] snapshot #495 2026-09-17T15:26:06Z
[collector] snapshot #496 2026-09-17T15:26:07Z
[collector] snapshot #497 2026-09-17T15:26:08Z
[collector] snapshot #498 2026-09-17T15:26:09Z
[collector] snapshot #499 2026-09-17T15:26:10Z
[collector] snapshot #500 2026-09-17T15:26:11Z
[collector] snapshot #501 2026-09-17T15:26:12Z
[collector] snapshot #502 2026-09-17T15:26:13Z
[collector] snapshot #503 2026-09-17T15:26:14Z
[collector] snapshot #504 2026-09-17T15:26:15Z
[collector] snapshot #505 2026-09-17T15:26:16Z
[collector] snapshot #506 2026-09-17T15:26:17Z
[collector] snapshot #507 2026-09-17T15:26:18Z
[collector] snapshot #508 2026-09-17T15:26:19Z
[collector] snapshot #509 2026-09-17T15:26:20Z
[collector] snapshot #510 2026-09-17T15:26:21Z
[collector] snapshot #511 2026-09-17T15:26:22Z
[collector] snapshot #512 2026-09-17T15:26:23Z
[collector] snapshot #513 2026-09-17T15:26:24Z
[collector] snapshot #514 2026-09-17T15:26:25Z
[collector] snapshot #515 2026-09-17T15:26:26Z
[collector] snapshot #516 2026-09-17T15:26:27Z
[collector] snapshot #517 2026-09-17T15:26:28Z
[collector] snapshot #518 2026-09-17T15:26:29Z
[collector] snapshot #519 2026-09-17T15:26:30Z
[collector] snapshot #520 2026-09-17T15:26:31Z
[collector] snapshot #521 2026-09-17T15:26:32Z
[collector] snapshot #522 2026-09-17T15:26:33Z
[collector] snapshot #523 2026-09-17T15:26:34Z
[collector] snapshot #524 2026-09-17T15:26:35Z
[collector] snapshot #525 2026-09-17T15:26:36Z
[collector] snapshot #526 2026-09-17T15:26:37Z
[collector] snapshot #527 2026-09-17T15:26:38Z
[collector] snapshot #528 2026-09-17T15:26:39Z
[collector] snapshot #529 2026-09-17T15:26:40Z
[collector] snapshot #530 2026-09-17T15:26:41Z
[collector] snapshot #531 2026-09-17T15:26:42Z
[collector] snapshot #532 2026-09-17T15:26:43Z
[collector] snapshot #533 2026-09-17T15:26:44Z
[collector] snapshot #534 2026-09-17T15:26:45Z
[collector] snapshot #535 2026-09-17T15:26:46Z
[collector] snapshot #536 2026-09-17T15:26:47Z
[collector] snapshot #537 2026-09-17T15:26:48Z
[collector] snapshot #538 2026-09-17T15:26:49Z
[collector] snapshot #539 2026-09-17T15:26:50Z
[collector] snapshot #540 2026-09-17T15:26:51Z
[collector] snapshot #541 2026-09-17T15:26:52Z
[collector] snapshot #542 2026-09-17T15:26:53Z
[collector] snapshot #543 2026-09-17T15:26:54Z
[collector] snapshot #544 2026-09-17T15:26:55Z
[collector] snapshot #545 2026-09-17T15:26:56Z
[collector] snapshot #546 2026-09-17T15:26:57Z
[collector] snapshot #547 2026-09-17T15:26:58Z
[collector] snapshot #548 2026-09-17T15:26:59Z
[collector] snapshot #549 2026-09-17T15:27:00Z
[collector] snapshot #550 2026-09-17T15:27:01Z
[collector] snapshot #551 2026-09-17T15:27:02Z
[collector] snapshot #552 2026-09-17T15:27:03Z
[collector] snapshot #553 2026-09-17T15:27:04Z
[collector] snapshot #554 2026-09-17T15:27:05Z
[collector] snapshot #555 2026-09-17T15:27:06Z
[collector] snapshot #556 2026-09-17T15:27:07Z
[collector] snapshot #557 2026-09-17T15:27:08Z
[collector] snapshot #558 2026-09-17T15:27:09Z
[collector] snapshot #559 2026-09-17T15:27:10Z
[collector] snapshot #560 2026-09-17T15:27:11Z
[collector] snapshot #561 2026-09-17T15:27:12Z
[collector] snapshot #562 2026-09-17T15:27:13Z
[collector] snapshot #563 2026-09-17T15:27:14Z
[collector] snapshot #564 2026-09-17T15:27:15Z
[collector] snapshot #565 2026-09-17T15:27:16Z
[collector] snapshot #566 2026-09-17T15:27:17Z
[collector] snapshot #567 2026-09-17T15:27:18Z
[collector] snapshot #568 2026-09-17T15:27:19Z
[collector] snapshot #569 2026-09-17T15:27:20Z
[collector] snapshot #570 2026-09-17T15:27:21Z
[collector] snapshot #571 2026-09-17T15:27:22Z
[collector] snapshot #572 2026-09-17T15:27:23Z
[collector] snapshot #573 2026-09-17T15:27:24Z
[collector] snapshot #574 2026-09-17T15:27:25Z
[collector] snapshot #575 2026-09-17T15:27:26Z
[collector] snapshot #576 2026-09-17T15:27:27Z
[collector] snapshot #577 2026-09-17T15:27:28Z
[collector] snapshot #578 2026-09-17T15:27:29Z
[collector] snapshot #579 2026-09-17T15:27:30Z
[collector] snapshot #580 2026-09-17T15:27:31Z
[collector] snapshot #581 2026-09-17T15:27:32Z
[collector] snapshot #582 2026-09-17T15:27:33Z
[collector] snapshot #583 2026-09-17T15:27:34Z
[collector] snapshot #584 2026-09-17T15:27:35Z
[collector] snapshot #585 2026-09-17T15:27:36Z
[collector] snapshot #586 2026-09-17T15:27:37Z
[collector] snapshot #587 2026-09-17T15:27:38Z
[collector] snapshot #588 2026-09-17T15:27:39Z
[collector] snapshot #589 2026-09-17T15:27:40Z
[collector] snapshot #590 2026-09-17T15:27:41Z
[collector] snapshot #591 2026-09-17T15:27:42Z
[collector] snapshot #592 2026-09-17T15:27:43Z
[collector] snapshot #593 2026-09-17T15:27:44Z
[collector] snapshot #594 2026-09-17T15:27:45Z
[collector] snapshot #595 2026-09-17T15:27:46Z
[collector] snapshot #596 2026-09-17T15:27:47Z
[collector] snapshot #597 2026-09-17T15:27:48Z
[collector] snapshot #598 2026-09-17T15:27:49Z
[collector] snapshot #599 2026-09-17T15:27:50Z
[collector] snapshot #600 2026-09-17T15:27:51Z
[collector] snapshot #601 2026-09-17T15:27:52Z
[collector] snapshot #602 2026-09-17T15:27:53Z
[collector] snapshot #603 2026-09-17T15:27:54Z
[collector] snapshot #604 2026-09-17T15:27:55Z
[collector] snapshot #605 2026-09-17T15:27:56Z
[collector] snapshot #606 2026-09-17T15:27:57Z
[collector] snapshot #607 2026-09-17T15:27:58Z
[collector] snapshot #608 2026-09-17T15:27:59Z
[collector] snapshot #609 2026-09-17T15:28:00Z
[collector] snapshot #610 2026-09-17T15:28:01Z
[collector] snapshot #611 2026-09-17T15:28:02Z
[collector] snapshot #612 2026-09-17T15:28:03Z
[collector] snapshot #613 2026-09-17T15:28:04Z
[collector] snapshot #614 2026-09-17T15:28:05Z
[collector] snapshot #615 2026-09-17T15:28:06Z
[collector] snapshot #616 2026-09-17T15:28:07Z
[collector] snapshot #617 2026-09-17T15:28:08Z
[collector] snapshot #618 2026-09-17T15:28:09Z
[collector] snapshot #619 2026-09-17T15:28:10Z
[collector] snapshot #620 2026-09-17T15:28:11Z
[collector] snapshot #621 2026-09-17T15:28:12Z
[collector] snapshot #622 2026-09-17T15:28:13Z
[collector] snapshot #623 2026-09-17T15:28:14Z
[collector] snapshot #624 2026-09-17T15:28:15Z
[collector] snapshot #625 2026-09-17T15:28:16Z
[collector] snapshot #626 2026-09-17T15:28:17Z
[collector] snapshot #627 2026-09-17T15:28:18Z
[collector] snapshot #628 2026-09-17T15:28:19Z
[collector] snapshot #629 2026-09-17T15:28:20Z
[collector] snapshot #630 2026-09-17T15:28:21Z
[collector] snapshot #631 2026-09-17T15:28:22Z
[collector] snapshot #632 2026-09-17T15:28:23Z
[collector] snapshot #633 2026-09-17T15:28:24Z
[collector] snapshot #634 2026-09-17T15:28:25Z
[collector] snapshot #635 2026-09-17T15:28:26Z
[collector] snapshot #636 2026-09-17T15:28:27Z
[collector] snapshot #637 2026-09-17T15:28:28Z
[collector] snapshot #638 2026-09-17T15:28:29Z
[collector] snapshot #639 2026-09-17T15:28:30Z
[collector] snapshot #640 2026-09-17T15:28:31Z
[collector] snapshot #641 2026-09-17T15:28:32Z
[collector] snapshot #642 2026-09-17T15:28:33Z
[collector] snapshot #643 2026-09-17T15:28:34Z
[collector] snapshot #644 2026-09-17T15:28:35Z
[collector] snapshot #645 2026-09-17T15:28:36Z
[collector] snapshot #646 2026-09-17T15:28:37Z
[collector] snapshot #647 2026-09-17T15:28:38Z
[collector] snapshot #648 2026-09-17T15:28:39Z
[collector] snapshot #649 2026-09-17T15:28:40Z
[collector] snapshot #650 2026-09-17T15:28:41Z
[collector] snapshot #651 2026-09-17T15:28:42Z
[collector] snapshot #652 2026-09-17T15:28:43Z
[collector] snapshot #653 2026-09-17T15:28:44Z
[collector] snapshot #654 2026-09-17T15:28:45Z
[collector] snapshot #655 2026-09-17T15:28:46Z
[collector] snapshot #656 2026-09-17T15:28:47Z
[collector] snapshot #657 2026-09-17T15:28:48Z
[collector] snapshot #658 2026-09-17T15:28:49Z
[collector] snapshot #659 2026-09-17T15:28:50Z
[collector] snapshot #660 2026-09-17T15:28:51Z
[collector] snapshot #661 2026-09-17T15:28:52Z
[collector] snapshot #662 2026-09-17T15:28:53Z
[collector] snapshot #663 2026-09-17T15:28:54Z
[collector] snapshot #664 2026-09-17T15:28:55Z
[collector] snapshot #665 2026-09-17T15:28:56Z
[collector] snapshot #666 2026-09-17T15:28:57Z
[collector] snapshot #667 2026-09-17T15:28:58Z
[collector] snapshot #668 2026-09-17T15:28:59Z
[collector] snapshot #669 2026-09-17T15:29:00Z
[collector] snapshot #670 2026-09-17T15:29:01Z
[collector] snapshot #671 2026-09-17T15:29:02Z
[collector] snapshot #672 2026-09-17T15:29:03Z
[collector] snapshot #673 2026-09-17T15:29:04Z
[collector] snapshot #674 2026-09-17T15:29:05Z
[collector] snapshot #675 2026-09-17T15:29:06Z
[collector] snapshot #676 2026-09-17T15:29:07Z
[collector] snapshot #677 2026-09-17T15:29:08Z
[collector] snapshot #678 2026-09-17T15:29:09Z
[collector] snapshot #679 2026-09-17T15:29:10Z
[collector] snapshot #680 2026-09-17T15:29:11Z
[collector] snapshot #681 2026-09-17T15:29:12Z
[collector] snapshot #682 2026-09-17T15:29:13Z
[collector] snapshot #683 2026-09-17T15:29:14Z
[collector] snapshot #684 2026-09-17T15:29:15Z
[collector] snapshot #685 2026-09-17T15:29:16Z
[collector] snapshot #686 2026-09-17T15:29:17Z
[collector] snapshot #687 2026-09-17T15:29:18Z
[collector] snapshot #688 2026-09-17T15:29:19Z
[collector] snapshot #689 2026-09-17T15:29:20Z
[collector] snapshot #690 2026-09-17T15:29:21Z
[collector] snapshot #691 2026-09-17T15:29:22Z
[collector] snapshot #692 2026-09-17T15:29:23Z
[collector] snapshot #693 2026-09-17T15:29:24Z
[collector] snapshot #694 2026-09-17T15:29:25Z
[collector] snapshot #695 2026-09-17T15:29:26Z
[collector] snapshot #696 2026-09-17T15:29:27Z
[collector] snapshot #697 2026-09-17T15:29:28Z
[collector] snapshot #698 2026-09-17T15:29:29Z
[collector] snapshot #699 2026-09-17T15:29:30Z
[collector] snapshot #700 2026-09-17T15:29:31Z
[collector] snapshot #701 2026-09-17T15:29:32Z
[collector] snapshot #702 2026-09-17T15:29:33Z
[collector] snapshot #703 2026-09-17T15:29:34Z
[collector] snapshot #704 2026-09-17T15:29:35Z
[collector] snapshot #705 2026-09-17T15:29:36Z
[collector] snapshot #706 2026-09-17T15:29:37Z
[collector] snapshot #707 2026-09-17T15:29:38Z
[collector] snapshot #708 2026-09-17T15:29:39Z
[collector] snapshot #709 2026-09-17T15:29:40Z
[collector] snapshot #710 2026-09-17T15:29:41Z
[collector] snapshot #711 2026-09-17T15:29:42Z
[collector] snapshot #712 2026-09-17T15:29:43Z
[collector] snapshot #713 2026-09-17T15:29:44Z
[collector] snapshot #714 2026-09-17T15:29:45Z
[collector] snapshot #715 2026-09-17T15:29:46Z
[collector] snapshot #716 2026-09-17T15:29:47Z
[collector] snapshot #717 2026-09-17T15:29:48Z
[collector] snapshot #718 2026-09-17T15:29:49Z
[collector] snapshot #719 2026-09-17T15:29:50Z
[collector] snapshot #720 2026-09-17T15:29:51Z
[collector] snapshot #721 2026-09-17T15:29:52Z
[collector] snapshot #722 2026-09-17T15:29:53Z
[collector] snapshot #723 2026-09-17T15:29:54Z
[collector] snapshot #724 2026-09-17T15:29:55Z
[collector] snapshot #725 2026-09-17T15:29:56Z
[collector] snapshot #726 2026-09-17T15:29:57Z
[collector] snapshot #727 2026-09-17T15:29:58Z
[collector] snapshot #728 2026-09-17T15:29:59Z
[collector] snapshot #729 2026-09-17T15:30:00Z
[collector] snapshot #730 2026-09-17T15:30:01Z
[collector] snapshot #731 2026-09-17T15:30:02Z
[collector] snapshot #732 2026-09-17T15:30:03Z
[collector] snapshot #733 2026-09-17T15:30:04Z
[collector] snapshot #734 2026-09-17T15:30:05Z
[collector] snapshot #735 2026-09-17T15:30:06Z
[collector] snapshot #736 2026-09-17T15:30:07Z
[collector] snapshot #737 2026-09-17T15:30:08Z
[collector] snapshot #738 2026-09-17T15:30:09Z
[collector] snapshot #739 2026-09-17T15:30:10Z
[collector] snapshot #740 2026-09-17T15:30:11Z
[collector] snapshot #741 2026-09-17T15:30:12Z
[collector] snapshot #742 2026-09-17T15:30:13Z
[collector] snapshot #743 2026-09-17T15:30:14Z
[collector] snapshot #744 2026-09-17T15:30:15Z
[collector] snapshot #745 2026-09-17T15:30:16Z
[collector] snapshot #746 2026-09-17T15:30:17Z
[collector] snapshot #747 2026-09-17T15:30:18Z
[collector] snapshot #748 2026-09-17T15:30:19Z
[collector] snapshot #749 2026-09-17T15:30:20Z
[collector] snapshot #750 2026-09-17T15:30:21Z
[collector] snapshot #751 2026-09-17T15:30:22Z
[collector] snapshot #752 2026-09-17T15:30:23Z
[collector] snapshot #753 2026-09-17T15:30:24Z
[collector] snapshot #754 2026-09-17T15:30:25Z
[collector] snapshot #755 2026-09-17T15:30:26Z
[collector] snapshot #756 2026-09-17T15:30:27Z
[collector] snapshot #757 2026-09-17T15:30:28Z
[collector] snapshot #758 2026-09-17T15:30:29Z
[collector] snapshot #759 2026-09-17T15:30:30Z
[collector] snapshot #760 2026-09-17T15:30:31Z
[collector] snapshot #761 2026-09-17T15:30:32Z
[collector] snapshot #762 2026-09-17T15:30:33Z
[collector] snapshot #763 2026-09-17T15:30:34Z
[collector] snapshot #764 2026-09-17T15:30:35Z
[collector] snapshot #765 2026-09-17T15:30:36Z
[collector] snapshot #766 2026-09-17T15:30:37Z
[collector] snapshot #767 2026-09-17T15:30:38Z
[collector] snapshot #768 2026-09-17T15:30:39Z
[collector] snapshot #769 2026-09-17T15:30:40Z
[collector] snapshot #770 2026-09-17T15:30:41Z
[collector] snapshot #771 2026-09-17T15:30:42Z
[collector] snapshot #772 2026-09-17T15:30:43Z
[collector] snapshot #773 2026-09-17T15:30:44Z
[collector] snapshot #774 2026-09-17T15:30:45Z
[collector] snapshot #775 2026-09-17T15:30:46Z
[collector] snapshot #776 2026-09-17T15:30:47Z
[collector] snapshot #777 2026-09-17T15:30:48Z
[collector] snapshot #778 2026-09-17T15:30:49Z
[collector] snapshot #779 2026-09-17T15:30:50Z
[collector] snapshot #780 2026-09-17T15:30:51Z
[collector] snapshot #781 2026-09-17T15:30:52Z
[collector] snapshot #782 2026-09-17T15:30:53Z
[collector] snapshot #783 2026-09-17T15:30:54Z
[collector] snapshot #784 2026-09-17T15:30:55Z
[collector] snapshot #785 2026-09-17T15:30:56Z
[collector] snapshot #786 2026-09-17T15:30:57Z
[collector] snapshot #787 2026-09-17T15:30:58Z
[collector] snapshot #788 2026-09-17T15:30:59Z
[collector] snapshot #789 2026-09-17T15:31:00Z
[collector] snapshot #790 2026-09-17T15:31:01Z
[collector] snapshot #791 2026-09-17T15:31:02Z
[collector] snapshot #792 2026-09-17T15:31:03Z
[collector] snapshot #793 2026-09-17T15:31:04Z
[collector] snapshot #794 2026-09-17T15:31:05Z
[collector] snapshot #795 2026-09-17T15:31:06Z
[collector] snapshot #796 2026-09-17T15:31:07Z
[collector] snapshot #797 2026-09-17T15:31:08Z
[collector] snapshot #798 2026-09-17T15:31:09Z
[collector] snapshot #799 2026-09-17T15:31:10Z
[collector] snapshot #800 2026-09-17T15:31:11Z
[collector] snapshot #801 2026-09-17T15:31:12Z
[collector] snapshot #802 2026-09-17T15:31:13Z
[collector] snapshot #803 2026-09-17T15:31:14Z
[collector] snapshot #804 2026-09-17T15:31:15Z
[collector] snapshot #805 2026-09-17T15:31:16Z
[collector] snapshot #806 2026-09-17T15:31:17Z
[collector] snapshot #807 2026-09-17T15:31:18Z
[collector] snapshot #808 2026-09-17T15:31:19Z
[collector] snapshot #809 2026-09-17T15:31:20Z
[collector] snapshot #810 2026-09-17T15:31:21Z
[collector] snapshot #811 2026-09-17T15:31:22Z
[collector] snapshot #812 2026-09-17T15:31:23Z
[collector] snapshot #813 2026-09-17T15:31:24Z
[collector] snapshot #814 2026-09-17T15:31:25Z
[collector] snapshot #815 2026-09-17T15:31:26Z
[collector] snapshot #816 2026-09-17T15:31:27Z
[collector] snapshot #817 2026-09-17T15:31:28Z
[collector] snapshot #818 2026-09-17T15:31:29Z
[collector] snapshot #819 2026-09-17T15:31:30Z
[collector] snapshot #820 2026-09-17T15:31:31Z
[collector] snapshot #821 2026-09-17T15:31:32Z
[collector] snapshot #822 2026-09-17T15:31:33Z
[collector] snapshot #823 2026-09-17T15:31:34Z
[collector] snapshot #824 2026-09-17T15:31:35Z
[collector] snapshot #825 2026-09-17T15:31:36Z
[collector] snapshot #826 2026-09-17T15:31:37Z
[collector] snapshot #827 2026-09-17T15:31:38Z
[collector] snapshot #828 2026-09-17T15:31:39Z
[collector] snapshot #829 2026-09-17T15:31:40Z
[collector] snapshot #830 2026-09-17T15:31:41Z
[collector] snapshot #831 2026-09-17T15:31:42Z
[collector] snapshot #832 2026-09-17T15:31:43Z
[collector] snapshot #833 2026-09-17T15:31:44Z
[collector] snapshot #834 2026-09-17T15:31:45Z
[collector] snapshot #835 2026-09-17T15:31:46Z
[collector] snapshot #836 2026-09-17T15:31:47Z
[collector] snapshot #837 2026-09-17T15:31:48Z
[collector] snapshot #838 2026-09-17T15:31:49Z
[collector] snapshot #839 2026-09-17T15:31:50Z
[collector] snapshot #840 2026-09-17T15:31:51Z
[collector] snapshot #841 2026-09-17T15:31:52Z
[collector] snapshot #842 2026-09-17T15:31:53Z
[collector] snapshot #843 2026-09-17T15:31:54Z
[collector] snapshot #844 2026-09-17T15:31:55Z
[collector] snapshot #845 2026-09-17T15:31:56Z
[collector] snapshot #846 2026-09-17T15:31:57Z
[collector] snapshot #847 2026-09-17T15:31:58Z
[collector] snapshot #848 2026-09-17T15:31:59Z
[collector] snapshot #849 2026-09-17T15:32:00Z
[collector] snapshot #850 2026-09-17T15:32:01Z
[collector] snapshot #851 2026-09-17T15:32:02Z
[collector] snapshot #852 2026-09-17T15:32:03Z
[collector] snapshot #853 2026-09-17T15:32:04Z
[collector] snapshot #854 2026-09-17T15:32:05Z
[collector] snapshot #855 2026-09-17T15:32:06Z
[collector] snapshot #856 2026-09-17T15:32:07Z
[collector] snapshot #857 2026-09-17T15:32:08Z
[collector] snapshot #858 2026-09-17T15:32:09Z
[collector] snapshot #859 2026-09-17T15:32:10Z
[collector] snapshot #860 2026-09-17T15:32:11Z
[collector] snapshot #861 2026-09-17T15:32:12Z
[collector] snapshot #862 2026-09-17T15:32:13Z
[collector] snapshot #863 2026-09-17T15:32:14Z
[collector] snapshot #864 2026-09-17T15:32:15Z
[collector] snapshot #865 2026-09-17T15:32:16Z
[collector] snapshot #866 2026-09-17T15:32:17Z
[collector] snapshot #867 2026-09-17T15:32:18Z
[collector] snapshot #868 2026-09-17T15:32:19Z
[collector] snapshot #869 2026-09-17T15:32:20Z
[collector] snapshot #870 2026-09-17T15:32:21Z
[collector] snapshot #871 2026-09-17T15:32:22Z
[collector] snapshot #872 2026-09-17T15:32:23Z
[collector] snapshot #873 2026-09-17T15:32:24Z
[collector] snapshot #874 2026-09-17T15:32:25Z
[collector] snapshot #875 2026-09-17T15:32:26Z
[collector] snapshot #876 2026-09-17T15:32:27Z
[collector] snapshot #877 2026-09-17T15:32:28Z
[collector] snapshot #878 2026-09-17T15:32:29Z
[collector] snapshot #879 2026-09-17T15:32:30Z
[collector] snapshot #880 2026-09-17T15:32:31Z
[collector] snapshot #881 2026-09-17T15:32:32Z
[collector] snapshot #882 2026-09-17T15:32:33Z
[collector] snapshot #883 2026-09-17T15:32:34Z
[collector] snapshot #884 2026-09-17T15:32:35Z
[collector] snapshot #885 2026-09-17T15:32:36Z
[collector] snapshot #886 2026-09-17T15:32:37Z
[collector] snapshot #887 2026-09-17T15:32:38Z
[collector] snapshot #888 2026-09-17T15:32:39Z
[collector] snapshot #889 2026-09-17T15:32:40Z
[collector] snapshot #890 2026-09-17T15:32:41Z
[collector] snapshot #891 2026-09-17T15:32:42Z
[collector] snapshot #892 2026-09-17T15:32:43Z
[collector] snapshot #893 2026-09-17T15:32:44Z
[collector] snapshot #894 2026-09-17T15:32:45Z
[collector] snapshot #895 2026-09-17T15:32:46Z
[collector] snapshot #896 2026-09-17T15:32:47Z
[collector] snapshot #897 2026-09-17T15:32:48Z
[collector] snapshot #898 2026-09-17T15:32:49Z
[collector] snapshot #899 2026-09-17T15:32:50Z
[collector] snapshot #900 2026-09-17T15:32:51Z
[collector] snapshot #901 2026-09-17T15:32:52Z
[collector] snapshot #902 2026-09-17T15:32:53Z
[collector] snapshot #903 2026-09-17T15:32:54Z
[collector] snapshot #904 2026-09-17T15:32:55Z
[collector] snapshot #905 2026-09-17T15:32:56Z
[collector] snapshot #906 2026-09-17T15:32:57Z
[collector] snapshot #907 2026-09-17T15:32:58Z
[collector] snapshot #908 2026-09-17T15:32:59Z
[collector] snapshot #909 2026-09-17T15:33:00Z
[collector] snapshot #910 2026-09-17T15:33:01Z
[collector] snapshot #911 2026-09-17T15:33:02Z
[collector] snapshot #912 2026-09-17T15:33:03Z
[collector] snapshot #913 2026-09-17T15:33:04Z
[collector] snapshot #914 2026-09-17T15:33:05Z
[collector] snapshot #915 2026-09-17T15:33:06Z
[collector] snapshot #916 2026-09-17T15:33:07Z
[collector] snapshot #917 2026-09-17T15:33:08Z
[collector] snapshot #918 2026-09-17T15:33:09Z
[collector] snapshot #919 2026-09-17T15:33:10Z
[collector] snapshot #920 2026-09-17T15:33:11Z
[collector] snapshot #921 2026-09-17T15:33:12Z
[collector] snapshot #922 2026-09-17T15:33:13Z
[collector] snapshot #923 2026-09-17T15:33:14Z
[collector] snapshot #924 2026-09-17T15:33:15Z
[collector] snapshot #925 2026-09-17T15:33:16Z
[collector] snapshot #926 2026-09-17T15:33:17Z
[collector] snapshot #927 2026-09-17T15:33:18Z
[collector] snapshot #928 2026-09-17T15:33:19Z
[collector] snapshot #929 2026-09-17T15:33:20Z
[collector] snapshot #930 2026-09-17T15:33:21Z
[collector] snapshot #931 2026-09-17T15:33:22Z
[collector] snapshot #932 2026-09-17T15:33:23Z
[collector] snapshot #933 2026-09-17T15:33:24Z
[collector] snapshot #934 2026-09-17T15:33:25Z
[collector] snapshot #935 2026-09-17T15:33:26Z
[collector] snapshot #936 2026-09-17T15:33:27Z
[collector] snapshot #937 2026-09-17T15:33:28Z
[collector] snapshot #938 2026-09-17T15:33:29Z
[collector] snapshot #939 2026-09-17T15:33:30Z
[collector] snapshot #940 2026-09-17T15:33:31Z
[collector] snapshot #941 2026-09-17T15:33:32Z
[collector] snapshot #942 2026-09-17T15:33:33Z
[collector] snapshot #943 2026-09-17T15:33:34Z
[collector] snapshot #944 2026-09-17T15:33:35Z
[collector] snapshot #945 2026-09-17T15:33:36Z
[collector] snapshot #946 2026-09-17T15:33:37Z
[collector] snapshot #947 2026-09-17T15:33:38Z
[collector] snapshot #948 2026-09-17T15:33:39Z
[collector] snapshot #949 2026-09-17T15:33:40Z
[collector] snapshot #950 2026-09-17T15:33:41Z
[collector] snapshot #951 2026-09-17T15:33:42Z
[collector] snapshot #952 2026-09-17T15:33:43Z
[collector] snapshot #953 2026-09-17T15:33:44Z
[collector] snapshot #954 2026-09-17T15:33:45Z
[collector] snapshot #955 2026-09-17T15:33:46Z
[collector] snapshot #956 2026-09-17T15:33:47Z
[collector] snapshot #957 2026-09-17T15:33:48Z
[collector] snapshot #958 2026-09-17T15:33:49Z
[collector] snapshot #959 2026-09-17T15:33:50Z
[collector] snapshot #960 2026-09-17T15:33:51Z
[collector] snapshot #961 2026-09-17T15:33:52Z
[collector] snapshot #962 2026-09-17T15:33:53Z
[collector] snapshot #963 2026-09-17T15:33:54Z
[collector] snapshot #964 2026-09-17T15:33:55Z
[collector] snapshot #965 2026-09-17T15:33:56Z
[collector] snapshot #966 2026-09-17T15:33:57Z
[collector] snapshot #967 2026-09-17T15:33:58Z
[collector] snapshot #968 2026-09-17T15:33:59Z
[collector] snapshot #969 2026-09-17T15:34:00Z
[collector] snapshot #970 2026-09-17T15:34:01Z
[collector] snapshot #971 2026-09-17T15:34:02Z
[collector] snapshot #972 2026-09-17T15:34:03Z
[collector] snapshot #973 2026-09-17T15:34:04Z
[collector] snapshot #974 2026-09-17T15:34:05Z
[collector] snapshot #975 2026-09-17T15:34:06Z
[collector] snapshot #976 2026-09-17T15:34:07Z
[collector] snapshot #977 2026-09-17T15:34:08Z
[collector] snapshot #978 2026-09-17T15:34:09Z
[collector] snapshot #979 2026-09-17T15:34:10Z
[collector] snapshot #980 2026-09-17T15:34:11Z
[collector] snapshot #981 2026-09-17T15:34:12Z
[collector] snapshot #982 2026-09-17T15:34:13Z
[collector] snapshot #983 2026-09-17T15:34:14Z
[collector] snapshot #984 2026-09-17T15:34:15Z
[collector] snapshot #985 2026-09-17T15:34:16Z
[collector] snapshot #986 2026-09-17T15:34:17Z
[collector] snapshot #987 2026-09-17T15:34:18Z
[collector] snapshot #988 2026-09-17T15:34:19Z
[collector] snapshot #989 2026-09-17T15:34:20Z
[collector] snapshot #990 2026-09-17T15:34:21Z
[collector] snapshot #991 2026-09-17T15:34:22Z
[collector] snapshot #992 2026-09-17T15:34:23Z
[collector] snapshot #993 2026-09-17T15:34:24Z
[collector] snapshot #994 2026-09-17T15:34:25Z
[collector] snapshot #995 2026-09-17T15:34:26Z
[collector] snapshot #996 2026-09-17T15:34:27Z
[collector] snapshot #997 2026-09-17T15:34:28Z
[collector] snapshot #998 2026-09-17T15:34:29Z
[collector] snapshot #999 2026-09-17T15:34:30Z
[collector] snapshot #1000 2026-09-17T15:34:31Z
[collector] snapshot #1001 2026-09-17T15:34:32Z
[collector] snapshot #1002 2026-09-17T15:34:33Z
[collector] snapshot #1003 2026-09-17T15:34:34Z
[collector] snapshot #1004 2026-09-17T15:34:35Z
[collector] snapshot #1005 2026-09-17T15:34:36Z
[collector] snapshot #1006 2026-09-17T15:34:37Z
[collector] snapshot #1007 2026-09-17T15:34:38Z
[collector] snapshot #1008 2026-09-17T15:34:39Z
[collector] snapshot #1009 2026-09-17T15:34:40Z
[collector] snapshot #1010 2026-09-17T15:34:41Z
[collector] snapshot #1011 2026-09-17T15:34:42Z
[collector] snapshot #1012 2026-09-17T15:34:43Z
[collector] snapshot #1013 2026-09-17T15:34:44Z
[collector] snapshot #1014 2026-09-17T15:34:45Z
[collector] snapshot #1015 2026-09-17T15:34:46Z
[collector] snapshot #1016 2026-09-17T15:34:47Z
[collector] snapshot #1017 2026-09-17T15:34:48Z
[collector] snapshot #1018 2026-09-17T15:34:49Z
[collector] snapshot #1019 2026-09-17T15:34:50Z
[collector] snapshot #1020 2026-09-17T15:34:51Z
[collector] snapshot #1021 2026-09-17T15:34:52Z
[collector] snapshot #1022 2026-09-17T15:34:53Z
[collector] snapshot #1023 2026-09-17T15:34:54Z
[collector] snapshot #1024 2026-09-17T15:34:55Z
[collector] snapshot #1025 2026-09-17T15:34:56Z
[collector] snapshot #1026 2026-09-17T15:34:57Z
[collector] snapshot #1027 2026-09-17T15:34:58Z
[collector] snapshot #1028 2026-09-17T15:34:59Z
[collector] snapshot #1029 2026-09-17T15:35:00Z
[collector] snapshot #1030 2026-09-17T15:35:01Z
[collector] snapshot #1031 2026-09-17T15:35:02Z
[collector] snapshot #1032 2026-09-17T15:35:03Z
[collector] snapshot #1033 2026-09-17T15:35:04Z
[collector] snapshot #1034 2026-09-17T15:35:05Z
[collector] snapshot #1035 2026-09-17T15:35:06Z
[collector] snapshot #1036 2026-09-17T15:35:07Z
[collector] snapshot #1037 2026-09-17T15:35:08Z
[collector] snapshot #1038 2026-09-17T15:35:09Z
[collector] snapshot #1039 2026-09-17T15:35:10Z
[collector] snapshot #1040 2026-09-17T15:35:11Z
[collector] snapshot #1041 2026-09-17T15:35:12Z
[collector] snapshot #1042 2026-09-17T15:35:13Z
[collector] snapshot #1043 2026-09-17T15:35:14Z
[collector] snapshot #1044 2026-09-17T15:35:15Z
[collector] snapshot #1045 2026-09-17T15:35:16Z
[collector] snapshot #1046 2026-09-17T15:35:17Z
[collector] snapshot #1047 2026-09-17T15:35:18Z
[collector] snapshot #1048 2026-09-17T15:35:19Z
[collector] snapshot #1049 2026-09-17T15:35:20Z
[collector] snapshot #1050 2026-09-17T15:35:21Z
[collector] snapshot #1051 2026-09-17T15:35:22Z
[collector] snapshot #1052 2026-09-17T15:35:23Z
[collector] snapshot #1053 2026-09-17T15:35:24Z
[collector] snapshot #1054 2026-09-17T15:35:25Z
[collector] snapshot #1055 2026-09-17T15:35:26Z
[collector] snapshot #1056 2026-09-17T15:35:27Z
[collector] snapshot #1057 2026-09-17T15:35:28Z
[collector] snapshot #1058 2026-09-17T15:35:29Z
[collector] snapshot #1059 2026-09-17T15:35:30Z
[collector] snapshot #1060 2026-09-17T15:35:31Z
[collector] snapshot #1061 2026-09-17T15:35:32Z
[collector] snapshot #1062 2026-09-17T15:35:33Z
[collector] snapshot #1063 2026-09-17T15:35:34Z
[collector] snapshot #1064 2026-09-17T15:35:35Z
[collector] snapshot #1065 2026-09-17T15:35:36Z
[collector] snapshot #1066 2026-09-17T15:35:37Z
[collector] snapshot #1067 2026-09-17T15:35:38Z
[collector] snapshot #1068 2026-09-17T15:35:39Z
[collector] snapshot #1069 2026-09-17T15:35:40Z
[collector] snapshot #1070 2026-09-17T15:35:41Z
[collector] snapshot #1071 2026-09-17T15:35:42Z
[collector] snapshot #1072 2026-09-17T15:35:43Z
[collector] snapshot #1073 2026-09-17T15:35:44Z
[collector] snapshot #1074 2026-09-17T15:35:45Z
[collector] snapshot #1075 2026-09-17T15:35:46Z
[collector] snapshot #1076 2026-09-17T15:35:47Z
[collector] snapshot #1077 2026-09-17T15:35:48Z
[collector] snapshot #1078 2026-09-17T15:35:49Z
[collector] snapshot #1079 2026-09-17T15:35:50Z
[collector] snapshot #1080 2026-09-17T15:35:51Z
[collector] snapshot #1081 2026-09-17T15:35:52Z
[collector] snapshot #1082 2026-09-17T15:35:53Z
[collector] snapshot #1083 2026-09-17T15:35:54Z
[collector] snapshot #1084 2026-09-17T15:35:55Z
[collector] snapshot #1085 2026-09-17T15:35:56Z
[collector] snapshot #1086 2026-09-17T15:35:57Z
[collector] snapshot #1087 2026-09-17T15:35:58Z
[collector] snapshot #1088 2026-09-17T15:35:59Z
[collector] snapshot #1089 2026-09-17T15:36:00Z
[collector] snapshot #1090 2026-09-17T15:36:01Z
[collector] snapshot #1091 2026-09-17T15:36:02Z
[collector] snapshot #1092 2026-09-17T15:36:03Z
[collector] snapshot #1093 2026-09-17T15:36:04Z
[collector] snapshot #1094 2026-09-17T15:36:05Z
[collector] snapshot #1095 2026-09-17T15:36:06Z
[collector] snapshot #1096 2026-09-17T15:36:07Z
[collector] snapshot #1097 2026-09-17T15:36:08Z
[collector] snapshot #1098 2026-09-17T15:36:09Z
[collector] snapshot #1099 2026-09-17T15:36:10Z
[collector] snapshot #1100 2026-09-17T15:36:11Z
[collector] snapshot #1101 2026-09-17T15:36:12Z
[collector] snapshot #1102 2026-09-17T15:36:13Z
[collector] snapshot #1103 2026-09-17T15:36:14Z
[collector] snapshot #1104 2026-09-17T15:36:15Z
[collector] snapshot #1105 2026-09-17T15:36:16Z
[collector] snapshot #1106 2026-09-17T15:36:17Z
[collector] snapshot #1107 2026-09-17T15:36:18Z
[collector] snapshot #1108 2026-09-17T15:36:19Z
[collector] snapshot #1109 2026-09-17T15:36:20Z
[collector] snapshot #1110 2026-09-17T15:36:21Z
[collector] snapshot #1111 2026-09-17T15:36:22Z
[collector] snapshot #1112 2026-09-17T15:36:23Z
[collector] snapshot #1113 2026-09-17T15:36:24Z
[collector] snapshot #1114 2026-09-17T15:36:25Z
[collector] snapshot #1115 2026-09-17T15:36:26Z
[collector] snapshot #1116 2026-09-17T15:36:27Z
[collector] snapshot #1117 2026-09-17T15:36:28Z
[collector] snapshot #1118 2026-09-17T15:36:29Z
[collector] snapshot #1119 2026-09-17T15:36:30Z
[collector] snapshot #1120 2026-09-17T15:36:31Z
[collector] snapshot #1121 2026-09-17T15:36:32Z
[collector] snapshot #1122 2026-09-17T15:36:33Z
[collector] snapshot #1123 2026-09-17T15:36:34Z
[collector] snapshot #1124 2026-09-17T15:36:35Z
[collector] snapshot #1125 2026-09-17T15:36:36Z
[collector] snapshot #1126 2026-09-17T15:36:37Z
[collector] snapshot #1127 2026-09-17T15:36:38Z
[collector] snapshot #1128 2026-09-17T15:36:39Z
[collector] snapshot #1129 2026-09-17T15:36:40Z
[collector] snapshot #1130 2026-09-17T15:36:41Z
[collector] snapshot #1131 2026-09-17T15:36:42Z
[collector] snapshot #1132 2026-09-17T15:36:43Z
[collector] snapshot #1133 2026-09-17T15:36:44Z
[collector] snapshot #1134 2026-09-17T15:36:45Z
[collector] snapshot #1135 2026-09-17T15:36:46Z
[collector] snapshot #1136 2026-09-17T15:36:47Z
[collector] snapshot #1137 2026-09-17T15:36:48Z
[collector] snapshot #1138 2026-09-17T15:36:49Z
[collector] snapshot #1139 2026-09-17T15:36:50Z
[collector] snapshot #1140 2026-09-17T15:36:51Z
[collector] snapshot #1141 2026-09-17T15:36:52Z
[collector] snapshot #1142 2026-09-17T15:36:53Z
[collector] snapshot #1143 2026-09-17T15:36:54Z
[collector] snapshot #1144 2026-09-17T15:36:55Z
[collector] snapshot #1145 2026-09-17T15:36:56Z
[collector] snapshot #1146 2026-09-17T15:36:57Z
[collector] snapshot #1147 2026-09-17T15:36:58Z
[collector] snapshot #1148 2026-09-17T15:36:59Z
[collector] snapshot #1149 2026-09-17T15:37:00Z
[collector] snapshot #1150 2026-09-17T15:37:01Z
[collector] snapshot #1151 2026-09-17T15:37:02Z
[collector] snapshot #1152 2026-09-17T15:37:03Z
[collector] snapshot #1153 2026-09-17T15:37:04Z
[collector] snapshot #1154 2026-09-17T15:37:05Z
[collector] snapshot #1155 2026-09-17T15:37:06Z
[collector] snapshot #1156 2026-09-17T15:37:07Z
[collector] snapshot #1157 2026-09-17T15:37:08Z
[collector] snapshot #1158 2026-09-17T15:37:09Z
[collector] snapshot #1159 2026-09-17T15:37:10Z
[collector] snapshot #1160 2026-09-17T15:37:11Z
[collector] snapshot #1161 2026-09-17T15:37:12Z
[collector] snapshot #1162 2026-09-17T15:37:13Z
[collector] snapshot #1163 2026-09-17T15:37:14Z
[collector] snapshot #1164 2026-09-17T15:37:15Z
[collector] snapshot #1165 2026-09-17T15:37:16Z
[collector] snapshot #1166 2026-09-17T15:37:17Z
[collector] snapshot #1167 2026-09-17T15:37:18Z
[collector] snapshot #1168 2026-09-17T15:37:19Z
[collector] snapshot #1169 2026-09-17T15:37:20Z
[collector] snapshot #1170 2026-09-17T15:37:21Z
[collector] snapshot #1171 2026-09-17T15:37:22Z
[collector] snapshot #1172 2026-09-17T15:37:23Z
[collector] snapshot #1173 2026-09-17T15:37:24Z
[collector] snapshot #1174 2026-09-17T15:37:25Z
[collector] snapshot #1175 2026-09-17T15:37:26Z
[collector] snapshot #1176 2026-09-17T15:37:27Z
[collector] snapshot #1177 2026-09-17T15:37:28Z
[collector] snapshot #1178 2026-09-17T15:37:29Z
[collector] snapshot #1179 2026-09-17T15:37:30Z
[collector] snapshot #1180 2026-09-17T15:37:31Z
[collector] snapshot #1181 2026-09-17T15:37:32Z
[collector] snapshot #1182 2026-09-17T15:37:33Z
[collector] snapshot #1183 2026-09-17T15:37:34Z
[collector] snapshot #1184 2026-09-17T15:37:35Z
[collector] snapshot #1185 2026-09-17T15:37:36Z
[collector] snapshot #1186 2026-09-17T15:37:37Z
[collector] snapshot #1187 2026-09-17T15:37:38Z
[collector] snapshot #1188 2026-09-17T15:37:39Z
[collector] snapshot #1189 2026-09-17T15:37:40Z
[collector] snapshot #1190 2026-09-17T15:37:41Z
[collector] snapshot #1191 2026-09-17T15:37:42Z
[collector] snapshot #1192 2026-09-17T15:37:43Z
[collector] snapshot #1193 2026-09-17T15:37:44Z
[collector] snapshot #1194 2026-09-17T15:37:45Z
[collector] snapshot #1195 2026-09-17T15:37:46Z
[collector] snapshot #1196 2026-09-17T15:37:47Z
[collector] snapshot #1197 2026-09-17T15:37:48Z
[collector] snapshot #1198 2026-09-17T15:37:49Z
[collector] snapshot #1199 2026-09-17T15:37:50Z
[collector] snapshot #1200 2026-09-17T15:37:51Z
[collector] snapshot #1201 2026-09-17T15:37:52Z
[collector] snapshot #1202 2026-09-17T15:37:53Z
[collector] snapshot #1203 2026-09-17T15:37:54Z
[collector] snapshot #1204 2026-09-17T15:37:55Z
[collector] snapshot #1205 2026-09-17T15:37:56Z
[collector] snapshot #1206 2026-09-17T15:37:57Z
[collector] snapshot #1207 2026-09-17T15:37:58Z
[collector] snapshot #1208 2026-09-17T15:37:59Z
[collector] snapshot #1209 2026-09-17T15:38:00Z
[collector] snapshot #1210 2026-09-17T15:38:01Z
[collector] snapshot #1211 2026-09-17T15:38:02Z
[collector] snapshot #1212 2026-09-17T15:38:03Z
[collector] snapshot #1213 2026-09-17T15:38:04Z
[collector] snapshot #1214 2026-09-17T15:38:05Z
[collector] snapshot #1215 2026-09-17T15:38:06Z
[collector] snapshot #1216 2026-09-17T15:38:07Z
[collector] snapshot #1217 2026-09-17T15:38:08Z
[collector] snapshot #1218 2026-09-17T15:38:09Z
[collector] snapshot #1219 2026-09-17T15:38:10Z
[collector] snapshot #1220 2026-09-17T15:38:11Z
[collector] snapshot #1221 2026-09-17T15:38:12Z
[collector] snapshot #1222 2026-09-17T15:38:13Z
[collector] snapshot #1223 2026-09-17T15:38:14Z
[collector] snapshot #1224 2026-09-17T15:38:15Z
[collector] snapshot #1225 2026-09-17T15:38:16Z
[collector] snapshot #1226 2026-09-17T15:38:17Z
[collector] snapshot #1227 2026-09-17T15:38:18Z
[collector] snapshot #1228 2026-09-17T15:38:19Z
[collector] snapshot #1229 2026-09-17T15:38:20Z
[collector] snapshot #1230 2026-09-17T15:38:21Z
[collector] snapshot #1231 2026-09-17T15:38:22Z
[collector] snapshot #1232 2026-09-17T15:38:23Z
[collector] snapshot #1233 2026-09-17T15:38:24Z
[collector] snapshot #1234 2026-09-17T15:38:25Z
[collector] snapshot #1235 2026-09-17T15:38:26Z
[collector] snapshot #1236 2026-09-17T15:38:27Z
[collector] snapshot #1237 2026-09-17T15:38:28Z
[collector] snapshot #1238 2026-09-17T15:38:29Z
[collector] snapshot #1239 2026-09-17T15:38:30Z
[collector] snapshot #1240 2026-09-17T15:38:31Z
[collector] snapshot #1241 2026-09-17T15:38:32Z
[collector] snapshot #1242 2026-09-17T15:38:33Z
[collector] snapshot #1243 2026-09-17T15:38:34Z
[collector] snapshot #1244 2026-09-17T15:38:35Z
[collector] snapshot #1245 2026-09-17T15:38:36Z
[collector] snapshot #1246 2026-09-17T15:38:37Z
[collector] snapshot #1247 2026-09-17T15:38:38Z
[collector] snapshot #1248 2026-09-17T15:38:39Z
[collector] snapshot #1249 2026-09-17T15:38:40Z
[collector] snapshot #1250 2026-09-17T15:38:41Z
[collector] snapshot #1251 2026-09-17T15:38:42Z
[collector] snapshot #1252 2026-09-17T15:38:43Z
[collector] snapshot #1253 2026-09-17T15:38:44Z
[collector] snapshot #1254 2026-09-17T15:38:45Z
[collector] snapshot #1255 2026-09-17T15:38:46Z
[collector] snapshot #1256 2026-09-17T15:38:47Z
[collector] snapshot #1257 2026-09-17T15:38:48Z
[collector] snapshot #1258 2026-09-17T15:38:49Z
[collector] snapshot #1259 2026-09-17T15:38:50Z
[collector] snapshot #1260 2026-09-17T15:38:51Z
[collector] snapshot #1261 2026-09-17T15:38:52Z
[collector] snapshot #1262 2026-09-17T15:38:53Z
[collector] snapshot #1263 2026-09-17T15:38:54Z
[collector] snapshot #1264 2026-09-17T15:38:55Z
[collector] snapshot #1265 2026-09-17T15:38:56Z
[collector] snapshot #1266 2026-09-17T15:38:57Z
[collector] snapshot #1267 2026-09-17T15:38:58Z
[collector] snapshot #1268 2026-09-17T15:38:59Z
[collector] snapshot #1269 2026-09-17T15:39:00Z
[collector] snapshot #1270 2026-09-17T15:39:01Z
[collector] snapshot #1271 2026-09-17T15:39:02Z
[collector] snapshot #1272 2026-09-17T15:39:03Z
[collector] snapshot #1273 2026-09-17T15:39:04Z
[collector] snapshot #1274 2026-09-17T15:39:05Z
[collector] snapshot #1275 2026-09-17T15:39:06Z
[collector] snapshot #1276 2026-09-17T15:39:07Z
[collector] snapshot #1277 2026-09-17T15:39:08Z
[collector] snapshot #1278 2026-09-17T15:39:09Z
[collector] snapshot #1279 2026-09-17T15:39:10Z
[collector] snapshot #1280 2026-09-17T15:39:11Z
[collector] snapshot #1281 2026-09-17T15:39:12Z
[collector] snapshot #1282 2026-09-17T15:39:13Z
[collector] snapshot #1283 2026-09-17T15:39:14Z
[collector] snapshot #1284 2026-09-17T15:39:15Z
[collector] snapshot #1285 2026-09-17T15:39:16Z
[collector] snapshot #1286 2026-09-17T15:39:17Z
[collector] snapshot #1287 2026-09-17T15:39:18Z
[collector] snapshot #1288 2026-09-17T15:39:19Z
[collector] snapshot #1289 2026-09-17T15:39:20Z
[collector] snapshot #1290 2026-09-17T15:39:21Z
[collector] snapshot #1291 2026-09-17T15:39:22Z
[collector] snapshot #1292 2026-09-17T15:39:23Z
[collector] snapshot #1293 2026-09-17T15:39:24Z
[collector] snapshot #1294 2026-09-17T15:39:25Z
[collector] snapshot #1295 2026-09-17T15:39:26Z
[collector] snapshot #1296 2026-09-17T15:39:27Z
[collector] snapshot #1297 2026-09-17T15:39:28Z
[collector] snapshot #1298 2026-09-17T15:39:29Z
[collector] snapshot #1299 2026-09-17T15:39:30Z
[collector] snapshot #1300 2026-09-17T15:39:31Z
[collector] snapshot #1301 2026-09-17T15:39:32Z
[collector] snapshot #1302 2026-09-17T15:39:33Z
[collector] snapshot #1303 2026-09-17T15:39:34Z
[collector] snapshot #1304 2026-09-17T15:39:35Z
[collector] snapshot #1305 2026-09-17T15:39:36Z
[collector] snapshot #1306 2026-09-17T15:39:37Z
[collector] snapshot #1307 2026-09-17T15:39:38Z
[collector] snapshot #1308 2026-09-17T15:39:39Z
[collector] snapshot #1309 2026-09-17T15:39:40Z
[collector] snapshot #1310 2026-09-17T15:39:41Z
[collector] snapshot #1311 2026-09-17T15:39:42Z
[collector] snapshot #1312 2026-09-17T15:39:43Z
[collector] snapshot #1313 2026-09-17T15:39:44Z
[collector] snapshot #1314 2026-09-17T15:39:45Z
[collector] snapshot #1315 2026-09-17T15:39:46Z
[collector] snapshot #1316 2026-09-17T15:39:47Z
[collector] snapshot #1317 2026-09-17T15:39:48Z
[collector] snapshot #1318 2026-09-17T15:39:49Z
[collector] snapshot #1319 2026-09-17T15:39:50Z
[collector] snapshot #1320 2026-09-17T15:39:51Z
[collector] snapshot #1321 2026-09-17T15:39:52Z
[collector] snapshot #1322 2026-09-17T15:39:53Z
[collector] snapshot #1323 2026-09-17T15:39:54Z
[collector] snapshot #1324 2026-09-17T15:39:55Z
[collector] snapshot #1325 2026-09-17T15:39:56Z
[collector] snapshot #1326 2026-09-17T15:39:57Z
[collector] snapshot #1327 2026-09-17T15:39:58Z
[collector] snapshot #1328 2026-09-17T15:39:59Z
[collector] snapshot #1329 2026-09-17T15:40:00Z
[collector] snapshot #1330 2026-09-17T15:40:01Z
[collector] snapshot #1331 2026-09-17T15:40:02Z
[collector] snapshot #1332 2026-09-17T15:40:03Z
[collector] snapshot #1333 2026-09-17T15:40:04Z
[collector] snapshot #1334 2026-09-17T15:40:05Z
[collector] snapshot #1335 2026-09-17T15:40:06Z
[collector] snapshot #1336 2026-09-17T15:40:07Z
[collector] snapshot #1337 2026-09-17T15:40:08Z
[collector] snapshot #1338 2026-09-17T15:40:09Z
[collector] snapshot #1339 2026-09-17T15:40:10Z
[collector] snapshot #1340 2026-09-17T15:40:11Z
[collector] snapshot #1341 2026-09-17T15:40:12Z
[collector] snapshot #1342 2026-09-17T15:40:13Z
[collector] snapshot #1343 2026-09-17T15:40:14Z
[collector] snapshot #1344 2026-09-17T15:40:15Z
[collector] snapshot #1345 2026-09-17T15:40:16Z
[collector] snapshot #1346 2026-09-17T15:40:17Z
[collector] snapshot #1347 2026-09-17T15:40:18Z
[collector] snapshot #1348 2026-09-17T15:40:19Z
[collector] snapshot #1349 2026-09-17T15:40:20Z
[collector] snapshot #1350 2026-09-17T15:40:21Z
[collector] snapshot #1351 2026-09-17T15:40:22Z
[collector] snapshot #1352 2026-09-17T15:40:23Z
[collector] snapshot #1353 2026-09-17T15:40:24Z
[collector] snapshot #1354 2026-09-17T15:40:25Z
[collector] snapshot #1355 2026-09-17T15:40:26Z
[collector] snapshot #1356 2026-09-17T15:40:27Z
[collector] snapshot #1357 2026-09-17T15:40:28Z
[collector] snapshot #1358 2026-09-17T15:40:29Z
[collector] snapshot #1359 2026-09-17T15:40:30Z
[collector] snapshot #1360 2026-09-17T15:40:31Z
[collector] snapshot #1361 2026-09-17T15:40:32Z
[collector] snapshot #1362 2026-09-17T15:40:33Z
[collector] snapshot #1363 2026-09-17T15:40:34Z
[collector] snapshot #1364 2026-09-17T15:40:35Z
[collector] snapshot #1365 2026-09-17T15:40:36Z
[collector] snapshot #1366 2026-09-17T15:40:37Z
[collector] snapshot #1367 2026-09-17T15:40:38Z
[collector] snapshot #1368 2026-09-17T15:40:39Z
[collector] snapshot #1369 2026-09-17T15:40:40Z
[collector] snapshot #1370 2026-09-17T15:40:41Z
[collector] snapshot #1371 2026-09-17T15:40:42Z
[collector] snapshot #1372 2026-09-17T15:40:43Z
[collector] snapshot #1373 2026-09-17T15:40:44Z
[collector] snapshot #1374 2026-09-17T15:40:45Z
[collector] snapshot #1375 2026-09-17T15:40:46Z
[collector] snapshot #1376 2026-09-17T15:40:47Z
[collector] snapshot #1377 2026-09-17T15:40:48Z
[collector] snapshot #1378 2026-09-17T15:40:49Z
[collector] snapshot #1379 2026-09-17T15:40:50Z
[collector] snapshot #1380 2026-09-17T15:40:51Z
[collector] snapshot #1381 2026-09-17T15:40:52Z
[collector] snapshot #1382 2026-09-17T15:40:53Z
[collector] snapshot #1383 2026-09-17T15:40:54Z
[collector] snapshot #1384 2026-09-17T15:40:55Z
[collector] snapshot #1385 2026-09-17T15:40:56Z
[collector] snapshot #1386 2026-09-17T15:40:57Z
[collector] snapshot #1387 2026-09-17T15:40:58Z
[collector] snapshot #1388 2026-09-17T15:40:59Z
[collector] snapshot #1389 2026-09-17T15:41:00Z
[collector] snapshot #1390 2026-09-17T15:41:01Z
[collector] snapshot #1391 2026-09-17T15:41:02Z
[collector] snapshot #1392 2026-09-17T15:41:03Z
[collector] snapshot #1393 2026-09-17T15:41:04Z
[collector] snapshot #1394 2026-09-17T15:41:05Z
[collector] snapshot #1395 2026-09-17T15:41:06Z
[collector] snapshot #1396 2026-09-17T15:41:07Z
[collector] snapshot #1397 2026-09-17T15:41:08Z
[collector] snapshot #1398 2026-09-17T15:41:09Z
[collector] snapshot #1399 2026-09-17T15:41:10Z
[collector] snapshot #1400 2026-09-17T15:41:11Z
[collector] snapshot #1401 2026-09-17T15:41:12Z
[collector] snapshot #1402 2026-09-17T15:41:13Z
[collector] snapshot #1403 2026-09-17T15:41:14Z
[collector] snapshot #1404 2026-09-17T15:41:15Z
[collector] snapshot #1405 2026-09-17T15:41:16Z
[collector] snapshot #1406 2026-09-17T15:41:17Z
[collector] snapshot #1407 2026-09-17T15:41:18Z
[collector] snapshot #1408 2026-09-17T15:41:19Z
[collector] snapshot #1409 2026-09-17T15:41:20Z
[collector] snapshot #1410 2026-09-17T15:41:21Z
[collector] snapshot #1411 2026-09-17T15:41:22Z
[collector] snapshot #1412 2026-09-17T15:41:23Z
[collector] snapshot #1413 2026-09-17T15:41:24Z
[collector] snapshot #1414 2026-09-17T15:41:25Z
[collector] snapshot #1415 2026-09-17T15:41:26Z
[collector] snapshot #1416 2026-09-17T15:41:27Z
[collector] snapshot #1417 2026-09-17T15:41:28Z
[collector] snapshot #1418 2026-09-17T15:41:29Z
[collector] snapshot #1419 2026-09-17T15:41:30Z
[collector] snapshot #1420 2026-09-17T15:41:31Z
[collector] snapshot #1421 2026-09-17T15:41:32Z
[collector] snapshot #1422 2026-09-17T15:41:33Z
[collector] snapshot #1423 2026-09-17T15:41:34Z
[collector] snapshot #1424 2026-09-17T15:41:35Z
[collector] snapshot #1425 2026-09-17T15:41:36Z
[collector] snapshot #1426 2026-09-17T15:41:37Z
[collector] snapshot #1427 2026-09-17T15:41:38Z
[collector] snapshot #1428 2026-09-17T15:41:39Z
[collector] snapshot #1429 2026-09-17T15:41:40Z
[collector] snapshot #1430 2026-09-17T15:41:41Z
[collector] snapshot #1431 2026-09-17T15:41:42Z
[collector] snapshot #1432 2026-09-17T15:41:43Z
[collector] snapshot #1433 2026-09-17T15:41:44Z
[collector] snapshot #1434 2026-09-17T15:41:45Z
[collector] snapshot #1435 2026-09-17T15:41:46Z
[collector] snapshot #1436 2026-09-17T15:41:47Z
[collector] snapshot #1437 2026-09-17T15:41:48Z
[collector] snapshot #1438 2026-09-17T15:41:49Z
[collector] snapshot #1439 2026-09-17T15:41:50Z
[collector] snapshot #1440 2026-09-17T15:41:51Z
[collector] snapshot #1441 2026-09-17T15:41:52Z
[collector] snapshot #1442 2026-09-17T15:41:53Z
[collector] snapshot #1443 2026-09-17T15:41:54Z
[collector] snapshot #1444 2026-09-17T15:41:55Z
[collector] snapshot #1445 2026-09-17T15:41:56Z
[collector] snapshot #1446 2026-09-17T15:41:57Z
[collector] snapshot #1447 2026-09-17T15:41:58Z
[collector] snapshot #1448 2026-09-17T15:41:59Z
[collector] snapshot #1449 2026-09-17T15:42:00Z
[collector] snapshot #1450 2026-09-17T15:42:01Z
[collector] snapshot #1451 2026-09-17T15:42:02Z
[collector] snapshot #1452 2026-09-17T15:42:03Z
[collector] snapshot #1453 2026-09-17T15:42:04Z
[collector] snapshot #1454 2026-09-17T15:42:05Z
[collector] snapshot #1455 2026-09-17T15:42:06Z
[collector] snapshot #1456 2026-09-17T15:42:07Z
[collector] snapshot #1457 2026-09-17T15:42:08Z
[collector] snapshot #1458 2026-09-17T15:42:09Z
[collector] snapshot #1459 2026-09-17T15:42:10Z
[collector] snapshot #1460 2026-09-17T15:42:11Z
[collector] snapshot #1461 2026-09-17T15:42:12Z
[collector] snapshot #1462 2026-09-17T15:42:13Z
[collector] snapshot #1463 2026-09-17T15:42:14Z
[collector] snapshot #1464 2026-09-17T15:42:15Z
[collector] snapshot #1465 2026-09-17T15:42:16Z
[collector] snapshot #1466 2026-09-17T15:42:17Z
[collector] snapshot #1467 2026-09-17T15:42:18Z
[collector] snapshot #1468 2026-09-17T15:42:19Z
[collector] snapshot #1469 2026-09-17T15:42:20Z
[collector] snapshot #1470 2026-09-17T15:42:21Z
[collector] snapshot #1471 2026-09-17T15:42:22Z
[collector] snapshot #1472 2026-09-17T15:42:23Z
[collector] snapshot #1473 2026-09-17T15:42:24Z
[collector] snapshot #1474 2026-09-17T15:42:25Z
[collector] snapshot #1475 2026-09-17T15:42:26Z
[collector] snapshot #1476 2026-09-17T15:42:27Z
[collector] snapshot #1477 2026-09-17T15:42:28Z
[collector] snapshot #1478 2026-09-17T15:42:29Z
[collector] snapshot #1479 2026-09-17T15:42:30Z
[collector] snapshot #1480 2026-09-17T15:42:31Z
[collector] snapshot #1481 2026-09-17T15:42:32Z
[collector] snapshot #1482 2026-09-17T15:42:33Z
[collector] snapshot #1483 2026-09-17T15:42:34Z
[collector] snapshot #1484 2026-09-17T15:42:35Z
[collector] snapshot #1485 2026-09-17T15:42:36Z
[collector] snapshot #1486 2026-09-17T15:42:37Z
[collector] snapshot #1487 2026-09-17T15:42:38Z
[collector] snapshot #1488 2026-09-17T15:42:39Z
[collector] snapshot #1489 2026-09-17T15:42:40Z
[collector] snapshot #1490 2026-09-17T15:42:41Z
[collector] snapshot #1491 2026-09-17T15:42:42Z
[collector] snapshot #1492 2026-09-17T15:42:43Z
[collector] snapshot #1493 2026-09-17T15:42:44Z
[collector] snapshot #1494 2026-09-17T15:42:45Z
[collector] snapshot #1495 2026-09-17T15:42:46Z
[collector] snapshot #1496 2026-09-17T15:42:47Z
[collector] snapshot #1497 2026-09-17T15:42:48Z
[collector] snapshot #1498 2026-09-17T15:42:49Z
[collector] snapshot #1499 2026-09-17T15:42:50Z
[collector] snapshot #1500 2026-09-17T15:42:51Z
[collector] snapshot #1501 2026-09-17T15:42:52Z
[collector] snapshot #1502 2026-09-17T15:42:53Z
[collector] snapshot #1503 2026-09-17T15:42:54Z
[collector] snapshot #1504 2026-09-17T15:42:55Z
[collector] snapshot #1505 2026-09-17T15:42:56Z
[collector] snapshot #1506 2026-09-17T15:42:58Z
[collector] snapshot #1507 2026-09-17T15:42:59Z
[collector] snapshot #1508 2026-09-17T15:43:00Z
[collector] snapshot #1509 2026-09-17T15:43:01Z
[collector] snapshot #1510 2026-09-17T15:43:02Z
[collector] snapshot #1511 2026-09-17T15:43:03Z
[collector] snapshot #1512 2026-09-17T15:43:04Z
[collector] snapshot #1513 2026-09-17T15:43:05Z
[collector] snapshot #1514 2026-09-17T15:43:06Z
[collector] snapshot #1515 2026-09-17T15:43:07Z
[collector] snapshot #1516 2026-09-17T15:43:08Z
[collector] snapshot #1517 2026-09-17T15:43:09Z
[collector] snapshot #1518 2026-09-17T15:43:10Z
[collector] snapshot #1519 2026-09-17T15:43:11Z
[collector] snapshot #1520 2026-09-17T15:43:12Z
[collector] snapshot #1521 2026-09-17T15:43:13Z
[collector] snapshot #1522 2026-09-17T15:43:14Z
[collector] snapshot #1523 2026-09-17T15:43:15Z
[collector] snapshot #1524 2026-09-17T15:43:16Z
[collector] snapshot #1525 2026-09-17T15:43:17Z
[collector] snapshot #1526 2026-09-17T15:43:18Z
[collector] snapshot #1527 2026-09-17T15:43:19Z
[collector] snapshot #1528 2026-09-17T15:43:20Z
[collector] snapshot #1529 2026-09-17T15:43:21Z
[collector] snapshot #1530 2026-09-17T15:43:22Z
[collector] snapshot #1531 2026-09-17T15:43:23Z
[collector] snapshot #1532 2026-09-17T15:43:24Z
[collector] snapshot #1533 2026-09-17T15:43:25Z
[collector] snapshot #1534 2026-09-17T15:43:26Z
[collector] snapshot #1535 2026-09-17T15:43:27Z
[collector] snapshot #1536 2026-09-17T15:43:28Z
[collector] snapshot #1537 2026-09-17T15:43:29Z
[collector] snapshot #1538 2026-09-17T15:43:30Z
[collector] snapshot #1539 2026-09-17T15:43:31Z
[collector] snapshot #1540 2026-09-17T15:43:32Z
[collector] snapshot #1541 2026-09-17T15:43:33Z
[collector] snapshot #1542 2026-09-17T15:43:34Z
[collector] snapshot #1543 2026-09-17T15:43:35Z
[collector] snapshot #1544 2026-09-17T15:43:36Z
[collector] snapshot #1545 2026-09-17T15:43:37Z
[collector] snapshot #1546 2026-09-17T15:43:38Z
[collector] snapshot #1547 2026-09-17T15:43:39Z
[collector] snapshot #1548 2026-09-17T15:43:40Z
[collector] snapshot #1549 2026-09-17T15:43:41Z
[collector] snapshot #1550 2026-09-17T15:43:42Z
[collector] snapshot #1551 2026-09-17T15:43:43Z
[collector] snapshot #1552 2026-09-17T15:43:44Z
[collector] snapshot #1553 2026-09-17T15:43:45Z
[collector] snapshot #1554 2026-09-17T15:43:46Z
[collector] snapshot #1555 2026-09-17T15:43:47Z
[collector] snapshot #1556 2026-09-17T15:43:48Z
[collector] snapshot #1557 2026-09-17T15:43:49Z
[collector] snapshot #1558 2026-09-17T15:43:50Z
[collector] snapshot #1559 2026-09-17T15:43:51Z
[collector] snapshot #1560 2026-09-17T15:43:52Z
[collector] snapshot #1561 2026-09-17T15:43:53Z
[collector] snapshot #1562 2026-09-17T15:43:54Z
[collector] snapshot #1563 2026-09-17T15:43:55Z
[collector] snapshot #1564 2026-09-17T15:43:56Z
[collector] snapshot #1565 2026-09-17T15:43:57Z
[collector] snapshot #1566 2026-09-17T15:43:58Z
[collector] snapshot #1567 2026-09-17T15:43:59Z
[collector] snapshot #1568 2026-09-17T15:44:00Z
[collector] snapshot #1569 2026-09-17T15:44:01Z
[collector] snapshot #1570 2026-09-17T15:44:02Z
[collector] snapshot #1571 2026-09-17T15:44:03Z
[collector] snapshot #1572 2026-09-17T15:44:04Z
[collector] snapshot #1573 2026-09-17T15:44:05Z
[collector] snapshot #1574 2026-09-17T15:44:06Z
[collector] snapshot #1575 2026-09-17T15:44:07Z
[collector] snapshot #1576 2026-09-17T15:44:08Z
[collector] snapshot #1577 2026-09-17T15:44:09Z
[collector] snapshot #1578 2026-09-17T15:44:10Z
[collector] snapshot #1579 2026-09-17T15:44:11Z
[collector] snapshot #1580 2026-09-17T15:44:12Z
[collector] snapshot #1581 2026-09-17T15:44:13Z
[collector] snapshot #1582 2026-09-17T15:44:14Z
[collector] snapshot #1583 2026-09-17T15:44:15Z
[collector] snapshot #1584 2026-09-17T15:44:16Z
[collector] snapshot #1585 2026-09-17T15:44:17Z
[collector] snapshot #1586 2026-09-17T15:44:18Z
[collector] snapshot #1587 2026-09-17T15:44:19Z
[collector] snapshot #1588 2026-09-17T15:44:20Z
[collector] snapshot #1589 2026-09-17T15:44:21Z
[collector] snapshot #1590 2026-09-17T15:44:22Z
[collector] snapshot #1591 2026-09-17T15:44:23Z
[collector] snapshot #1592 2026-09-17T15:44:24Z
[collector] snapshot #1593 2026-09-17T15:44:25Z
[collector] snapshot #1594 2026-09-17T15:44:26Z
[collector] snapshot #1595 2026-09-17T15:44:27Z
[collector] snapshot #1596 2026-09-17T15:44:28Z
[collector] snapshot #1597 2026-09-17T15:44:29Z
[collector] snapshot #1598 2026-09-17T15:44:30Z
[collector] snapshot #1599 2026-09-17T15:44:31Z
[collector] snapshot #1600 2026-09-17T15:44:32Z
[collector] snapshot #1601 2026-09-17T15:44:33Z
[collector] snapshot #1602 2026-09-17T15:44:34Z
[collector] snapshot #1603 2026-09-17T15:44:35Z
[collector] snapshot #1604 2026-09-17T15:44:36Z
[collector] snapshot #1605 2026-09-17T15:44:37Z
[collector] snapshot #1606 2026-09-17T15:44:38Z
[collector] snapshot #1607 2026-09-17T15:44:39Z
[collector] snapshot #1608 2026-09-17T15:44:40Z
[collector] snapshot #1609 2026-09-17T15:44:41Z
[collector] snapshot #1610 2026-09-17T15:44:42Z
[collector] snapshot #1611 2026-09-17T15:44:43Z
[collector] snapshot #1612 2026-09-17T15:44:44Z
[collector] snapshot #1613 2026-09-17T15:44:45Z
[collector] snapshot #1614 2026-09-17T15:44:46Z
[collector] snapshot #1615 2026-09-17T15:44:47Z
[collector] snapshot #1616 2026-09-17T15:44:48Z
[collector] snapshot #1617 2026-09-17T15:44:49Z
[collector] snapshot #1618 2026-09-17T15:44:50Z
[collector] snapshot #1619 2026-09-17T15:44:51Z
[collector] snapshot #1620 2026-09-17T15:44:52Z
[collector] snapshot #1621 2026-09-17T15:44:53Z
[collector] snapshot #1622 2026-09-17T15:44:54Z
[collector] snapshot #1623 2026-09-17T15:44:55Z
[collector] snapshot #1624 2026-09-17T15:44:56Z
[collector] snapshot #1625 2026-09-17T15:44:57Z
[collector] snapshot #1626 2026-09-17T15:44:58Z
[collector] snapshot #1627 2026-09-17T15:44:59Z
[collector] snapshot #1628 2026-09-17T15:45:00Z
[collector] snapshot #1629 2026-09-17T15:45:01Z
[collector] snapshot #1630 2026-09-17T15:45:02Z
[collector] snapshot #1631 2026-09-17T15:45:03Z
[collector] snapshot #1632 2026-09-17T15:45:04Z
[collector] snapshot #1633 2026-09-17T15:45:05Z
[collector] snapshot #1634 2026-09-17T15:45:06Z
[collector] snapshot #1635 2026-09-17T15:45:07Z
[collector] snapshot #1636 2026-09-17T15:45:08Z
[collector] snapshot #1637 2026-09-17T15:45:09Z
[collector] snapshot #1638 2026-09-17T15:45:10Z
[collector] snapshot #1639 2026-09-17T15:45:11Z
[collector] snapshot #1640 2026-09-17T15:45:12Z
[collector] snapshot #1641 2026-09-17T15:45:13Z
[collector] snapshot #1642 2026-09-17T15:45:14Z
[collector] snapshot #1643 2026-09-17T15:45:15Z
[collector] snapshot #1644 2026-09-17T15:45:16Z
[collector] snapshot #1645 2026-09-17T15:45:17Z
[collector] snapshot #1646 2026-09-17T15:45:18Z
[collector] snapshot #1647 2026-09-17T15:45:19Z
[collector] snapshot #1648 2026-09-17T15:45:20Z
[collector] snapshot #1649 2026-09-17T15:45:21Z
[collector] snapshot #1650 2026-09-17T15:45:22Z
[collector] snapshot #1651 2026-09-17T15:45:23Z
[collector] snapshot #1652 2026-09-17T15:45:24Z
[collector] snapshot #1653 2026-09-17T15:45:25Z
[collector] snapshot #1654 2026-09-17T15:45:26Z
[collector] snapshot #1655 2026-09-17T15:45:27Z
[collector] snapshot #1656 2026-09-17T15:45:28Z
[collector] snapshot #1657 2026-09-17T15:45:29Z
[collector] snapshot #1658 2026-09-17T15:45:30Z
[collector] snapshot #1659 2026-09-17T15:45:31Z
[collector] snapshot #1660 2026-09-17T15:45:32Z
[collector] snapshot #1661 2026-09-17T15:45:33Z
[collector] snapshot #1662 2026-09-17T15:45:34Z
[collector] snapshot #1663 2026-09-17T15:45:35Z
[collector] snapshot #1664 2026-09-17T15:45:36Z
[collector] snapshot #1665 2026-09-17T15:45:37Z
[collector] snapshot #1666 2026-09-17T15:45:38Z
[collector] snapshot #1667 2026-09-17T15:45:39Z
[collector] snapshot #1668 2026-09-17T15:45:40Z
[collector] snapshot #1669 2026-09-17T15:45:41Z
[collector] snapshot #1670 2026-09-17T15:45:42Z
[collector] snapshot #1671 2026-09-17T15:45:43Z
[collector] snapshot #1672 2026-09-17T15:45:44Z
[collector] snapshot #1673 2026-09-17T15:45:45Z
[collector] snapshot #1674 2026-09-17T15:45:46Z
[collector] snapshot #1675 2026-09-17T15:45:47Z
[collector] snapshot #1676 2026-09-17T15:45:48Z
[collector] snapshot #1677 2026-09-17T15:45:49Z
[collector] snapshot #1678 2026-09-17T15:45:50Z
[collector] snapshot #1679 2026-09-17T15:45:51Z
[collector] snapshot #1680 2026-09-17T15:45:52Z
[collector] snapshot #1681 2026-09-17T15:45:53Z
[collector] snapshot #1682 2026-09-17T15:45:54Z
[collector] snapshot #1683 2026-09-17T15:45:55Z
[collector] snapshot #1684 2026-09-17T15:45:56Z
[collector] snapshot #1685 2026-09-17T15:45:57Z
[collector] snapshot #1686 2026-09-17T15:45:58Z
[collector] snapshot #1687 2026-09-17T15:45:59Z
[collector] snapshot #1688 2026-09-17T15:46:00Z
[collector] snapshot #1689 2026-09-17T15:46:01Z
[collector] snapshot #1690 2026-09-17T15:46:02Z
[collector] snapshot #1691 2026-09-17T15:46:03Z
[collector] snapshot #1692 2026-09-17T15:46:04Z
[collector] snapshot #1693 2026-09-17T15:46:05Z
[collector] snapshot #1694 2026-09-17T15:46:06Z
[collector] snapshot #1695 2026-09-17T15:46:07Z
[collector] snapshot #1696 2026-09-17T15:46:08Z
[collector] snapshot #1697 2026-09-17T15:46:09Z
[collector] snapshot #1698 2026-09-17T15:46:10Z
[collector] snapshot #1699 2026-09-17T15:46:11Z
[collector] snapshot #1700 2026-09-17T15:46:12Z
[collector] snapshot #1701 2026-09-17T15:46:13Z
[collector] snapshot #1702 2026-09-17T15:46:14Z
[collector] snapshot #1703 2026-09-17T15:46:15Z
[collector] snapshot #1704 2026-09-17T15:46:16Z
[collector] snapshot #1705 2026-09-17T15:46:17Z
[collector] snapshot #1706 2026-09-17T15:46:18Z
[collector] snapshot #1707 2026-09-17T15:46:19Z
[collector] snapshot #1708 2026-09-17T15:46:20Z
[collector] snapshot #1709 2026-09-17T15:46:21Z
[collector] snapshot #1710 2026-09-17T15:46:22Z
[collector] snapshot #1711 2026-09-17T15:46:23Z
[collector] snapshot #1712 2026-09-17T15:46:24Z
[collector] snapshot #1713 2026-09-17T15:46:25Z
[collector] snapshot #1714 2026-09-17T15:46:26Z
[collector] snapshot #1715 2026-09-17T15:46:27Z
[collector] snapshot #1716 2026-09-17T15:46:28Z
[collector] snapshot #1717 2026-09-17T15:46:29Z
[collector] snapshot #1718 2026-09-17T15:46:30Z
[collector] snapshot #1719 2026-09-17T15:46:31Z
[collector] snapshot #1720 2026-09-17T15:46:32Z
[collector] snapshot #1721 2026-09-17T15:46:33Z
[collector] snapshot #1722 2026-09-17T15:46:34Z
[collector] snapshot #1723 2026-09-17T15:46:35Z
[collector] snapshot #1724 2026-09-17T15:46:36Z
[collector] snapshot #1725 2026-09-17T15:46:37Z
[collector] snapshot #1726 2026-09-17T15:46:38Z
[collector] snapshot #1727 2026-09-17T15:46:39Z
[collector] snapshot #1728 2026-09-17T15:46:40Z
[collector] snapshot #1729 2026-09-17T15:46:41Z
[collector] snapshot #1730 2026-09-17T15:46:42Z
[collector] snapshot #1731 2026-09-17T15:46:43Z
[collector] snapshot #1732 2026-09-17T15:46:44Z
[collector] snapshot #1733 2026-09-17T15:46:45Z
[collector] snapshot #1734 2026-09-17T15:46:46Z
[collector] snapshot #1735 2026-09-17T15:46:47Z
[collector] snapshot #1736 2026-09-17T15:46:48Z
[collector] snapshot #1737 2026-09-17T15:46:49Z
[collector] snapshot #1738 2026-09-17T15:46:50Z
[collector] snapshot #1739 2026-09-17T15:46:51Z
[collector] snapshot #1740 2026-09-17T15:46:52Z
[collector] snapshot #1741 2026-09-17T15:46:53Z
[collector] snapshot #1742 2026-09-17T15:46:54Z
[collector] snapshot #1743 2026-09-17T15:46:55Z
[collector] snapshot #1744 2026-09-17T15:46:56Z
[collector] snapshot #1745 2026-09-17T15:46:57Z
[collector] snapshot #1746 2026-09-17T15:46:58Z
[collector] snapshot #1747 2026-09-17T15:46:59Z
[collector] snapshot #1748 2026-09-17T15:47:00Z
[collector] snapshot #1749 2026-09-17T15:47:01Z
[collector] snapshot #1750 2026-09-17T15:47:02Z
[collector] snapshot #1751 2026-09-17T15:47:03Z
[collector] snapshot #1752 2026-09-17T15:47:04Z
[collector] snapshot #1753 2026-09-17T15:47:05Z
[collector] snapshot #1754 2026-09-17T15:47:06Z
[collector] snapshot #1755 2026-09-17T15:47:07Z
[collector] snapshot #1756 2026-09-17T15:47:08Z
[collector] snapshot #1757 2026-09-17T15:47:09Z
[collector] snapshot #1758 2026-09-17T15:47:10Z
[collector] snapshot #1759 2026-09-17T15:47:11Z
[collector] snapshot #1760 2026-09-17T15:47:12Z
[collector] snapshot #1761 2026-09-17T15:47:13Z
[collector] snapshot #1762 2026-09-17T15:47:14Z
[collector] snapshot #1763 2026-09-17T15:47:15Z
[collector] snapshot #1764 2026-09-17T15:47:16Z
[collector] snapshot #1765 2026-09-17T15:47:17Z
[collector] snapshot #1766 2026-09-17T15:47:18Z
[collector] snapshot #1767 2026-09-17T15:47:19Z
[collector] snapshot #1768 2026-09-17T15:47:20Z
[collector] snapshot #1769 2026-09-17T15:47:21Z
[collector] snapshot #1770 2026-09-17T15:47:22Z
[collector] snapshot #1771 2026-09-17T15:47:23Z
[collector] snapshot #1772 2026-09-17T15:47:24Z
[collector] snapshot #1773 2026-09-17T15:47:25Z
[collector] snapshot #1774 2026-09-17T15:47:26Z
[collector] snapshot #1775 2026-09-17T15:47:27Z
[collector] snapshot #1776 2026-09-17T15:47:28Z
[collector] snapshot #1777 2026-09-17T15:47:29Z
[collector] snapshot #1778 2026-09-17T15:47:30Z
[collector] snapshot #1779 2026-09-17T15:47:31Z
[collector] snapshot #1780 2026-09-17T15:47:32Z
[collector] snapshot #1781 2026-09-17T15:47:33Z
[collector] snapshot #1782 2026-09-17T15:47:34Z
[collector] snapshot #1783 2026-09-17T15:47:35Z
[collector] snapshot #1784 2026-09-17T15:47:36Z
[collector] snapshot #1785 2026-09-17T15:47:37Z
[collector] snapshot #1786 2026-09-17T15:47:38Z
[collector] snapshot #1787 2026-09-17T15:47:39Z
[collector] snapshot #1788 2026-09-17T15:47:40Z
[collector] snapshot #1789 2026-09-17T15:47:41Z
[collector] snapshot #1790 2026-09-17T15:47:42Z
[collector] snapshot #1791 2026-09-17T15:47:43Z
[collector] snapshot #1792 2026-09-17T15:47:44Z
[collector] snapshot #1793 2026-09-17T15:47:45Z
[collector] snapshot #1794 2026-09-17T15:47:46Z
[collector] snapshot #1795 2026-09-17T15:47:47Z
[collector] snapshot #1796 2026-09-17T15:47:48Z
[collector] snapshot #1797 2026-09-17T15:47:49Z
[collector] snapshot #1798 2026-09-17T15:47:50Z
[collector] snapshot #1799 2026-09-17T15:47:51Z
[collector] snapshot #1800 2026-09-17T15:47:52Z
[collector] snapshot #1801 2026-09-17T15:47:53Z
[collector] snapshot #1802 2026-09-17T15:47:54Z
[collector] snapshot #1803 2026-09-17T15:47:55Z
[collector] snapshot #1804 2026-09-17T15:47:56Z
[collector] snapshot #1805 2026-09-17T15:47:57Z
[collector] snapshot #1806 2026-09-17T15:47:58Z
[collector] snapshot #1807 2026-09-17T15:47:59Z
[collector] snapshot #1808 2026-09-17T15:48:00Z
[collector] snapshot #1809 2026-09-17T15:48:01Z
[collector] snapshot #1810 2026-09-17T15:48:02Z
[collector] snapshot #1811 2026-09-17T15:48:03Z
[collector] snapshot #1812 2026-09-17T15:48:04Z
[collector] snapshot #1813 2026-09-17T15:48:05Z
[collector] snapshot #1814 2026-09-17T15:48:06Z
[collector] snapshot #1815 2026-09-17T15:48:07Z
[collector] snapshot #1816 2026-09-17T15:48:08Z
[collector] snapshot #1817 2026-09-17T15:48:09Z
[collector] snapshot #1818 2026-09-17T15:48:10Z
[collector] snapshot #1819 2026-09-17T15:48:11Z
[collector] snapshot #1820 2026-09-17T15:48:12Z
[collector] snapshot #1821 2026-09-17T15:48:13Z
[collector] snapshot #1822 2026-09-17T15:48:14Z
[collector] snapshot #1823 2026-09-17T15:48:15Z
[collector] snapshot #1824 2026-09-17T15:48:16Z
[collector] snapshot #1825 2026-09-17T15:48:17Z
[collector] snapshot #1826 2026-09-17T15:48:18Z
[collector] snapshot #1827 2026-09-17T15:48:19Z
[collector] snapshot #1828 2026-09-17T15:48:20Z
[collector] snapshot #1829 2026-09-17T15:48:21Z
[collector] snapshot #1830 2026-09-17T15:48:22Z
[collector] snapshot #1831 2026-09-17T15:48:23Z
[collector] snapshot #1832 2026-09-17T15:48:24Z
[collector] snapshot #1833 2026-09-17T15:48:25Z
[collector] snapshot #1834 2026-09-17T15:48:26Z
[collector] snapshot #1835 2026-09-17T15:48:27Z
[collector] snapshot #1836 2026-09-17T15:48:28Z
[collector] snapshot #1837 2026-09-17T15:48:29Z
[collector] snapshot #1838 2026-09-17T15:48:30Z
[collector] snapshot #1839 2026-09-17T15:48:31Z
[collector] snapshot #1840 2026-09-17T15:48:32Z
[collector] snapshot #1841 2026-09-17T15:48:33Z
[collector] snapshot #1842 2026-09-17T15:48:34Z
[collector] snapshot #1843 2026-09-17T15:48:35Z
[collector] snapshot #1844 2026-09-17T15:48:36Z
[collector] snapshot #1845 2026-09-17T15:48:37Z
[collector] snapshot #1846 2026-09-17T15:48:38Z
[collector] snapshot #1847 2026-09-17T15:48:39Z
[collector] snapshot #1848 2026-09-17T15:48:40Z
[collector] snapshot #1849 2026-09-17T15:48:41Z
[collector] snapshot #1850 2026-09-17T15:48:42Z
[collector] snapshot #1851 2026-09-17T15:48:43Z
[collector] snapshot #1852 2026-09-17T15:48:44Z
[collector] snapshot #1853 2026-09-17T15:48:45Z
[collector] snapshot #1854 2026-09-17T15:48:46Z
[collector] snapshot #1855 2026-09-17T15:48:47Z
[collector] snapshot #1856 2026-09-17T15:48:48Z
[collector] snapshot #1857 2026-09-17T15:48:49Z
[collector] snapshot #1858 2026-09-17T15:48:50Z
[collector] snapshot #1859 2026-09-17T15:48:51Z
[collector] snapshot #1860 2026-09-17T15:48:52Z
[collector] snapshot #1861 2026-09-17T15:48:53Z
[collector] snapshot #1862 2026-09-17T15:48:54Z
[collector] snapshot #1863 2026-09-17T15:48:55Z
[collector] snapshot #1864 2026-09-17T15:48:56Z
[collector] snapshot #1865 2026-09-17T15:48:57Z
[collector] snapshot #1866 2026-09-17T15:48:58Z
[collector] snapshot #1867 2026-09-17T15:48:59Z
[collector] snapshot #1868 2026-09-17T15:49:00Z
[collector] snapshot #1869 2026-09-17T15:49:01Z
[collector] snapshot #1870 2026-09-17T15:49:02Z
[collector] snapshot #1871 2026-09-17T15:49:03Z
[collector] snapshot #1872 2026-09-17T15:49:04Z
[collector] snapshot #1873 2026-09-17T15:49:05Z
[collector] snapshot #1874 2026-09-17T15:49:06Z
[collector] snapshot #1875 2026-09-17T15:49:07Z
[collector] snapshot #1876 2026-09-17T15:49:08Z
[collector] snapshot #1877 2026-09-17T15:49:09Z
[collector] snapshot #1878 2026-09-17T15:49:10Z
[collector] snapshot #1879 2026-09-17T15:49:11Z
[collector] snapshot #1880 2026-09-17T15:49:12Z
[collector] snapshot #1881 2026-09-17T15:49:13Z
[collector] snapshot #1882 2026-09-17T15:49:14Z
[collector] snapshot #1883 2026-09-17T15:49:15Z
[collector] snapshot #1884 2026-09-17T15:49:16Z
[collector] snapshot #1885 2026-09-17T15:49:17Z
[collector] snapshot #1886 2026-09-17T15:49:18Z
[collector] snapshot #1887 2026-09-17T15:49:19Z
[collector] snapshot #1888 2026-09-17T15:49:20Z
[collector] snapshot #1889 2026-09-17T15:49:21Z
[collector] snapshot #1890 2026-09-17T15:49:22Z
[collector] snapshot #1891 2026-09-17T15:49:23Z
[collector] snapshot #1892 2026-09-17T15:49:24Z
[collector] snapshot #1893 2026-09-17T15:49:25Z
[collector] snapshot #1894 2026-09-17T15:49:26Z
[collector] snapshot #1895 2026-09-17T15:49:27Z
[collector] snapshot #1896 2026-09-17T15:49:28Z
[collector] snapshot #1897 2026-09-17T15:49:29Z
[collector] snapshot #1898 2026-09-17T15:49:30Z
[collector] snapshot #1899 2026-09-17T15:49:31Z
[collector] snapshot #1900 2026-09-17T15:49:32Z
[collector] snapshot #1901 2026-09-17T15:49:33Z
[collector] snapshot #1902 2026-09-17T15:49:34Z
[collector] snapshot #1903 2026-09-17T15:49:35Z
[collector] snapshot #1904 2026-09-17T15:49:36Z
[collector] snapshot #1905 2026-09-17T15:49:37Z
[collector] snapshot #1906 2026-09-17T15:49:38Z
[collector] snapshot #1907 2026-09-17T15:49:39Z
[collector] snapshot #1908 2026-09-17T15:49:40Z
[collector] snapshot #1909 2026-09-17T15:49:41Z
[collector] snapshot #1910 2026-09-17T15:49:42Z
[collector] snapshot #1911 2026-09-17T15:49:43Z
[collector] snapshot #1912 2026-09-17T15:49:44Z
[collector] snapshot #1913 2026-09-17T15:49:45Z
[collector] snapshot #1914 2026-09-17T15:49:46Z
[collector] snapshot #1915 2026-09-17T15:49:47Z
[collector] snapshot #1916 2026-09-17T15:49:48Z
[collector] snapshot #1917 2026-09-17T15:49:49Z
[collector] snapshot #1918 2026-09-17T15:49:50Z
[collector] snapshot #1919 2026-09-17T15:49:51Z
[collector] snapshot #1920 2026-09-17T15:49:52Z
[collector] snapshot #1921 2026-09-17T15:49:53Z
[collector] snapshot #1922 2026-09-17T15:49:54Z
[collector] snapshot #1923 2026-09-17T15:49:55Z
[collector] snapshot #1924 2026-09-17T15:49:56Z
[collector] snapshot #1925 2026-09-17T15:49:57Z
[collector] snapshot #1926 2026-09-17T15:49:58Z
[collector] snapshot #1927 2026-09-17T15:49:59Z
[collector] snapshot #1928 2026-09-17T15:50:00Z
[collector] snapshot #1929 2026-09-17T15:50:01Z
[collector] snapshot #1930 2026-09-17T15:50:02Z
[collector] snapshot #1931 2026-09-17T15:50:03Z
[collector] snapshot #1932 2026-09-17T15:50:04Z
[collector] snapshot #1933 2026-09-17T15:50:05Z
[collector] snapshot #1934 2026-09-17T15:50:06Z
[collector] snapshot #1935 2026-09-17T15:50:07Z
[collector] snapshot #1936 2026-09-17T15:50:08Z
[collector] snapshot #1937 2026-09-17T15:50:09Z
[collector] snapshot #1938 2026-09-17T15:50:10Z
[collector] snapshot #1939 2026-09-17T15:50:11Z
[collector] snapshot #1940 2026-09-17T15:50:12Z
[collector] snapshot #1941 2026-09-17T15:50:13Z
[collector] snapshot #1942 2026-09-17T15:50:14Z
[collector] snapshot #1943 2026-09-17T15:50:15Z
[collector] snapshot #1944 2026-09-17T15:50:16Z
[collector] snapshot #1945 2026-09-17T15:50:17Z
[collector] snapshot #1946 2026-09-17T15:50:18Z
[collector] snapshot #1947 2026-09-17T15:50:19Z
[collector] snapshot #1948 2026-09-17T15:50:20Z
[collector] snapshot #1949 2026-09-17T15:50:21Z
[collector] snapshot #1950 2026-09-17T15:50:22Z
[collector] snapshot #1951 2026-09-17T15:50:23Z
[collector] snapshot #1952 2026-09-17T15:50:24Z
[collector] snapshot #1953 2026-09-17T15:50:25Z
[collector] snapshot #1954 2026-09-17T15:50:26Z
[collector] snapshot #1955 2026-09-17T15:50:27Z
[collector] snapshot #1956 2026-09-17T15:50:28Z
[collector] snapshot #1957 2026-09-17T15:50:29Z
[collector] snapshot #1958 2026-09-17T15:50:30Z
[collector] snapshot #1959 2026-09-17T15:50:31Z
[collector] snapshot #1960 2026-09-17T15:50:32Z
[collector] snapshot #1961 2026-09-17T15:50:33Z
[collector] snapshot #1962 2026-09-17T15:50:34Z
[collector] snapshot #1963 2026-09-17T15:50:35Z
[collector] snapshot #1964 2026-09-17T15:50:36Z
[collector] snapshot #1965 2026-09-17T15:50:37Z
[collector] snapshot #1966 2026-09-17T15:50:38Z
[collector] snapshot #1967 2026-09-17T15:50:39Z
[collector] snapshot #1968 2026-09-17T15:50:40Z
[collector] snapshot #1969 2026-09-17T15:50:41Z
[collector] snapshot #1970 2026-09-17T15:50:42Z
[collector] snapshot #1971 2026-09-17T15:50:43Z
[collector] snapshot #1972 2026-09-17T15:50:44Z
[collector] snapshot #1973 2026-09-17T15:50:45Z
[collector] snapshot #1974 2026-09-17T15:50:46Z
[collector] snapshot #1975 2026-09-17T15:50:47Z
[collector] snapshot #1976 2026-09-17T15:50:48Z
[collector] snapshot #1977 2026-09-17T15:50:49Z
[collector] snapshot #1978 2026-09-17T15:50:50Z
[collector] snapshot #1979 2026-09-17T15:50:51Z
[collector] snapshot #1980 2026-09-17T15:50:52Z
[collector] snapshot #1981 2026-09-17T15:50:53Z
[collector] snapshot #1982 2026-09-17T15:50:54Z
[collector] snapshot #1983 2026-09-17T15:50:55Z
[collector] snapshot #1984 2026-09-17T15:50:56Z
[collector] snapshot #1985 2026-09-17T15:50:57Z
[collector] snapshot #1986 2026-09-17T15:50:58Z
[collector] snapshot #1987 2026-09-17T15:50:59Z
[collector] snapshot #1988 2026-09-17T15:51:00Z
[collector] snapshot #1989 2026-09-17T15:51:01Z
[collector] snapshot #1990 2026-09-17T15:51:02Z
[collector] snapshot #1991 2026-09-17T15:51:03Z
[collector] snapshot #1992 2026-09-17T15:51:04Z
[collector] snapshot #1993 2026-09-17T15:51:05Z
[collector] snapshot #1994 2026-09-17T15:51:06Z
[collector] snapshot #1995 2026-09-17T15:51:07Z
[collector] snapshot #1996 2026-09-17T15:51:08Z
[collector] snapshot #1997 2026-09-17T15:51:09Z
[collector] snapshot #1998 2026-09-17T15:51:10Z
[collector] snapshot #1999 2026-09-17T15:51:11Z
[collector] snapshot #2000 2026-09-17T15:51:12Z
[collector] snapshot #2001 2026-09-17T15:51:13Z
[collector] snapshot #2002 2026-09-17T15:51:14Z
[collector] snapshot #2003 2026-09-17T15:51:15Z
[collector] snapshot #2004 2026-09-17T15:51:16Z
[collector] snapshot #2005 2026-09-17T15:51:17Z
[collector] snapshot #2006 2026-09-17T15:51:18Z
[collector] snapshot #2007 2026-09-17T15:51:19Z
[collector] snapshot #2008 2026-09-17T15:51:20Z
[collector] snapshot #2009 2026-09-17T15:51:21Z
[collector] snapshot #2010 2026-09-17T15:51:22Z
[collector] snapshot #2011 2026-09-17T15:51:23Z
[collector] snapshot #2012 2026-09-17T15:51:24Z
[collector] snapshot #2013 2026-09-17T15:51:25Z
[collector] snapshot #2014 2026-09-17T15:51:26Z
[collector] snapshot #2015 2026-09-17T15:51:27Z
[collector] snapshot #2016 2026-09-17T15:51:28Z
[collector] snapshot #2017 2026-09-17T15:51:29Z
[collector] snapshot #2018 2026-09-17T15:51:30Z
[collector] snapshot #2019 2026-09-17T15:51:31Z
[collector] snapshot #2020 2026-09-17T15:51:32Z
[collector] snapshot #2021 2026-09-17T15:51:33Z
[collector] snapshot #2022 2026-09-17T15:51:34Z
[collector] snapshot #2023 2026-09-17T15:51:35Z
[collector] snapshot #2024 2026-09-17T15:51:36Z
[collector] snapshot #2025 2026-09-17T15:51:37Z
[collector] snapshot #2026 2026-09-17T15:51:38Z
[collector] snapshot #2027 2026-09-17T15:51:39Z
[collector] snapshot #2028 2026-09-17T15:51:40Z
[collector] snapshot #2029 2026-09-17T15:51:41Z
[collector] snapshot #2030 2026-09-17T15:51:42Z
[collector] snapshot #2031 2026-09-17T15:51:43Z
[collector] snapshot #2032 2026-09-17T15:51:44Z
[collector] snapshot #2033 2026-09-17T15:51:45Z
[collector] snapshot #2034 2026-09-17T15:51:46Z
[collector] snapshot #2035 2026-09-17T15:51:47Z
[collector] snapshot #2036 2026-09-17T15:51:48Z
[collector] snapshot #2037 2026-09-17T15:51:49Z
[collector] snapshot #2038 2026-09-17T15:51:50Z
[collector] snapshot #2039 2026-09-17T15:51:51Z
[collector] snapshot #2040 2026-09-17T15:51:52Z
[collector] snapshot #2041 2026-09-17T15:51:53Z
[collector] snapshot #2042 2026-09-17T15:51:54Z
[collector] snapshot #2043 2026-09-17T15:51:55Z
[collector] snapshot #2044 2026-09-17T15:51:56Z
[collector] snapshot #2045 2026-09-17T15:51:57Z
[collector] snapshot #2046 2026-09-17T15:51:58Z
[collector] snapshot #2047 2026-09-17T15:51:59Z
[collector] snapshot #2048 2026-09-17T15:52:00Z
[collector] snapshot #2049 2026-09-17T15:52:01Z
[collector] snapshot #2050 2026-09-17T15:52:02Z
[collector] snapshot #2051 2026-09-17T15:52:03Z
[collector] snapshot #2052 2026-09-17T15:52:04Z
[collector] snapshot #2053 2026-09-17T15:52:05Z
[collector] snapshot #2054 2026-09-17T15:52:06Z
[collector] snapshot #2055 2026-09-17T15:52:07Z
[collector] snapshot #2056 2026-09-17T15:52:08Z
[collector] snapshot #2057 2026-09-17T15:52:09Z
[collector] snapshot #2058 2026-09-17T15:52:10Z
[collector] snapshot #2059 2026-09-17T15:52:11Z
[collector] snapshot #2060 2026-09-17T15:52:12Z
[collector] snapshot #2061 2026-09-17T15:52:13Z
[collector] snapshot #2062 2026-09-17T15:52:14Z
[collector] snapshot #2063 2026-09-17T15:52:15Z
[collector] snapshot #2064 2026-09-17T15:52:16Z
[collector] snapshot #2065 2026-09-17T15:52:17Z
[collector] snapshot #2066 2026-09-17T15:52:18Z
[collector] snapshot #2067 2026-09-17T15:52:19Z
[collector] snapshot #2068 2026-09-17T15:52:20Z
[collector] snapshot #2069 2026-09-17T15:52:21Z
[collector] snapshot #2070 2026-09-17T15:52:22Z
[collector] snapshot #2071 2026-09-17T15:52:23Z
[collector] snapshot #2072 2026-09-17T15:52:24Z
[collector] snapshot #2073 2026-09-17T15:52:25Z
[collector] snapshot #2074 2026-09-17T15:52:26Z
[collector] snapshot #2075 2026-09-17T15:52:27Z
[collector] snapshot #2076 2026-09-17T15:52:28Z
[collector] snapshot #2077 2026-09-17T15:52:29Z
[collector] snapshot #2078 2026-09-17T15:52:30Z
[collector] snapshot #2079 2026-09-17T15:52:31Z
[collector] snapshot #2080 2026-09-17T15:52:32Z
[collector] snapshot #2081 2026-09-17T15:52:33Z
[collector] snapshot #2082 2026-09-17T15:52:34Z
[collector] snapshot #2083 2026-09-17T15:52:35Z
[collector] snapshot #2084 2026-09-17T15:52:36Z
[collector] snapshot #2085 2026-09-17T15:52:37Z
[collector] snapshot #2086 2026-09-17T15:52:38Z
[collector] snapshot #2087 2026-09-17T15:52:39Z
[collector] snapshot #2088 2026-09-17T15:52:40Z
[collector] snapshot #2089 2026-09-17T15:52:41Z
[collector] snapshot #2090 2026-09-17T15:52:42Z
[collector] snapshot #2091 2026-09-17T15:52:43Z
[collector] snapshot #2092 2026-09-17T15:52:44Z
[collector] snapshot #2093 2026-09-17T15:52:45Z
[collector] snapshot #2094 2026-09-17T15:52:46Z
[collector] snapshot #2095 2026-09-17T15:52:47Z
[collector] snapshot #2096 2026-09-17T15:52:48Z
[collector] snapshot #2097 2026-09-17T15:52:49Z
[collector] snapshot #2098 2026-09-17T15:52:50Z
[collector] snapshot #2099 2026-09-17T15:52:51Z
[collector] snapshot #2100 2026-09-17T15:52:52Z
[collector] snapshot #2101 2026-09-17T15:52:53Z
[collector] snapshot #2102 2026-09-17T15:52:54Z
[collector] snapshot #2103 2026-09-17T15:52:55Z
[collector] snapshot #2104 2026-09-17T15:52:56Z
[collector] snapshot #2105 2026-09-17T15:52:57Z
[collector] snapshot #2106 2026-09-17T15:52:58Z
[collector] snapshot #2107 2026-09-17T15:52:59Z
[collector] snapshot #2108 2026-09-17T15:53:00Z
[collector] snapshot #2109 2026-09-17T15:53:01Z
[collector] snapshot #2110 2026-09-17T15:53:02Z
[collector] snapshot #2111 2026-09-17T15:53:03Z
[collector] snapshot #2112 2026-09-17T15:53:04Z
[collector] snapshot #2113 2026-09-17T15:53:05Z
[collector] snapshot #2114 2026-09-17T15:53:06Z
[collector] snapshot #2115 2026-09-17T15:53:07Z
[collector] snapshot #2116 2026-09-17T15:53:08Z
[collector] snapshot #2117 2026-09-17T15:53:09Z
[collector] snapshot #2118 2026-09-17T15:53:10Z
[collector] snapshot #2119 2026-09-17T15:53:11Z
[collector] snapshot #2120 2026-09-17T15:53:12Z
[collector] snapshot #2121 2026-09-17T15:53:13Z
[collector] snapshot #2122 2026-09-17T15:53:14Z
[collector] snapshot #2123 2026-09-17T15:53:15Z
[collector] snapshot #2124 2026-09-17T15:53:16Z
[collector] snapshot #2125 2026-09-17T15:53:17Z
[collector] snapshot #2126 2026-09-17T15:53:18Z
[collector] snapshot #2127 2026-09-17T15:53:19Z
[collector] snapshot #2128 2026-09-17T15:53:20Z
[collector] snapshot #2129 2026-09-17T15:53:21Z
[collector] snapshot #2130 2026-09-17T15:53:22Z
[collector] snapshot #2131 2026-09-17T15:53:23Z
[collector] snapshot #2132 2026-09-17T15:53:24Z
[collector] snapshot #2133 2026-09-17T15:53:25Z
[collector] snapshot #2134 2026-09-17T15:53:26Z
[collector] snapshot #2135 2026-09-17T15:53:27Z
[collector] snapshot #2136 2026-09-17T15:53:28Z
[collector] snapshot #2137 2026-09-17T15:53:29Z
[collector] snapshot #2138 2026-09-17T15:53:30Z
[collector] snapshot #2139 2026-09-17T15:53:31Z
[collector] snapshot #2140 2026-09-17T15:53:32Z
[collector] snapshot #2141 2026-09-17T15:53:33Z
[collector] snapshot #2142 2026-09-17T15:53:34Z
[collector] snapshot #2143 2026-09-17T15:53:35Z
[collector] snapshot #2144 2026-09-17T15:53:36Z
[collector] snapshot #2145 2026-09-17T15:53:37Z
[collector] snapshot #2146 2026-09-17T15:53:38Z
[collector] snapshot #2147 2026-09-17T15:53:39Z
[collector] snapshot #2148 2026-09-17T15:53:40Z
[collector] snapshot #2149 2026-09-17T15:53:41Z
[collector] snapshot #2150 2026-09-17T15:53:42Z
[collector] snapshot #2151 2026-09-17T15:53:43Z
[collector] snapshot #2152 2026-09-17T15:53:44Z
[collector] snapshot #2153 2026-09-17T15:53:45Z
[collector] snapshot #2154 2026-09-17T15:53:46Z
[collector] snapshot #2155 2026-09-17T15:53:47Z
[collector] snapshot #2156 2026-09-17T15:53:48Z
[collector] snapshot #2157 2026-09-17T15:53:49Z
[collector] snapshot #2158 2026-09-17T15:53:50Z
[collector] snapshot #2159 2026-09-17T15:53:51Z
[collector] snapshot #2160 2026-09-17T15:53:52Z
[collector] snapshot #2161 2026-09-17T15:53:53Z
[collector] snapshot #2162 2026-09-17T15:53:54Z
[collector] snapshot #2163 2026-09-17T15:53:55Z
[collector] snapshot #2164 2026-09-17T15:53:56Z
[collector] snapshot #2165 2026-09-17T15:53:57Z
[collector] snapshot #2166 2026-09-17T15:53:58Z
[collector] snapshot #2167 2026-09-17T15:53:59Z
[collector] snapshot #2168 2026-09-17T15:54:00Z
[collector] snapshot #2169 2026-09-17T15:54:01Z
[collector] snapshot #2170 2026-09-17T15:54:02Z
[collector] snapshot #2171 2026-09-17T15:54:03Z
[collector] snapshot #2172 2026-09-17T15:54:04Z
[collector] snapshot #2173 2026-09-17T15:54:05Z
[collector] snapshot #2174 2026-09-17T15:54:06Z
[collector] snapshot #2175 2026-09-17T15:54:07Z
[collector] snapshot #2176 2026-09-17T15:54:08Z
[collector] snapshot #2177 2026-09-17T15:54:09Z
[collector] snapshot #2178 2026-09-17T15:54:10Z
[collector] snapshot #2179 2026-09-17T15:54:11Z
[collector] snapshot #2180 2026-09-17T15:54:12Z
[collector] snapshot #2181 2026-09-17T15:54:13Z
[collector] snapshot #2182 2026-09-17T15:54:14Z
[collector] snapshot #2183 2026-09-17T15:54:15Z
[collector] snapshot #2184 2026-09-17T15:54:16Z
[collector] snapshot #2185 2026-09-17T15:54:17Z
[collector] snapshot #2186 2026-09-17T15:54:18Z
[collector] snapshot #2187 2026-09-17T15:54:19Z
[collector] snapshot #2188 2026-09-17T15:54:20Z
[collector] snapshot #2189 2026-09-17T15:54:21Z
[collector] snapshot #2190 2026-09-17T15:54:22Z
[collector] snapshot #2191 2026-09-17T15:54:23Z
[collector] snapshot #2192 2026-09-17T15:54:24Z
[collector] snapshot #2193 2026-09-17T15:54:25Z
[collector] snapshot #2194 2026-09-17T15:54:26Z
[collector] snapshot #2195 2026-09-17T15:54:27Z
[collector] snapshot #2196 2026-09-17T15:54:28Z
[collector] snapshot #2197 2026-09-17T15:54:29Z
[collector] snapshot #2198 2026-09-17T15:54:30Z
[collector] snapshot #2199 2026-09-17T15:54:31Z
[collector] snapshot #2200 2026-09-17T15:54:32Z
[collector] snapshot #2201 2026-09-17T15:54:33Z
[collector] snapshot #2202 2026-09-17T15:54:34Z
[collector] snapshot #2203 2026-09-17T15:54:35Z
[collector] snapshot #2204 2026-09-17T15:54:36Z
[collector] snapshot #2205 2026-09-17T15:54:37Z
[collector] snapshot #2206 2026-09-17T15:54:38Z
[collector] snapshot #2207 2026-09-17T15:54:39Z
[collector] snapshot #2208 2026-09-17T15:54:40Z
[collector] snapshot #2209 2026-09-17T15:54:41Z
[collector] snapshot #2210 2026-09-17T15:54:42Z
[collector] snapshot #2211 2026-09-17T15:54:43Z
[collector] snapshot #2212 2026-09-17T15:54:44Z
[collector] snapshot #2213 2026-09-17T15:54:45Z
[collector] snapshot #2214 2026-09-17T15:54:46Z
[collector] snapshot #2215 2026-09-17T15:54:47Z
[collector] snapshot #2216 2026-09-17T15:54:48Z
[collector] snapshot #2217 2026-09-17T15:54:49Z
[collector] snapshot #2218 2026-09-17T15:54:50Z
[collector] snapshot #2219 2026-09-17T15:54:51Z
[collector] snapshot #2220 2026-09-17T15:54:52Z
[collector] snapshot #2221 2026-09-17T15:54:53Z
[collector] snapshot #2222 2026-09-17T15:54:54Z
[collector] snapshot #2223 2026-09-17T15:54:55Z
[collector] snapshot #2224 2026-09-17T15:54:56Z
[collector] snapshot #2225 2026-09-17T15:54:57Z
[collector] snapshot #2226 2026-09-17T15:54:58Z
[collector] snapshot #2227 2026-09-17T15:54:59Z
[collector] snapshot #2228 2026-09-17T15:55:00Z
[collector] snapshot #2229 2026-09-17T15:55:01Z
[collector] snapshot #2230 2026-09-17T15:55:02Z
[collector] snapshot #2231 2026-09-17T15:55:03Z
[collector] snapshot #2232 2026-09-17T15:55:04Z
[collector] snapshot #2233 2026-09-17T15:55:05Z
[collector] snapshot #2234 2026-09-17T15:55:06Z
[collector] snapshot #2235 2026-09-17T15:55:07Z
[collector] snapshot #2236 2026-09-17T15:55:08Z
[collector] snapshot #2237 2026-09-17T15:55:09Z
[collector] snapshot #2238 2026-09-17T15:55:10Z
[collector] snapshot #2239 2026-09-17T15:55:11Z
[collector] snapshot #2240 2026-09-17T15:55:12Z
[collector] snapshot #2241 2026-09-17T15:55:13Z
[collector] snapshot #2242 2026-09-17T15:55:14Z
[collector] snapshot #2243 2026-09-17T15:55:15Z
[collector] snapshot #2244 2026-09-17T15:55:16Z
[collector] snapshot #2245 2026-09-17T15:55:17Z
[collector] snapshot #2246 2026-09-17T15:55:18Z
[collector] snapshot #2247 2026-09-17T15:55:19Z
[collector] snapshot #2248 2026-09-17T15:55:20Z
[collector] snapshot #2249 2026-09-17T15:55:21Z
[collector] snapshot #2250 2026-09-17T15:55:22Z
[collector] snapshot #2251 2026-09-17T15:55:23Z
[collector] snapshot #2252 2026-09-17T15:55:24Z
[collector] snapshot #2253 2026-09-17T15:55:25Z
[collector] snapshot #2254 2026-09-17T15:55:26Z
[collector] snapshot #2255 2026-09-17T15:55:27Z
[collector] snapshot #2256 2026-09-17T15:55:28Z
[collector] snapshot #2257 2026-09-17T15:55:29Z
[collector] snapshot #2258 2026-09-17T15:55:30Z
[collector] snapshot #2259 2026-09-17T15:55:31Z
[collector] snapshot #2260 2026-09-17T15:55:32Z
[collector] snapshot #2261 2026-09-17T15:55:33Z
[collector] snapshot #2262 2026-09-17T15:55:34Z
[collector] snapshot #2263 2026-09-17T15:55:35Z
[collector] snapshot #2264 2026-09-17T15:55:36Z
[collector] snapshot #2265 2026-09-17T15:55:37Z
[collector] snapshot #2266 2026-09-17T15:55:38Z
[collector] snapshot #2267 2026-09-17T15:55:39Z
[collector] snapshot #2268 2026-09-17T15:55:40Z
[collector] snapshot #2269 2026-09-17T15:55:41Z
[collector] snapshot #2270 2026-09-17T15:55:42Z
[collector] snapshot #2271 2026-09-17T15:55:43Z
[collector] snapshot #2272 2026-09-17T15:55:44Z
[collector] snapshot #2273 2026-09-17T15:55:45Z
[collector] snapshot #2274 2026-09-17T15:55:46Z
[collector] snapshot #2275 2026-09-17T15:55:47Z
[collector] snapshot #2276 2026-09-17T15:55:48Z
[collector] snapshot #2277 2026-09-17T15:55:49Z
[collector] snapshot #2278 2026-09-17T15:55:50Z
[collector] snapshot #2279 2026-09-17T15:55:51Z
[collector] snapshot #2280 2026-09-17T15:55:52Z
[collector] snapshot #2281 2026-09-17T15:55:53Z
[collector] snapshot #2282 2026-09-17T15:55:54Z
[collector] snapshot #2283 2026-09-17T15:55:55Z
[collector] snapshot #2284 2026-09-17T15:55:56Z
[collector] snapshot #2285 2026-09-17T15:55:57Z
[collector] snapshot #2286 2026-09-17T15:55:58Z
[collector] snapshot #2287 2026-09-17T15:55:59Z
[collector] snapshot #2288 2026-09-17T15:56:00Z
[collector] snapshot #2289 2026-09-17T15:56:01Z
[collector] snapshot #2290 2026-09-17T15:56:02Z
[collector] snapshot #2291 2026-09-17T15:56:03Z
[collector] snapshot #2292 2026-09-17T15:56:04Z
[collector] snapshot #2293 2026-09-17T15:56:05Z
[collector] snapshot #2294 2026-09-17T15:56:06Z
[collector] snapshot #2295 2026-09-17T15:56:07Z
[collector] snapshot #2296 2026-09-17T15:56:08Z
[collector] snapshot #2297 2026-09-17T15:56:09Z
[collector] snapshot #2298 2026-09-17T15:56:10Z
[collector] snapshot #2299 2026-09-17T15:56:11Z
[collector] snapshot #2300 2026-09-17T15:56:12Z
[collector] snapshot #2301 2026-09-17T15:56:13Z
[collector] snapshot #2302 2026-09-17T15:56:14Z
[collector] snapshot #2303 2026-09-17T15:56:15Z
[collector] snapshot #2304 2026-09-17T15:56:16Z
[collector] snapshot #2305 2026-09-17T15:56:17Z
[collector] snapshot #2306 2026-09-17T15:56:18Z
[collector] snapshot #2307 2026-09-17T15:56:19Z
[collector] snapshot #2308 2026-09-17T15:56:20Z
[collector] snapshot #2309 2026-09-17T15:56:21Z
[collector] snapshot #2310 2026-09-17T15:56:22Z
[collector] snapshot #2311 2026-09-17T15:56:23Z
[collector] snapshot #2312 2026-09-17T15:56:24Z
[collector] snapshot #2313 2026-09-17T15:56:25Z
[collector] snapshot #2314 2026-09-17T15:56:26Z
[collector] snapshot #2315 2026-09-17T15:56:27Z
[collector] snapshot #2316 2026-09-17T15:56:28Z
[collector] snapshot #2317 2026-09-17T15:56:29Z
[collector] snapshot #2318 2026-09-17T15:56:30Z
[collector] snapshot #2319 2026-09-17T15:56:31Z
[collector] snapshot #2320 2026-09-17T15:56:32Z
[collector] snapshot #2321 2026-09-17T15:56:33Z
[collector] snapshot #2322 2026-09-17T15:56:34Z
[collector] snapshot #2323 2026-09-17T15:56:35Z
[collector] snapshot #2324 2026-09-17T15:56:36Z
[collector] snapshot #2325 2026-09-17T15:56:37Z
[collector] snapshot #2326 2026-09-17T15:56:38Z
[collector] snapshot #2327 2026-09-17T15:56:39Z
[collector] snapshot #2328 2026-09-17T15:56:40Z
[collector] snapshot #2329 2026-09-17T15:56:41Z
[collector] snapshot #2330 2026-09-17T15:56:42Z
[collector] snapshot #2331 2026-09-17T15:56:43Z
[collector] snapshot #2332 2026-09-17T15:56:44Z
[collector] snapshot #2333 2026-09-17T15:56:45Z
[collector] snapshot #2334 2026-09-17T15:56:46Z
[collector] snapshot #2335 2026-09-17T15:56:47Z
[collector] snapshot #2336 2026-09-17T15:56:48Z
[collector] snapshot #2337 2026-09-17T15:56:49Z
[collector] snapshot #2338 2026-09-17T15:56:50Z
[collector] snapshot #2339 2026-09-17T15:56:51Z
[collector] snapshot #2340 2026-09-17T15:56:52Z
[collector] snapshot #2341 2026-09-17T15:56:53Z
[collector] snapshot #2342 2026-09-17T15:56:54Z
[collector] snapshot #2343 2026-09-17T15:56:55Z
[collector] snapshot #2344 2026-09-17T15:56:56Z
[collector] snapshot #2345 2026-09-17T15:56:57Z
[collector] snapshot #2346 2026-09-17T15:56:58Z
[collector] snapshot #2347 2026-09-17T15:56:59Z
[collector] snapshot #2348 2026-09-17T15:57:00Z
[collector] snapshot #2349 2026-09-17T15:57:01Z
[collector] snapshot #2350 2026-09-17T15:57:02Z
[collector] snapshot #2351 2026-09-17T15:57:03Z
[collector] snapshot #2352 2026-09-17T15:57:04Z
[collector] snapshot #2353 2026-09-17T15:57:05Z
[collector] snapshot #2354 2026-09-17T15:57:06Z
[collector] snapshot #2355 2026-09-17T15:57:07Z
[collector] snapshot #2356 2026-09-17T15:57:08Z
[collector] snapshot #2357 2026-09-17T15:57:09Z
[collector] snapshot #2358 2026-09-17T15:57:10Z
[collector] snapshot #2359 2026-09-17T15:57:11Z
[collector] snapshot #2360 2026-09-17T15:57:12Z
[collector] snapshot #2361 2026-09-17T15:57:13Z
[collector] snapshot #2362 2026-09-17T15:57:14Z
[collector] snapshot #2363 2026-09-17T15:57:15Z
[collector] snapshot #2364 2026-09-17T15:57:16Z
[collector] snapshot #2365 2026-09-17T15:57:17Z
[collector] snapshot #2366 2026-09-17T15:57:18Z
[collector] snapshot #2367 2026-09-17T15:57:19Z
[collector] snapshot #2368 2026-09-17T15:57:20Z
[collector] snapshot #2369 2026-09-17T15:57:21Z
[collector] snapshot #2370 2026-09-17T15:57:22Z
[collector] snapshot #2371 2026-09-17T15:57:23Z
[collector] snapshot #2372 2026-09-17T15:57:24Z
[collector] snapshot #2373 2026-09-17T15:57:25Z
[collector] snapshot #2374 2026-09-17T15:57:26Z
[collector] snapshot #2375 2026-09-17T15:57:27Z
[collector] snapshot #2376 2026-09-17T15:57:28Z
[collector] snapshot #2377 2026-09-17T15:57:29Z
[collector] snapshot #2378 2026-09-17T15:57:30Z
[collector] snapshot #2379 2026-09-17T15:57:31Z
[collector] snapshot #2380 2026-09-17T15:57:32Z
[collector] snapshot #2381 2026-09-17T15:57:33Z
[collector] snapshot #2382 2026-09-17T15:57:34Z
[collector] snapshot #2383 2026-09-17T15:57:35Z
[collector] snapshot #2384 2026-09-17T15:57:36Z
[collector] snapshot #2385 2026-09-17T15:57:37Z
[collector] snapshot #2386 2026-09-17T15:57:38Z
[collector] snapshot #2387 2026-09-17T15:57:39Z
[collector] snapshot #2388 2026-09-17T15:57:40Z
[collector] snapshot #2389 2026-09-17T15:57:41Z
[collector] snapshot #2390 2026-09-17T15:57:42Z
[collector] snapshot #2391 2026-09-17T15:57:43Z
[collector] snapshot #2392 2026-09-17T15:57:44Z
[collector] snapshot #2393 2026-09-17T15:57:45Z
[collector] snapshot #2394 2026-09-17T15:57:46Z
[collector] snapshot #2395 2026-09-17T15:57:47Z
[collector] snapshot #2396 2026-09-17T15:57:48Z
[collector] snapshot #2397 2026-09-17T15:57:49Z
[collector] snapshot #2398 2026-09-17T15:57:50Z
[collector] snapshot #2399 2026-09-17T15:57:51Z
[collector] snapshot #2400 2026-09-17T15:57:52Z
[collector] snapshot #2401 2026-09-17T15:57:53Z
[collector] snapshot #2402 2026-09-17T15:57:54Z
[collector] snapshot #2403 2026-09-17T15:57:55Z
[collector] snapshot #2404 2026-09-17T15:57:56Z
[collector] snapshot #2405 2026-09-17T15:57:57Z
[collector] snapshot #2406 2026-09-17T15:57:58Z
[collector] snapshot #2407 2026-09-17T15:57:59Z
[collector] snapshot #2408 2026-09-17T15:58:00Z
[collector] snapshot #2409 2026-09-17T15:58:01Z
[collector] snapshot #2410 2026-09-17T15:58:02Z
[collector] snapshot #2411 2026-09-17T15:58:03Z
[collector] snapshot #2412 2026-09-17T15:58:04Z
[collector] snapshot #2413 2026-09-17T15:58:05Z
[collector] snapshot #2414 2026-09-17T15:58:06Z
[collector] snapshot #2415 2026-09-17T15:58:07Z
[collector] snapshot #2416 2026-09-17T15:58:08Z
[collector] snapshot #2417 2026-09-17T15:58:09Z
[collector] snapshot #2418 2026-09-17T15:58:10Z
[collector] snapshot #2419 2026-09-17T15:58:11Z
[collector] snapshot #2420 2026-09-17T15:58:12Z
[collector] snapshot #2421 2026-09-17T15:58:13Z
[collector] snapshot #2422 2026-09-17T15:58:14Z
[collector] snapshot #2423 2026-09-17T15:58:15Z
[collector] snapshot #2424 2026-09-17T15:58:16Z
[collector] snapshot #2425 2026-09-17T15:58:17Z
[collector] snapshot #2426 2026-09-17T15:58:18Z
[collector] snapshot #2427 2026-09-17T15:58:19Z
[collector] snapshot #2428 2026-09-17T15:58:20Z
[collector] snapshot #2429 2026-09-17T15:58:21Z
[collector] snapshot #2430 2026-09-17T15:58:22Z
[collector] snapshot #2431 2026-09-17T15:58:23Z
[collector] snapshot #2432 2026-09-17T15:58:24Z
[collector] snapshot #2433 2026-09-17T15:58:25Z
[collector] snapshot #2434 2026-09-17T15:58:26Z
[collector] snapshot #2435 2026-09-17T15:58:27Z
[collector] snapshot #2436 2026-09-17T15:58:28Z
[collector] snapshot #2437 2026-09-17T15:58:29Z
[collector] snapshot #2438 2026-09-17T15:58:30Z
[collector] snapshot #2439 2026-09-17T15:58:31Z
[collector] snapshot #2440 2026-09-17T15:58:32Z
[collector] snapshot #2441 2026-09-17T15:58:33Z
[collector] snapshot #2442 2026-09-17T15:58:34Z
[collector] snapshot #2443 2026-09-17T15:58:35Z
[collector] snapshot #2444 2026-09-17T15:58:36Z
[collector] snapshot #2445 2026-09-17T15:58:37Z
[collector] snapshot #2446 2026-09-17T15:58:38Z
[collector] snapshot #2447 2026-09-17T15:58:39Z
[collector] snapshot #2448 2026-09-17T15:58:40Z
[collector] snapshot #2449 2026-09-17T15:58:41Z
[collector] snapshot #2450 2026-09-17T15:58:42Z
[collector] snapshot #2451 2026-09-17T15:58:43Z
[collector] snapshot #2452 2026-09-17T15:58:44Z
[collector] snapshot #2453 2026-09-17T15:58:45Z
[collector] snapshot #2454 2026-09-17T15:58:46Z
[collector] snapshot #2455 2026-09-17T15:58:47Z
[collector] snapshot #2456 2026-09-17T15:58:48Z
[collector] snapshot #2457 2026-09-17T15:58:49Z
[collector] snapshot #2458 2026-09-17T15:58:50Z
[collector] snapshot #2459 2026-09-17T15:58:51Z
[collector] snapshot #2460 2026-09-17T15:58:52Z
[collector] snapshot #2461 2026-09-17T15:58:53Z
[collector] snapshot #2462 2026-09-17T15:58:54Z
[collector] snapshot #2463 2026-09-17T15:58:55Z
[collector] snapshot #2464 2026-09-17T15:58:56Z
[collector] snapshot #2465 2026-09-17T15:58:57Z
[collector] snapshot #2466 2026-09-17T15:58:58Z
[collector] snapshot #2467 2026-09-17T15:58:59Z
[collector] snapshot #2468 2026-09-17T15:59:00Z
[collector] snapshot #2469 2026-09-17T15:59:01Z
[collector] snapshot #2470 2026-09-17T15:59:02Z
[collector] snapshot #2471 2026-09-17T15:59:03Z
[collector] snapshot #2472 2026-09-17T15:59:04Z
[collector] snapshot #2473 2026-09-17T15:59:05Z
[collector] snapshot #2474 2026-09-17T15:59:06Z
[collector] snapshot #2475 2026-09-17T15:59:07Z
[collector] snapshot #2476 2026-09-17T15:59:08Z
[collector] snapshot #2477 2026-09-17T15:59:09Z
[collector] snapshot #2478 2026-09-17T15:59:10Z
[collector] snapshot #2479 2026-09-17T15:59:11Z
[collector] snapshot #2480 2026-09-17T15:59:12Z
[collector] snapshot #2481 2026-09-17T15:59:13Z
[collector] snapshot #2482 2026-09-17T15:59:14Z
[collector] snapshot #2483 2026-09-17T15:59:15Z
[collector] snapshot #2484 2026-09-17T15:59:16Z
[collector] snapshot #2485 2026-09-17T15:59:17Z
[collector] snapshot #2486 2026-09-17T15:59:18Z
[collector] snapshot #2487 2026-09-17T15:59:19Z
[collector] snapshot #2488 2026-09-17T15:59:20Z
[collector] snapshot #2489 2026-09-17T15:59:21Z
[collector] snapshot #2490 2026-09-17T15:59:22Z
[collector] snapshot #2491 2026-09-17T15:59:23Z
[collector] snapshot #2492 2026-09-17T15:59:24Z
[collector] snapshot #2493 2026-09-17T15:59:25Z
[collector] snapshot #2494 2026-09-17T15:59:26Z
[collector] snapshot #2495 2026-09-17T15:59:27Z
[collector] snapshot #2496 2026-09-17T15:59:28Z
[collector] snapshot #2497 2026-09-17T15:59:29Z
[collector] snapshot #2498 2026-09-17T15:59:30Z
[collector] snapshot #2499 2026-09-17T15:59:31Z
[collector] snapshot #2500 2026-09-17T15:59:32Z
[collector] snapshot #2501 2026-09-17T15:59:33Z
[collector] snapshot #2502 2026-09-17T15:59:34Z
[collector] snapshot #2503 2026-09-17T15:59:35Z
[collector] snapshot #2504 2026-09-17T15:59:36Z
[collector] snapshot #2505 2026-09-17T15:59:37Z
[collector] snapshot #2506 2026-09-17T15:59:38Z
[collector] snapshot #2507 2026-09-17T15:59:39Z
[collector] snapshot #2508 2026-09-17T15:59:40Z
[collector] snapshot #2509 2026-09-17T15:59:41Z
[collector] snapshot #2510 2026-09-17T15:59:42Z
[collector] snapshot #2511 2026-09-17T15:59:43Z
[collector] snapshot #2512 2026-09-17T15:59:44Z
[collector] snapshot #2513 2026-09-17T15:59:45Z
[collector] snapshot #2514 2026-09-17T15:59:46Z
[collector] snapshot #2515 2026-09-17T15:59:47Z
[collector] snapshot #2516 2026-09-17T15:59:48Z
[collector] snapshot #2517 2026-09-17T15:59:49Z
[collector] snapshot #2518 2026-09-17T15:59:50Z
[collector] snapshot #2519 2026-09-17T15:59:51Z
[collector] snapshot #2520 2026-09-17T15:59:52Z
[collector] snapshot #2521 2026-09-17T15:59:53Z
[collector] snapshot #2522 2026-09-17T15:59:54Z
[collector] snapshot #2523 2026-09-17T15:59:55Z
[collector] snapshot #2524 2026-09-17T15:59:56Z
[collector] snapshot #2525 2026-09-17T15:59:57Z
[collector] snapshot #2526 2026-09-17T15:59:58Z
[collector] snapshot #2527 2026-09-17T15:59:59Z
[collector] snapshot #2528 2026-09-17T16:00:00Z
[collector] snapshot #2529 2026-09-17T16:00:01Z
[collector] snapshot #2530 2026-09-17T16:00:02Z
[collector] snapshot #2531 2026-09-17T16:00:03Z
[collector] snapshot #2532 2026-09-17T16:00:04Z
[collector] snapshot #2533 2026-09-17T16:00:05Z
[collector] snapshot #2534 2026-09-17T16:00:06Z
[collector] snapshot #2535 2026-09-17T16:00:07Z
[collector] snapshot #2536 2026-09-17T16:00:08Z
[collector] snapshot #2537 2026-09-17T16:00:09Z
[collector] snapshot #2538 2026-09-17T16:00:10Z
[collector] snapshot #2539 2026-09-17T16:00:11Z
[collector] snapshot #2540 2026-09-17T16:00:12Z
[collector] snapshot #2541 2026-09-17T16:00:13Z
[collector] snapshot #2542 2026-09-17T16:00:14Z
[collector] snapshot #2543 2026-09-17T16:00:15Z
[collector] snapshot #2544 2026-09-17T16:00:16Z
[collector] snapshot #2545 2026-09-17T16:00:17Z
[collector] snapshot #2546 2026-09-17T16:00:18Z
[collector] snapshot #2547 2026-09-17T16:00:19Z
[collector] snapshot #2548 2026-09-17T16:00:20Z
[collector] snapshot #2549 2026-09-17T16:00:21Z
[collector] snapshot #2550 2026-09-17T16:00:22Z
[collector] snapshot #2551 2026-09-17T16:00:23Z
[collector] snapshot #2552 2026-09-17T16:00:24Z
[collector] snapshot #2553 2026-09-17T16:00:25Z
[collector] snapshot #2554 2026-09-17T16:00:26Z
[collector] snapshot #2555 2026-09-17T16:00:27Z
[collector] snapshot #2556 2026-09-17T16:00:28Z
[collector] snapshot #2557 2026-09-17T16:00:29Z
[collector] snapshot #2558 2026-09-17T16:00:30Z
[collector] snapshot #2559 2026-09-17T16:00:31Z
[collector] snapshot #2560 2026-09-17T16:00:32Z
[collector] snapshot #2561 2026-09-17T16:00:33Z
[collector] snapshot #2562 2026-09-17T16:00:34Z
[collector] snapshot #2563 2026-09-17T16:00:35Z
[collector] snapshot #2564 2026-09-17T16:00:36Z
[collector] snapshot #2565 2026-09-17T16:00:37Z
[collector] snapshot #2566 2026-09-17T16:00:38Z
[collector] snapshot #2567 2026-09-17T16:00:39Z
[collector] snapshot #2568 2026-09-17T16:00:40Z
[collector] snapshot #2569 2026-09-17T16:00:41Z
[collector] snapshot #2570 2026-09-17T16:00:42Z
[collector] snapshot #2571 2026-09-17T16:00:43Z
[collector] snapshot #2572 2026-09-17T16:00:44Z
[collector] snapshot #2573 2026-09-17T16:00:45Z
[collector] snapshot #2574 2026-09-17T16:00:46Z
[collector] snapshot #2575 2026-09-17T16:00:47Z
[collector] snapshot #2576 2026-09-17T16:00:48Z
[collector] snapshot #2577 2026-09-17T16:00:49Z
[collector] snapshot #2578 2026-09-17T16:00:50Z
[collector] snapshot #2579 2026-09-17T16:00:51Z
[collector] snapshot #2580 2026-09-17T16:00:52Z
[collector] snapshot #2581 2026-09-17T16:00:53Z
[collector] snapshot #2582 2026-09-17T16:00:54Z
[collector] snapshot #2583 2026-09-17T16:00:55Z
[collector] snapshot #2584 2026-09-17T16:00:56Z
[collector] snapshot #2585 2026-09-17T16:00:57Z
[collector] snapshot #2586 2026-09-17T16:00:58Z
[collector] snapshot #2587 2026-09-17T16:00:59Z
[collector] snapshot #2588 2026-09-17T16:01:00Z
[collector] snapshot #2589 2026-09-17T16:01:01Z
[collector] snapshot #2590 2026-09-17T16:01:02Z
[collector] snapshot #2591 2026-09-17T16:01:03Z
[collector] snapshot #2592 2026-09-17T16:01:04Z
[collector] snapshot #2593 2026-09-17T16:01:05Z
[collector] snapshot #2594 2026-09-17T16:01:06Z
[collector] snapshot #2595 2026-09-17T16:01:07Z
[collector] snapshot #2596 2026-09-17T16:01:08Z
[collector] snapshot #2597 2026-09-17T16:01:09Z
[collector] snapshot #2598 2026-09-17T16:01:10Z
[collector] snapshot #2599 2026-09-17T16:01:11Z
[collector] snapshot #2600 2026-09-17T16:01:12Z
[collector] snapshot #2601 2026-09-17T16:01:13Z
[collector] snapshot #2602 2026-09-17T16:01:14Z
[collector] snapshot #2603 2026-09-17T16:01:15Z
[collector] snapshot #2604 2026-09-17T16:01:16Z
[collector] snapshot #2605 2026-09-17T16:01:17Z
[collector] snapshot #2606 2026-09-17T16:01:18Z
[collector] snapshot #2607 2026-09-17T16:01:19Z
[collector] snapshot #2608 2026-09-17T16:01:20Z
[collector] snapshot #2609 2026-09-17T16:01:21Z
[collector] snapshot #2610 2026-09-17T16:01:22Z
[collector] snapshot #2611 2026-09-17T16:01:23Z
[collector] snapshot #2612 2026-09-17T16:01:24Z
[collector] snapshot #2613 2026-09-17T16:01:25Z
[collector] snapshot #2614 2026-09-17T16:01:26Z
[collector] snapshot #2615 2026-09-17T16:01:27Z
[collector] snapshot #2616 2026-09-17T16:01:28Z
[collector] snapshot #2617 2026-09-17T16:01:29Z
[collector] snapshot #2618 2026-09-17T16:01:30Z
[collector] snapshot #2619 2026-09-17T16:01:31Z
[collector] snapshot #2620 2026-09-17T16:01:32Z
[collector] snapshot #2621 2026-09-17T16:01:33Z
[collector] snapshot #2622 2026-09-17T16:01:34Z
[collector] snapshot #2623 2026-09-17T16:01:35Z
[collector] snapshot #2624 2026-09-17T16:01:36Z
[collector] snapshot #2625 2026-09-17T16:01:37Z
[collector] snapshot #2626 2026-09-17T16:01:38Z
[collector] snapshot #2627 2026-09-17T16:01:39Z
[collector] snapshot #2628 2026-09-17T16:01:40Z
[collector] snapshot #2629 2026-09-17T16:01:41Z
[collector] snapshot #2630 2026-09-17T16:01:42Z
[collector] snapshot #2631 2026-09-17T16:01:43Z
[collector] snapshot #2632 2026-09-17T16:01:44Z
[collector] snapshot #2633 2026-09-17T16:01:45Z
[collector] snapshot #2634 2026-09-17T16:01:46Z
[collector] snapshot #2635 2026-09-17T16:01:47Z
[collector] snapshot #2636 2026-09-17T16:01:48Z
[collector] snapshot #2637 2026-09-17T16:01:49Z
[collector] snapshot #2638 2026-09-17T16:01:50Z
[collector] snapshot #2639 2026-09-17T16:01:51Z
[collector] snapshot #2640 2026-09-17T16:01:52Z
[collector] snapshot #2641 2026-09-17T16:01:53Z
[collector] snapshot #2642 2026-09-17T16:01:54Z
[collector] snapshot #2643 2026-09-17T16:01:55Z
[collector] snapshot #2644 2026-09-17T16:01:56Z
[collector] snapshot #2645 2026-09-17T16:01:57Z
[collector] snapshot #2646 2026-09-17T16:01:58Z
[collector] snapshot #2647 2026-09-17T16:01:59Z
[collector] snapshot #2648 2026-09-17T16:02:00Z
[collector] snapshot #2649 2026-09-17T16:02:01Z
[collector] snapshot #2650 2026-09-17T16:02:02Z
[collector] snapshot #2651 2026-09-17T16:02:03Z
[collector] snapshot #2652 2026-09-17T16:02:04Z
[collector] snapshot #2653 2026-09-17T16:02:05Z
[collector] snapshot #2654 2026-09-17T16:02:06Z
[collector] snapshot #2655 2026-09-17T16:02:07Z
[collector] snapshot #2656 2026-09-17T16:02:08Z
[collector] snapshot #2657 2026-09-17T16:02:09Z
[collector] snapshot #2658 2026-09-17T16:02:10Z
[collector] snapshot #2659 2026-09-17T16:02:11Z
[collector] snapshot #2660 2026-09-17T16:02:12Z
[collector] snapshot #2661 2026-09-17T16:02:13Z
[collector] snapshot #2662 2026-09-17T16:02:14Z
[collector] snapshot #2663 2026-09-17T16:02:15Z
[collector] snapshot #2664 2026-09-17T16:02:16Z
[collector] snapshot #2665 2026-09-17T16:02:17Z
[collector] snapshot #2666 2026-09-17T16:02:18Z
[collector] snapshot #2667 2026-09-17T16:02:19Z
[collector] snapshot #2668 2026-09-17T16:02:20Z
[collector] snapshot #2669 2026-09-17T16:02:21Z
[collector] snapshot #2670 2026-09-17T16:02:22Z
[collector] snapshot #2671 2026-09-17T16:02:23Z
[collector] snapshot #2672 2026-09-17T16:02:24Z
[collector] snapshot #2673 2026-09-17T16:02:25Z
[collector] snapshot #2674 2026-09-17T16:02:26Z
[collector] snapshot #2675 2026-09-17T16:02:27Z
[collector] snapshot #2676 2026-09-17T16:02:28Z
[collector] snapshot #2677 2026-09-17T16:02:29Z
[collector] snapshot #2678 2026-09-17T16:02:30Z
[collector] snapshot #2679 2026-09-17T16:02:31Z
[collector] snapshot #2680 2026-09-17T16:02:32Z
[collector] snapshot #2681 2026-09-17T16:02:33Z
[collector] snapshot #2682 2026-09-17T16:02:34Z
[collector] snapshot #2683 2026-09-17T16:02:35Z
[collector] snapshot #2684 2026-09-17T16:02:36Z
[collector] snapshot #2685 2026-09-17T16:02:37Z
[collector] snapshot #2686 2026-09-17T16:02:38Z
[collector] snapshot #2687 2026-09-17T16:02:39Z
[collector] snapshot #2688 2026-09-17T16:02:40Z
[collector] snapshot #2689 2026-09-17T16:02:41Z
[collector] snapshot #2690 2026-09-17T16:02:42Z
[collector] snapshot #2691 2026-09-17T16:02:43Z
[collector] snapshot #2692 2026-09-17T16:02:44Z
[collector] snapshot #2693 2026-09-17T16:02:45Z
[collector] snapshot #2694 2026-09-17T16:02:46Z
[collector] snapshot #2695 2026-09-17T16:02:47Z
[collector] snapshot #2696 2026-09-17T16:02:48Z
[collector] snapshot #2697 2026-09-17T16:02:49Z
[collector] snapshot #2698 2026-09-17T16:02:50Z
[collector] snapshot #2699 2026-09-17T16:02:51Z
[collector] snapshot #2700 2026-09-17T16:02:52Z
[collector] snapshot #2701 2026-09-17T16:02:53Z
[collector] snapshot #2702 2026-09-17T16:02:54Z
[collector] snapshot #2703 2026-09-17T16:02:55Z
[collector] snapshot #2704 2026-09-17T16:02:56Z
[collector] snapshot #2705 2026-09-17T16:02:57Z
[collector] snapshot #2706 2026-09-17T16:02:58Z
[collector] snapshot #2707 2026-09-17T16:02:59Z
[collector] snapshot #2708 2026-09-17T16:03:00Z
[collector] snapshot #2709 2026-09-17T16:03:01Z
[collector] snapshot #2710 2026-09-17T16:03:02Z
[collector] snapshot #2711 2026-09-17T16:03:03Z
[collector] snapshot #2712 2026-09-17T16:03:04Z
[collector] snapshot #2713 2026-09-17T16:03:05Z
[collector] snapshot #2714 2026-09-17T16:03:06Z
[collector] snapshot #2715 2026-09-17T16:03:07Z
[collector] snapshot #2716 2026-09-17T16:03:08Z
[collector] snapshot #2717 2026-09-17T16:03:09Z
[collector] snapshot #2718 2026-09-17T16:03:10Z
[collector] snapshot #2719 2026-09-17T16:03:11Z
[collector] snapshot #2720 2026-09-17T16:03:12Z
[collector] snapshot #2721 2026-09-17T16:03:13Z
[collector] snapshot #2722 2026-09-17T16:03:14Z
[collector] snapshot #2723 2026-09-17T16:03:15Z
[collector] snapshot #2724 2026-09-17T16:03:16Z
[collector] snapshot #2725 2026-09-17T16:03:17Z
[collector] snapshot #2726 2026-09-17T16:03:18Z
[collector] snapshot #2727 2026-09-17T16:03:19Z
[collector] snapshot #2728 2026-09-17T16:03:20Z
[collector] snapshot #2729 2026-09-17T16:03:21Z
[collector] snapshot #2730 2026-09-17T16:03:22Z
[collector] snapshot #2731 2026-09-17T16:03:23Z
[collector] snapshot #2732 2026-09-17T16:03:24Z
[collector] snapshot #2733 2026-09-17T16:03:25Z
[collector] snapshot #2734 2026-09-17T16:03:26Z
[collector] snapshot #2735 2026-09-17T16:03:27Z
[collector] snapshot #2736 2026-09-17T16:03:28Z
[collector] snapshot #2737 2026-09-17T16:03:29Z
[collector] snapshot #2738 2026-09-17T16:03:30Z
[collector] snapshot #2739 2026-09-17T16:03:31Z
[collector] snapshot #2740 2026-09-17T16:03:32Z
[collector] snapshot #2741 2026-09-17T16:03:33Z
[collector] snapshot #2742 2026-09-17T16:03:34Z
[collector] snapshot #2743 2026-09-17T16:03:35Z
[collector] snapshot #2744 2026-09-17T16:03:36Z
[collector] snapshot #2745 2026-09-17T16:03:37Z
[collector] snapshot #2746 2026-09-17T16:03:38Z
[collector] snapshot #2747 2026-09-17T16:03:39Z
[collector] snapshot #2748 2026-09-17T16:03:40Z
[collector] snapshot #2749 2026-09-17T16:03:41Z
[collector] snapshot #2750 2026-09-17T16:03:42Z
[collector] snapshot #2751 2026-09-17T16:03:43Z
[collector] snapshot #2752 2026-09-17T16:03:44Z
[collector] snapshot #2753 2026-09-17T16:03:45Z
[collector] snapshot #2754 2026-09-17T16:03:46Z
[collector] snapshot #2755 2026-09-17T16:03:47Z
[collector] snapshot #2756 2026-09-17T16:03:48Z
[collector] snapshot #2757 2026-09-17T16:03:49Z
[collector] snapshot #2758 2026-09-17T16:03:50Z
[collector] snapshot #2759 2026-09-17T16:03:51Z
[collector] snapshot #2760 2026-09-17T16:03:52Z
[collector] snapshot #2761 2026-09-17T16:03:53Z
[collector] snapshot #2762 2026-09-17T16:03:54Z
[collector] snapshot #2763 2026-09-17T16:03:55Z
[collector] snapshot #2764 2026-09-17T16:03:56Z
[collector] snapshot #2765 2026-09-17T16:03:57Z
[collector] snapshot #2766 2026-09-17T16:03:58Z
[collector] snapshot #2767 2026-09-17T16:03:59Z
[collector] snapshot #2768 2026-09-17T16:04:00Z
[collector] snapshot #2769 2026-09-17T16:04:01Z
[collector] snapshot #2770 2026-09-17T16:04:02Z
[collector] snapshot #2771 2026-09-17T16:04:03Z
[collector] snapshot #2772 2026-09-17T16:04:04Z
[collector] snapshot #2773 2026-09-17T16:04:05Z
[collector] snapshot #2774 2026-09-17T16:04:06Z
[collector] snapshot #2775 2026-09-17T16:04:07Z
[collector] snapshot #2776 2026-09-17T16:04:08Z
[collector] snapshot #2777 2026-09-17T16:04:09Z
[collector] snapshot #2778 2026-09-17T16:04:10Z
[collector] snapshot #2779 2026-09-17T16:04:11Z
[collector] snapshot #2780 2026-09-17T16:04:12Z
[collector] snapshot #2781 2026-09-17T16:04:13Z
[collector] snapshot #2782 2026-09-17T16:04:14Z
[collector] snapshot #2783 2026-09-17T16:04:15Z
[collector] snapshot #2784 2026-09-17T16:04:16Z
[collector] snapshot #2785 2026-09-17T16:04:17Z
[collector] snapshot #2786 2026-09-17T16:04:18Z
[collector] snapshot #2787 2026-09-17T16:04:19Z
[collector] snapshot #2788 2026-09-17T16:04:20Z
[collector] snapshot #2789 2026-09-17T16:04:21Z
[collector] snapshot #2790 2026-09-17T16:04:22Z
[collector] snapshot #2791 2026-09-17T16:04:23Z
[collector] snapshot #2792 2026-09-17T16:04:24Z
[collector] snapshot #2793 2026-09-17T16:04:25Z
[collector] snapshot #2794 2026-09-17T16:04:26Z
[collector] snapshot #2795 2026-09-17T16:04:27Z
[collector] snapshot #2796 2026-09-17T16:04:28Z
[collector] snapshot #2797 2026-09-17T16:04:29Z
[collector] snapshot #2798 2026-09-17T16:04:30Z
[collector] snapshot #2799 2026-09-17T16:04:31Z
[collector] snapshot #2800 2026-09-17T16:04:32Z
[collector] snapshot #2801 2026-09-17T16:04:33Z
[collector] snapshot #2802 2026-09-17T16:04:34Z
[collector] snapshot #2803 2026-09-17T16:04:35Z
[collector] snapshot #2804 2026-09-17T16:04:36Z
[collector] snapshot #2805 2026-09-17T16:04:37Z
[collector] snapshot #2806 2026-09-17T16:04:38Z
[collector] snapshot #2807 2026-09-17T16:04:39Z
[collector] snapshot #2808 2026-09-17T16:04:40Z
[collector] snapshot #2809 2026-09-17T16:04:41Z
[collector] snapshot #2810 2026-09-17T16:04:42Z
[collector] snapshot #2811 2026-09-17T16:04:43Z
[collector] snapshot #2812 2026-09-17T16:04:44Z
[collector] snapshot #2813 2026-09-17T16:04:45Z
[collector] snapshot #2814 2026-09-17T16:04:46Z
[collector] snapshot #2815 2026-09-17T16:04:47Z
[collector] snapshot #2816 2026-09-17T16:04:48Z
[collector] snapshot #2817 2026-09-17T16:04:49Z
[collector] snapshot #2818 2026-09-17T16:04:50Z
[collector] snapshot #2819 2026-09-17T16:04:51Z
[collector] snapshot #2820 2026-09-17T16:04:52Z
[collector] snapshot #2821 2026-09-17T16:04:53Z
[collector] snapshot #2822 2026-09-17T16:04:54Z
[collector] snapshot #2823 2026-09-17T16:04:55Z
[collector] snapshot #2824 2026-09-17T16:04:56Z
[collector] snapshot #2825 2026-09-17T16:04:57Z
[collector] snapshot #2826 2026-09-17T16:04:58Z
[collector] snapshot #2827 2026-09-17T16:04:59Z
[collector] snapshot #2828 2026-09-17T16:05:00Z
[collector] snapshot #2829 2026-09-17T16:05:01Z
[collector] snapshot #2830 2026-09-17T16:05:02Z
[collector] snapshot #2831 2026-09-17T16:05:03Z
[collector] snapshot #2832 2026-09-17T16:05:04Z
[collector] snapshot #2833 2026-09-17T16:05:05Z
[collector] snapshot #2834 2026-09-17T16:05:06Z
[collector] snapshot #2835 2026-09-17T16:05:07Z
[collector] snapshot #2836 2026-09-17T16:05:08Z
[collector] snapshot #2837 2026-09-17T16:05:09Z
[collector] snapshot #2838 2026-09-17T16:05:10Z
[collector] snapshot #2839 2026-09-17T16:05:11Z
[collector] snapshot #2840 2026-09-17T16:05:12Z
[collector] snapshot #2841 2026-09-17T16:05:13Z
[collector] snapshot #2842 2026-09-17T16:05:14Z
[collector] snapshot #2843 2026-09-17T16:05:15Z
[collector] snapshot #2844 2026-09-17T16:05:16Z
[collector] snapshot #2845 2026-09-17T16:05:17Z
[collector] snapshot #2846 2026-09-17T16:05:18Z
[collector] snapshot #2847 2026-09-17T16:05:19Z
[collector] snapshot #2848 2026-09-17T16:05:20Z
[collector] snapshot #2849 2026-09-17T16:05:21Z
[collector] snapshot #2850 2026-09-17T16:05:22Z
[collector] snapshot #2851 2026-09-17T16:05:23Z
[collector] snapshot #2852 2026-09-17T16:05:24Z
[collector] snapshot #2853 2026-09-17T16:05:25Z
[collector] snapshot #2854 2026-09-17T16:05:26Z
[collector] snapshot #2855 2026-09-17T16:05:27Z
[collector] snapshot #2856 2026-09-17T16:05:28Z
[collector] snapshot #2857 2026-09-17T16:05:29Z
[collector] snapshot #2858 2026-09-17T16:05:30Z
[collector] snapshot #2859 2026-09-17T16:05:31Z
[collector] snapshot #2860 2026-09-17T16:05:32Z
[collector] snapshot #2861 2026-09-17T16:05:33Z
[collector] snapshot #2862 2026-09-17T16:05:34Z
[collector] snapshot #2863 2026-09-17T16:05:35Z
[collector] snapshot #2864 2026-09-17T16:05:36Z
[collector] snapshot #2865 2026-09-17T16:05:37Z
[collector] snapshot #2866 2026-09-17T16:05:38Z
[collector] snapshot #2867 2026-09-17T16:05:39Z
[collector] snapshot #2868 2026-09-17T16:05:40Z
[collector] snapshot #2869 2026-09-17T16:05:41Z
[collector] snapshot #2870 2026-09-17T16:05:42Z
[collector] snapshot #2871 2026-09-17T16:05:43Z
[collector] snapshot #2872 2026-09-17T16:05:44Z
[collector] snapshot #2873 2026-09-17T16:05:45Z
[collector] snapshot #2874 2026-09-17T16:05:46Z
[collector] snapshot #2875 2026-09-17T16:05:47Z
[collector] snapshot #2876 2026-09-17T16:05:48Z
[collector] snapshot #2877 2026-09-17T16:05:49Z
[collector] snapshot #2878 2026-09-17T16:05:50Z
[collector] snapshot #2879 2026-09-17T16:05:51Z
[collector] snapshot #2880 2026-09-17T16:05:52Z
[collector] snapshot #2881 2026-09-17T16:05:53Z
[collector] snapshot #2882 2026-09-17T16:05:54Z
[collector] snapshot #2883 2026-09-17T16:05:55Z
[collector] snapshot #2884 2026-09-17T16:05:56Z
[collector] snapshot #2885 2026-09-17T16:05:57Z
[collector] snapshot #2886 2026-09-17T16:05:58Z
[collector] snapshot #2887 2026-09-17T16:05:59Z
[collector] snapshot #2888 2026-09-17T16:06:00Z
[collector] snapshot #2889 2026-09-17T16:06:01Z
[collector] snapshot #2890 2026-09-17T16:06:02Z
[collector] snapshot #2891 2026-09-17T16:06:03Z
[collector] snapshot #2892 2026-09-17T16:06:04Z
[collector] snapshot #2893 2026-09-17T16:06:05Z
[collector] snapshot #2894 2026-09-17T16:06:06Z
[collector] snapshot #2895 2026-09-17T16:06:07Z
[collector] snapshot #2896 2026-09-17T16:06:08Z
[collector] snapshot #2897 2026-09-17T16:06:09Z
[collector] snapshot #2898 2026-09-17T16:06:10Z
[collector] snapshot #2899 2026-09-17T16:06:11Z
[collector] snapshot #2900 2026-09-17T16:06:12Z
[collector] snapshot #2901 2026-09-17T16:06:13Z
[collector] snapshot #2902 2026-09-17T16:06:14Z
[collector] snapshot #2903 2026-09-17T16:06:15Z
[collector] snapshot #2904 2026-09-17T16:06:16Z
[collector] snapshot #2905 2026-09-17T16:06:17Z
[collector] snapshot #2906 2026-09-17T16:06:18Z
[collector] snapshot #2907 2026-09-17T16:06:19Z
[collector] snapshot #2908 2026-09-17T16:06:20Z
[collector] snapshot #2909 2026-09-17T16:06:21Z
[collector] snapshot #2910 2026-09-17T16:06:22Z
[collector] snapshot #2911 2026-09-17T16:06:23Z
[collector] snapshot #2912 2026-09-17T16:06:24Z
[collector] snapshot #2913 2026-09-17T16:06:25Z
[collector] snapshot #2914 2026-09-17T16:06:26Z
[collector] snapshot #2915 2026-09-17T16:06:27Z
[collector] snapshot #2916 2026-09-17T16:06:28Z
[collector] snapshot #2917 2026-09-17T16:06:29Z
[collector] snapshot #2918 2026-09-17T16:06:30Z
[collector] snapshot #2919 2026-09-17T16:06:31Z
[collector] snapshot #2920 2026-09-17T16:06:32Z
[collector] snapshot #2921 2026-09-17T16:06:33Z
[collector] snapshot #2922 2026-09-17T16:06:34Z
[collector] snapshot #2923 2026-09-17T16:06:35Z
[collector] snapshot #2924 2026-09-17T16:06:36Z
[collector] snapshot #2925 2026-09-17T16:06:37Z
[collector] snapshot #2926 2026-09-17T16:06:38Z
[collector] snapshot #2927 2026-09-17T16:06:39Z
[collector] snapshot #2928 2026-09-17T16:06:40Z
[collector] snapshot #2929 2026-09-17T16:06:41Z
[collector] snapshot #2930 2026-09-17T16:06:42Z
[collector] snapshot #2931 2026-09-17T16:06:43Z
[collector] snapshot #2932 2026-09-17T16:06:44Z
[collector] snapshot #2933 2026-09-17T16:06:45Z
[collector] snapshot #2934 2026-09-17T16:06:46Z
[collector] snapshot #2935 2026-09-17T16:06:47Z
[collector] snapshot #2936 2026-09-17T16:06:48Z
[collector] snapshot #2937 2026-09-17T16:06:49Z
[collector] snapshot #2938 2026-09-17T16:06:50Z
[collector] snapshot #2939 2026-09-17T16:06:51Z
[collector] snapshot #2940 2026-09-17T16:06:52Z
[collector] snapshot #2941 2026-09-17T16:06:53Z
[collector] snapshot #2942 2026-09-17T16:06:54Z
[collector] snapshot #2943 2026-09-17T16:06:55Z
[collector] snapshot #2944 2026-09-17T16:06:56Z
[collector] snapshot #2945 2026-09-17T16:06:57Z
[collector] snapshot #2946 2026-09-17T16:06:58Z
[collector] snapshot #2947 2026-09-17T16:06:59Z
[collector] snapshot #2948 2026-09-17T16:07:00Z
[collector] snapshot #2949 2026-09-17T16:07:01Z
[collector] snapshot #2950 2026-09-17T16:07:02Z
[collector] snapshot #2951 2026-09-17T16:07:03Z
[collector] snapshot #2952 2026-09-17T16:07:04Z
[collector] snapshot #2953 2026-09-17T16:07:05Z
[collector] snapshot #2954 2026-09-17T16:07:06Z
[collector] snapshot #2955 2026-09-17T16:07:07Z
[collector] snapshot #2956 2026-09-17T16:07:08Z
[collector] snapshot #2957 2026-09-17T16:07:09Z
[collector] snapshot #2958 2026-09-17T16:07:10Z
[collector] snapshot #2959 2026-09-17T16:07:11Z
[collector] snapshot #2960 2026-09-17T16:07:12Z
[collector] snapshot #2961 2026-09-17T16:07:13Z
[collector] snapshot #2962 2026-09-17T16:07:14Z
[collector] snapshot #2963 2026-09-17T16:07:15Z
[collector] snapshot #2964 2026-09-17T16:07:16Z
[collector] snapshot #2965 2026-09-17T16:07:17Z
[collector] snapshot #2966 2026-09-17T16:07:18Z
[collector] snapshot #2967 2026-09-17T16:07:19Z
[collector] snapshot #2968 2026-09-17T16:07:20Z
[collector] snapshot #2969 2026-09-17T16:07:21Z
[collector] snapshot #2970 2026-09-17T16:07:22Z
[collector] snapshot #2971 2026-09-17T16:07:23Z
[collector] snapshot #2972 2026-09-17T16:07:24Z
[collector] snapshot #2973 2026-09-17T16:07:25Z
[collector] snapshot #2974 2026-09-17T16:07:26Z
[collector] snapshot #2975 2026-09-17T16:07:27Z
[collector] snapshot #2976 2026-09-17T16:07:28Z
[collector] snapshot #2977 2026-09-17T16:07:29Z
[collector] snapshot #2978 2026-09-17T16:07:30Z
[collector] snapshot #2979 2026-09-17T16:07:31Z
[collector] snapshot #2980 2026-09-17T16:07:32Z
[collector] snapshot #2981 2026-09-17T16:07:33Z
[collector] snapshot #2982 2026-09-17T16:07:34Z
[collector] snapshot #2983 2026-09-17T16:07:35Z
[collector] snapshot #2984 2026-09-17T16:07:36Z
[collector] snapshot #2985 2026-09-17T16:07:37Z
[collector] snapshot #2986 2026-09-17T16:07:38Z
[collector] snapshot #2987 2026-09-17T16:07:39Z
[collector] snapshot #2988 2026-09-17T16:07:40Z
[collector] snapshot #2989 2026-09-17T16:07:41Z
[collector] snapshot #2990 2026-09-17T16:07:42Z
[collector] snapshot #2991 2026-09-17T16:07:43Z
[collector] snapshot #2992 2026-09-17T16:07:44Z
[collector] snapshot #2993 2026-09-17T16:07:45Z
[collector] snapshot #2994 2026-09-17T16:07:46Z
[collector] snapshot #2995 2026-09-17T16:07:47Z
[collector] snapshot #2996 2026-09-17T16:07:48Z
[collector] snapshot #2997 2026-09-17T16:07:49Z
[collector] snapshot #2998 2026-09-17T16:07:50Z
[collector] snapshot #2999 2026-09-17T16:07:51Z
[collector] snapshot #3000 2026-09-17T16:07:52Z
[collector] snapshot #3001 2026-09-17T16:07:53Z
[collector] snapshot #3002 2026-09-17T16:07:54Z
[collector] snapshot #3003 2026-09-17T16:07:55Z
[collector] snapshot #3004 2026-09-17T16:07:56Z
[collector] snapshot #3005 2026-09-17T16:07:57Z
[collector] snapshot #3006 2026-09-17T16:07:58Z
[collector] snapshot #3007 2026-09-17T16:07:59Z
[collector] snapshot #3008 2026-09-17T16:08:00Z
[collector] snapshot #3009 2026-09-17T16:08:01Z
[collector] snapshot #3010 2026-09-17T16:08:02Z
[collector] snapshot #3011 2026-09-17T16:08:03Z
[collector] snapshot #3012 2026-09-17T16:08:04Z
[collector] snapshot #3013 2026-09-17T16:08:05Z
[collector] snapshot #3014 2026-09-17T16:08:06Z
[collector] snapshot #3015 2026-09-17T16:08:07Z
[collector] snapshot #3016 2026-09-17T16:08:08Z
[collector] snapshot #3017 2026-09-17T16:08:09Z
[collector] snapshot #3018 2026-09-17T16:08:10Z
[collector] snapshot #3019 2026-09-17T16:08:11Z
[collector] snapshot #3020 2026-09-17T16:08:12Z
[collector] snapshot #3021 2026-09-17T16:08:13Z
[collector] snapshot #3022 2026-09-17T16:08:14Z
[collector] snapshot #3023 2026-09-17T16:08:15Z
[collector] snapshot #3024 2026-09-17T16:08:16Z
[collector] snapshot #3025 2026-09-17T16:08:17Z
[collector] snapshot #3026 2026-09-17T16:08:18Z
[collector] snapshot #3027 2026-09-17T16:08:19Z
[collector] snapshot #3028 2026-09-17T16:08:20Z
[collector] snapshot #3029 2026-09-17T16:08:21Z
[collector] snapshot #3030 2026-09-17T16:08:22Z
[collector] snapshot #3031 2026-09-17T16:08:23Z
[collector] snapshot #3032 2026-09-17T16:08:24Z
[collector] snapshot #3033 2026-09-17T16:08:25Z
[collector] snapshot #3034 2026-09-17T16:08:26Z
[collector] snapshot #3035 2026-09-17T16:08:27Z
[collector] snapshot #3036 2026-09-17T16:08:28Z
[collector] snapshot #3037 2026-09-17T16:08:29Z
[collector] snapshot #3038 2026-09-17T16:08:30Z
[collector] snapshot #3039 2026-09-17T16:08:31Z
[collector] snapshot #3040 2026-09-17T16:08:32Z
[collector] snapshot #3041 2026-09-17T16:08:33Z
[collector] snapshot #3042 2026-09-17T16:08:34Z
[collector] snapshot #3043 2026-09-17T16:08:35Z
[collector] snapshot #3044 2026-09-17T16:08:36Z
[collector] snapshot #3045 2026-09-17T16:08:37Z
[collector] snapshot #3046 2026-09-17T16:08:38Z
[collector] snapshot #3047 2026-09-17T16:08:39Z
[collector] snapshot #3048 2026-09-17T16:08:40Z
[collector] snapshot #3049 2026-09-17T16:08:41Z
[collector] snapshot #3050 2026-09-17T16:08:42Z
[collector] snapshot #3051 2026-09-17T16:08:43Z
[collector] snapshot #3052 2026-09-17T16:08:44Z
[collector] snapshot #3053 2026-09-17T16:08:45Z
[collector] snapshot #3054 2026-09-17T16:08:46Z
[collector] snapshot #3055 2026-09-17T16:08:47Z
[collector] snapshot #3056 2026-09-17T16:08:49Z
[collector] snapshot #3057 2026-09-17T16:08:50Z
[collector] snapshot #3058 2026-09-17T16:08:51Z
[collector] snapshot #3059 2026-09-17T16:08:52Z
[collector] snapshot #3060 2026-09-17T16:08:53Z
[collector] snapshot #3061 2026-09-17T16:08:54Z
[collector] snapshot #3062 2026-09-17T16:08:55Z
[collector] snapshot #3063 2026-09-17T16:08:56Z
[collector] snapshot #3064 2026-09-17T16:08:57Z
[collector] snapshot #3065 2026-09-17T16:08:58Z
[collector] snapshot #3066 2026-09-17T16:08:59Z
[collector] snapshot #3067 2026-09-17T16:09:00Z
[collector] snapshot #3068 2026-09-17T16:09:01Z
[collector] snapshot #3069 2026-09-17T16:09:02Z
[collector] snapshot #3070 2026-09-17T16:09:03Z
[collector] snapshot #3071 2026-09-17T16:09:04Z
[collector] snapshot #3072 2026-09-17T16:09:05Z
[collector] snapshot #3073 2026-09-17T16:09:06Z
[collector] snapshot #3074 2026-09-17T16:09:07Z
[collector] snapshot #3075 2026-09-17T16:09:08Z
[collector] snapshot #3076 2026-09-17T16:09:09Z
[collector] snapshot #3077 2026-09-17T16:09:10Z
[collector] snapshot #3078 2026-09-17T16:09:11Z
[collector] snapshot #3079 2026-09-17T16:09:12Z
[collector] snapshot #3080 2026-09-17T16:09:13Z
[collector] snapshot #3081 2026-09-17T16:09:14Z
[collector] snapshot #3082 2026-09-17T16:09:15Z
[collector] snapshot #3083 2026-09-17T16:09:16Z
[collector] snapshot #3084 2026-09-17T16:09:17Z
[collector] snapshot #3085 2026-09-17T16:09:18Z
[collector] snapshot #3086 2026-09-17T16:09:19Z
[collector] snapshot #3087 2026-09-17T16:09:20Z
[collector] snapshot #3088 2026-09-17T16:09:21Z
[collector] snapshot #3089 2026-09-17T16:09:22Z
[collector] snapshot #3090 2026-09-17T16:09:23Z
[collector] snapshot #3091 2026-09-17T16:09:24Z
[collector] snapshot #3092 2026-09-17T16:09:25Z
[collector] snapshot #3093 2026-09-17T16:09:26Z
[collector] snapshot #3094 2026-09-17T16:09:27Z
[collector] snapshot #3095 2026-09-17T16:09:28Z
[collector] snapshot #3096 2026-09-17T16:09:29Z
[collector] snapshot #3097 2026-09-17T16:09:30Z
[collector] snapshot #3098 2026-09-17T16:09:31Z
[collector] snapshot #3099 2026-09-17T16:09:32Z
[collector] snapshot #3100 2026-09-17T16:09:33Z
[collector] snapshot #3101 2026-09-17T16:09:34Z
[collector] snapshot #3102 2026-09-17T16:09:35Z
[collector] snapshot #3103 2026-09-17T16:09:36Z
[collector] snapshot #3104 2026-09-17T16:09:37Z
[collector] snapshot #3105 2026-09-17T16:09:38Z
[collector] snapshot #3106 2026-09-17T16:09:39Z
[collector] snapshot #3107 2026-09-17T16:09:40Z
[collector] snapshot #3108 2026-09-17T16:09:41Z
[collector] snapshot #3109 2026-09-17T16:09:42Z
[collector] snapshot #3110 2026-09-17T16:09:43Z
[collector] snapshot #3111 2026-09-17T16:09:44Z
[collector] snapshot #3112 2026-09-17T16:09:45Z
[collector] snapshot #3113 2026-09-17T16:09:46Z
[collector] snapshot #3114 2026-09-17T16:09:47Z
[collector] snapshot #3115 2026-09-17T16:09:48Z
[collector] snapshot #3116 2026-09-17T16:09:49Z
[collector] snapshot #3117 2026-09-17T16:09:50Z
[collector] snapshot #3118 2026-09-17T16:09:51Z
[collector] snapshot #3119 2026-09-17T16:09:52Z
[collector] snapshot #3120 2026-09-17T16:09:53Z
[collector] snapshot #3121 2026-09-17T16:09:54Z
[collector] snapshot #3122 2026-09-17T16:09:55Z
[collector] snapshot #3123 2026-09-17T16:09:56Z
[collector] snapshot #3124 2026-09-17T16:09:57Z
[collector] snapshot #3125 2026-09-17T16:09:58Z
[collector] snapshot #3126 2026-09-17T16:09:59Z
[collector] snapshot #3127 2026-09-17T16:10:00Z
[collector] snapshot #3128 2026-09-17T16:10:01Z
[collector] snapshot #3129 2026-09-17T16:10:02Z
[collector] snapshot #3130 2026-09-17T16:10:03Z
[collector] snapshot #3131 2026-09-17T16:10:04Z
[collector] snapshot #3132 2026-09-17T16:10:05Z
[collector] snapshot #3133 2026-09-17T16:10:06Z
[collector] snapshot #3134 2026-09-17T16:10:07Z
[collector] snapshot #3135 2026-09-17T16:10:08Z
[collector] snapshot #3136 2026-09-17T16:10:09Z
[collector] snapshot #3137 2026-09-17T16:10:10Z
[collector] snapshot #3138 2026-09-17T16:10:11Z
[collector] snapshot #3139 2026-09-17T16:10:12Z
[collector] snapshot #3140 2026-09-17T16:10:13Z
[collector] snapshot #3141 2026-09-17T16:10:14Z
[collector] snapshot #3142 2026-09-17T16:10:15Z
[collector] snapshot #3143 2026-09-17T16:10:16Z
[collector] snapshot #3144 2026-09-17T16:10:17Z
[collector] snapshot #3145 2026-09-17T16:10:18Z
[collector] snapshot #3146 2026-09-17T16:10:19Z
[collector] snapshot #3147 2026-09-17T16:10:20Z
[collector] snapshot #3148 2026-09-17T16:10:21Z
[collector] snapshot #3149 2026-09-17T16:10:22Z
[collector] snapshot #3150 2026-09-17T16:10:23Z
[collector] snapshot #3151 2026-09-17T16:10:24Z
[collector] snapshot #3152 2026-09-17T16:10:25Z
[collector] snapshot #3153 2026-09-17T16:10:26Z
[collector] snapshot #3154 2026-09-17T16:10:27Z
[collector] snapshot #3155 2026-09-17T16:10:28Z
[collector] snapshot #3156 2026-09-17T16:10:29Z
[collector] snapshot #3157 2026-09-17T16:10:30Z
[collector] snapshot #3158 2026-09-17T16:10:31Z
[collector] snapshot #3159 2026-09-17T16:10:32Z
[collector] snapshot #3160 2026-09-17T16:10:33Z
[collector] snapshot #3161 2026-09-17T16:10:34Z
[collector] snapshot #3162 2026-09-17T16:10:35Z
[collector] snapshot #3163 2026-09-17T16:10:36Z
[collector] snapshot #3164 2026-09-17T16:10:37Z
[collector] snapshot #3165 2026-09-17T16:10:38Z
[collector] snapshot #3166 2026-09-17T16:10:39Z
[collector] snapshot #3167 2026-09-17T16:10:40Z
[collector] snapshot #3168 2026-09-17T16:10:41Z
[collector] snapshot #3169 2026-09-17T16:10:42Z
[collector] snapshot #3170 2026-09-17T16:10:43Z
[collector] snapshot #3171 2026-09-17T16:10:44Z
[collector] snapshot #3172 2026-09-17T16:10:45Z
[collector] snapshot #3173 2026-09-17T16:10:46Z
[collector] snapshot #3174 2026-09-17T16:10:47Z
[collector] snapshot #3175 2026-09-17T16:10:48Z
[collector] snapshot #3176 2026-09-17T16:10:49Z
[collector] snapshot #3177 2026-09-17T16:10:50Z
[collector] snapshot #3178 2026-09-17T16:10:51Z
[collector] snapshot #3179 2026-09-17T16:10:52Z
[collector] snapshot #3180 2026-09-17T16:10:53Z
[collector] snapshot #3181 2026-09-17T16:10:54Z
[collector] snapshot #3182 2026-09-17T16:10:55Z
[collector] snapshot #3183 2026-09-17T16:10:56Z
[collector] snapshot #3184 2026-09-17T16:10:57Z
[collector] snapshot #3185 2026-09-17T16:10:58Z
[collector] snapshot #3186 2026-09-17T16:10:59Z
[collector] snapshot #3187 2026-09-17T16:11:00Z
[collector] snapshot #3188 2026-09-17T16:11:01Z
[collector] snapshot #3189 2026-09-17T16:11:02Z
[collector] snapshot #3190 2026-09-17T16:11:03Z
[collector] snapshot #3191 2026-09-17T16:11:04Z
[collector] snapshot #3192 2026-09-17T16:11:05Z
[collector] snapshot #3193 2026-09-17T16:11:06Z
[collector] snapshot #3194 2026-09-17T16:11:07Z
[collector] snapshot #3195 2026-09-17T16:11:08Z
[collector] snapshot #3196 2026-09-17T16:11:09Z
[collector] snapshot #3197 2026-09-17T16:11:10Z
[collector] snapshot #3198 2026-09-17T16:11:11Z
[collector] snapshot #3199 2026-09-17T16:11:12Z
[collector] snapshot #3200 2026-09-17T16:11:13Z
[collector] snapshot #3201 2026-09-17T16:11:14Z
[collector] snapshot #3202 2026-09-17T16:11:15Z
[collector] snapshot #3203 2026-09-17T16:11:16Z
[collector] snapshot #3204 2026-09-17T16:11:17Z
[collector] snapshot #3205 2026-09-17T16:11:18Z
[collector] snapshot #3206 2026-09-17T16:11:19Z
[collector] snapshot #3207 2026-09-17T16:11:20Z
[collector] snapshot #3208 2026-09-17T16:11:21Z
[collector] snapshot #3209 2026-09-17T16:11:22Z
[collector] snapshot #3210 2026-09-17T16:11:23Z
[collector] snapshot #3211 2026-09-17T16:11:24Z
[collector] snapshot #3212 2026-09-17T16:11:25Z
[collector] snapshot #3213 2026-09-17T16:11:26Z
[collector] snapshot #3214 2026-09-17T16:11:27Z
[collector] snapshot #3215 2026-09-17T16:11:28Z
[collector] snapshot #3216 2026-09-17T16:11:29Z
[collector] snapshot #3217 2026-09-17T16:11:30Z
[collector] snapshot #3218 2026-09-17T16:11:31Z
[collector] snapshot #3219 2026-09-17T16:11:32Z
[collector] snapshot #3220 2026-09-17T16:11:33Z
[collector] snapshot #3221 2026-09-17T16:11:34Z
[collector] snapshot #3222 2026-09-17T16:11:35Z
[collector] snapshot #3223 2026-09-17T16:11:36Z
[collector] snapshot #3224 2026-09-17T16:11:37Z
[collector] snapshot #3225 2026-09-17T16:11:38Z
[collector] snapshot #3226 2026-09-17T16:11:39Z
[collector] snapshot #3227 2026-09-17T16:11:40Z
[collector] snapshot #3228 2026-09-17T16:11:41Z
[collector] snapshot #3229 2026-09-17T16:11:42Z
[collector] snapshot #3230 2026-09-17T16:11:43Z
[collector] snapshot #3231 2026-09-17T16:11:44Z
[collector] snapshot #3232 2026-09-17T16:11:45Z
[collector] snapshot #3233 2026-09-17T16:11:46Z
[collector] snapshot #3234 2026-09-17T16:11:47Z
[collector] snapshot #3235 2026-09-17T16:11:48Z
[collector] snapshot #3236 2026-09-17T16:11:49Z
[collector] snapshot #3237 2026-09-17T16:11:50Z
[collector] snapshot #3238 2026-09-17T16:11:51Z
[collector] snapshot #3239 2026-09-17T16:11:52Z
[collector] snapshot #3240 2026-09-17T16:11:53Z
[collector] snapshot #3241 2026-09-17T16:11:54Z
[collector] snapshot #3242 2026-09-17T16:11:55Z
[collector] snapshot #3243 2026-09-17T16:11:56Z
[collector] snapshot #3244 2026-09-17T16:11:57Z
[collector] snapshot #3245 2026-09-17T16:11:58Z
[collector] snapshot #3246 2026-09-17T16:11:59Z
[collector] snapshot #3247 2026-09-17T16:12:00Z
[collector] snapshot #3248 2026-09-17T16:12:01Z
[collector] snapshot #3249 2026-09-17T16:12:02Z
[collector] snapshot #3250 2026-09-17T16:12:03Z
[collector] snapshot #3251 2026-09-17T16:12:04Z
[collector] snapshot #3252 2026-09-17T16:12:05Z
[collector] snapshot #3253 2026-09-17T16:12:06Z
[collector] snapshot #3254 2026-09-17T16:12:07Z
[collector] snapshot #3255 2026-09-17T16:12:08Z
[collector] snapshot #3256 2026-09-17T16:12:09Z
[collector] snapshot #3257 2026-09-17T16:12:10Z
[collector] snapshot #3258 2026-09-17T16:12:11Z
[collector] snapshot #3259 2026-09-17T16:12:12Z
[collector] snapshot #3260 2026-09-17T16:12:13Z
[collector] snapshot #3261 2026-09-17T16:12:14Z
[collector] snapshot #3262 2026-09-17T16:12:15Z
[collector] snapshot #3263 2026-09-17T16:12:16Z
[collector] snapshot #3264 2026-09-17T16:12:17Z
[collector] snapshot #3265 2026-09-17T16:12:18Z
[collector] snapshot #3266 2026-09-17T16:12:19Z
[collector] snapshot #3267 2026-09-17T16:12:20Z
[collector] snapshot #3268 2026-09-17T16:12:21Z
[collector] snapshot #3269 2026-09-17T16:12:22Z
[collector] snapshot #3270 2026-09-17T16:12:23Z
[collector] snapshot #3271 2026-09-17T16:12:24Z
[collector] snapshot #3272 2026-09-17T16:12:25Z
[collector] snapshot #3273 2026-09-17T16:12:26Z
[collector] snapshot #3274 2026-09-17T16:12:27Z
[collector] snapshot #3275 2026-09-17T16:12:28Z
[collector] snapshot #3276 2026-09-17T16:12:29Z
[collector] snapshot #3277 2026-09-17T16:12:30Z
[collector] snapshot #3278 2026-09-17T16:12:31Z
[collector] snapshot #3279 2026-09-17T16:12:32Z
[collector] snapshot #3280 2026-09-17T16:12:33Z
[collector] snapshot #3281 2026-09-17T16:12:34Z
[collector] snapshot #3282 2026-09-17T16:12:35Z
[collector] snapshot #3283 2026-09-17T16:12:36Z
[collector] snapshot #3284 2026-09-17T16:12:37Z
[collector] snapshot #3285 2026-09-17T16:12:38Z
[collector] snapshot #3286 2026-09-17T16:12:39Z
[collector] snapshot #3287 2026-09-17T16:12:40Z
[collector] snapshot #3288 2026-09-17T16:12:41Z
[collector] snapshot #3289 2026-09-17T16:12:42Z
[collector] snapshot #3290 2026-09-17T16:12:43Z
[collector] snapshot #3291 2026-09-17T16:12:44Z
[collector] snapshot #3292 2026-09-17T16:12:45Z
[collector] snapshot #3293 2026-09-17T16:12:46Z
[collector] snapshot #3294 2026-09-17T16:12:47Z
[collector] snapshot #3295 2026-09-17T16:12:48Z
[collector] snapshot #3296 2026-09-17T16:12:49Z
[collector] snapshot #3297 2026-09-17T16:12:50Z
[collector] snapshot #3298 2026-09-17T16:12:51Z
[collector] snapshot #3299 2026-09-17T16:12:52Z
[collector] snapshot #3300 2026-09-17T16:12:53Z
[collector] snapshot #3301 2026-09-17T16:12:54Z
[collector] snapshot #3302 2026-09-17T16:12:55Z
[collector] snapshot #3303 2026-09-17T16:12:56Z
[collector] snapshot #3304 2026-09-17T16:12:57Z
[collector] snapshot #3305 2026-09-17T16:12:58Z
[collector] snapshot #3306 2026-09-17T16:12:59Z
[collector] snapshot #3307 2026-09-17T16:13:00Z
[collector] snapshot #3308 2026-09-17T16:13:01Z
[collector] snapshot #3309 2026-09-17T16:13:02Z
[collector] snapshot #3310 2026-09-17T16:13:03Z
[collector] snapshot #3311 2026-09-17T16:13:04Z
[collector] snapshot #3312 2026-09-17T16:13:05Z
[collector] snapshot #3313 2026-09-17T16:13:06Z
[collector] snapshot #3314 2026-09-17T16:13:07Z
[collector] snapshot #3315 2026-09-17T16:13:08Z
[collector] snapshot #3316 2026-09-17T16:13:09Z
[collector] snapshot #3317 2026-09-17T16:13:10Z
[collector] snapshot #3318 2026-09-17T16:13:11Z
[collector] snapshot #3319 2026-09-17T16:13:12Z
[collector] snapshot #3320 2026-09-17T16:13:13Z
[collector] snapshot #3321 2026-09-17T16:13:14Z
[collector] snapshot #3322 2026-09-17T16:13:15Z
[collector] snapshot #3323 2026-09-17T16:13:16Z
[collector] snapshot #3324 2026-09-17T16:13:17Z
[collector] snapshot #3325 2026-09-17T16:13:18Z
[collector] snapshot #3326 2026-09-17T16:13:19Z
[collector] snapshot #3327 2026-09-17T16:13:20Z
[collector] snapshot #3328 2026-09-17T16:13:21Z
[collector] snapshot #3329 2026-09-17T16:13:22Z
[collector] snapshot #3330 2026-09-17T16:13:23Z
[collector] snapshot #3331 2026-09-17T16:13:24Z
[collector] snapshot #3332 2026-09-17T16:13:25Z
[collector] snapshot #3333 2026-09-17T16:13:26Z
[collector] snapshot #3334 2026-09-17T16:13:27Z
[collector] snapshot #3335 2026-09-17T16:13:28Z
[collector] snapshot #3336 2026-09-17T16:13:29Z
[collector] snapshot #3337 2026-09-17T16:13:30Z
[collector] snapshot #3338 2026-09-17T16:13:31Z
[collector] snapshot #3339 2026-09-17T16:13:32Z
[collector] snapshot #3340 2026-09-17T16:13:33Z
[collector] snapshot #3341 2026-09-17T16:13:34Z
[collector] snapshot #3342 2026-09-17T16:13:35Z
[collector] snapshot #3343 2026-09-17T16:13:36Z
[collector] snapshot #3344 2026-09-17T16:13:37Z
[collector] snapshot #3345 2026-09-17T16:13:38Z
[collector] snapshot #3346 2026-09-17T16:13:39Z
[collector] snapshot #3347 2026-09-17T16:13:40Z
[collector] snapshot #3348 2026-09-17T16:13:41Z
[collector] snapshot #3349 2026-09-17T16:13:42Z
[collector] snapshot #3350 2026-09-17T16:13:43Z
[collector] snapshot #3351 2026-09-17T16:13:44Z
[collector] snapshot #3352 2026-09-17T16:13:45Z
[collector] snapshot #3353 2026-09-17T16:13:46Z
[collector] snapshot #3354 2026-09-17T16:13:47Z
[collector] snapshot #3355 2026-09-17T16:13:48Z
[collector] snapshot #3356 2026-09-17T16:13:49Z
[collector] snapshot #3357 2026-09-17T16:13:50Z
[collector] snapshot #3358 2026-09-17T16:13:51Z
[collector] snapshot #3359 2026-09-17T16:13:52Z
[collector] snapshot #3360 2026-09-17T16:13:53Z
[collector] snapshot #3361 2026-09-17T16:13:54Z
[collector] snapshot #3362 2026-09-17T16:13:55Z
[collector] snapshot #3363 2026-09-17T16:13:56Z
[collector] snapshot #3364 2026-09-17T16:13:57Z
[collector] snapshot #3365 2026-09-17T16:13:58Z
[collector] snapshot #3366 2026-09-17T16:13:59Z
[collector] snapshot #3367 2026-09-17T16:14:00Z
[collector] snapshot #3368 2026-09-17T16:14:01Z
[collector] snapshot #3369 2026-09-17T16:14:02Z
[collector] snapshot #3370 2026-09-17T16:14:03Z
[collector] snapshot #3371 2026-09-17T16:14:04Z
[collector] snapshot #3372 2026-09-17T16:14:05Z
[collector] snapshot #3373 2026-09-17T16:14:06Z
[collector] snapshot #3374 2026-09-17T16:14:07Z
[collector] snapshot #3375 2026-09-17T16:14:08Z
[collector] snapshot #3376 2026-09-17T16:14:09Z
[collector] snapshot #3377 2026-09-17T16:14:10Z
[collector] snapshot #3378 2026-09-17T16:14:11Z
[collector] snapshot #3379 2026-09-17T16:14:12Z
[collector] snapshot #3380 2026-09-17T16:14:13Z
[collector] snapshot #3381 2026-09-17T16:14:14Z
[collector] snapshot #3382 2026-09-17T16:14:15Z
[collector] snapshot #3383 2026-09-17T16:14:16Z
[collector] snapshot #3384 2026-09-17T16:14:17Z
[collector] snapshot #3385 2026-09-17T16:14:18Z
[collector] snapshot #3386 2026-09-17T16:14:19Z
[collector] snapshot #3387 2026-09-17T16:14:20Z
[collector] snapshot #3388 2026-09-17T16:14:21Z
[collector] snapshot #3389 2026-09-17T16:14:22Z
[collector] snapshot #3390 2026-09-17T16:14:23Z
[collector] snapshot #3391 2026-09-17T16:14:24Z
[collector] snapshot #3392 2026-09-17T16:14:25Z
[collector] snapshot #3393 2026-09-17T16:14:26Z
[collector] snapshot #3394 2026-09-17T16:14:27Z
[collector] snapshot #3395 2026-09-17T16:14:28Z
[collector] snapshot #3396 2026-09-17T16:14:29Z
[collector] snapshot #3397 2026-09-17T16:14:30Z
[collector] snapshot #3398 2026-09-17T16:14:31Z
[collector] snapshot #3399 2026-09-17T16:14:32Z
[collector] snapshot #3400 2026-09-17T16:14:33Z
[collector] snapshot #3401 2026-09-17T16:14:34Z
[collector] snapshot #3402 2026-09-17T16:14:35Z
[collector] snapshot #3403 2026-09-17T16:14:36Z
[collector] snapshot #3404 2026-09-17T16:14:37Z
[collector] snapshot #3405 2026-09-17T16:14:38Z
[collector] snapshot #3406 2026-09-17T16:14:39Z
[collector] snapshot #3407 2026-09-17T16:14:40Z
[collector] snapshot #3408 2026-09-17T16:14:41Z
[collector] snapshot #3409 2026-09-17T16:14:42Z
[collector] snapshot #3410 2026-09-17T16:14:43Z
[collector] snapshot #3411 2026-09-17T16:14:44Z
[collector] snapshot #3412 2026-09-17T16:14:45Z
[collector] snapshot #3413 2026-09-17T16:14:46Z
[collector] snapshot #3414 2026-09-17T16:14:47Z
[collector] snapshot #3415 2026-09-17T16:14:48Z
[collector] snapshot #3416 2026-09-17T16:14:49Z
[collector] snapshot #3417 2026-09-17T16:14:50Z
[collector] snapshot #3418 2026-09-17T16:14:51Z
[collector] snapshot #3419 2026-09-17T16:14:52Z
[collector] snapshot #3420 2026-09-17T16:14:53Z
[collector] snapshot #3421 2026-09-17T16:14:54Z
[collector] snapshot #3422 2026-09-17T16:14:55Z
[collector] snapshot #3423 2026-09-17T16:14:56Z
[collector] snapshot #3424 2026-09-17T16:14:57Z
[collector] snapshot #3425 2026-09-17T16:14:58Z
[collector] snapshot #3426 2026-09-17T16:14:59Z
[collector] snapshot #3427 2026-09-17T16:15:00Z
[collector] snapshot #3428 2026-09-17T16:15:01Z
[collector] snapshot #3429 2026-09-17T16:15:02Z
[collector] snapshot #3430 2026-09-17T16:15:03Z
[collector] snapshot #3431 2026-09-17T16:15:04Z
[collector] snapshot #3432 2026-09-17T16:15:05Z
[collector] snapshot #3433 2026-09-17T16:15:06Z
[collector] snapshot #3434 2026-09-17T16:15:07Z
[collector] snapshot #3435 2026-09-17T16:15:08Z
[collector] snapshot #3436 2026-09-17T16:15:09Z
[collector] snapshot #3437 2026-09-17T16:15:10Z
[collector] snapshot #3438 2026-09-17T16:15:11Z
[collector] snapshot #3439 2026-09-17T16:15:12Z
[collector] snapshot #3440 2026-09-17T16:15:13Z
[collector] snapshot #3441 2026-09-17T16:15:14Z
[collector] snapshot #3442 2026-09-17T16:15:15Z
[collector] snapshot #3443 2026-09-17T16:15:16Z
[collector] snapshot #3444 2026-09-17T16:15:17Z
[collector] snapshot #3445 2026-09-17T16:15:18Z
[collector] snapshot #3446 2026-09-17T16:15:19Z
[collector] snapshot #3447 2026-09-17T16:15:20Z
[collector] snapshot #3448 2026-09-17T16:15:21Z
[collector] snapshot #3449 2026-09-17T16:15:22Z
[collector] snapshot #3450 2026-09-17T16:15:23Z
[collector] snapshot #3451 2026-09-17T16:15:24Z
[collector] snapshot #3452 2026-09-17T16:15:25Z
[collector] snapshot #3453 2026-09-17T16:15:26Z
[collector] snapshot #3454 2026-09-17T16:15:27Z
[collector] snapshot #3455 2026-09-17T16:15:28Z
[collector] snapshot #3456 2026-09-17T16:15:29Z
[collector] snapshot #3457 2026-09-17T16:15:30Z
[collector] snapshot #3458 2026-09-17T16:15:31Z
[collector] snapshot #3459 2026-09-17T16:15:32Z
[collector] snapshot #3460 2026-09-17T16:15:33Z
[collector] snapshot #3461 2026-09-17T16:15:34Z
[collector] snapshot #3462 2026-09-17T16:15:35Z
[collector] snapshot #3463 2026-09-17T16:15:36Z
[collector] snapshot #3464 2026-09-17T16:15:37Z
[collector] snapshot #3465 2026-09-17T16:15:38Z
[collector] snapshot #3466 2026-09-17T16:15:39Z
[collector] snapshot #3467 2026-09-17T16:15:40Z
[collector] snapshot #3468 2026-09-17T16:15:41Z
[collector] snapshot #3469 2026-09-17T16:15:42Z
[collector] snapshot #3470 2026-09-17T16:15:43Z
[collector] snapshot #3471 2026-09-17T16:15:44Z
[collector] snapshot #3472 2026-09-17T16:15:45Z
[collector] snapshot #3473 2026-09-17T16:15:46Z
[collector] snapshot #3474 2026-09-17T16:15:47Z
[collector] snapshot #3475 2026-09-17T16:15:48Z
[collector] snapshot #3476 2026-09-17T16:15:49Z
[collector] snapshot #3477 2026-09-17T16:15:50Z
[collector] snapshot #3478 2026-09-17T16:15:51Z
[collector] snapshot #3479 2026-09-17T16:15:52Z
[collector] snapshot #3480 2026-09-17T16:15:53Z
[collector] snapshot #3481 2026-09-17T16:15:54Z
[collector] snapshot #3482 2026-09-17T16:15:55Z
[collector] snapshot #3483 2026-09-17T16:15:56Z
[collector] snapshot #3484 2026-09-17T16:15:57Z
[collector] snapshot #3485 2026-09-17T16:15:58Z
[collector] snapshot #3486 2026-09-17T16:15:59Z
[collector] snapshot #3487 2026-09-17T16:16:00Z
[collector] snapshot #3488 2026-09-17T16:16:01Z
[collector] snapshot #3489 2026-09-17T16:16:02Z
[collector] snapshot #3490 2026-09-17T16:16:03Z
[collector] snapshot #3491 2026-09-17T16:16:04Z
[collector] snapshot #3492 2026-09-17T16:16:05Z
[collector] snapshot #3493 2026-09-17T16:16:06Z
[collector] snapshot #3494 2026-09-17T16:16:07Z
[collector] snapshot #3495 2026-09-17T16:16:08Z
[collector] snapshot #3496 2026-09-17T16:16:09Z
[collector] snapshot #3497 2026-09-17T16:16:10Z
[collector] snapshot #3498 2026-09-17T16:16:11Z
[collector] snapshot #3499 2026-09-17T16:16:12Z
[collector] snapshot #3500 2026-09-17T16:16:13Z
[collector] snapshot #3501 2026-09-17T16:16:14Z
[collector] snapshot #3502 2026-09-17T16:16:15Z
[collector] snapshot #3503 2026-09-17T16:16:16Z
[collector] snapshot #3504 2026-09-17T16:16:17Z
[collector] snapshot #3505 2026-09-17T16:16:18Z
[collector] snapshot #3506 2026-09-17T16:16:19Z
[collector] snapshot #3507 2026-09-17T16:16:20Z
[collector] snapshot #3508 2026-09-17T16:16:21Z
[collector] snapshot #3509 2026-09-17T16:16:22Z
[collector] snapshot #3510 2026-09-17T16:16:23Z
[collector] snapshot #3511 2026-09-17T16:16:24Z
[collector] snapshot #3512 2026-09-17T16:16:25Z
[collector] snapshot #3513 2026-09-17T16:16:26Z
[collector] snapshot #3514 2026-09-17T16:16:27Z
[collector] snapshot #3515 2026-09-17T16:16:28Z
[collector] snapshot #3516 2026-09-17T16:16:29Z
[collector] snapshot #3517 2026-09-17T16:16:30Z
[collector] snapshot #3518 2026-09-17T16:16:31Z
[collector] snapshot #3519 2026-09-17T16:16:32Z
[collector] snapshot #3520 2026-09-17T16:16:33Z
[collector] snapshot #3521 2026-09-17T16:16:34Z
[collector] snapshot #3522 2026-09-17T16:16:35Z
[collector] snapshot #3523 2026-09-17T16:16:36Z
[collector] snapshot #3524 2026-09-17T16:16:37Z
[collector] snapshot #3525 2026-09-17T16:16:38Z
[collector] snapshot #3526 2026-09-17T16:16:39Z
[collector] snapshot #3527 2026-09-17T16:16:40Z
[collector] snapshot #3528 2026-09-17T16:16:41Z
[collector] snapshot #3529 2026-09-17T16:16:42Z
[collector] snapshot #3530 2026-09-17T16:16:43Z
[collector] snapshot #3531 2026-09-17T16:16:44Z
[collector] snapshot #3532 2026-09-17T16:16:45Z
[collector] snapshot #3533 2026-09-17T16:16:46Z
[collector] snapshot #3534 2026-09-17T16:16:47Z
[collector] snapshot #3535 2026-09-17T16:16:48Z
[collector] snapshot #3536 2026-09-17T16:16:49Z
[collector] snapshot #3537 2026-09-17T16:16:50Z
[collector] snapshot #3538 2026-09-17T16:16:51Z
[collector] snapshot #3539 2026-09-17T16:16:52Z
[collector] snapshot #3540 2026-09-17T16:16:53Z
[collector] snapshot #3541 2026-09-17T16:16:54Z
[collector] snapshot #3542 2026-09-17T16:16:55Z
[collector] snapshot #3543 2026-09-17T16:16:56Z
[collector] snapshot #3544 2026-09-17T16:16:57Z
[collector] snapshot #3545 2026-09-17T16:16:58Z
[collector] snapshot #3546 2026-09-17T16:16:59Z
[collector] snapshot #3547 2026-09-17T16:17:00Z
[collector] snapshot #3548 2026-09-17T16:17:01Z
[collector] snapshot #3549 2026-09-17T16:17:02Z
[collector] snapshot #3550 2026-09-17T16:17:03Z
[collector] snapshot #3551 2026-09-17T16:17:04Z
[collector] snapshot #3552 2026-09-17T16:17:05Z
[collector] snapshot #3553 2026-09-17T16:17:06Z
[collector] snapshot #3554 2026-09-17T16:17:07Z
[collector] snapshot #3555 2026-09-17T16:17:08Z
[collector] snapshot #3556 2026-09-17T16:17:09Z
[collector] snapshot #3557 2026-09-17T16:17:10Z
[collector] snapshot #3558 2026-09-17T16:17:11Z
[collector] snapshot #3559 2026-09-17T16:17:12Z
[collector] snapshot #3560 2026-09-17T16:17:13Z
[collector] snapshot #3561 2026-09-17T16:17:14Z
[collector] snapshot #3562 2026-09-17T16:17:15Z
[collector] snapshot #3563 2026-09-17T16:17:16Z
[collector] snapshot #3564 2026-09-17T16:17:17Z
[collector] snapshot #3565 2026-09-17T16:17:18Z
[collector] snapshot #3566 2026-09-17T16:17:19Z
[collector] snapshot #3567 2026-09-17T16:17:20Z
[collector] snapshot #3568 2026-09-17T16:17:21Z
[collector] snapshot #3569 2026-09-17T16:17:22Z
[collector] snapshot #3570 2026-09-17T16:17:23Z
[collector] snapshot #3571 2026-09-17T16:17:24Z
[collector] snapshot #3572 2026-09-17T16:17:25Z
[collector] snapshot #3573 2026-09-17T16:17:26Z
[collector] snapshot #3574 2026-09-17T16:17:27Z
[collector] snapshot #3575 2026-09-17T16:17:28Z
[collector] snapshot #3576 2026-09-17T16:17:29Z
[collector] snapshot #3577 2026-09-17T16:17:30Z
[collector] snapshot #3578 2026-09-17T16:17:31Z
[collector] snapshot #3579 2026-09-17T16:17:32Z
[collector] snapshot #3580 2026-09-17T16:17:33Z
[collector] snapshot #3581 2026-09-17T16:17:34Z
[collector] snapshot #3582 2026-09-17T16:17:35Z
[collector] snapshot #3583 2026-09-17T16:17:36Z
[collector] snapshot #3584 2026-09-17T16:17:37Z
[collector] snapshot #3585 2026-09-17T16:17:38Z
[collector] snapshot #3586 2026-09-17T16:17:39Z
[collector] snapshot #3587 2026-09-17T16:17:40Z
[collector] snapshot #3588 2026-09-17T16:17:41Z
[collector] snapshot #3589 2026-09-17T16:17:42Z
[collector] snapshot #3590 2026-09-17T16:17:43Z
[collector] snapshot #3591 2026-09-17T16:17:44Z
[collector] snapshot #3592 2026-09-17T16:17:45Z
[collector] snapshot #3593 2026-09-17T16:17:46Z
[collector] snapshot #3594 2026-09-17T16:17:47Z
[collector] snapshot #3595 2026-09-17T16:17:48Z
[collector] snapshot #3596 2026-09-17T16:17:49Z
[collector] snapshot #3597 2026-09-17T16:17:50Z
[collector] snapshot #3598 2026-09-17T16:17:51Z
[collector] kết thúc. Đã ghi 3598 snapshot -> /home/ubuntu/dt4n-core/data/phase6r/raw/RS-soak2M-s4003-r3.jsonl.partial
[traffic] đã dừng các iperf server
[gen] OK     RS-soak2M-s4003-r3  snapshots=3598  sep=-  sha=e80c68f02dbf

========================================================================
[2026-09-17T16:17:53Z] RUN RO-ctl_admin_down-s1-s2-s4301-r1 exec_index=22 split=r_set
[traffic] đã dừng các iperf server
[traffic] đã dừng các iperf server
[traffic] iperf server (TCP) bật nền trên srv1
[traffic] iperf server (TCP) bật nền trên srv2
[traffic] nền srv1->srv2 UDP @2Mbps qua bottleneck s2-s3
[traffic] NORMAL: h1 -> srv1 TCP @2M per client
[traffic] NORMAL: h2 -> srv2 TCP @2M per client
[traffic] NORMAL: h3 -> srv1 TCP @2M per client
[traffic] đã dừng các iperf server
[traffic] iperf server (TCP) bật nền trên srv1
[traffic] iperf server (TCP) bật nền trên srv2
[traffic] nền srv1->srv2 UDP @2Mbps qua bottleneck s2-s3
[traffic] NORMAL: h1 -> srv1 TCP @2M per client
[traffic] NORMAL: h2 -> srv2 TCP @2M per client
[traffic] NORMAL: h3 -> srv1 TCP @2M per client
[gen] profile=fixed, pre-roll 5s
[collector] bắt đầu, interval=1.0s
[collector] JSONL log  -> /home/ubuntu/dt4n-core/data/phase6r/raw/RO-ctl_admin_down-s1-s2-s4301-r1.jsonl.partial (overwrite)
[collector] snapshot #001 2026-09-17T16:18:09Z
[collector] snapshot #002 2026-09-17T16:18:10Z
[collector] snapshot #003 2026-09-17T16:18:11Z
[collector] snapshot #004 2026-09-17T16:18:12Z
[collector] snapshot #005 2026-09-17T16:18:13Z
[collector] snapshot #006 2026-09-17T16:18:14Z
[collector] snapshot #007 2026-09-17T16:18:15Z
[collector] snapshot #008 2026-09-17T16:18:16Z
[collector] snapshot #009 2026-09-17T16:18:17Z
[collector] snapshot #010 2026-09-17T16:18:18Z
[collector] snapshot #011 2026-09-17T16:18:19Z
[collector] snapshot #012 2026-09-17T16:18:20Z
[collector] snapshot #013 2026-09-17T16:18:21Z
[collector] snapshot #014 2026-09-17T16:18:22Z
[collector] snapshot #015 2026-09-17T16:18:23Z
[collector] snapshot #016 2026-09-17T16:18:24Z
[collector] snapshot #017 2026-09-17T16:18:25Z
[collector] snapshot #018 2026-09-17T16:18:26Z
[collector] snapshot #019 2026-09-17T16:18:27Z
[collector] snapshot #020 2026-09-17T16:18:28Z
[collector] snapshot #021 2026-09-17T16:18:29Z
[gen] INJECT tick=20 t_rel=20.079 {'type': 'LinkAdminDown', 'link_key': 's1-s2'}
[collector] snapshot #022 2026-09-17T16:18:30Z
[collector] snapshot #023 2026-09-17T16:18:31Z
[collector] snapshot #024 2026-09-17T16:18:32Z
[collector] snapshot #025 2026-09-17T16:18:33Z
[collector] snapshot #026 2026-09-17T16:18:34Z
[collector] snapshot #027 2026-09-17T16:18:35Z
[collector] snapshot #028 2026-09-17T16:18:36Z
[collector] snapshot #029 2026-09-17T16:18:37Z
[collector] snapshot #030 2026-09-17T16:18:38Z
[collector] snapshot #031 2026-09-17T16:18:39Z
[collector] snapshot #032 2026-09-17T16:18:40Z
[collector] snapshot #033 2026-09-17T16:18:41Z
[collector] snapshot #034 2026-09-17T16:18:42Z
[collector] snapshot #035 2026-09-17T16:18:43Z
[collector] snapshot #036 2026-09-17T16:18:44Z
[collector] snapshot #037 2026-09-17T16:18:45Z
[collector] snapshot #038 2026-09-17T16:18:46Z
[collector] snapshot #039 2026-09-17T16:18:47Z
[collector] snapshot #040 2026-09-17T16:18:48Z
[collector] snapshot #041 2026-09-17T16:18:49Z
[gen] REVERT tick=40 t_rel=40.094
[collector] snapshot #042 2026-09-17T16:18:50Z
[collector] snapshot #043 2026-09-17T16:18:51Z
[collector] snapshot #044 2026-09-17T16:18:52Z
[collector] snapshot #045 2026-09-17T16:18:53Z
[collector] snapshot #046 2026-09-17T16:18:54Z
[collector] snapshot #047 2026-09-17T16:18:55Z
[collector] snapshot #048 2026-09-17T16:18:56Z
[collector] snapshot #049 2026-09-17T16:18:57Z
[collector] snapshot #050 2026-09-17T16:18:58Z
[collector] snapshot #051 2026-09-17T16:18:59Z
[collector] snapshot #052 2026-09-17T16:19:00Z
[collector] snapshot #053 2026-09-17T16:19:01Z
[collector] snapshot #054 2026-09-17T16:19:02Z
[collector] snapshot #055 2026-09-17T16:19:03Z
[collector] snapshot #056 2026-09-17T16:19:04Z
[collector] snapshot #057 2026-09-17T16:19:05Z
[collector] snapshot #058 2026-09-17T16:19:06Z
[collector] snapshot #059 2026-09-17T16:19:07Z
[collector] snapshot #060 2026-09-17T16:19:08Z
[collector] kết thúc. Đã ghi 60 snapshot -> /home/ubuntu/dt4n-core/data/phase6r/raw/RO-ctl_admin_down-s1-s2-s4301-r1.jsonl.partial
[traffic] đã dừng các iperf server
[gen] OK     RO-ctl_admin_down-s1-s2-s4301-r1  snapshots=60  sep=100.0  sha=4f146ca3914b

========================================================================
[2026-09-17T16:19:09Z] RUN RD-degrade-s2-s3-rho080-s4109-r1 exec_index=23 split=r_set
[traffic] đã dừng các iperf server
[traffic] đã dừng các iperf server
[traffic] iperf server (TCP) bật nền trên srv1
[traffic] iperf server (TCP) bật nền trên srv2
[traffic] nền srv1->srv2 UDP @2Mbps qua bottleneck s2-s3
[traffic] NORMAL: h1 -> srv1 TCP @2M per client
[traffic] NORMAL: h2 -> srv2 TCP @2M per client
[traffic] NORMAL: h3 -> srv1 TCP @2M per client
[traffic] đã dừng các iperf server
[traffic] iperf server (TCP) bật nền trên srv1
[traffic] iperf server (TCP) bật nền trên srv2
[traffic] nền srv1->srv2 UDP @2Mbps qua bottleneck s2-s3
[traffic] NORMAL: h1 -> srv1 TCP @2M per client
[traffic] NORMAL: h2 -> srv2 TCP @2M per client
[traffic] NORMAL: h3 -> srv1 TCP @2M per client
[gen] profile=fixed, pre-roll 5s
[collector] bắt đầu, interval=1.0s
[collector] JSONL log  -> /home/ubuntu/dt4n-core/data/phase6r/raw/RD-degrade-s2-s3-rho080-s4109-r1.jsonl.partial (overwrite)
[collector] snapshot #001 2026-09-17T16:19:27Z
[collector] snapshot #002 2026-09-17T16:19:28Z
[collector] snapshot #003 2026-09-17T16:19:29Z
[collector] snapshot #004 2026-09-17T16:19:30Z
[collector] snapshot #005 2026-09-17T16:19:31Z
[collector] snapshot #006 2026-09-17T16:19:32Z
[collector] snapshot #007 2026-09-17T16:19:33Z
[collector] snapshot #008 2026-09-17T16:19:34Z
[collector] snapshot #009 2026-09-17T16:19:35Z
[collector] snapshot #010 2026-09-17T16:19:36Z
[collector] snapshot #011 2026-09-17T16:19:37Z
[collector] snapshot #012 2026-09-17T16:19:38Z
[collector] snapshot #013 2026-09-17T16:19:39Z
[collector] snapshot #014 2026-09-17T16:19:40Z
[collector] snapshot #015 2026-09-17T16:19:41Z
[collector] snapshot #016 2026-09-17T16:19:42Z
[collector] snapshot #017 2026-09-17T16:19:43Z
[collector] snapshot #018 2026-09-17T16:19:44Z
[collector] snapshot #019 2026-09-17T16:19:45Z
[collector] snapshot #020 2026-09-17T16:19:46Z
[collector] snapshot #021 2026-09-17T16:19:47Z
[gen] INJECT tick=20 t_rel=20.085 {'type': 'LinkDegrade', 'link_key': 's2-s3', 'factor': 0.4608, 'delay': '2ms', 'baseline': 5.0}
[collector] snapshot #022 2026-09-17T16:19:48Z
[collector] snapshot #023 2026-09-17T16:19:49Z
[collector] snapshot #024 2026-09-17T16:19:50Z
[collector] snapshot #025 2026-09-17T16:19:51Z
[collector] snapshot #026 2026-09-17T16:19:52Z
[collector] snapshot #027 2026-09-17T16:19:53Z
[collector] snapshot #028 2026-09-17T16:19:54Z
[collector] snapshot #029 2026-09-17T16:19:55Z
[collector] snapshot #030 2026-09-17T16:19:56Z
[collector] snapshot #031 2026-09-17T16:19:57Z
[collector] snapshot #032 2026-09-17T16:19:58Z
[collector] snapshot #033 2026-09-17T16:19:59Z
[collector] snapshot #034 2026-09-17T16:20:00Z
[collector] snapshot #035 2026-09-17T16:20:01Z
[collector] snapshot #036 2026-09-17T16:20:02Z
[collector] snapshot #037 2026-09-17T16:20:03Z
[collector] snapshot #038 2026-09-17T16:20:04Z
[collector] snapshot #039 2026-09-17T16:20:05Z
[collector] snapshot #040 2026-09-17T16:20:06Z
[collector] snapshot #041 2026-09-17T16:20:07Z
[gen] REVERT tick=40 t_rel=40.096
[collector] snapshot #042 2026-09-17T16:20:08Z
[collector] snapshot #043 2026-09-17T16:20:09Z
[collector] snapshot #044 2026-09-17T16:20:10Z
[collector] snapshot #045 2026-09-17T16:20:11Z
[collector] snapshot #046 2026-09-17T16:20:12Z
[collector] snapshot #047 2026-09-17T16:20:13Z
[collector] snapshot #048 2026-09-17T16:20:14Z
[collector] snapshot #049 2026-09-17T16:20:15Z
[collector] snapshot #050 2026-09-17T16:20:16Z
[collector] snapshot #051 2026-09-17T16:20:17Z
[collector] snapshot #052 2026-09-17T16:20:18Z
[collector] snapshot #053 2026-09-17T16:20:19Z
[collector] snapshot #054 2026-09-17T16:20:20Z
[collector] snapshot #055 2026-09-17T16:20:21Z
[collector] snapshot #056 2026-09-17T16:20:22Z
[collector] snapshot #057 2026-09-17T16:20:23Z
[collector] snapshot #058 2026-09-17T16:20:24Z
[collector] snapshot #059 2026-09-17T16:20:25Z
[collector] snapshot #060 2026-09-17T16:20:26Z
[collector] kết thúc. Đã ghi 60 snapshot -> /home/ubuntu/dt4n-core/data/phase6r/raw/RD-degrade-s2-s3-rho080-s4109-r1.jsonl.partial
[traffic] đã dừng các iperf server
[gen] OK     RD-degrade-s2-s3-rho080-s4109-r1  snapshots=60  sep=0.068  sha=a8106b8376dd

========================================================================
[2026-09-17T16:20:27Z] RUN RN-load6M-s4011-r1             exec_index=24 split=r_set
[traffic] đã dừng các iperf server
[traffic] đã dừng các iperf server
[traffic] iperf server (TCP) bật nền trên srv1
[traffic] iperf server (TCP) bật nền trên srv2
[traffic] nền srv1->srv2 UDP @2Mbps qua bottleneck s2-s3
[traffic] NORMAL: h1 -> srv1 TCP @2M per client
[traffic] NORMAL: h2 -> srv2 TCP @2M per client
[traffic] NORMAL: h3 -> srv1 TCP @2M per client
[traffic] đã dừng các iperf server
[traffic] iperf server (TCP) bật nền trên srv1
[traffic] iperf server (TCP) bật nền trên srv2
[traffic] nền srv1->srv2 UDP @2Mbps qua bottleneck s2-s3
[traffic] NORMAL: h1 -> srv1 TCP @6M per client
[traffic] NORMAL: h2 -> srv2 TCP @6M per client
[traffic] NORMAL: h3 -> srv1 TCP @6M per client
[gen] profile=fixed, pre-roll 5s
[collector] bắt đầu, interval=1.0s
[collector] JSONL log  -> /home/ubuntu/dt4n-core/data/phase6r/raw/RN-load6M-s4011-r1.jsonl.partial (overwrite)
[collector] snapshot #001 2026-09-17T16:20:45Z
[collector] snapshot #002 2026-09-17T16:20:46Z
[collector] snapshot #003 2026-09-17T16:20:47Z
[collector] snapshot #004 2026-09-17T16:20:48Z
[collector] snapshot #005 2026-09-17T16:20:49Z
[collector] snapshot #006 2026-09-17T16:20:50Z
[collector] snapshot #007 2026-09-17T16:20:51Z
[collector] snapshot #008 2026-09-17T16:20:52Z
[collector] snapshot #009 2026-09-17T16:20:53Z
[collector] snapshot #010 2026-09-17T16:20:54Z
[collector] snapshot #011 2026-09-17T16:20:55Z
[collector] snapshot #012 2026-09-17T16:20:56Z
[collector] snapshot #013 2026-09-17T16:20:57Z
[collector] snapshot #014 2026-09-17T16:20:58Z
[collector] snapshot #015 2026-09-17T16:20:59Z
[collector] snapshot #016 2026-09-17T16:21:00Z
[collector] snapshot #017 2026-09-17T16:21:01Z
[collector] snapshot #018 2026-09-17T16:21:02Z
[collector] snapshot #019 2026-09-17T16:21:03Z
[collector] snapshot #020 2026-09-17T16:21:04Z
[collector] snapshot #021 2026-09-17T16:21:05Z
[collector] snapshot #022 2026-09-17T16:21:06Z
[collector] snapshot #023 2026-09-17T16:21:07Z
[collector] snapshot #024 2026-09-17T16:21:08Z
[collector] snapshot #025 2026-09-17T16:21:09Z
[collector] snapshot #026 2026-09-17T16:21:10Z
[collector] snapshot #027 2026-09-17T16:21:11Z
[collector] snapshot #028 2026-09-17T16:21:12Z
[collector] snapshot #029 2026-09-17T16:21:13Z
[collector] snapshot #030 2026-09-17T16:21:14Z
[collector] snapshot #031 2026-09-17T16:21:15Z
[collector] snapshot #032 2026-09-17T16:21:16Z
[collector] snapshot #033 2026-09-17T16:21:17Z
[collector] snapshot #034 2026-09-17T16:21:18Z
[collector] snapshot #035 2026-09-17T16:21:19Z
[collector] snapshot #036 2026-09-17T16:21:20Z
[collector] snapshot #037 2026-09-17T16:21:21Z
[collector] snapshot #038 2026-09-17T16:21:22Z
[collector] snapshot #039 2026-09-17T16:21:23Z
[collector] snapshot #040 2026-09-17T16:21:24Z
[collector] snapshot #041 2026-09-17T16:21:25Z
[collector] snapshot #042 2026-09-17T16:21:26Z
[collector] snapshot #043 2026-09-17T16:21:27Z
[collector] snapshot #044 2026-09-17T16:21:28Z
[collector] snapshot #045 2026-09-17T16:21:29Z
[collector] snapshot #046 2026-09-17T16:21:30Z
[collector] snapshot #047 2026-09-17T16:21:31Z
[collector] snapshot #048 2026-09-17T16:21:32Z
[collector] snapshot #049 2026-09-17T16:21:33Z
[collector] snapshot #050 2026-09-17T16:21:34Z
[collector] snapshot #051 2026-09-17T16:21:35Z
[collector] snapshot #052 2026-09-17T16:21:36Z
[collector] snapshot #053 2026-09-17T16:21:37Z
[collector] snapshot #054 2026-09-17T16:21:38Z
[collector] snapshot #055 2026-09-17T16:21:39Z
[collector] snapshot #056 2026-09-17T16:21:40Z
[collector] snapshot #057 2026-09-17T16:21:41Z
[collector] snapshot #058 2026-09-17T16:21:42Z
[collector] snapshot #059 2026-09-17T16:21:43Z
[collector] snapshot #060 2026-09-17T16:21:44Z
[collector] kết thúc. Đã ghi 60 snapshot -> /home/ubuntu/dt4n-core/data/phase6r/raw/RN-load6M-s4011-r1.jsonl.partial
[traffic] đã dừng các iperf server
[gen] OK     RN-load6M-s4011-r1  snapshots=60  sep=-  sha=1dd6dae93bc1
[traffic] đã dừng các iperf server
[gen] ok=25 failed=0 complete=True manifest=/home/ubuntu/dt4n-core/results/report/phase6r_rcampaign_manifest.json
